symbol,name,country,exchange,currency,ipo,share_outstanding,float_shares,market_cap
A,"Agilent Technologies, Inc.",United States,NYQ,USD,,283498871.0,282526470.0,39233622016.0
AA,Alcoa Corporation,United States,NYQ,USD,,258964032.0,257034750.0,14048798720.0
AAA,Alternative Access First Priority CLO Bond ETF,,PCX,USD,,,,
AAAC,Columbia AAA CLO ETF,,PCX,USD,,,,
AABKF,,,,,,59857200.0,6638655.0,2042641408.0
AACB,Artius II Acquisition Inc.,United States,NGM,USD,,22175000.0,19184864.0,284914112.0
AACBR,Artius II Acquisition Inc.,United States,NGM,USD,,,19184864.0,
AACBU,Artius II Acquisition Inc.,United States,NGM,USD,,25175000.0,19184864.0,266099744.0
AACG,ATA Creativity Global,CN,NASDAQ NMS - GLOBAL MARKET,CNY,2008-01-29,31772461.0,18508899.0,23638710.0
AADR,AdvisorShares Dorsey Wright ADR ETF,,NGM,USD,,,,
AAEQ,Alpha Architect US Equity 2 ETF,,NGM,USD,,,,
AAGAF,Silver47 Exploration Corp.,,,,,,133212323.0,
AAIRF,American Aires Inc.,,,,,104607000.0,75287750.0,3050127.0
AAL,American Airlines Group Inc.,United States,NMS,USD,,660086495.0,650620855.0,10191734784.0
AALG,Leverage Shares 2X Long AAL Daily ETF,,NGM,USD,,,,
AAM,AA Mission Acquisition Corp.,United States,NYQ,USD,,35349000.0,31941394.0,467883360.0
AAME,Atlantic American Corporation,United States,NGM,USD,,20397228.0,4033552.0,52012932.0
AAMI,Acadian Asset Management Inc.,United States,NYQ,USD,,35709120.0,27250344.0,1732580352.0
AAOI,"Applied Optoelectronics, Inc.",United States,NGM,USD,,68279888.0,65078208.0,2537963264.0
AAON,"AAON, Inc.",US,NASDAQ NMS - GLOBAL MARKET,USD,1991-01-03,81634058.0,67533407.0,6185412096.0
AAP,"Advance Auto Parts, Inc.",United States,NYQ,USD,,60022245.0,59769551.0,2475917568.0
AAPB,GraniteShares 2x Long AAPL Daily ETF,,NGM,USD,,,,
AAPD,Direxion Daily AAPL Bear 1X Shares,,NGM,USD,,,,
AAPG,Ascentage Pharma Group Internat,China,NGM,USD,,92963369.0,263853363.0,2589472512.0
AAPJ,"AAP, Inc.",,,,,2357878081.0,,235787.0
AAPL,Apple Inc.,United States,NMS,USD,,14776353000.0,14750642146.0,4057362333696.0
AAPU,Direxion Daily AAPL Bull 2X Shares,,NGM,USD,,,,
AAPW,Roundhill AAPL WeeklyPay ETF,,,,,,,
AARD,"Aardvark Therapeutics, Inc.",United States,NMS,USD,,21773272.0,11102845.0,297205152.0
AAT,"American Assets Trust, Inc.",United States,NYQ,USD,,61152542.0,52068332.0,1461622912.0
AAUC,Allied Gold Corporation,Canada,NYQ,USD,,124000000.0,90166600.0,3090080000.0
AAUS,Alpha Architect US Equity ETF,,NGM,USD,,,,
AAVM,Alpha Architect Global Factor Equity ETF,,NGM,USD,,,,
AAXJ,iShares MSCI All Country Asia ex Japan ETF,,NGM,USD,,,,
AB,AllianceBernstein Holding L.P.,US,"NEW YORK STOCK EXCHANGE, INC.",USD,1988-04-15,90993251.0,90124265.0,4329745920.0
ABAT,American Battery Technology Company,United States,NCM,USD,,129969958.0,125574374.0,496485248.0
ABBAF,,,,,,,,
ABBV,AbbVie Inc.,United States,NYQ,USD,,1767384632.0,1763938232.0,406463086592.0
ABCB,Ameris Bancorp,United States,NYQ,USD,,68315144.0,64130120.0,5212600320.0
ABCL,AbCellera Biologics Inc.,Canada,NMS,USD,,299335048.0,204326104.0,1071619392.0
ABCS,Alpha Blue Capital US Small-Mid Cap Dynamic ETF,,,,,,,
ABEO,Abeona Therapeutics Inc.,,,,,54191361.0,40971920.0,295342912.0
ABEQ,Absolute Select Value ETF,,PCX,USD,,,,
ABEV,Ambev S.A.,Brazil,NYQ,USD,,15592556051.0,4253148045.0,37889912832.0
ABG,"Asbury Automotive Group, Inc.",United States,NYQ,USD,,19440558.0,14932876.0,4747258368.0
ABI,VictoryShares Pioneer Asset-Based Inc ETF,,NGM,USD,,,,
ABIG,Argent Large Cap ETF,,NGM,USD,,,,
ABL,"Abacus Global Management, Inc.",United States,NCM,USD,,97752855.0,32626970.0,830899264.0
ABLLL,"Abacus Life, Inc. 9.875% Fixed Rate Senior Notes due 2028",,NGM,USD,,,,
ABLS,Abacus FCF Small Cap Leaders ETF,,,,,,,
ABLV,Able View Global Inc.,,,,,24518489.0,14036616.0,32602288.0
ABLVW,Able View Global Inc.,China,NCM,USD,,,14036616.0,
ABM,ABM Industries Incorporated,United States,NYQ,USD,,60177625.0,59475954.0,2612850176.0
ABMRF,ABN AMRO Bank N.V.,,,,,823201264.0,540357542.0,27856142336.0
ABNB,"Airbnb, Inc.",US,NASDAQ NMS - GLOBAL MARKET,USD,2020-12-10,425294120.0,409522562.0,83766083584.0
ABNG,Leverage Shares 2X Long Abnb Daily ETF,,NGM,USD,,,,
ABNY,YieldMax ABNB Option Income Str,,PCX,USD,,,,
ABOS,"Acumen Pharmaceuticals, Inc.",United States,NMS,USD,,60573425.0,35610511.0,127809920.0
ABP,"Abpro Holdings, Inc.",US,NASDAQ NMS - GLOBAL MARKET,USD,2022-01-14,2716278.0,1726765.0,12494879.0
ABPWW,"Abpro Holdings, Inc.",United States,NCM,USD,,,1726765.0,
ABR,"Arbor Realty Trust, Inc.",United States,NYQ,USD,,195710635.0,187893952.0,1688718592.0
ABR.PRD,Arbor Realty Trust Inc,US,"NEW YORK STOCK EXCHANGE, INC.",USD,2004-04-07,,,1551.0
ABSI,Absci Corporation,United States,NMS,USD,,150371531.0,132725432.0,536826368.0
ABSSF,AirBoss of America Corp.,,,,,27149224.0,21591506.0,89592440.0
ABT,Abbott Laboratories,United States,NYQ,USD,,1738871947.0,1728595214.0,217278889984.0
ABTC,American Bitcoin Corp,,,,,195380091.0,193526230.0,1753173376.0
ABTS,Abits Group Inc.,Hong Kong,NCM,USD,,2369995.0,1704865.0,12584679.0
ABUS,Arbutus Biopharma Corporation,United States,NMS,USD,,192324017.0,126126090.0,919308864.0
ABVC,"ABVC BioPharma, Inc.",United States,NCM,USD,,24301089.0,20808227.0,59051644.0
ABVX,ABIVAX Société Anonyme,,,,,77930948.0,41916939.0,11228963840.0
ABXB,Abacus FCF ETF Trust - Abacus Flexible Bond Leaders ETF,,,,,,,
ACA,"Arcosa, Inc.",,,,,49045025.0,48143087.0,5408685056.0
ACAD,ACADIA Pharmaceuticals Inc.,United States,NMS,USD,,169181817.0,125346808.0,4672802304.0
ACB,Aurora Cannabis Inc.,Canada,NCM,USD,,56575297.0,56404955.0,254023072.0
ACBM,"Acro Biomedical Co., Ltd.",,,,,60042000.0,30042015.0,42029.0
ACCL,Acco Group Holdings Limited,Hong Kong,NCM,USD,,13949900.0,2926923.0,40454712.0
ACCO,ACCO Brands Corporation,United States,NYQ,USD,,90136133.0,86470296.0,336207776.0
ACCS,ACCESS Newswire Inc.,United States,ASE,USD,,3868826.0,2029161.0,33194536.0
ACDC,ProFrac Holding Corp.,United States,NMS,USD,,180871183.0,32797372.0,678266944.0
ACEI,Innovator Equity Autocallable I,,PCX,USD,,,,
ACEL,"Accel Entertainment, Inc.",United States,NYQ,USD,,83207946.0,43677515.0,986237440.0
ACEP,ARS Core Equity Portfolio ETF,,NGM,USD,,,,
ACES,ALPS Clean Energy ETF,,PCX,USD,,,,
ACFN,"Acorn Energy, Inc.",United States,NCM,USD,,2504626.0,1677373.0,38070316.0
ACGL,Arch Capital Group Ltd.,Bermuda,NMS,USD,,362625938.0,350116425.0,35780628480.0
ACGLN,Arch Capital Group Ltd.,Bermuda,NMS,USD,,,350116425.0,
ACGLO,Arch Capital Group Ltd.,Bermuda,NMS,USD,,402939008.0,350116425.0,11795891200.0
ACGR,American Century ETF Trust - American Century Large Cap Growth ETF,,PCX,USD,,,,
ACHC,"Acadia Healthcare Company, Inc.",US,NASDAQ NMS - GLOBAL MARKET,USD,2011-11-01,90444261.0,83333111.0,1356571392.0
ACHR,Archer Aviation Inc.,United States,NYQ,USD,,734109161.0,560362156.0,5792121344.0
ACHV,"Achieve Life Sciences, Inc.",United States,NCM,USD,,53233988.0,47162652.0,238754448.0
ACHWS,"Arrived Homes 3, Llc",,,,,,,
ACI,"Albertsons Companies, Inc.",United States,NYQ,USD,,549307530.0,389288753.0,9746926592.0
ACIBF,,,,,,,,
ACIC,American Coastal Insurance Corporation,United States,NCM,USD,,48765302.0,22174033.0,611516928.0
ACII,Innovator Index Autocallable In,,PCX,USD,,,,
ACITF,ASIAN CITRUS HLDGS,,,,,14900529.0,7563658.0,2980105.0
ACIU,AC Immune SA,Switzerland,NGM,USD,,100600000.0,40064895.0,314878016.0
ACIW,"ACI Worldwide, Inc.",United States,NMS,USD,,103088006.0,101964347.0,5028549632.0
ACKY,VistaShares Target 15 ACKtivist Select Income ETF,,PCX,USD,,,,
ACLC,American Century ETF Trust - American Century Large Cap Equity ETF,,PCX,USD,,,,
ACLO,TCW AAA CLO ETF,,NYQ,USD,,,,
ACLS,"Axcelis Technologies, Inc.",,,,,30999133.0,30793299.0,2595512064.0
ACLX,"Arcellx, Inc.",United States,NMS,USD,,57822871.0,39703496.0,3799540992.0
ACM,AECOM,United States,NYQ,USD,,131833332.0,131120114.0,12900250624.0
ACMR,"ACM Research, Inc.",United States,NGM,USD,,59854640.0,53114350.0,2635281408.0
ACN,Accenture plc,Ireland,NYQ,USD,,615435159.0,614236120.0,168113438720.0
ACNB,ACNB Corporation,United States,NCM,USD,,10384812.0,10000055.0,517100352.0
ACNT,Ascent Industries Co.,United States,NGM,USD,,9380000.0,6726933.0,149423408.0
ACOG,Alpha Cognition Inc.,Canada,NCM,USD,,21742104.0,15049884.0,136214272.0
ACON,"Aclarion, Inc.",United States,NCM,USD,,671371.0,671331.0,3618689.0
ACONW,"Aclarion, Inc.",,,,,,671331.0,
ACP,Abrdn Income Credit Strategies Fund,United Kingdom,NYQ,USD,,125470678.0,,688833984.0
ACP.PRA,abrdn Income Credit Strategies Fund,US,"NEW YORK STOCK EXCHANGE, INC.",USD,2011-01-27,,,682.0
ACPIF,Acen Corporation,,,,,39951435064.0,9002151893.0,1598057344.0
ACR,ACRES Commercial Realty Corp.,United States,NYQ,USD,,7285680.0,6276551.0,160779696.0
ACR.PRD,Acres Commercial Realty Corp,US,"NEW YORK STOCK EXCHANGE, INC.",USD,2006-02-07,,,161.0
ACRE,Ares Commercial Real Estate Corporation,United States,NYQ,USD,,55026453.0,54016906.0,277333312.0
ACRS,"Aclaris Therapeutics, Inc.",United States,NMS,USD,,108345239.0,82265457.0,328286080.0
ACRV,"Acrivon Therapeutics, Inc.",United States,NGM,USD,,31555126.0,16857064.0,76994512.0
ACSHF,,,,,,,,
ACT,"Enact Holdings, Inc.",US,NASDAQ NMS - GLOBAL MARKET,USD,2021-05-13,144395767.0,27640238.0,5913500160.0
ACTG,Acacia Research Corporation,United States,NMS,USD,,96460378.0,33332848.0,359797216.0
ACTU,"Actuate Therapeutics, Inc. Common stock",United States,NGM,USD,,23243328.0,8373874.0,150268112.0
ACU,Acme United Corporation,United States,ASE,USD,,3806724.0,2962393.0,154476864.0
ACV,Virtus Diversified Income & Convertible Fund,US,"NEW YORK STOCK EXCHANGE, INC.",USD,2015-05-22,10376587.0,,278403840.0
ACVA,ACV Auctions Inc.,United States,NYQ,USD,,172171225.0,167465785.0,1498949248.0
ACVES,,,,,,,,
ACVF,American Conservative Values ETF,,PCX,USD,,,,
ACVT,Advent Convertible Bond ETF,,PCX,USD,,,,
ACWI,iShares MSCI ACWI ETF,,,,,,,
ACWX,iShares MSCI ACWI ex U.S. ETF,,NGM,USD,,,,
ACXP,"Acurx Pharmaceuticals, Inc.",United States,NCM,USD,,2085363.0,1956759.0,6652308.0
AD,"Array Digital Infrastructure, Inc.",United States,NYQ,USD,,53374000.0,15465475.0,4624778752.0
ADACU,American Drive Acquisition Company,,NGM,USD,,,,
ADAG,Adagene Inc.,China,NGM,USD,,47131270.0,29785784.0,83893664.0
ADAM,"Adamas Trust, Inc.",United States,NMS,USD,,90307776.0,84418806.0,658385984.0
ADAMG,"Adamas Trust, Inc.",United States,NMS,USD,,,84418806.0,
ADAMH,"Adamas Trust, Inc.",United States,NGM,USD,,,84418806.0,
ADAMI,"New York Mortgage Trust, Inc. 9.125% Senior Notes Due 2029",,,,,,,
ADAML,"Adamas Trust, Inc.",United States,NMS,USD,,,84418806.0,
ADAMM,"Adamas Trust, Inc.",United States,NMS,USD,,,84418806.0,
ADAMN,"Adamas Trust, Inc.",United States,NMS,USD,,,84418806.0,
ADAMZ,"Adamas Trust, Inc.",United States,NMS,USD,,,84418806.0,
ADBE,Adobe Inc.,US,NASDAQ NMS - GLOBAL MARKET,USD,1986-08-20,418600000.0,415811550.0,150081961984.0
ADBG,Leverage Shares 2X Long ADBE Daily ETF,,NGM,USD,,,,
ADC,Agree Realty Corporation,United States,NYQ,USD,,114934390.0,112603924.0,8346417664.0
ADCT,ADC Therapeutics SA,Switzerland,NYQ,USD,,123877111.0,107806533.0,434808672.0
ADDDF,adidas AG,,,,,178549084.0,156304015.0,35279515648.0
ADDLY,AddLife AB,SE,NASDAQ OMX NORDIC,SEK,2015-03-16,,,19792.0
ADEA,Adeia Inc.,US,NASDAQ NMS - GLOBAL MARKET,USD,2003-11-13,109510191.0,107174339.0,1855102720.0
ADGM,"Adagio Medical Holdings, Inc.",,,,,21179637.0,6168146.0,22026820.0
ADHI,"Arsenal Digital Holdings, Inc.",,,,,19379835.0,,9689918.0
ADI,"Analog Devices, Inc.",United States,NMS,USD,,489654097.0,487886446.0,135555842048.0
ADIL,"Adial Pharmaceuticals, Inc.",,,,,26649587.0,23889958.0,6196029.0
ADIV,Guinness Atkinson Asia Pacific Dividend Builder ETF,,PCX,USD,,,,
ADM,Archer-Daniels-Midland Company,United States,NYQ,USD,,480569735.0,474788481.0,27829792768.0
ADMA,"ADMA Biologics, Inc.",United States,NGM,USD,,237997765.0,233252090.0,4600800256.0
ADNT,Adient plc,Ireland,NYQ,USD,,79151497.0,78073454.0,1585920512.0
ADP,"Automatic Data Processing, Inc.",US,NASDAQ NMS - GLOBAL MARKET,USD,1961-09-01,404448744.0,403550868.0,104853364736.0
ADPT,Adaptive Biotechnologies Corporation,United States,NMS,USD,,152665188.0,117933858.0,2549508608.0
ADPV,Adaptiv Select ETF,,PCX,USD,,,,
ADSE,ADS-TEC Energy PLC,,,,,60122536.0,18767026.0,752132928.0
ADSEW,ADS-TEC Energy PLC,Ireland,NCM,USD,,,18767026.0,
ADSK,"Autodesk, Inc.",United States,NMS,USD,,212000000.0,211482720.0,64051228672.0
ADSLF,Andean Silver Limited,,,,,209040795.0,143068817.0,353278976.0
ADT,ADT Inc.,United States,NYQ,USD,,765018211.0,506856707.0,6675456512.0
ADTN,"ADTRAN Holdings, Inc.",United States,NMS,USD,,80115995.0,72937042.0,701014912.0
ADUR,Aduro Clean Technologies Inc.,Canada,NCM,USD,,33152828.0,19856850.0,375953088.0
ADUS,Addus HomeCare Corporation,,,,,18483271.0,17398076.0,2036117248.0
ADV,Advantage Solutions Inc.,United States,NMS,USD,,326271915.0,124352015.0,290186240.0
ADVE,Matthews Asia Dividend Active ETF,,PCX,USD,,,,
ADX,"Adams Diversified Equity Fund, Inc.",United States,NYQ,USD,,120125125.0,118379743.0,2808525312.0
ADXN,Addex Therapeutics Ltd,Switzerland,NCM,USD,,1231998.0,93856293.0,9843664.0
AEAQU,Activate Energy Acquisition Corp.,,NGM,USD,,,,
AEBI,Aebi Schmidt Holding AG,Switzerland,NMS,USD,,77341785.0,36668281.0,995388736.0
AEC,Anfield Energy Inc.,Canada,NCM,USD,,15877763.0,8565259.0,83698448.0
AEE,Ameren Corporation,United States,NYQ,USD,,270494916.0,269212770.0,26998095872.0
AEF,"abrdn Emerging Markets ex-China Fund, Inc.",United Kingdom,ASE,USD,,40601423.0,,287864096.0
AEFC,Aegon Funding Company LLC 5.10%,,NYQ,USD,,,,
AEG,Aegon Ltd.,Netherlands,NYQ,USD,,1504328323.0,1194063610.0,11727381504.0
AEHL,Antelope Enterprise Holdings Limited,China,NCM,USD,,2616577.0,576401.0,6671975.0
AEHR,"Aehr Test Systems, Inc.",United States,NCM,USD,,30006590.0,26573536.0,643941376.0
AEI,Alset Inc.,United States,NCM,USD,,38905255.0,3706893.0,99597456.0
AEIES,,,,,,,,
AEIS,"Advanced Energy Industries, Inc.",United States,NMS,USD,,37745489.0,37388039.0,8223232000.0
AELLS,,,,,,,,
AEM,Agnico Eagle Mines Limited,Canada,NYQ,USD,,502046562.0,501333656.0,91979956224.0
AEMD,"Aethlon Medical, Inc.",United States,NCM,USD,,971872.0,756925.0,2487992.0
AENT,Alliance Entertainment Holding Corporation,United States,NCM,USD,,50937400.0,3142031.0,857700480.0
AENTW,Alliance Entertainment Holding Corporation,United States,NCM,USD,,,3142031.0,
AEO,"American Eagle Outfitters, Inc.",United States,NYQ,USD,,169512006.0,153957584.0,4468336640.0
AEON,"AEON Biopharma, Inc.",United States,ASE,USD,,13800000.0,8390973.0,14076000.0
AEOXF,Aeroports de Paris SA,FR,NYSE EURONEXT - EURONEXT PARIS,EUR,2006-06-15,98751728.0,12569822.0,13660326912.0
AEP,"American Electric Power Company, Inc.",United States,NMS,USD,,534094530.0,534473409.0,61914169344.0
AER,AerCap Holdings N.V.,Ireland,NYQ,USD,,170211910.0,159820817.0,25815687168.0
AERIF,,,,,,,,
AERN,"AER Energy Resources, Inc",,,,,,,76611.0
AERO,"Grupo Aeromexico, S.A.B. de C.V",Mexico,NYQ,USD,,145903409.0,585724772.0,3342647040.0
AERTW,"Aeries Technology, Inc",Singapore,NCM,USD,,,11595278.0,
AES,The AES Corporation,United States,NYQ,USD,,712120944.0,708061855.0,10019542016.0
AESI,Atlas Energy Solutions Inc.,US,"NEW YORK STOCK EXCHANGE, INC.",USD,2023-03-09,123982170.0,94127263.0,1565984128.0
AETH,Bitwise Trendwise Ethereum & Treasuries Rotation Strategy ETF,,PCX,USD,,,,
AEVA,"Aeva Technologies, Inc.",United States,NMS,USD,,60079908.0,27245037.0,794256384.0
AEVAW,"Aeva Technologies, Inc.",United States,NMS,USD,,,27245037.0,
AEXA,American Exceptionalism Acquisition Corp. A,,NYQ,USD,,34675000.0,,563852096.0
AEXAY,Atos SE,,,,,96891135.0,16206052.0,1931069056.0
AEXNF,,,,,,,,
AEYE,"AudioEye, Inc.",United States,NCM,USD,,12418617.0,8480549.0,132755008.0
AFB,"AllianceBernstein National Municipal Income Fund, Inc.",United States,NYQ,USD,,28744936.0,,308433152.0
AFBI,"Affinity Bancshares, Inc.",,,,,6167602.0,4346741.0,132895976.0
AFCG,Advanced Flower Capital Inc.,United States,NGM,USD,,22594541.0,16096351.0,70043080.0
AFFT,"AmTrust Financial Services, Inc",,,,,,,
AFG,"American Financial Group, Inc.",United States,NYQ,USD,,83403572.0,66532697.0,11523037184.0
AFGB,"American Financial Group, Inc. ",,NYQ,USD,,,,
AFGC,"American Financial Group, Inc.",,NYQ,USD,,998060.0,,18913238.0
AFGD,"American Financial Group, Inc.",,NYQ,USD,,,,
AFGE,"American Financial Group, Inc.",,NYQ,USD,,,,
AFIF,Anfield Universal Fixed Income ETF,,,,,,,
AFIX,Allspring Broad Market Core Bond ETF,,PCX,USD,,,,
AFJK,"Aimei Health Technology Co., Ltd",US,NASDAQ NMS - GLOBAL MARKET,USD,2024-01-22,6121733.0,4396751.0,269478688.0
AFJKR,"Aimei Health Technology Co., Ltd",United States,NGM,USD,,,4396751.0,
AFJKU,"Aimei Health Technology Co., Ltd",United States,NGM,USD,,,4396751.0,
AFK,VanEck Africa Index ETF,,PCX,USD,,,,
AFL,Aflac Incorporated,United States,NYQ,USD,,524113917.0,519936729.0,58777980928.0
AFLG,First Trust Active Factor Large Cap ETF,,PCX,USD,,,,
AFMC,First Trust Active Factor Mid Cap ETF,,PCX,USD,,,,
AFNL,AmFin Financial Corporation,,,,,161266.0,,28573308.0
AFOS,ARS Focused Opportunities Strategy ETF,,,,,,,
AFRI,Forafric Global PLC,Gibraltar,NCM,USD,,26901592.0,3281994.0,285963936.0
AFRIW,Forafric Global PLC,Gibraltar,NCM,USD,,,3281994.0,
AFRM,"Affirm Holdings, Inc.",United States,NMS,USD,,289362771.0,276324447.0,25022881792.0
AFSC,abrdn Focused U.S. Small Cap Active ETF,,NGM,USD,,,,
AFSM,First Trust Active Factor Small Cap ETF,,PCX,USD,,,,
AFXXF,Afry AB,SE,NASDAQ OMX NORDIC,SEK,1986-01-01,108961405.0,90829029.0,1944951936.0
AFYA,Afya Limited,,,,,46894952.0,7894329.0,1357624704.0
AG,First Majestic Silver Corp.,Canada,NYQ,USD,,490028835.0,485810584.0,8542002688.0
AGAQF,,,,,,,,
AGCC,Agencia Comercial Spirits Ltd,Taiwan,NCM,USD,,19876500.0,5061730.0,193795872.0
AGCO,AGCO Corporation,United States,NYQ,USD,,74623566.0,61918904.0,7869054976.0
AGD,Abrdn Global Dynamic Dividend Fund,United Kingdom,NYQ,USD,,24877555.0,,301267200.0
AGDNS,,,,,,,,
AGEM,abrdn Emerging Markets Dividend Active ETF,,NGM,USD,,,,
AGEN,Agenus Inc.,United States,NCM,USD,,34008349.0,33430207.0,112567632.0
AGG,iShares Core U.S. Aggregate Bond ETF,,,,,572600000.0,,57282904064.0
AGGA,Astoria Dynamic Core US Fixed Income ETF,,NGM,USD,,,,
AGGH,Simplify Aggregate Bond ETF,,PCX,USD,,,,
AGGS,Harbor Disciplined Bond ETF,,PCX,USD,,,,
AGGY,WisdomTree Yield Enhanced U.S. Aggregate Bond Fund,,PCX,USD,,,,
AGH,Aureus Greenway Holdings Inc.,United States,NCM,USD,,15056297.0,8304602.0,60074624.0
AGI,Alamos Gold Inc.,Canada,NYQ,USD,,419834202.0,419370222.0,17116641280.0
AGIG,Abundia Global Impact Group Inc,United States,ASE,USD,,36918281.0,5615671.0,71621464.0
AGIO,"Agios Pharmaceuticals, Inc.",United States,NMS,USD,,58313812.0,51551742.0,1633953024.0
AGIQ,Sofi Agentic AI ETF,,PCX,USD,,,,
AGIX,KraneShares Artificial Intelligence and Technology ETF,,NGM,USD,,,,
AGL,"agilon health, inc.",United States,NYQ,USD,,414581604.0,268599130.0,300903328.0
AGLY,Atlantis Glory Inc.,,,,,603970000.0,,10267490.0
AGM,Federal Agricultural Mortgage Corporation,,,,,9373642.0,10276829.0,1936569728.0
AGM.PRH,Federal Agricultural Mortgage Corp,US,"NEW YORK STOCK EXCHANGE, INC.",USD,1988-12-09,,,1893.0
AGMH,AGM Group Holdings Inc.,Hong Kong,NCM,USD,,1977191.0,1832161.0,4033471.0
AGMI,Themes Silver Miners ETF,,NGM,USD,,,,
AGNC,AGNC Investment Corp.,United States,NMS,USD,,1072724070.0,1065665546.0,11639056384.0
AGNCL,AGNC Investment Corp.,United States,NMS,USD,,,1065665546.0,
AGNCM,AGNC Investment Corp.,United States,NMS,USD,,477832000.0,1065665546.0,8915814400.0
AGNCN,AGNC Investment Corp.,United States,NMS,USD,,477832000.0,1065665546.0,8826691584.0
AGNCO,AGNC Investment Corp.,United States,NMS,USD,,,1065665546.0,
AGNCP,AGNC Investment Corp.,United States,NMS,USD,,,1065665546.0,
AGNCZ,AGNC Investment Corp.,United States,NMS,USD,,,1065665546.0,
AGNG,Global X Aging Population ETF,,,,,,,
AGO,Assured Guaranty Ltd.,BM,"NEW YORK STOCK EXCHANGE, INC.",USD,2004-04-23,46109095.0,43368415.0,4314325504.0
AGOX,Adaptive Alpha Opportunities ETF,,PCX,USD,,,,
AGPU,Axe Compute Inc.,United States,NCM,USD,,3393516.0,1833008.0,24433322.0
AGPYF,Agile Group Holdings Limited,,,,,5046047500.0,2108894632.0,201841904.0
AGQ,ProShares Ultra Silver,,PCX,USD,,,,
AGQI,First Trust Active Global Quality Income ETF,,PCX,USD,,,,
AGRH,iShares Interest Rate Hedged U.S. Aggregate Bond ETF,,PCX,USD,,,,
AGRNS,,,,,,,,
AGRO,Adecoagro S.A.,,,,,141465751.0,19962240.0,1130311296.0
AGRRU,,,,,,,,
AGRW,Allspring LT Large Growth ETF,,PCX,USD,,,,
AGRZ,Agroz Inc.,,,,,21673485.0,9928265.0,17330118.0
AGTX,Agentix Corp.,,,,,40066951.0,30637194.0,1602678.0
AGX,"Argan, Inc.",United States,NYQ,USD,,13873410.0,13315421.0,4510800896.0
AGXRW,,,,,,,,
AGYS,"Agilysys, Inc.",United States,NMS,USD,,28042508.0,26405553.0,3406638848.0
AGZ,iShares Agency Bond ETF,,PCX,USD,,,,
AGZD,WisdomTree Interest Rate Hedged U.S. Aggregate Bond Fund,,NGM,USD,,,,
AHAPS,,,,,,,,
AHBBS,,,,,,,,
AHBCS,,,,,,,,
AHBXS,,,,,,,,
AHCD,,,,,,,,
AHCIS,,,,,,,,
AHCMS,,,,,,,,
AHCO,AdaptHealth Corp.,United States,NCM,USD,,135424334.0,88019266.0,1388099456.0
AHCUS,,,,,,,,
AHDCS,,,,,,,,
AHDGS,,,,,,,,
AHDOS,,,,,,,,
AHEWS,,,,,,,,
AHFTS,,,,,,,,
AHG,Akso Health Group,China,NCM,USD,,549200910.0,1655583531.0,768826304.0
AHGNS,,,,,,,,
AHGTS,,,,,,,,
AHH,"Armada Hoffler Properties, Inc.",US,"NEW YORK STOCK EXCHANGE, INC.",USD,2013-08-05,80153392.0,78980748.0,685221888.0
AHJLS,,,,,,,,
AHJPS,,,,,,,,
AHKLS,,,,,,,,
AHKYS,,,,,,,,
AHL,Aspen Insurance Holdings Limite,Bermuda,NYQ,USD,,91838366.0,15475683.0,3401693184.0
AHL.PRD,,,,,,,,
AHLHS,,,,,,,,
AHLLS,,,,,,,,
AHLT,American Beacon AHL Trend ETF,,PCX,USD,,,,
AHMA,Ambitions Enterprise Management Co. L.L.C,United Arab Emirates,NCM,USD,,10965000.0,2020480.0,219370496.0
AHMMS,,,,,,,,
AHNTS,,,,,,,,
AHOAS,,,,,,,,
AHR,"American Healthcare REIT, Inc.",,,,,186264566.0,175464667.0,8931385344.0
AHRBS,,,,,,,,
AHRFS,,,,,,,,
AHRKS,,,,,,,,
AHRSS,,,,,,,,
AHRWS,,,,,,,,
AHSPS,,,,,,,,
AHSSS,,,,,,,,
AHSUS,,,,,,,,
AHT,"Ashford Hospitality Trust, Inc.",United States,NYQ,USD,,6411532.0,5817888.0,24786970.0
AHT.PRF,Ashford Hospitality Trust Inc,US,"NEW YORK STOCK EXCHANGE, INC.",USD,2003-08-26,,,24.0
AHTYS,,,,,,,,
AHYB,American Century Select High Yield ETF,,PCX,USD,,,,
AI,"C3.ai, Inc.",United States,NYQ,USD,,137253289.0,130794986.0,1969138304.0
AIA,iShares Asia 50 ETF,,NGM,USD,,,,
AIBD,Direxion Daily AI And Big Data Bear 2X Shares,,PCX,USD,,,,
AIBU,Direxion Daily AI And Big Data Bull 2X Shares,,PCX,USD,,,,
AIEQ,Amplify AI Powered Equity ETF,,PCX,USD,,,,
AIEV,"Thunder Power Holdings, Inc.",US,NASDAQ NMS - GLOBAL MARKET,USD,2022-06-16,50724664.0,15171747.0,8623193.0
AIFD,TCW Artificial Intelligence ETF,,NGM,USD,,,,
AIFF,"Firefly Neuroscience, Inc.",United States,NCM,USD,,13492928.0,11756480.0,14572363.0
AIFM,"AIFarm, Ltd.",,,,,676827.0,336000.0,2030.0
AIFU,AIFU Inc.,China,NMS,USD,,13367193.0,,59471500.0
AIG,"American International Group, Inc.",United States,NYQ,USD,,539576054.0,538011283.0,47910252544.0
AII,"American Integrity Insurance Group, Inc.",United States,NYQ,USD,,19576804.0,11814993.0,402890624.0
AIIA,AI Infrastructure Acquisition Corp.,,NYQ,USD,,14690000.0,,191740672.0
AIIOW,Robo.ai Inc.,United Arab Emirates,NCM,USD,,,157212201.0,
AIM,AIM ImmunoTech Inc.,United States,ASE,USD,,2938681.0,2747035.0,3673351.0
AIMD,"Ainos, Inc.",United States,NCM,USD,,4812634.0,1567427.0,9403889.0
AIMDW,"Ainos, Inc.",,,,,,1567427.0,
AIMV,"AI Maverick Intel, Inc.",,,,,53994610.0,,1619838.0
AIN,Albany International Corp.,,,,,28663591.0,28425628.0,1519962368.0
AINDF,AMUNDI INDEX SOLUTIONS,,,,,,,
AINP,Allspring Income Plus ETF,,PCX,USD,,,,
AIO,Virtus Artificial Intelligence & Technology Opportunities Fund,United States,NYQ,USD,,34430453.0,,797753600.0
AIOT,"PowerFleet, Inc.",United States,NGM,USD,,133824621.0,124798165.0,726667712.0
AIP,"Arteris, Inc.",United States,NGM,USD,,43683773.0,32678957.0,695445632.0
AIPI,REX AI Equity Premium Income ETF,,NGM,USD,,,,
AIPO,Defiance AI & Power Infrastructure ETF,,NGM,USD,,,,
AIQ,Global X Artificial Intelligence & Technology ETF,,,,,,,
AIQUF,L'Air Liquide S.A.,,,,,578791820.0,575840571.0,110063050752.0
AIR,AAR Corp.,United States,NYQ,USD,,39562491.0,34799856.0,3365581056.0
AIRG,"Airgain, Inc.",United States,NCM,USD,,11958193.0,10770147.0,47832772.0
AIRI,Air Industries Group,United States,ASE,USD,,4775777.0,3892640.0,14757151.0
AIRJ,AirJoule Technologies Corporation,United States,NCM,USD,,60679706.0,23653556.0,233010064.0
AIRJW,AirJoule Technologies Corporation,United States,NCM,USD,,,23653556.0,
AIRO,"AIRO Group Holdings, Inc.",United States,NGM,USD,,31303834.0,17175162.0,273595488.0
AIRR,First Trust RBA American Industrial RenaissanceTM ETF,,,,,,,
AIRS,"AirSculpt Technologies, Inc.",United States,NGM,USD,,62436670.0,11240474.0,126746440.0
AIRT,"Air T, Inc.",United States,NCM,USD,,2702639.0,888276.0,52025820.0
AIRTP,"Air T, Inc.",United States,NGM,USD,,3044420.0,888276.0,473350816.0
AIS,VistaShares Artificial Intelligence Supercycle ETF,,PCX,USD,,,,
AISP,"Airship AI Holdings, Inc.",United States,NGM,USD,,34175563.0,18899428.0,96716840.0
AISPW,"Airship AI Holdings, Inc.",United States,NCM,USD,,,18899428.0,
AIT,"Applied Industrial Technologies, Inc.",United States,NYQ,USD,,37717910.0,37344880.0,9995728896.0
AITUF,Anritsu Corporation,,,,,127988058.0,122814781.0,1912016640.0
AIUG,"AI Unlimited Group, Inc.",,,,,314225225.0,78713419.0,3487899.0
AIV,Apartment Investment and Management Company,United States,NYQ,USD,,144075540.0,122920928.0,864453248.0
AIVC,Amplify Bloomberg AI Value Chain ETF,,PCX,USD,,,,
AIVI,WisdomTree International Al Enhanced Value Fund,,PCX,USD,,,,
AIVL,WisdomTree U.S. Al Enhanced Value Fund,,PCX,USD,,,,
AIVPF,,,,,,,,
AIXC,"AIxCrypto Holdings, Inc.",United States,NCM,USD,,5160383.0,5071005.0,13004168.0
AIYY,YieldMax AI Option Income Strategy ETF,,PCX,USD,,,,
AIZ,"Assurant, Inc.",US,"NEW YORK STOCK EXCHANGE, INC.",USD,2004-02-04,50081110.0,49787635.0,12116770816.0
AIZN,"Assurant, Inc. 5.25% Subordinat",,NYQ,USD,,,,
AJG,Arthur J. Gallagher & Co.,United States,NYQ,USD,,256805000.0,253898160.0,67149373440.0
AJPLF,,,,,,,,
AKA,a.k.a. Brands Holding Corp.,US,"NEW YORK STOCK EXCHANGE, INC.",USD,2021-09-22,10739676.0,772075.0,123296136.0
AKAF,The Frontier Economic Fund,,NYQ,USD,,,,
AKAM,"Akamai Technologies, Inc.",United States,NMS,USD,,143865237.0,140661358.0,12720563200.0
AKAN,Akanda Corp.,GB,NASDAQ NMS - GLOBAL MARKET,USD,2022-03-15,728289.0,656871.0,327730.0
AKASF,,,,,,,,
AKBA,"Akebia Therapeutics, Inc.",United States,NCM,USD,,265365993.0,260021522.0,440507552.0
AKEJF,"ARIAKE JAPAN Co., Ltd.",,,,,31848529.0,19926708.0,1082849920.0
AKHOF,Aker Horizons ASA,,,,,690348751.0,210867026.0,25888078.0
AKR,Acadia Realty Trust,United States,NYQ,USD,,131034624.0,130315244.0,2974099712.0
AKRE,Akre Focus ETF,,,,,,,
AKZAS,,,,,,,,
AL,Air Lease Corporation,United States,NYQ,USD,,111765032.0,105127307.0,7176432640.0
ALAB,"Astera Labs, Inc.",United States,NMS,USD,,168903616.0,139595461.0,28250818560.0
ALAI,Alger AI Enablers & Adopters ETF,,PCX,USD,,,,
ALAR,Alarum Technologies Ltd.,Israel,NCM,USD,,7171404.0,69598000.0,58655080.0
ALB,Albemarle Corporation,United States,NYQ,USD,,117697540.0,117303253.0,17655805952.0
ALC,Alcon Inc.,Switzerland,NYQ,USD,,491200000.0,490207776.0,39634198528.0
ALCO,"Alico, Inc.",United States,NMS,USD,,7656646.0,5890028.0,280309824.0
ALCY,Alchemy Investments Acquisition Corp 1,United States,NCM,USD,,4208042.0,795026.0,50454448.0
ALCYU,Alchemy Investments Acquisition Corp 1,United States,NCM,USD,,,795026.0,
ALCYW,Alchemy Investments Acquisition Corp 1,,NCM,USD,,,,
ALDF,Aldel Financial II Inc.,United States,NGM,USD,,23707500.0,18141356.0,313625216.0
ALDFU,Aldel Financial II Inc.,United States,NGM,USD,,,18141356.0,
ALDFW,Aldel Financial II Inc.,United States,NGM,USD,,,18141356.0,
ALDX,"Aldeyra Therapeutics, Inc.",United States,NCM,USD,,60162773.0,47577924.0,319464320.0
ALEC,"Alector, Inc.",United States,NMS,USD,,109151472.0,78193932.0,158269632.0
ALEUY,,,,,,,931749341.0,
ALEX,"Alexander & Baldwin, Inc.",United States,NYQ,USD,,72638416.0,72174210.0,1503189888.0
ALF,Centurion Acquisition Corp.,United States,NGM,USD,,28750000.0,25018609.0,381835936.0
ALFNF,Alfen N.V.,,,,,21742981.0,21223541.0,242434224.0
ALFUU,Centurion Acquisition Corp.,United States,NGM,USD,,,25018609.0,
ALFUW,Centurion Acquisition Corp.,,,,,,25018609.0,
ALG,Alamo Group Inc.,United States,NYQ,USD,,12115428.0,11938300.0,2112446080.0
ALGM,"Allegro MicroSystems, Inc.",US,NASDAQ NMS - GLOBAL MARKET,USD,2020-10-29,185119045.0,123966820.0,4974148608.0
ALGN,"Align Technology, Inc.",United States,NMS,USD,,71749995.0,67215395.0,11479665664.0
ALGS,"Aligos Therapeutics, Inc.",United States,NCM,USD,,5353582.0,3074268.0,62212712.0
ALGT,Allegiant Travel Company,United States,NMS,USD,,18313574.0,13482194.0,1553526656.0
ALGYS,,,,,,,,
ALH,Alliance Laundry Holdings Inc.,United States,NYQ,USD,,202826920.0,45617212.0,4330355200.0
ALHC,"Alignment Healthcare, Inc.",United States,NMS,USD,,200091742.0,165095696.0,3757723136.0
ALHDF,,,,,,57278430.0,109898983.0,20047450.0
ALIL,Argent Focused Small Cap ETF,,NGM,USD,,,,
ALIS,Calisa Acquisition Corp,United States,NGM,USD,,8427500.0,6235002.0,83685080.0
ALISR,Calisa Acquisition Corp,United States,NGM,USD,,,6235002.0,
ALISU,Calisa Acquisition Corp,United States,NGM,USD,,,6235002.0,
ALIT,"Alight, Inc.",US,"NEW YORK STOCK EXCHANGE, INC.",USD,2020-07-17,522778829.0,462915425.0,1082495488.0
ALK,"Alaska Air Group, Inc.",US,"NEW YORK STOCK EXCHANGE, INC.",USD,1983-02-23,115988613.0,115412150.0,5972254208.0
ALKS,Alkermes plc,IE,NASDAQ NMS - GLOBAL MARKET,USD,1991-07-16,165117509.0,162748073.0,4704197632.0
ALKT,"Alkami Technology, Inc.",US,NASDAQ NMS - GLOBAL MARKET,USD,2021-04-14,105004011.0,72246960.0,2429792768.0
ALL,The Allstate Corporation,United States,NYQ,USD,,261681708.0,260135169.0,54756409344.0
ALLE,Allegion plc,Ireland,NYQ,USD,,86031953.0,84828366.0,13833076736.0
ALLO,"Allogene Therapeutics, Inc.",,,,,224730144.0,154982897.0,310127584.0
ALLR,"Allarity Therapeutics, Inc.",United States,NCM,USD,,16057200.0,15787061.0,17181204.0
ALLT,Allot Ltd.,IL,NASDAQ NMS - GLOBAL MARKET,USD,2006-11-16,48425616.0,27988413.0,448905472.0
ALLW,SPDR Bridgewater ALL Weather ETF,,NGM,USD,,,,
ALLY,Ally Financial Inc.,United States,NYQ,USD,,308053195.0,276714943.0,14250540032.0
ALM,Almonty Industries Inc.,Canada,NCM,USD,,256488873.0,160790097.0,2428949760.0
ALMS,Alumis Inc.,United States,NMS,USD,,97208495.0,59870661.0,1145195648.0
ALMU,"Aeluma, Inc.",United States,NCM,USD,,17857863.0,12801945.0,322780896.0
ALNT,Allient Inc.,United States,NGM,USD,,16943497.0,13372316.0,941380672.0
ALNY,"Alnylam Pharmaceuticals, Inc.",United States,NMS,USD,,132113818.0,130251013.0,52923473920.0
ALOIS,,,,,,,,
ALOT,"AstroNova, Inc.",,,,,7638423.0,5313134.0,62635076.0
ALPS,Alps Group Inc,,NGM,USD,,166401452.0,,164737440.0
ALPWF,,,,,,,,
ALRG,Allspring LT Large Core ETF,,PCX,USD,,,,
ALRM,"Alarm.com Holdings, Inc.",United States,NMS,USD,,49879680.0,47432084.0,2585579776.0
ALRS,Alerus Financial Corporation,United States,NCM,USD,,25397303.0,23429520.0,552645312.0
ALRY,"Allenergy, Inc.",,,,,116563000.0,,116.0
ALSN,"Allison Transmission Holdings, Inc.",,,,,83228716.0,100755723.0,8439435776.0
ALT,"Altimmune, Inc.",United States,NGM,USD,,104342385.0,103536904.0,402761600.0
ALTG,Alta Equipment Group Inc.,United States,NYQ,USD,,32235283.0,16559587.0,152150528.0
ALTI,"AlTi Global, Inc.",United States,NCM,USD,,102464812.0,45950345.0,693602688.0
ALTL,Pacer Lunt Large Cap Alternator ETF,,,,,,,
ALTO,"Alto Ingredients, Inc.",United States,NCM,USD,,77342488.0,69260227.0,234515040.0
ALTY,Global X Alternative Income ETF,,NGM,USD,,,,
ALUR,Allurion Technologies Inc.,United States,NYQ,USD,,12256598.0,4525700.0,16423842.0
ALV,"Autoliv, Inc.",,,,,75965348.0,75681238.0,9245284352.0
ALVO,Alvotech,Luxembourg,NGM,USD,,311601154.0,112707495.0,1639022080.0
ALVOW,Alvotech,,,,,,112707495.0,
ALX,"Alexander's, Inc.",,,,,5107290.0,2125654.0,1114206464.0
ALXO,ALX Oncology Holdings Inc.,United States,NMS,USD,,54218001.0,29049463.0,72109944.0
ALZN,"Alzamend Neuro, Inc.",United States,NCM,USD,,3801604.0,3787918.0,7679242.0
AM,Antero Midstream Corporation,United States,NYQ,USD,,476275000.0,332611409.0,8482227200.0
AMAL,Amalgamated Financial Corp.,United States,NGM,USD,,29936320.0,20715634.0,984867968.0
AMAT,"Applied Materials, Inc.",United States,NMS,USD,,792943366.0,789383050.0,208640655360.0
AMAX,Adaptive Hedged Multi-Asset Income ETF,,PCX,USD,,,,
AMBA,"Ambarella, Inc.",,,,,43050486.0,40697346.0,3073804800.0
AMBIQ,Ambipar Emergency Response,,,,,16195105.0,14359103.0,21063344.0
AMBO,Ambow Education Holding Ltd.,United States,ASE,USD,,2620955.0,34316501.0,8569131.0
AMBP,Ardagh Metal Packaging S.A.,Luxembourg,NYQ,USD,,597699586.0,143196966.0,2426660352.0
AMBQ,"Ambiq Micro, Inc.",United States,NYQ,USD,,18313186.0,16165416.0,549395584.0
AMBR,Amber International Holding Limited,Singapore,NGM,USD,,86436278.0,122188369.0,163945120.0
AMC,"AMC Entertainment Holdings, Inc.",US,"NEW YORK STOCK EXCHANGE, INC.",USD,2013-12-18,512943561.0,462049301.0,866874624.0
AMCI,AMC Robotics Corporation,United States,NCM,USD,,21069382.0,,183935712.0
AMCR,Amcor plc,Switzerland,NYQ,USD,,2308359941.0,2293973664.0,19205554176.0
AMCUF,,,,,,,788428500.0,534472160.0
AMCX,AMC Networks Inc.,,,,,32042361.0,31332309.0,426562336.0
AMD,"Advanced Micro Devices, Inc.",United States,NMS,USD,,1628041540.0,1619054751.0,350012669952.0
AMDD,Direxion Daily AMD Bear 1X Shares,,,,,,,
AMDG,Leverage Shares 2X Long AMD Daily ETF,,NGM,USD,,,,
AMDL,GraniteShares 2x Long AMD Daily ETF,,NGM,USD,,,,
AMDU,Defiance Leveraged Long + Income AMD ETF,,NGM,USD,,,,
AMDW,Roundhill AMD WeeklyPay ETF,,,,,,,
AMDY,YieldMax AMD Option Income Strategy ETF,,PCX,USD,,,,
AME,"AMETEK, Inc.",US,"NEW YORK STOCK EXCHANGE, INC.",USD,1930-07-01,230203873.0,228974584.0,48142352384.0
AMG,"Affiliated Managers Group, Inc.",United States,NYQ,USD,,28128908.0,27006565.0,8411959808.0
AMGN,Amgen Inc.,United States,NMS,USD,,538480671.0,537123700.0,179276349440.0
AMH,American Homes 4 Rent,United States,NYQ,USD,,370470821.0,319407134.0,13472978944.0
AMID,Argent Mid Cap ETF,,NGM,USD,,,,
AMIH,American International Holdings Corp.,,,,,195000000.0,189814943.0,19500.0
AMIX,"Autonomix Medical, Inc.",US,NASDAQ NMS - GLOBAL MARKET,USD,2024-01-29,6907678.0,6533570.0,3974678.0
AMJB,Alerian MLP Index ETN,,,,,,,
AMKBY,A.P. Møller - Mærsk A/S,,,,,1019089400.0,8299467.0,33769904128.0
AMKR,"Amkor Technology, Inc.",United States,NMS,USD,,247193437.0,112398856.0,10033582080.0
AMLP,Alerian MLP ETF,,PCX,USD,,,,
AMLX,"Amylyx Pharmaceuticals, Inc.",,,,,109819569.0,74920008.0,1354075264.0
AMN,"AMN Healthcare Services, Inc.",United States,NYQ,USD,,38413780.0,35691780.0,618461888.0
AMNP,American Sierra Gold Corp.,,,,,878611686.0,,83468112.0
AMOD,"Alpha Modus Holdings, Inc.",,,,,41959958.0,10328863.0,21987018.0
AMODW,"Alpha Modus Holdings, Inc.",United States,NCM,USD,,,10328863.0,
AMOM,QRAFT AI-Enhanced U.S. Large Cap Momentum ETF,,PCX,USD,,,,
AMP,"Ameriprise Financial, Inc.",United States,NYQ,USD,,92905713.0,92544310.0,47308300288.0
AMPG,"AmpliTech Group, Inc.",United States,NCM,USD,,20683095.0,17631744.0,60187812.0
AMPGW,"AmpliTech Group, Inc.",United States,NCM,USD,,,17631744.0,
AMPH,"Amphastar Pharmaceuticals, Inc.",United States,NMS,USD,,45952174.0,34803717.0,1260946560.0
AMPL,"Amplitude, Inc.",United States,NCM,USD,,103610139.0,90415970.0,1594876160.0
AMPX,"Amprius Technologies, Inc.",United States,NYQ,USD,,130483838.0,121447832.0,1079101440.0
AMPY,Amplify Energy Corp.,United States,NYQ,USD,,40475997.0,32611106.0,184570544.0
AMR,"Alpha Metallurgical Resources, Inc.",United States,NYQ,USD,,12858024.0,10519921.0,2677861376.0
AMRC,"Ameresco, Inc.",US,"NEW YORK STOCK EXCHANGE, INC.",USD,2010-07-22,34797456.0,31941933.0,1593427200.0
AMRGS,"Arrived Str, LLC",,,,,,,
AMRN,Amarin Corporation plc,Ireland,NCM,USD,,20792684.0,375848556.0,294008544.0
AMRX,"Amneal Pharmaceuticals, Inc.",United States,NMS,USD,,314362920.0,191236395.0,4070999552.0
AMRZ,Amrize Ltd,Switzerland,NYQ,USD,,553082069.0,493078195.0,30834323456.0
AMS,American Shared Hospital Services,United States,ASE,USD,,6543000.0,3850621.0,14002021.0
AMSC,American Superconductor Corporation,United States,NMS,USD,,47603931.0,43066625.0,1455728256.0
AMSF,"AMERISAFE, Inc.",United States,NMS,USD,,18924399.0,18569110.0,731709824.0
AMST,Amesite Inc.,,,,,4572713.0,3042409.0,9694151.0
AMT,American Tower Corporation,United States,NYQ,USD,,468146623.0,466793679.0,82604204032.0
AMTB,Amerant Bancorp Inc.,United States,NYQ,USD,,41952590.0,37431869.0,849523136.0
AMTD,AMTD IDEA Group,France,NYQ,USD,,42487253.0,208541538.0,81030832.0
AMTFF,AmeriTrust Financial Technologies Inc.,,,,,679205455.0,534181506.0,35997888.0
AMTM,"Amentum Holdings, Inc.",United States,NYQ,USD,,243712062.0,151742061.0,7245559296.0
AMTX,"Aemetis, Inc.",United States,NGM,USD,,65568542.0,60930879.0,89173224.0
AMUB,UBS ETRACS Alerian MLP Index ETN Series B,,,,,,,
AMUN,abrdn Ultra Short Municipal Income Active ETF,,NGM,USD,,,,
AMUTF,,,,,,,,
AMUU,Direxion Daily AMD Bull 2X Shares,,NGM,USD,,,,
AMVMF,AMG Critical Materials N.V.,NL,NYSE EURONEXT - EURONEXT AMSTERDAM,USD,2007-07-11,32269144.0,30588911.0,1077789440.0
AMWD,American Woodmark Corporation,United States,NMS,USD,,14569170.0,14303865.0,800138816.0
AMWL,American Well Corporation,United States,NYQ,USD,,14723951.0,12601930.0,74489176.0
AMX,"América Móvil, S.A.B. de C.V.",Mexico,NYQ,USD,,3013875000.0,18270854858.0,62658461696.0
AMYY,Graniteshares YieldBOOST AMD ETF,,NGM,USD,,,,
AMZA,InfraCap MLP ETF,,,,,,,
AMZD,Direxion Daily AMZN Bear 1X Shares,,NGM,USD,,,,
AMZE,"Amaze Holdings, Inc.",United States,ASE,USD,,19941815.0,18404102.0,6674525.0
AMZN,"Amazon.com, Inc.",United States,NMS,USD,,10690216011.0,9702012443.0,2485688991744.0
AMZU,Direxion Daily AMZN Bull 2X Shares,,NGM,USD,,,,
AMZY,YieldMax AMZN Option Income Strategy ETF,,PCX,USD,,,,
AMZZ,GraniteShares 2x Long AMZN Daily ETF,,NGM,USD,,,,
AN,"AutoNation, Inc.",US,"NEW YORK STOCK EXCHANGE, INC.",USD,1997-06-20,36272177.0,34503409.0,7713135616.0
ANAB,"AnaptysBio, Inc.",United States,NMS,USD,,27688470.0,14421540.0,1401447168.0
ANANF,,,,,,,,
ANDE,"The Andersons, Inc.",United States,NMS,USD,,33839123.0,31769502.0,1824785920.0
ANDG,Andersen Group Inc.,United States,NYQ,USD,,12650000.0,,2813755392.0
ANEB,"Anebulo Pharmaceuticals, Inc.",United States,NCM,USD,,41084731.0,3401405.0,46014900.0
ANEL,Defiance Daily Target 2X Long ANET ETF,,,,,,,
ANET,"Arista Networks, Inc.",United States,NYQ,USD,,1259285070.0,1041479124.0,166024151040.0
ANEW,ProShares MSCI Transformational Changes ETF,,PCX,USD,,,,
ANF,Abercrombie & Fitch Co.,United States,NYQ,USD,,45857556.0,44756975.0,5970335744.0
ANGH,Anghami Inc.,United Arab Emirates,NCM,USD,,9064883.0,1714143.0,22118318.0
ANGHW,Anghami Inc.,United Arab Emirates,NCM,USD,,,1714143.0,
ANGI,Angi Inc.,United States,NMS,USD,,43150575.0,35527594.0,561371776.0
ANGL,VanEck Fallen Angel High Yield Bond ETF,,,,,,,
ANGO,"AngioDynamics, Inc.",US,NASDAQ NMS - GLOBAL MARKET,USD,2004-05-27,41199844.0,33481877.0,539717952.0
ANGX,"Angel Studios, Inc.",United States,NYQ,USD,,111053974.0,86971473.0,812811456.0
ANIK,"Anika Therapeutics, Inc.",United States,NMS,USD,,14421219.0,10770055.0,137722640.0
ANIP,"ANI Pharmaceuticals, Inc.",United States,NGM,USD,,22458168.0,18895277.0,1850777728.0
ANIX,"Anixa Biosciences, Inc.",United States,NCM,USD,,32916915.0,31121956.0,105334136.0
ANL,Adlai Nortye Ltd.,Cayman Islands,NGM,USD,,31236934.0,66714945.0,60516440.0
ANNA,"AleAnna, Inc.",US,NASDAQ NMS - GLOBAL MARKET,USD,2022-02-04,40659881.0,9387147.0,115880656.0
ANNAW,"AleAnna, Inc.",United States,NCM,USD,,,9387147.0,
ANNX,"Annexon, Inc.",United States,NMS,USD,,149055879.0,111260900.0,761675520.0
ANPA,Rich Sparkle Holdings Limited,Hong Kong,NCM,USD,,12500000.0,3636000.0,281124992.0
ANRO,"Alto Neuroscience, Inc.",US,"NEW YORK STOCK EXCHANGE, INC.",USD,2024-02-02,31066335.0,20754486.0,572552576.0
ANSC,Agriculture & Natural Solutions Acquisition Corporation,United States,NGM,USD,,32922237.0,32922446.0,463874944.0
ANSCU,Agriculture & Natural Solutions Acquisition Corporation,United States,NGM,USD,,,32922446.0,
ANSCW,Agriculture & Natural Solutions Acquisition Corporation,,,,,,32922446.0,
ANTA,Antalpha Platform Holding Compa,Singapore,NGM,USD,,23677500.0,2477614.0,224936256.0
ANTX,"AN2 Therapeutics, Inc.",United States,NMS,USD,,27402024.0,17793778.0,31238306.0
ANVS,"Annovis Bio, Inc.",United States,NYQ,USD,,26502889.0,22408193.0,95410392.0
AOA,iShares Core 80/20 Aggressive Allocation ETF,,,,,,,
AOD,Abrdn Total Dynamic Dividend Fund,United Kingdom,NYQ,USD,,105430999.0,,1052201344.0
AOFLF,Africa Opportunity Fund Limited,,,,,,,
AOGC,Australian Oil & Gas Corporation,,,,,49450531.0,,103846.0
AOHY,Angel Oak High Yield Opportunities ETF,,NGM,USD,,,,
AOK,iShares Core 30/70 Conservative Allocation ETF,,,,,,,
AOM,iShares Core 40/60 Moderate Allocation ETF,,PCX,USD,,,,
AOMD,"Angel Oak Mortgage REIT, Inc. 9",,NYQ,USD,,,,
AOMN,"Angel Oak Mortgage REIT, Inc. 9",,NYQ,USD,,,,
AOMR,"Angel Oak Mortgage REIT, Inc.",United States,NYQ,USD,,24914035.0,15188841.0,216004688.0
AON,Aon plc,IE,"NEW YORK STOCK EXCHANGE, INC.",USD,1980-06-02,214935265.0,208063785.0,76903219200.0
AOOO,"Autoco.com, Inc.",,,,,24836400.0,,2480.0
AOR,iShares Core 60/40 Balanced Allocation ETF,,,,,,,
AORT,"Artivion, Inc.",United States,NYQ,USD,,47374939.0,45182901.0,2193933568.0
AOS,A. O. Smith Corporation,United States,NYQ,USD,,113372121.0,112207580.0,9495181312.0
AOSL,Alpha and Omega Semiconductor Limited,United States,NMS,USD,,30061450.0,25075458.0,605437568.0
AOTG,AOT Growth and Innovation ETF,,NGM,USD,,,,
AOTS,EA Series Trust - AOT Software Platform ETF,United States,ASE,USD,,,,
AOTUF,Precinct Properties NZ Ltd & Precinct Properties Investments Ltd,,,,,1587817011.0,1584107004.0,1208231680.0
AOUT,"American Outdoor Brands, Inc.",United States,NMS,USD,,12587111.0,11146264.0,104798096.0
AP,Ampco-Pittsburgh Corporation,United States,NYQ,USD,,20326389.0,14395962.0,94517704.0
APA,APA Corporation,United States,NMS,USD,,354669251.0,352512862.0,8651277312.0
APAC,StoneBridge Acquisition II Corporation,United States,NCM,USD,,6133750.0,6133774.0,79940656.0
APACR,StoneBridge Acquisition II Corporation,US,NASDAQ NMS - GLOBAL MARKET,USD,2025-09-30,,6133774.0,60.0
APACU,StoneBridge Acquisition II Corporation,United States,NCM,USD,,,6133774.0,
APAD,A Paradise Acquisition Corp.,Hong Kong,NGM,USD,,20600000.0,12933398.0,274030016.0
APADR,A Paradise Acquisition Corp.,Hong Kong,NGM,USD,,0.0,12933398.0,0.0
APADU,A Paradise Acquisition Corp.,HK,NASDAQ NMS - GLOBAL MARKET,USD,2025-07-30,,12933398.0,274.0
APAM,Artisan Partners Asset Management Inc.,United States,NYQ,USD,,70461656.0,63175921.0,2947089408.0
APCB,ActivePassive Core Bond ETF,,PCX,USD,,,,
APCX,AppTech Payments Corp.,,,,,39488934.0,25558714.0,15203240.0
APD,"Air Products and Chemicals, Inc.",US,"NEW YORK STOCK EXCHANGE, INC.",USD,1961-11-13,222591758.0,222280841.0,55073652736.0
APEI,"American Public Education, Inc.",United States,NMS,USD,,18085030.0,13529773.0,677646080.0
APG,APi Group Corporation,United States,NYQ,USD,,415905916.0,364129789.0,16457397248.0
APGE,"Apogee Therapeutics, Inc.",United States,NGM,USD,,54833587.0,48647548.0,5282520064.0
APH,Amphenol Corporation,United States,NYQ,USD,,1224055508.0,1216246034.0,168221949952.0
API,"Agora, Inc.",United States,NMS,USD,,70780016.0,237285316.0,356549248.0
APIE,ActivePassive International Equity ETF,,,,,,,
APLD,Applied Digital Corporation,United States,NMS,USD,,279263526.0,236342955.0,6716287488.0
APLE,"Apple Hospitality REIT, Inc.",United States,NYQ,USD,,236575692.0,219691285.0,2853357568.0
APLM,"Apollomics, Inc.",United States,NCM,USD,,2143348.0,594131.0,42866960.0
APLMW,"Apollomics, Inc.",,NCM,USD,,0.0,,50735560.0
APLS,"Apellis Pharmaceuticals, Inc.",United States,NMS,USD,,126525218.0,89570998.0,3159334656.0
APLU,Allspring Core Plus ETF,,PCX,USD,,,,
APLVF,,,,,,,,
APLY,YieldMax AAPL Option Income Strategy ETF,,PCX,USD,,,,
APM,Aptorum Group Limited,United Kingdom,NCM,USD,,6346823.0,3863844.0,9283883.0
APMU,ActivePassive Intermediate Municipal Bond ETF,,PCX,USD,,,,
APO,"Apollo Global Management, Inc.",United States,NYQ,USD,,580422573.0,457500680.0,86204366848.0
APO.PRA,Apollo Global Management Inc,US,"NEW YORK STOCK EXCHANGE, INC.",USD,2011-03-29,,,86204.0
APOC,Innovator Equity Defined Protection ETF - 6 Mo Apr/Oct,,,,,,,
APOG,"Apogee Enterprises, Inc.",US,NASDAQ NMS - GLOBAL MARKET,USD,1971-07-01,21510930.0,20965198.0,817262464.0
APOS,"Apollo Global Management, Inc. ",,NYQ,USD,,,,
APP,AppLovin Corporation,United States,NMS,USD,,307597000.0,242898397.0,241588240384.0
APPF,"AppFolio, Inc.",United States,NGM,USD,,23073192.0,21674236.0,8523781120.0
APPN,Appian Corporation,United States,NGM,USD,,42735083.0,40045377.0,2649603840.0
APPS,"Digital Turbine, Inc.",United States,NCM,USD,,112148899.0,100657001.0,585417216.0
APPX,Tradr 2X Long APP Daily ETF,,NGM,USD,,,,
APRE,"Aprea Therapeutics, Inc.",United States,NCM,USD,,6993838.0,4410214.0,6855360.0
APRJ,Innovator Premium Income 30 Barrier ETF - April,,,,,,,
APT,"Alpha Pro Tech, Ltd.",Canada,ASE,USD,,10360062.0,8126847.0,46620280.0
APTBS,,,,,,,,
APTV,Aptiv PLC,Switzerland,NYQ,USD,,216079411.0,214043943.0,16747908096.0
APUE,ActivePassive U.S. Equity ETF,,PCX,USD,,,,
APUS,"Apimeds Pharmaceuticals US, Inc.",United Arab Emirates,ASE,USD,,12575983.0,,22385250.0
APVO,Aptevo Therapeutics Inc.,United States,NCM,USD,,16850494.0,16837014.0,10229935.0
APWC,Asia Pacific Wire & Cable Corporation Limited,Taiwan,NCM,USD,,21204400.0,3678966.0,40076316.0
APXM,FT Vest U.S. Equity Max Buffer ,,,,,,,
APXT,Apex Treasury Corporation,United States,NGM,USD,,34470000.0,,454084800.0
APXTU,Apex Treasury Corporation,United States,NGM,USD,,,,
APXTW,Apex Treasury Corporation,United States,NGM,USD,,,,
APYX,Apyx Medical Corporation,United States,NMS,USD,,41029622.0,26943334.0,141141904.0
AQB,"AquaBounty Technologies, Inc.",United States,NCM,USD,,3877695.0,3788973.0,3955249.0
AQBN,"Diamond Energy Partners, Inc.",,,,,32965000.0,,3295.0
AQMS,"Aqua Metals, Inc.",United States,NCM,USD,,2981223.0,2802205.0,14458931.0
AQN,Algonquin Power & Utilities Corp.,Canada,NYQ,USD,,768153848.0,642307473.0,4758083584.0
AQNB,Algonquin Power & Utilities Cor,,NYQ,USD,,,,
AQPW,"Golden Ally Lifetech Group, Inc.",,,,,7408561902.0,920587902.0,740856.0
AQST,"Aquestive Therapeutics, Inc.",United States,NGM,USD,,122003113.0,111904915.0,730798592.0
AQWA,Global X Clean Water ETF,,NGM,USD,,,,
AR,Antero Resources Corporation,United States,NYQ,USD,,308494000.0,291406517.0,10522190848.0
ARAI,Arrive AI Inc.,United States,NGM,USD,,34213387.0,6232653.0,110167112.0
ARAY,Accuray Incorporated,United States,NMS,USD,,113341132.0,107807818.0,93540440.0
ARB,AltShares Merger Arbitrage ETF,,PCX,USD,,,,
ARBB,ARB IOT Group Limited,Singapore,NCM,USD,,1765256.0,1138714.0,10309095.0
ARBE,Arbe Robotics Ltd.,Israel,NCM,USD,,108859502.0,74242180.0,112125288.0
ARBEW,Arbe Robotics Ltd.,Israel,NCM,USD,,,74242180.0,
ARCB,ArcBest Corporation,United States,NMS,USD,,22511021.0,22098619.0,1755651456.0
ARCC,Ares Capital Corporation,United States,NMS,USD,,715726600.0,,14457677824.0
ARCO,Arcos Dorados Holdings Inc.,Uruguay,NYQ,USD,,130663057.0,121074379.0,1552586752.0
ARCS,Arcis Resources Corporation,,,,,1141267854.0,,114126.0
ARCT,Arcturus Therapeutics Holdings Inc.,United States,NGM,USD,,28412537.0,26273073.0,175021216.0
ARCVF,Arcadis NV,NL,NYSE EURONEXT - EURONEXT AMSTERDAM,EUR,1995-10-02,86411552.0,89116343.0,3615484416.0
ARDC,"Ares Dynamic Credit Allocation Fund, Inc.",United States,NYQ,USD,,23872706.0,,319655552.0
ARDT,"Ardent Health, Inc.",US,"NEW YORK STOCK EXCHANGE, INC.",USD,2024-07-18,143187681.0,24539505.0,1320190464.0
ARDX,"Ardelyx, Inc.",United States,NGM,USD,,242974306.0,234596552.0,1394672512.0
ARE,"Alexandria Real Estate Equities, Inc.",United States,NYQ,USD,,172825059.0,154272289.0,8399297536.0
AREA,Harbor AlphaEdge Next Generation REITs ETF,,,,,,,
AREB,"American Rebel Holdings, Inc.",United States,NCM,USD,,6662308.0,6131324.0,5691610.0
AREBW,"American Rebel Holdings, Inc.",,NCM,USD,,,,
AREC,American Resources Corporation,United States,NCM,USD,,103086995.0,70070887.0,276273152.0
AREN,"The Arena Group Holdings, Inc.",United States,ASE,USD,,47465749.0,12136320.0,198406816.0
ARES,Ares Management Corporation,United States,NYQ,USD,,216852343.0,214428268.0,55280099328.0
ARGT,Global X MSCI Argentina ETF,,PCX,USD,,,,
ARGX,argenx SE,Netherlands,NMS,USD,,61568926.0,61144232.0,52618444800.0
ARHS,"Arhaus, Inc.",United States,NMS,USD,,53947912.0,51368278.0,1653264512.0
ARHTQ,,,,,,197251466.0,168028661.0,2741795.0
ARI,"Apollo Commercial Real Estate Finance, Inc.",,,,,138943831.0,129961112.0,1383880448.0
ARIRS,,,,,,,,
ARKAF,Arkema S.A.,FR,NYSE EURONEXT - EURONEXT PARIS,EUR,2006-05-18,75644618.0,55985106.0,4574986240.0
ARKG,ARK Genomic Revolution ETF,,,,,,,
ARKO,Arko Corp.,United States,NCM,USD,,111430778.0,57447023.0,523124448.0
ARKR,Ark Restaurants Corp.,United States,NGM,USD,,3606157.0,1544697.0,22971220.0
ARL,"American Realty Investors, Inc.",United States,NYQ,USD,,16152043.0,1308639.0,258109648.0
ARLDS,,,,,,,,
ARLO,"Arlo Technologies, Inc.",United States,NYQ,USD,,105992268.0,103190892.0,1500850560.0
ARLP,"Alliance Resource Partners, L.P.",United States,NMS,USD,,128428024.0,90341409.0,3019342848.0
ARLTS,,,,,,,,
ARM,Arm Holdings plc,United Kingdom,NMS,USD,,1060998569.0,135797390.0,116996308992.0
ARMG,Leverage Shares 2X Long ARM Daily ETF,,NGM,USD,,,,
ARMH,Precidian ETFs Trust - Arm Holdings PLC ADRhedged,,PCX,USD,,,,
ARMK,Aramark,United States,NYQ,USD,,262808032.0,261451153.0,9838993408.0
ARMN,Aris Mining Corporation,Canada,ASE,USD,,202800000.0,181580687.0,3425311232.0
ARMP,"Armata Pharmaceuticals, Inc.",United States,ASE,USD,,36406905.0,11028287.0,239557424.0
ARNNY,ASR Nederland N.V.,,,,,413254128.0,195759875.0,14751106048.0
AROC,"Archrock, Inc.",United States,NYQ,USD,,175369642.0,170650445.0,4508753408.0
AROW,Arrow Financial Corporation,United States,NMS,USD,,16442453.0,14043335.0,518280224.0
ARP,Pmv Adaptive Risk Parity ETF,,PCX,USD,,,,
ARQ,"Arq, Inc.",United States,NGM,USD,,42693884.0,32262060.0,145586144.0
ARQQ,Arqit Quantum Inc.,United Kingdom,NCM,USD,,15651859.0,5424308.0,357018880.0
ARQQW,Arqit Quantum Inc.,United Kingdom,NCM,USD,,,5424308.0,
ARQT,"Arcutis Biotherapeutics, Inc.",United States,NMS,USD,,122492192.0,89408276.0,3548598784.0
ARR,"ARMOUR Residential REIT, Inc.",United States,NYQ,USD,,111898236.0,111555827.0,1973273216.0
ARRY,"Array Technologies, Inc.",United States,NGM,USD,,152747767.0,139144051.0,1562609536.0
ARTNA,Artesian Resources Corporation,United States,NMS,USD,,9431693.0,9287296.0,328480896.0
ARTV,"Artiva Biotherapeutics, Inc.",United States,NGM,USD,,24544904.0,4572961.0,102597696.0
ARTW,"Art's-Way Manufacturing Co., Inc.",United States,NCM,USD,,5106834.0,2416707.0,12157241.0
ARTY,iShares Future AI & Tech ETF,,PCX,USD,,,,
ARVN,"Arvinas, Inc.",United States,NMS,USD,,64224294.0,56092214.0,892757888.0
ARVR,First Trust Indxx Metaverse ETF,,NGM,USD,,,,
ARVTS,,,,,,,,
ARVWS,,,,,,,,
ARW,"Arrow Electronics, Inc.",United States,NYQ,USD,,51511356.0,48089972.0,5840872448.0
ARWR,"Arrowhead Pharmaceuticals, Inc.",United States,NMS,USD,,135809558.0,116942894.0,9700150272.0
ARX,Accelerant Holdings,Cayman Islands,NYQ,USD,,114578616.0,58744602.0,3662248960.0
AS,"Amer Sports, Inc.",Finland,NYQ,USD,,554571446.0,156931661.0,21278906368.0
ASA,ASA Gold and Precious Metals Limited,United States,NYQ,USD,,18872332.0,11763502.0,1178577152.0
ASAN,"Asana, Inc.",United States,NYQ,USD,,157538321.0,87338156.0,3271980032.0
ASAPF,Aurora Spine Corporation,,,,,78054949.0,59199215.0,14673147.0
ASAPQ,Waitr Holdings Inc.,,,,,13545285.0,13540951.0,135.0
ASB,Associated Banc-Corp,United States,NYQ,USD,,165927302.0,162221465.0,4373843456.0
ASBA,,,NYQ,USD,,,,
ASBFF,Associated British Foods plc,,,,,707570045.0,264041773.0,20205766656.0
ASBPW,"Aspire Biopharma Holdings, Inc.",United States,NCM,USD,,,91672659.0,
ASC,Ardmore Shipping Corporation,Bermuda,NYQ,USD,,40697657.0,36519453.0,439534688.0
ASCE,Allspring SMID Core ETF,,,,,,,
ASCI,abrdn International Small Cap Active ETF,,NGM,USD,,,,
ASCRF,A SPAC II Acquisition Corp.,,,,,,343593.0,
ASCS,American Crystal Sugar Company PFD REST NON DIV,,,,,,,
ASCWF,,,,,,,343593.0,
ASEA,Global X FTSE Southeast Asia ETF,,PCX,USD,,,,
ASG,"Liberty All-Star Growth Fund, Inc.",,,,,61958696.0,,335196544.0
ASGI,Abrdn Global Infrastructure Income Fund,United States,NYQ,USD,,31622275.0,,722885248.0
ASGM,Virtus AlphaSimplex Global Macro ETF,,PCX,USD,,,,
ASGN,ASGN Incorporated,United States,NYQ,USD,,42700000.0,41161946.0,2190875904.0
ASH,Ashland Inc.,US,"NEW YORK STOCK EXCHANGE, INC.",USD,1980-03-17,45762099.0,39286946.0,2731997440.0
ASHR,Xtrackers Harvest CSI 300 China A-Shares ETF,,PCX,USD,,,,
ASHS,Xtrackers Harvest CSI 500 China A-Shares Small Cap ETF,,PCX,USD,,,,
ASIA,Matthews Pacific Tiger Active ETF,,PCX,USD,,,,
ASIC,Ategrity Specialty Insurance Company Holdings,United States,NYQ,USD,,48066674.0,7594534.0,1032472064.0
ASIX,AdvanSix Inc.,United States,NYQ,USD,,26864035.0,26013788.0,466896928.0
ASLE,AerSale Corporation,United States,NCM,USD,,47185011.0,27926921.0,335485440.0
ASLLS,,,,,,,,
ASLV,Allspring Special Large Value ETF,,PCX,USD,,,,
ASM,Avino Silver & Gold Mines Ltd.,Canada,ASE,USD,,156848423.0,148209928.0,1079378944.0
ASMB,"Assembly Biosciences, Inc.",United States,NMS,USD,,15817140.0,7458256.0,531772224.0
ASMF,Virtus AlphaSimplex Managed Fut,,PCX,USD,,,,
ASMG,Leverage Shares 2X Long ASML Daily ETF,,NGM,USD,,,,
ASMH,Precidian ETFs Trust - ASML Holding NV ADRhedged,,PCX,USD,,,,
ASMIY,ASM International NV,NL,NYSE EURONEXT - EURONEXT AMSTERDAM,EUR,1981-01-01,48875000.0,46530466.0,29734572032.0
ASML,ASML Holding N.V.,Netherlands,NMS,USD,,388147674.0,387179937.0,416385433600.0
ASMNS,,,,,,,,
ASMXF,ASM International NV,NL,NYSE EURONEXT - EURONEXT AMSTERDAM,EUR,1981-01-01,48875000.0,46530466.0,31958646784.0
ASND,Ascendis Pharma A/S,Denmark,NMS,USD,,61098156.0,60628311.0,12768292864.0
ASNS,"Actelis Networks, Inc.",United States,NCM,USD,,6395892.0,1619975.0,3357843.0
ASO,"Academy Sports and Outdoors, Inc.",United States,NMS,USD,,66681300.0,65792438.0,3394078208.0
ASPC,A SPAC III Acquisition Corp.,Hong Kong,NCM,USD,,837581.0,1791732.0,56125344.0
ASPCR,A SPAC III Acquisition Corp.,,,,,,1791732.0,
ASPCU,A SPAC III Acquisition Corp.,Hong Kong,NCM,USD,,,1791732.0,
ASPI,ASP Isotopes Inc.,United States,NCM,USD,,110840122.0,89381474.0,638439104.0
ASPN,"Aspen Aerogels, Inc.",United States,NYQ,USD,,82647081.0,77113032.0,242982416.0
ASPS,Altisource Portfolio Solutions S.A.,Luxembourg,NMS,USD,,10993549.0,8496150.0,74481296.0
ASPSW,Altisource Portfolio Solutions S.A.,Luxembourg,NMS,USD,,,8496150.0,
ASPSZ,Altisource Portfolio Solutions S.A.,,,,,,8496150.0,
ASPY,ASYMshares ASYMmetric S&P 500 ETF,,,,,,,
ASR,"Grupo Aeroportuario del Sureste, S. A. B. de C. V.",Mexico,NYQ,USD,,27705000.0,148098000.0,9965572096.0
ASRT,"Assertio Holdings, Inc.",US,NASDAQ NMS - GLOBAL MARKET,USD,1997-02-12,6416805.0,5709035.0,63783048.0
ASRV,"AmeriServ Financial, Inc.",United States,NGM,USD,,16522267.0,12607977.0,52375588.0
ASST,"Strive Asset Management, LLC",United States,NGM,USD,,670999182.0,773747159.0,708241408.0
ASTAQ,Astra Veda Corporation,,,,,5849230600.0,,584923.0
ASTC,Astrotech Corporation,United States,NCM,USD,,1758953.0,1318078.0,6666435.0
ASTE,"Astec Industries, Inc.",United States,NMS,USD,,22875841.0,22544141.0,1050229824.0
ASTH,"Astrana Health, Inc.",United States,NCM,USD,,50155613.0,37707491.0,1274454144.0
ASTI,"Ascent Solar Technologies, Inc.",United States,NCM,USD,,4537215.0,3439556.0,16197857.0
ASTL,Algoma Steel Group Inc.,CA,NASDAQ NMS - GLOBAL MARKET,CAD,2022-09-19,104933802.0,72493517.0,435475296.0
ASTLW,Algoma Steel Group Inc.,Canada,NGM,USD,,,72493517.0,
ASTS,"AST SpaceMobile, Inc.",United States,NMS,USD,,278010950.0,229729636.0,26434523136.0
ASUR,"Asure Software, Inc.",US,NASDAQ NMS - GLOBAL MARKET,USD,1992-04-07,27763877.0,25686306.0,258481696.0
ASWIS,,,,,,,,
ASX,"ASE Technology Holding Co., Ltd.",Taiwan,NYQ,USD,,2181600491.0,3120773014.0,34294761472.0
ASXSF,Elysee Development Corp.,,,,,28382359.0,22080624.0,11069120.0
ASYS,"Amtech Systems, Inc.",United States,NMS,USD,,14356797.0,9500467.0,183192736.0
ATAI,Atai Beckley N.V.,Netherlands,NGM,USD,,363214602.0,301255642.0,1478283392.0
ATAT,Atour Lifestyle Holdings Limited,China,NMS,USD,,113625646.0,223326379.0,5767881728.0
ATCH,"AtlasClear Holdings, Inc.",United States,ASE,USD,,144580170.0,135981987.0,38371576.0
ATEC,"Alphatec Holdings, Inc.",United States,NMS,USD,,148550185.0,116432150.0,3114354688.0
ATEKW,,,,,,,310137.0,
ATEN,"A10 Networks, Inc.",United States,NYQ,USD,,71726487.0,70568104.0,1303797760.0
ATEST.A,,,,,,,,
ATEST.C,,,,,,,,
ATEX,Anterix Inc.,United States,NCM,USD,,18716625.0,12743588.0,411900608.0
ATFV,Alger 35 ETF,,PCX,USD,,,,
ATGE,Adtalem Global Education Inc.,United States,NYQ,USD,,36328546.0,35485724.0,3803153920.0
ATGL,Alpha Technology Group Limited,Hong Kong,NCM,USD,,15262500.0,2480004.0,346371008.0
ATH.PRD,Athene Holding Ltd,US,"NEW YORK STOCK EXCHANGE, INC.",USD,2016-12-09,,,5076.0
ATHA,"Athira Pharma, Inc.",United States,NCM,USD,,3943887.0,1086186.0,29500612.0
ATHE,Alterity Therapeutics Limited,Australia,NCM,USD,,18125694.0,7038063195.0,57458452.0
ATHM,Autohome Inc.,China,NYQ,USD,,118443735.0,248855109.0,2796697088.0
ATHNF,,,,,,,,
ATHR,"Aether Holdings, Inc.",United States,NCM,USD,,12117586.0,4020130.0,70766704.0
ATHS,Athene Holding Ltd. 7.250% Fixe,US,"NEW YORK STOCK EXCHANGE, INC.",USD,2016-12-09,,,5076.0
ATI,ATI Inc.,United States,NYQ,USD,,135863661.0,134784904.0,16119467008.0
ATII,Archimedes Tech SPAC Partners II Co.,United States,NGM,USD,,29590000.0,21809901.0,307440096.0
ATIIU,Archimedes Tech SPAC Partners II Co.,United States,NGM,USD,,25765000.0,21809901.0,270532512.0
ATIIW,Archimedes Tech SPAC Partners II Co.,,,,,,21809901.0,
ATKR,Atkore Inc.,,,,,33750639.0,30418301.0,2192103936.0
ATLC,Atlanticus Holdings Corporation,United States,NMS,USD,,15141530.0,5287725.0,1062026880.0
ATLCL,Atlanticus Holdings Corporation 6.125% Senior Notes due 2026,,NGM,USD,,,,
ATLCP,Atlanticus Holdings Corporation,United States,NMS,USD,,,5287725.0,
ATLCZ,Atlanticus Holdings Corporation 9.25% Senior Notes due 2029,US,NASDAQ NMS - GLOBAL MARKET,USD,1999-04-23,,,1062.0
ATLN,Atlantic International Corp.,United States,NGM,USD,,58525488.0,10113790.0,74912624.0
ATLO,Ames National Corporation,United States,NCM,USD,,8892167.0,8724105.0,205231232.0
ATLX,Atlas Lithium Corporation,Brazil,NCM,USD,,26554331.0,14497946.0,127195248.0
ATMC,AlphaTime Acquisition Corp,US,NASDAQ NMS - GLOBAL MARKET,USD,2022-12-30,2551636.0,417448.0,38019392.0
ATMCR,AlphaTime Acquisition Corp,United States,NCM,USD,,,417448.0,
ATMCU,AlphaTime Acquisition Corp,United States,NCM,USD,,,417448.0,
ATMCW,AlphaTime Acquisition Corp,United States,NCM,USD,,,417448.0,
ATMU,Atmus Filtration Technologies Inc.,United States,NYQ,USD,,81507839.0,74491644.0,4388558848.0
ATNI,"ATN International, Inc.",United States,NMS,USD,,15257391.0,9904543.0,337646080.0
ATNLS,,,,,,,,
ATNM,"Actinium Pharmaceuticals, Inc.",United States,ASE,USD,,31195891.0,30858663.0,47417756.0
ATO,Atmos Energy Corporation,US,"NEW YORK STOCK EXCHANGE, INC.",USD,1983-12-28,161747997.0,160930143.0,27194691584.0
ATOM,Atomera Incorporated,US,NASDAQ NMS - GLOBAL MARKET,USD,2016-08-05,31681033.0,30388447.0,68431032.0
ATON,AlphaTON Capital Corp.,British Virgin Islands,NCM,USD,,8187488.0,1845752.0,5375904.0
ATPC,Agape ATP Corporation,,,,,50027000.0,21685704.0,6043262.0
ATR,"AptarGroup, Inc.",United States,NYQ,USD,,65619154.0,65073859.0,8119774208.0
ATRA,"Atara Biotherapeutics, Inc.",United States,NMS,USD,,7210235.0,4151509.0,124520760.0
ATRC,"AtriCure, Inc.",United States,NGM,USD,,49716988.0,47969436.0,2005086208.0
ATRO,Astronics Corporation,United States,NMS,USD,,31619410.0,33344938.0,1974209536.0
ATS,ATS Corporation,Canada,NYQ,USD,,96948447.0,75506911.0,2756244480.0
ATXRF,ATEX Resources Inc.,,,,,345163953.0,269683500.0,907781248.0
ATXS,"Astria Therapeutics, Inc.",United States,NGM,USD,,57084838.0,38901605.0,739248640.0
AU,AngloGold Ashanti plc,United States,NYQ,USD,,504888275.0,504175544.0,46071054336.0
AUAU,Global X Gold Miners ETF,,PCX,USD,,,,
AUB,Atlantic Union Bankshares Corporation,United States,NYQ,USD,,142518152.0,141155678.0,5187660800.0
AUB.PRA,Atlantic Union Bankshares Corp,US,"NEW YORK STOCK EXCHANGE, INC.",USD,1993-10-06,,,5187.0
AUBN,"Auburn National Bancorporation, Inc.",United States,NGM,USD,,3493699.0,2191213.0,94155192.0
AUDC,AudioCodes Ltd.,Israel,NMS,USD,,28677229.0,19047596.0,255800880.0
AUGO,Aura Minerals Inc.,United States,NMS,USD,,83534506.0,31550983.0,4515875328.0
AUGP,PGIM S&P 500 Buffer 12 ETF - Aug,,,,,,,
AUGW,AllianzIM U.S. Large Cap Buffer20 Aug ETF,,,,,,,
AUID,authID Inc.,United States,NCM,USD,,15070181.0,11813955.0,14211182.0
AUMI,Themes Gold Miners ETF,,NGM,USD,,,,
AUNA,Auna SA,Luxembourg,NYQ,USD,,30095388.0,23805746.0,340459648.0
AUPH,Aurinia Pharmaceuticals Inc.,CA,NASDAQ NMS - GLOBAL MARKET,USD,2001-07-16,131840559.0,128247904.0,2142409088.0
AUR,"Aurora Innovation, Inc.",United States,NMS,USD,,1596585483.0,1203452389.0,7741484032.0
AURA,"Aura Biosciences, Inc.",US,NASDAQ NMS - GLOBAL MARKET,USD,2021-10-29,63503269.0,36647102.0,372764160.0
AUROW,"Aurora Innovation, Inc.",United States,NMS,USD,,,1203452389.0,
AUSCF,,,,,,,,
AUSF,Global X Adaptive U.S. Factor ETF,,,,,,,
AUSM,Allspring Ultra Short Municipal ETF,,PCX,USD,,,,
AUST,Austin Gold Corp.,Canada,ASE,USD,,13693001.0,7772284.0,25468982.0
AUTL,Autolus Therapeutics plc,United Kingdom,NMS,USD,,266143286.0,109839996.0,444459264.0
AUUAF,ALUULA COMPOSITES INC.,,,,,25291260.0,16224090.0,83208248.0
AUUD,Auddia Inc.,United States,NCM,USD,,3101423.0,3096554.0,3132437.0
AUUDW,Auddia Inc.,United States,NCM,USD,,,3096554.0,
AVA,Avista Corporation,United States,NYQ,USD,,81371742.0,80658112.0,3131184640.0
AVAH,Aveanna Healthcare Holdings Inc.,United States,NMS,USD,,208911383.0,69210252.0,1800816000.0
AVAL,Grupo Aval Acciones y Valores S.A.,Colombia,NYQ,USD,,378212544.0,2967934469.0,5045709824.0
AVAV,"AeroVironment, Inc.",United States,NMS,USD,,49925878.0,37235083.0,12732712960.0
AVB,"AvalonBay Communities, Inc.",United States,NYQ,USD,,141594945.0,133026304.0,26085994496.0
AVBC,"Avidia Bancorp, Inc.",United States,NYQ,USD,,18530379.0,19547040.0,348122176.0
AVBH,"Avidbank Holdings, Inc.",United States,NMS,USD,,10950802.0,6694335.0,298628384.0
AVBP,"ArriVent BioPharma, Inc.",US,NASDAQ NMS - GLOBAL MARKET,USD,2024-01-26,41281361.0,22710941.0,906951424.0
AVCLS,,,,,,,,
AVCMS,,,,,,,,
AVD,American Vanguard Corporation,United States,NYQ,USD,,28468140.0,26595790.0,114157248.0
AVDE,Avantis International Equity ETF,,PCX,USD,,,,
AVDFS,,,,,,,,
AVDL,Avadel Pharmaceuticals plc,,,,,98141138.0,80999367.0,2118867200.0
AVDPS,,,,,,,,
AVDS,Avantis International Small Cap Equity ETF,,PCX,USD,,,,
AVDV,Avantis International Small Cap Value ETF,,PCX,USD,,,,
AVEE,Avantis Emerging Markets Small Cap Equity ETF,,PCX,USD,,,,
AVEFF,Avecho Biotechnology Limited,,,,,3673463679.0,2217489480.0,16530585.0
AVEM,Avantis Emerging Markets Equity ETF,,PCX,USD,,,,
AVES,Avantis Emerging Markets Value ETF,,PCX,USD,,,,
AVFLS,,,,,,,,
AVGB,Avantis Credit ETF,,NGM,USD,,,,
AVGE,Avantis All Equity Markets ETF,,PCX,USD,,,,
AVGG,Leverage Shares 2X Long AVGO Daily ETF,,NGM,USD,,,,
AVGO,Broadcom Inc.,United States,NMS,USD,,4741273799.0,405854280.0,1669544673280.0
AVGU,GraniteShares 2x Long AVGO Daily ETF,,NGM,USD,,,,
AVGV,Avantis ALL Equity Markets Value ETF,,PCX,USD,,,,
AVGX,Defiance Daily Target 2X Long AVGO ETF,,NGM,USD,,,,
AVHBS,,,,,,,,
AVHWS,,,,,,,,
AVIE,Avantis Inflation Focused Equity ETF,,PCX,USD,,,,
AVIG,Avantis Core Fixed Income ETF,,PCX,USD,,,,
AVIR,"Atea Pharmaceuticals, Inc.",United States,NMS,USD,,78126796.0,59054483.0,285162816.0
AVISF,,,,,,,,
AVIV,Avantis International Large Cap Value ETF,,PCX,USD,,,,
AVK,Advent Convertible and Income Fund,US,"NEW YORK STOCK EXCHANGE, INC.",,2003-04-30,44148745.0,,556274176.0
AVL,Direxion Daily AVGO Bull 2X Shares,,NGM,USD,,,,
AVLC,Avantis U.S. Large Cap Equity E,,PCX,USD,,,,
AVLHS,,,,,,,,
AVLLS,,,,,,,,
AVLMS,,,,,,,,
AVLOS,,,,,,,,
AVLV,Avantis US Large Cap Value ETF,,PCX,USD,,,,
AVLYS,,,,,,,,
AVLZS,,,,,,,,
AVMA,Avantis Moderate Allocation ETF,,PCX,USD,,,,
AVMC,Avantis U.S. Mid Cap Equity ETF,,PCX,USD,,,,
AVMRS,,,,,,,,
AVMU,Avantis Core Municipal Fixed Income ETF,,PCX,USD,,,,
AVMV,Avantis U.S. Mid Cap Value ETF,,,,,,,
AVNM,Avantis All International Markets Equity ETF,,,,,,,
AVNS,"Avanos Medical, Inc.",United States,NYQ,USD,,46418907.0,42870182.0,529639744.0
AVNT,Avient Corporation,US,"NEW YORK STOCK EXCHANGE, INC.",USD,2000-09-01,91563628.0,90979452.0,2908976640.0
AVNV,Avantis All International Markets Value ETF,,PCX,USD,,,,
AVNW,"Aviat Networks, Inc.",United States,NMS,USD,,12837468.0,11528817.0,274978560.0
AVO,"Mission Produce, Inc.",United States,NMS,USD,,70569517.0,42532248.0,824124736.0
AVPT,"AvePoint, Inc.",United States,NMS,USD,,215789313.0,136102635.0,2971418880.0
AVR,Anteris Technologies Global Corp.,Australia,NGM,USD,,41197570.0,38104868.0,230294416.0
AVRE,Avantis Real Estate ETF,,PCX,USD,,,,
AVRI,Innovation Nation Inc.,,,,,250000000.0,,25000.0
AVRYS,,,,,,,,
AVS,Direxion Daily AVGO Bear 1X Shares,,NGM,USD,,,,
AVSA,Avisana Corp.,,,,,,,
AVSC,Avantis US Small Cap Equity ETF,,,,,,,
AVSD,Avantis Responsible International Equity ETF,,PCX,USD,,,,
AVSE,Avantis Responsible Emerging Markets Equity ETF,,PCX,USD,,,,
AVSF,Avantis Short-Term Fixed Income ETF,,PCX,USD,,,,
AVSU,Avantis Responsible U.S. Equity ETF,,PCX,USD,,,,
AVT,"Avnet, Inc.",United States,NMS,USD,,81329466.0,80730068.0,4007915776.0
AVTR,"Avantor, Inc.",United States,NYQ,USD,,681814859.0,663712674.0,7793143808.0
AVTX,"Avalo Therapeutics, Inc.",US,NASDAQ NMS - GLOBAL MARKET,USD,2015-11-13,18133968.0,10412706.0,333120992.0
AVTXF,Avantium N.V.,NL,NYSE EURONEXT - EURONEXT AMSTERDAM,EUR,2017-03-15,25196719.0,7585194.0,380470496.0
AVUQ,Avantis U.S. Quality ETF,,NGM,USD,,,,
AVUS,Avantis US Equity ETF,,PCX,USD,,,,
AVUV,Avantis US Small Cap Value ETF,,PCX,USD,,,,
AVVZF,Avanza Bank Holding AB (publ),,,,,157790762.0,114830163.0,3569227264.0
AVX,Avax One Technology Ltd.,Canada,NCM,USD,,93112148.0,76290507.0,127563648.0
AVXC,Avantis Emerging Markets Ex-China Equity ETF,,NGM,USD,,,,
AVXL,Anavex Life Sciences Corp.,United States,NMS,USD,,89348107.0,86459483.0,325227104.0
AVXX,Defiance Daily Target 2X Long AVAV ETF,,NGM,USD,,,,
AVY,Avery Dennison Corporation,United States,NYQ,USD,,77295394.0,76610557.0,14109500416.0
AWATY,,,,,,,190873768.0,
AWAY,Amplify Travel Tech ETF,,PCX,USD,,,,
AWF,AllianceBernstein Global High Income Fund,United States,NYQ,USD,,86229677.0,,924382208.0
AWI,"Armstrong World Industries, Inc.",United States,NYQ,USD,,43128042.0,42547970.0,8316414464.0
AWK,"American Water Works Company, Inc.",United States,NYQ,USD,,195176834.0,194721610.0,25480335360.0
AWLIF,Ameriwest Critical Metals Inc.,,,,,22747245.0,21307344.0,5149843.0
AWP,abrdn Global Premier Properties Fund,United Kingdom,NYQ,USD,,86676970.0,,340640480.0
AWR,American States Water Company,United States,NYQ,USD,,38714426.0,38332315.0,2827701504.0
AWRAS,,,,,,,,
AWRE,"Aware, Inc.",United States,NGM,USD,,21373696.0,11895744.0,42961128.0
AWX,Avalon Holdings Corporation,United States,ASE,USD,,3287647.0,1915673.0,9709586.0
AX,"Axos Financial, Inc.",United States,NYQ,USD,,56644002.0,53913195.0,4994301440.0
AXAHF,AXA SA,,,,,2136367114.0,1578498713.0,102716530688.0
AXG,Solowin Holdings,Hong Kong,NCM,USD,,155825986.0,4376429.0,799333696.0
AXGN,"Axogen, Inc.",United States,NCM,USD,,46122289.0,45109905.0,1512811008.0
AXHLS,,,,,,,,
AXIA,AXIA Energia SA,Brazil,NYQ,USD,,1975745208.0,1215318660.0,21011603456.0
AXIL,"AXIL Brands, Inc.",United States,ASE,USD,,6757717.0,3446571.0,50074688.0
AXIN,Axiom Intelligence Acquisition Corp 1,,,,,20600000.0,,341369376.0
AXINR,Axiom Intelligence Acquisition Corp 1,United Kingdom,NGM,USD,,,,
AXINU,Axiom Intelligence Acquisition Corp 1,United Kingdom,NGM,USD,,,,
AXL,"American Axle & Manufacturing Holdings, Inc.",United States,NYQ,USD,,118696421.0,115149772.0,766778880.0
AXON,"Axon Enterprise, Inc.",US,NASDAQ NMS - GLOBAL MARKET,USD,2001-05-08,79437268.0,75136178.0,46378655744.0
AXP,American Express Company,United States,NYQ,USD,,688851653.0,535912809.0,265165914112.0
AXR,AMREP Corporation,United States,NYQ,USD,,5305199.0,2885816.0,100017144.0
AXS,AXIS Capital Holdings Limited,Bermuda,NYQ,USD,,77037743.0,76380611.0,8520182272.0
AXSM,"Axsome Therapeutics, Inc.",United States,NGM,USD,,50412640.0,42498360.0,7665242112.0
AXTA,Axalta Coating Systems Ltd.,United States,NYQ,USD,,213343421.0,212375872.0,6916593664.0
AXTLF,"Axtel, S.A.B. de C.V.",,,,,2813442257.0,,1433831808.0
AYI,Acuity Inc.,United States,NYQ,USD,,30727680.0,30214677.0,11471257600.0
AYTU,"Aytu BioPharma, Inc.",United States,NCM,USD,,10188208.0,7039033.0,24961110.0
AZ,A2Z Cust2Mate Solutions Corp.,CA,NASDAQ NMS - GLOBAL MARKET,USD,2018-04-18,41923303.0,38265659.0,268309152.0
AZLGY,Azelis Group NV,BE,NYSE EURONEXT - EURONEXT BRUSSELS,EUR,2021-09-17,486916638.0,173910779.0,2678041600.0
AZN,AstraZeneca PLC,United Kingdom,NMS,USD,,3100567054.0,1543307040.0,288042680320.0
AZNH,Precidian ETFs Trust - AstraZeneca PLC ADRhedged,,PCX,USD,,,,
AZO,"AutoZone, Inc.",United States,NYQ,USD,,16567821.0,16518780.0,57361068032.0
AZTA,"Azenta, Inc.",United States,NMS,USD,,45989578.0,40592442.0,1598137728.0
AZTD,Aztlan Global Stock Selection Dm SMID ETF,,,,,,,
AZTR,"Azitra, Inc.",US,NYSE MKT LLC,USD,2023-06-16,10740697.0,10193304.0,3232949.0
AZURD,,,,,,86059672.0,66344115.0,2595559.0
AZYY,Graniteshares YieldBOOST AMZN ETF,,,,,,,
AZZ,AZZ Inc.,,,,,30057082.0,29460749.0,3320706560.0
B,Barrick Mining Corporation,Canada,NYQ,USD,,1687433930.0,1681274796.0,79010889728.0
BA,The Boeing Company,United States,NYQ,USD,,783071257.0,728293074.0,169487941632.0
BA.PRA,Boeing Co,US,"NEW YORK STOCK EXCHANGE, INC.",USD,1934-09-05,,,169487.0
BAB,Invesco Taxable Municipal Bond ETF,,PCX,USD,,35550000.0,,968026496.0
BABA,Alibaba Group Holding Limited,Hong Kong,NYQ,USD,,2386036266.0,17596889824.0,363250155520.0
BABO,YieldMax BABA Option Income Strategy ETF,,PCX,USD,,,,
BABX,GraniteShares 2x Long BABA Daily ETF,,NGM,USD,,,,
BAC,Bank of America Corporation,United States,NYQ,USD,,7302495550.0,7276498666.0,416048218112.0
BAC.PRB,,,,,,,,
BAC.PRE,Bank of America Corp,US,"NEW YORK STOCK EXCHANGE, INC.",USD,1979-06-05,,,410181.0
BAC.PRM,,,,,,,,
BAC.PRP,,,,,,,,
BACC,Blue Acquisition Corp.,United States,NGM,USD,,20892250.0,,286612192.0
BACCR,Blue Acquisition Corp.,United States,NGM,USD,,,,
BACCU,Blue Acquisition Corp.,United States,NGM,USD,,,,
BACHY,Bank of China Limited,,,,,3344891056.0,133421715484.0,233235775488.0
BACQ,Inflection Point Acquisition Corp. IV,United States,NGM,USD,,25425000.0,21408184.0,455010912.0
BACQR,Inflection Point Acquisition Corp. IV,United States,NGM,USD,,,21408184.0,
BACQU,Inflection Point Acquisition Corp. IV,United States,NGM,USD,,,21408184.0,
BADG,,,,,,,,
BAER,"Bridger Aerospace Group Holdings, Inc.",US,NASDAQ NMS - GLOBAL MARKET,USD,2021-03-15,55543104.0,36833965.0,94423280.0
BAERW,"Bridger Aerospace Group Holdings, Inc.",United States,NGM,USD,,,36833965.0,
BAFE,Brown Advisory Flexible Equity ETF,,,,,,,
BAFN,BayFirst Financial Corp.,United States,NCM,USD,,4110003.0,3499626.0,32242370.0
BAH,Booz Allen Hamilton Holding Corporation,United States,NYQ,USD,,121301203.0,119146894.0,10524205056.0
BAI,iShares A.I. Innovation and Tech Active ETF,,PCX,USD,,,,
BAIG,Leverage Shares 2X Long BBAI Daily ETF,,NGM,USD,,,,
BAK,Braskem S.A.,Brazil,NYQ,USD,,172530183.0,203319879.0,1167558656.0
BALL,Ball Corporation,United States,NYQ,USD,,267987212.0,266925983.0,14331361280.0
BALQ,iShares Nasdaq Premium Income Active ETF,,NGM,USD,,,,
BALY,Bally's Corporation,,,,,49162136.0,10505948.0,873119552.0
BAM,Brookfield Asset Management Ltd.,,,,,1610718658.0,337514447.0,86160359424.0
BAMY,Brookstone Yield ETF,,,,,,,
BANC,"Banc of California, Inc.",United States,NYQ,USD,,150826368.0,124669429.0,3104109056.0
BAND,Bandwidth Inc.,United States,NMS,USD,,28563553.0,27235628.0,463928000.0
BANF,BancFirst Corporation,United States,NMS,USD,,33334172.0,22691238.0,3657758720.0
BANFP,BFC Capital Trust II PFD TR 7.20%,,NMS,USD,,,,
BANR,Banner Corporation,,,,,34085930.0,33322064.0,2234504704.0
BANX,ArrowMark Financial Corp.,,,,,7803974.0,,170204688.0
BAOS,Baosheng Media Group Holdings Limited,China,NCM,USD,,1534487.0,937633.0,4173804.0
BAP,Credicorp Ltd.,Peru,NYQ,USD,,79366317.0,53922454.0,23135283200.0
BAR,GraniteShares Gold Trust,,PCX,USD,,,,
BARK,"BARK, Inc.",United States,NYQ,USD,,171592421.0,104134293.0,105443536.0
BARKW,"BARK, Inc.",,,,,,104134293.0,
BASG,Brown Advisory Sustainable Growth ETF,,NGM,USD,,,,
BASV,Brown Advisory Sustainable Value ETF,,NGM,USD,,,,
BATL,Battalion Oil Corporation,United States,ASE,USD,,16456563.0,7223279.0,19089612.0
BATRA,"Atlanta Braves Holdings, Inc.",United States,NMS,USD,,10318187.0,55695947.0,2688713472.0
BATRK,"Atlanta Braves Holdings, Inc.",United States,NMS,USD,,51627382.0,55695947.0,2521681408.0
BATT,Amplify Lithium & Battery Technology ETF,,PCX,USD,,,,
BAX,Baxter International Inc.,United States,NYQ,USD,,514055805.0,511994441.0,9962400768.0
BAYA,Bayview Acquisition Corp,,,,,3466262.0,801677.0,40728580.0
BAYAU,Bayview Acquisition Corp,US,NASDAQ NMS - GLOBAL MARKET,USD,2023-12-15,,801677.0,40.0
BB,BlackBerry Limited,Canada,NYQ,USD,,590147550.0,588931846.0,2342885632.0
BBAG,JPMorgan BetaBuilders U.S. Aggregate Bond ETF,,PCX,USD,,,,
BBAI,"BigBear.ai Holdings, Inc.",US,"NEW YORK STOCK EXCHANGE, INC.",USD,2021-02-09,436551228.0,433469176.0,2501438464.0
BBAR,Banco BBVA Argentina S.A.,Argentina,NYQ,USD,,204236693.0,161363326.0,4249669888.0
BBB,CYBER HORNET S&P 500 and Bitcoin 75/25 Strategy ETF,,NGM,USD,,,,
BBBI,Bondbloxx BBB Rated 5-10 Year Corporate Bond ETF,,PCX,USD,,,,
BBBL,Bondbloxx BBB Rated 10+ Year Corporate Bond ETF,,PCX,USD,,,,
BBBS,Bondbloxx BBB Rated 1-5 Year Corporate Bond ETF,,PCX,USD,,,,
BBBY,"Bed Bath & Beyond, Inc.",,NYQ,USD,,68848745.0,,388995424.0
BBC,Virtus LifeSci Biotech Clinical Trials ETF,,PCX,USD,,,,
BBCB,JPMorgan BetaBuilders USD Investment Grade Corporate Bond ETF,,PCX,USD,,,,
BBCO,The Better Being Co.,,,,,,,
BBCP,"Concrete Pumping Holdings, Inc.",United States,NCM,USD,,51474450.0,21804577.0,367318528.0
BBD,Banco Bradesco S.A.,Brazil,NYQ,USD,,5280641247.0,7558861646.0,35432988672.0
BBDA,Bebida Beverage Company,,,,,2295560862.0,,229556.0
BBDC,"Barings BDC, Inc.",United States,NYQ,USD,,105158938.0,,943275712.0
BBDO,Banco Bradesco S.A.,Brazil,NYQ,USD,,5296370781.0,7558861646.0,30990645248.0
BBGI,"Beasley Broadcast Group, Inc.",United States,NCM,USD,,970857.0,613484.0,9074090.0
BBH,VanEck Biotech ETF,,NGM,USD,,,,
BBHL,BBH Select Large Cap ETF,,PCX,USD,,,,
BBHM,BBH Select Mid Cap ETF,,,,,,,
BBHY,JPMorgan BetaBuilders USD High Yield Corporate Bond ETF,,,,,,,
BBIO,"BridgeBio Pharma, Inc.",United States,NMS,USD,,192708813.0,155379189.0,14607329280.0
BBJP,JPMorgan BetaBuilders Japan ETF,,,,,,,
BBLG,Bone Biologics Corporation,United States,NCM,USD,,1795260.0,1787397.0,3051942.0
BBLGW,Bone Biologics Corporation,United States,NCM,USD,,,1787397.0,
BBLU,Ea Bridgeway Blue Chip ETF,,PCX,USD,,,,
BBMC,JPMorgan BetaBuilders U.S. Mid Cap Equity ETF,,PCX,USD,,,,
BBN,BlackRock Taxable Municipal Bond Trust,United States,NYQ,USD,,61792514.0,,1012779328.0
BBNX,"Beta Bionics, Inc.",United States,NGM,USD,,44024631.0,24085435.0,1402624768.0
BBOT,"BridgeBio Oncology Therapeutics, Inc.",United States,NGM,USD,,79988687.0,31113999.0,986260544.0
BBP,Virtus LifeSci Biotech Products ETF,,PCX,USD,,,,
BBSC,JPMorgan BetaBuilders U.S. Small Cap Equity ETF,,PCX,USD,,,,
BBSI,"Barrett Business Services, Inc.",United States,NMS,USD,,25624623.0,7216165.0,930989824.0
BBT,Beacon Financial Corporation,United States,NYQ,USD,,83908861.0,83000057.0,2266923264.0
BBU,Brookfield Business Partners L.P.,Bermuda,NYQ,USD,,88675931.0,39644756.0,3246425856.0
BBUC,Brookfield Business Corporation,United States,NYQ,USD,,69996733.0,21781585.0,2582179584.0
BBVA,"Banco Bilbao Vizcaya Argentaria, S.A.",Spain,NYQ,USD,,5667486206.0,5988707571.0,131202301952.0
BBW,"Build-A-Bear Workshop, Inc.",US,"NEW YORK STOCK EXCHANGE, INC.",USD,2004-10-28,12945819.0,10966690.0,818284608.0
BBWI,"Bath & Body Works, Inc.",United States,NYQ,USD,,204721605.0,203659100.0,4080452352.0
BBY,"Best Buy Co., Inc.",United States,NYQ,USD,,209535103.0,194364762.0,14625148928.0
BBYY,GraniteShares YieldBOOST BABA ETF,,NGM,USD,,,,
BC,Brunswick Corporation,United States,NYQ,USD,,65036590.0,64368014.0,4971020288.0
BCAB,"BioAtla, Inc.",,,,,58792088.0,45184071.0,49079636.0
BCAL,California BanCorp,United States,NCM,USD,,32322651.0,19727160.0,613932160.0
BCAR,D. Boral ARC Acquisition I Corp.,United States,NGM,USD,,29200000.0,,424405184.0
BCARU,D. Boral ARC Acquisition I Corp.,United States,NGM,USD,,,,
BCARW,D. Boral ARC Acquisition I Corp.,United States,NGM,USD,,,,
BCAT,BlackRock Capital Allocation Term Trust,US,"NEW YORK STOCK EXCHANGE, INC.",USD,2020-09-25,104775271.0,,1491999872.0
BCAX,Bicara Therapeutics Inc.,,,,,54781950.0,24255804.0,920336768.0
BCBP,"BCB Bancorp, Inc.",US,NASDAQ NMS - GLOBAL MARKET,USD,2005-12-14,17228206.0,15365320.0,142477264.0
BCC,Boise Cascade Company,United States,NYQ,USD,,37043073.0,36633006.0,2805164288.0
BCD,abrdn Bloomberg All Commodity Longer Dated Strategy K-1 Free ETF,,,,,,,
BCDA,"BioCardia, Inc.",United States,NCM,USD,,10612734.0,7207002.0,13478172.0
BCDF,Horizon Kinetics Blockchain Development ETF,,PCX,USD,,,,
BCE,BCE Inc.,Canada,NYQ,USD,,932525817.0,931555990.0,21494720512.0
BCFN,Baron Financials ETF,,NGM,USD,,,,
BCG,"Binah Capital Group, Inc.",United States,NGM,USD,,16602460.0,2762483.0,39679884.0
BCGD,Baron ETF Trust - Baron Global Durable Advantage ETF,,,,,,,
BCGWW,"Binah Capital Group, Inc.",United States,NCM,USD,,,2762483.0,
BCH,Banco de Chile,Chile,NYQ,USD,,505085406.0,34696336850.0,19375077376.0
BCHI,GMO Beyond China ETF,,PCX,USD,,,,
BCI,abrdn Bloomberg All Commodity Strategy K-1 Free ETF,,PCX,USD,,,,
BCIC,BCP Investment Corp.,United States,NMS,USD,,13081251.0,,157643552.0
BCIL,Bancreek International Large Cap ETF,,PCX,USD,,,,
BCINF,,,,,,,,
BCLO,iShares BBB-B CLO Active ETF,,NGM,USD,,,,
BCML,BayCom Corp,United States,NMS,USD,,10897763.0,10165983.0,331753504.0
BCNAF,Barco NV,BE,NYSE EURONEXT - EURONEXT BRUSSELS,EUR,1997-01-01,83820030.0,56816156.0,1190244480.0
BCO,The Brink's Company,United States,NYQ,USD,,41545506.0,41198601.0,4984059392.0
BCOR,Grayscale Bitcoin Adopters ETF,,PCX,USD,,,,
BCPC,Balchem Corporation,United States,NMS,USD,,32386260.0,32227243.0,5110394880.0
BCRD,"BlueOne Card, Inc.",,,,,14297295.0,3197304.0,117459424.0
BCRX,"BioCryst Pharmaceuticals, Inc.",United States,NMS,USD,,210739061.0,180692406.0,1607939072.0
BCS,Barclays PLC,United Kingdom,NYQ,USD,,3462321478.0,13125289950.0,89120153600.0
BCSF,"Bain Capital Specialty Finance, Inc.",United States,NYQ,USD,,64868507.0,,903618368.0
BCSM,Baron ETF Trust - Baron SMID Cap ETF,,NYQ,USD,,,,
BCSS,Bain Capital GSS Investment Cor,,,,,46900000.0,,588672000.0
BCTK,Baron Technology ETF,,NGM,USD,,,,
BCTX,BriaCell Therapeutics Corp.,Canada,NCM,USD,,1883906.0,1674529.0,14972310.0
BCTXW,BriaCell Therapeutics Corp.,Canada,NCM,USD,,,1674529.0,
BCTXZ,BriaCell Therapeutics Corp.,Canada,NCM,USD,,,1674529.0,
BCUS,Bancreek U.S. Large Cap ETF,,PCX,USD,,,,
BCV,Bancroft Fund Ltd.,United States,ASE,USD,,5820312.0,,130020472.0
BCX,Blackrock Resources & Commodities Strategy Trust,United States,NYQ,USD,,76238090.0,,865595520.0
BCYC,Bicycle Therapeutics plc,GB,NASDAQ NMS - GLOBAL MARKET,USD,2019-05-23,49929952.0,,473089056.0
BDBT,Bluemonte Core Bond ETF,,PCX,USD,,,,
BDC,Belden Inc.,United States,NYQ,USD,,39300209.0,38804633.0,4689800704.0
BDCI,BTC Development Corp.,United States,NGM,USD,,26060000.0,25547578.0,347814144.0
BDCIU,BTC Development Corp.,United States,NGM,USD,,,25547578.0,
BDCIW,BTC Development Corp.,United States,NGM,USD,,,25547578.0,
BDCX,ETRACS Quarterly Pay 1.5X Leveraged Wells Fargo BDC Index ETN,,PCX,USD,,,,
BDCZ,UBS ETRACS Wells Fargo Business Development Company Index ETN,,PCX,USD,,,,
BDGS,Bridges Capital Tactical ETF,,NGM,USD,,,,
BDIGF,,,,,,,,
BDIV,AAM Brentview Dividend Growth ETF,,,,,,,
BDJ,BlackRock Enhanced Equity Dividend Trust,United States,NYQ,USD,,176944689.0,,1649124480.0
BDL,"Flanigan's Enterprises, Inc.",United States,ASE,USD,,1858647.0,553319.0,54978808.0
BDMD,Baird Medical Investment Holdings Limited,China,NCM,USD,,36725899.0,505026.0,51416260.0
BDMDW,Baird Medical Investment Holdings Limited,China,NCM,USD,,,505026.0,
BDN,Brandywine Realty Trust,US,"NEW YORK STOCK EXCHANGE, INC.",USD,1986-07-24,173699039.0,167581359.0,500253248.0
BDRX,Biodexa Pharmaceuticals Plc,GB,NASDAQ NMS - GLOBAL MARKET,GBP,2014-12-08,838787.0,60827246232.0,2206010.0
BDRY,Breakwave Dry Bulk Shipping ETF,,PCX,USD,,,,
BDSX,"Biodesix, Inc.",United States,NGM,USD,,7955685.0,3388167.0,54560000.0
BDTX,"Black Diamond Therapeutics, Inc.",,,,,56974913.0,39353712.0,147565024.0
BDULF,Bangkok Dusit Medical Services Public Company Limited,,,,,,11395995639.0,10514574336.0
BDVG,iMGP Berkshire Dividend Growth ETF,,PCX,USD,,,,
BDVL,iShares Disciplined Volatility Equity Active ETF,,NGM,USD,,,,
BDX,"Becton, Dickinson and Company",United States,NYQ,USD,,284908096.0,284727838.0,56036225024.0
BDYN,iShares Dynamic Equity Active ETF,,NGM,USD,,,,
BE,Bloom Energy Corporation,,,,,236510755.0,220234085.0,21328539648.0
BEAG,Bold Eagle Acquisition Corp.,US,NASDAQ NMS - GLOBAL MARKET,USD,2024-10-24,26158000.0,20995274.0,330404896.0
BEAGR,Bold Eagle Acquisition Corp.,United States,NGM,USD,,,20995274.0,
BEAGU,Bold Eagle Acquisition Corp.,United States,NGM,USD,,,20995274.0,
BEAM,Beam Therapeutics Inc.,,,,,101474944.0,87386782.0,2839268864.0
BEAT,"HeartBeam, Inc.",United States,NCM,USD,,34443563.0,27250714.0,84042296.0
BEATW,"HeartBeam, Inc.",,NCM,USD,,,,
BEDY,Bny Mellon Enhanced Dividend Income ETF,,NGM,USD,,,,
BEDZ,AdvisorShares Hotel ETF,,PCX,USD,,,,
BEEM,Beam Global,United States,NCM,USD,,19029346.0,18261512.0,31398420.0
BEEP,Mobile Infrastructure Corporation,United States,NGM,USD,,42300000.0,14284287.0,118863000.0
BEEX,The BeeHive ETF,,NGM,USD,,,,
BEEZ,Honeytree U.S. Equity ETF,,NGM,USD,,,,
BEG,Themes ETF Trust - Leverage Shares 2X Long BE Daily ETF,,NGM,USD,,,,
BEKE,KE Holdings Inc.,China,NYQ,USD,,1115991903.0,1986637788.0,18855335936.0
BELFA,Bel Fuse Inc.,United States,NMS,USD,,2115263.0,11901562.0,2202683648.0
BELFB,Bel Fuse Inc.,United States,NMS,USD,,10545300.0,11901562.0,2233956352.0
BELT,iShares U.S. Select Equity Active ETF,,NGM,USD,,,,
BEN,"Franklin Resources, Inc.",US,"NEW YORK STOCK EXCHANGE, INC.",USD,1986-12-05,521390673.0,303897768.0,12612441088.0
BENJ,Horizon Landmark ETF,,PCX,USD,,,,
BEP,Brookfield Renewable Partners L.P.,Canada,NYQ,USD,,305922080.0,298206139.0,18634045440.0
BEPC,Brookfield Renewable Corporation,United States,NYQ,USD,,144885110.0,99750752.0,7011773440.0
BEPH,Brookfield BRP Holdings (Canada,,NYQ,USD,,,,
BEPI,Brookfield BRP Holdings (Canada,,NYQ,USD,,,,
BEPJ,Brookfield BRP Holdings (Canada,,NYQ,USD,,,,
BERZ,MicroSectors Solactive FANG & Innovation -3X Inverse Leveraged ETNs,,PCX,USD,,,,
BESIY,BE Semiconductor Industries N.V.,NL,NYSE EURONEXT - EURONEXT AMSTERDAM,EUR,1995-12-04,78836643.0,70235043.0,12278806528.0
BETA,"BETA Technologies, Inc.",United States,NYQ,USD,,220528649.0,115999182.0,7087943680.0
BETE,Proshares Bitcoin & Ether Equal Weight ETF,,PCX,USD,,,,
BETH,ProShares Bitcoin & Ether Market Cap Weight ETF,,PCX,USD,,,,
BETR,Better Home & Finance Holding Company,United States,NGM,USD,,9855284.0,8149381.0,548283584.0
BETRW,Better Home & Finance Holding Company,United States,NGM,USD,,,8149381.0,
BETZ,Roundhill Sports Betting & iGaming ETF,,PCX,USD,,,,
BF.B,Brown-Forman Corp,US,"NEW YORK STOCK EXCHANGE, INC.",USD,1980-03-17,,,12105.0
BFAM,Bright Horizons Family Solutions Inc.,US,"NEW YORK STOCK EXCHANGE, INC.",USD,2013-01-25,56553944.0,56108864.0,5762256384.0
BFAP,FT Vest Bitcoin Strategy Floor15 ETF - April,,,,,,,
BFC,Bank First Corporation,United States,NCM,USD,,9835013.0,8833907.0,1248358272.0
BFCC,BankFirst Capital Corporation,,,,,5432924.0,,258288704.0
BFH,"Bread Financial Holdings, Inc.",United States,NYQ,USD,,45600000.0,45224619.0,3494784000.0
BFIN,BankFinancial Corporation,US,NASDAQ NMS - GLOBAL MARKET,USD,2005-06-24,12460678.0,8540923.0,153515552.0
BFIX,Build Bond Innovation ETF,,PCX,USD,,,,
BFJL,FT Vest Bitcoin Strategy Floor15 ETF - July,,PCX,USD,,,,
BFK,BlackRock Municipal Income Trust,,,,,43854836.0,,431531584.0
BFLY,"Butterfly Network, Inc.",US,"NEW YORK STOCK EXCHANGE, INC.",USD,2020-05-26,226175175.0,184116627.0,972518080.0
BFOC,FT Vest Bitcoin Strat Floor15 ETF - Oct,,PCX,USD,,,,
BFOR,Barron's 400 ETF,,PCX,USD,,,,
BFRE,Westwood LBRTY Global Equity ETF,,,,,,,
BFRI,Biofrontera Inc.,United States,NCM,USD,,11648323.0,9313999.0,8400770.0
BFRIW,Biofrontera Inc.,United States,NCM,USD,,,9313999.0,
BFRZ,Innovator Equity Managed 100 Buffer ETF,,PCX,USD,,,,
BFS,"Saul Centers, Inc.",United States,NYQ,USD,,24412314.0,13573979.0,1086083968.0
BFST,"Business First Bancshares, Inc.",United States,NMS,USD,,29615370.0,28113278.0,791322688.0
BFZ,BlackRock California Municipal Income Trust,United States,NYQ,USD,,30063645.0,,323484832.0
BG,Bunge Global SA,United States,NYQ,USD,,193361047.0,159186416.0,17224601600.0
BGAOF,Proximus PLC,BE,NYSE EURONEXT - EURONEXT BRUSSELS,EUR,2004-03-22,322461674.0,141727171.0,2740029696.0
BGAOY,Proximus PLC,BE,NYSE EURONEXT - EURONEXT BRUSSELS,EUR,2004-03-22,1612308370.0,141727171.0,2628062720.0
BGB,Blackstone Strategic Credit 2027 Term Fund,United States,NYQ,USD,,44664382.0,,528826304.0
BGC,"BGC Group, Inc.",United States,NMS,USD,,359294852.0,355493648.0,4318221312.0
BGDV,Bahl & Gaynor Dividend ETF,,,,,,,
BGH,Barings Global Short Duration High Yield Fund,United States,NYQ,USD,,20064313.0,,306181408.0
BGI,Birks Group Inc.,Canada,ASE,USD,,11876717.0,2849655.0,17856640.0
BGIG,Bahl & Gaynor Income Growth ETF,,PCX,USD,,,,
BGIN,Bgin Blockchain Limited,Singapore,NGM,USD,,90581566.0,41603141.0,282839872.0
BGL,Blue Gold Limited,Cayman Islands,NGM,USD,,31124600.0,12366836.0,76255272.0
BGLC,BioNexus Gene Lab Corp.,MY,NASDAQ NMS - GLOBAL MARKET,USD,2020-03-11,2363836.0,1291994.0,9786281.0
BGLWW,Blue Gold Limited,Cayman Islands,NCM,USD,,,12366836.0,
BGM,BGM Group Ltd.,China,NCM,USD,,180623358.0,2832616.0,862680512.0
BGMS,"Bio Green Med Solution, Inc.",Malaysia,NCM,USD,,4900142.0,1906106.0,7252210.0
BGPBF,BTS Group AB (publ),SE,NASDAQ OMX NORDIC,SEK,2001-06-06,18543019.0,13269752.0,452915744.0
BGR,BlackRock Energy and Resources Trust,United States,NYQ,USD,,25456171.0,,346726080.0
BGRN,iShares USD Green Bond ETF,,NGM,USD,,,,
BGRO,iShares Large Cap Growth Active ETF,,NGM,USD,,,,
BGS,"B&G Foods, Inc.",,,,,79977050.0,76907531.0,365617152.0
BGSF,"BGSF, Inc.",US,"NEW YORK STOCK EXCHANGE, INC.",USD,2014-03-20,11199787.0,10447385.0,53310988.0
BGSI,Boyd Group Services Inc.,Canada,NYQ,USD,,27829821.0,21408340.0,4632558080.0
BGT,BlackRock Floating Rate Income Trust,United States,NYQ,USD,,29824720.0,,339703584.0
BGX,Blackstone Long-Short Credit Income Fund,US,"NEW YORK STOCK EXCHANGE, INC.",,2011-01-27,12708275.0,,149703488.0
BGY,BlackRock Enhanced International Dividend Trust,United States,NYQ,USD,,90614455.0,,547404224.0
BH,Biglari Holdings Inc.,United States,NYQ,USD,,2068640.0,181976.0,1103412608.0
BHAT,Blue Hat Interactive Entertainment Technology,China,NCM,USD,,36926284.0,45168146553542.0,47634904.0
BHB,Bar Harbor Bankshares,United States,ASE,USD,,16688573.0,16227134.0,531864832.0
BHBSY,PT Berkah Beton Sadaya Tbk,,,,,900000000.0,30875850000.0,360000000.0
BHC,Bausch Health Companies Inc.,Canada,NYQ,USD,,370516926.0,223269794.0,2670838016.0
BHE,"Benchmark Electronics, Inc.",US,"NEW YORK STOCK EXCHANGE, INC.",USD,1990-06-27,35678935.0,34879727.0,1607722240.0
BHF,"Brighthouse Financial, Inc.",United States,NMS,USD,,57171217.0,56461722.0,3707553280.0
BHFAL,"Brighthouse Financial, Inc.",,NMS,USD,,119783000.0,,3384789504.0
BHFAM,"Brighthouse Financial, Inc.",United States,NMS,USD,,,56461722.0,
BHFAN,"Brighthouse Financial, Inc.",United States,NMS,USD,,,56461722.0,
BHFAO,"Brighthouse Financial, Inc.",United States,NMS,USD,,,56461722.0,
BHFAP,"Brighthouse Financial, Inc.",United States,NMS,USD,,118601000.0,56461722.0,2473691136.0
BHK,BlackRock Core Bond Trust,United States,NYQ,USD,,72224224.0,,691908032.0
BHM,"Bluerock Homes Trust, Inc.",,,,,4048078.0,2559734.0,46001472.0
BHMDF,BH Macro Limited,,,,,,,
BHP,BHP Group Limited,Australia,NYQ,USD,,2539105827.0,4823048765.0,158986895360.0
BHR,Braemar Hotels & Resorts Inc.,United States,NYQ,USD,,68219432.0,48765979.0,224538896.0
BHRB,Burke & Herbert Financial Services Corp.,United States,NCM,USD,,15028524.0,12973373.0,947999360.0
BHST,BioHarvest Sciences Inc.,Canada,NGM,USD,,22654289.0,17815333.0,120747360.0
BHV,BlackRock Virginia Municipal Bond Trust,United States,NYQ,USD,,1588241.0,,16687288.0
BHVN,Biohaven Ltd.,US,"NEW YORK STOCK EXCHANGE, INC.",USD,2022-09-23,132688489.0,92906952.0,1479476608.0
BIAF,"bioAffinity Technologies, Inc.",United States,NCM,USD,,4498709.0,4021152.0,5263489.0
BIAFW,"bioAffinity Technologies, Inc.",United States,NCM,USD,,,4021152.0,
BIB,ProShares Ultra Nasdaq Biotechnology,,NGM,USD,,,,
BIBL,Inspire 100 ETF,,PCX,USD,,,,
BIDD,iShares International Dividend Active ETF,,PCX,USD,,,,
BIDG,Themes ETF Trust - Leverage Shares 2X Long BIDU Daily ETF,,NGM,USD,,,,
BIDU,"Baidu, Inc.",China,NMS,USD,,278228356.0,2112775880.0,43505979392.0
BIGB,Roundhill Big Bank ETF,,,,,,,
BIGGQ,"Former BL Stores, Inc.",,,,,29694012.0,28558216.0,11877.0
BIGY,YieldMax Target 12 Big 50 Option Income ETF,,,,,,,
BIIB,Biogen Inc.,United States,NMS,USD,,146702272.0,146262165.0,25978038272.0
BIJBF,,,,,,,,
BIL,State Street SPDR Bloomberg 1-3 Month T-Bill ETF,,PCX,USD,,,,
BILD,Nomura Global Listed Infrastructure ETF,,PCX,USD,,,,
BILI,Bilibili Inc.,CN,NASDAQ NMS - GLOBAL MARKET,CNY,2018-03-28,326903294.0,289505580.0,10144752640.0
BILL,"BILL Holdings, Inc.",United States,NYQ,USD,,100156683.0,81860060.0,5543923712.0
BILS,State Street SPDR Bloomberg 3-12 Month T-Bill ETF,,PCX,USD,,,,
BILZ,PIMCO Ultra Short Government Active Exchange-Traded Fund,,PCX,USD,,,,
BINC,iShares Flexible Income Active ETF,,,,,,,
BINT,Bluemonte Global Equity ETF,,PCX,USD,,,,
BINV,Brandes International ETF,,,,,,,
BIO,"Bio-Rad Laboratories, Inc.",,,,,21906399.0,21118868.0,8197113344.0
BIOA,"BioAge Labs, Inc.",United States,NMS,USD,,35855037.0,22444895.0,497667904.0
BIORQ,"Biora Therapeutics, Inc.",,,,,,,
BIOX,Bioceres Crop Solutions Corp.,Argentina,NMS,USD,,63478813.0,33045800.0,83792032.0
BIP,Brookfield Infrastructure Partners L.P.,BM,"NEW YORK STOCK EXCHANGE, INC.",USD,2008-01-10,461240345.0,454961044.0,16296980480.0
BIPC,Brookfield Infrastructure Corporation,United States,NYQ,USD,,119069841.0,106054547.0,5546927104.0
BIPH,Safeplus International Holdings Limited,,NYQ,USD,,,,
BIPI,BIP Bermuda Holdings I Limited ,,NYQ,USD,,,,
BIPJ,Brookfield Infrastructure Finance ULC,,NYQ,USD,,,,
BIRD,"Allbirds, Inc.",United States,NMS,USD,,5670752.0,5573568.0,33263024.0
BIRK,Birkenstock Holding plc,United Kingdom,NYQ,USD,,183906056.0,56212725.0,7790260224.0
BIS,ProShares UltraShort Nasdaq Biotechnology,,NGM,USD,,,,
BIT,BlackRock Multi-Sector Income Trust,United States,NYQ,USD,,43904505.0,,578661376.0
BITB,Bitwise Bitcoin ETF,,PCX,USD,,,,
BITC,Bitwise Trendwise Bitcoin and Treasuries Rotation Strategy ETF,,PCX,USD,,,,
BITF,Bitfarms Ltd.,,,,,597923486.0,570365193.0,1482850176.0
BITI,ProShares Short Bitcoin ETF,,PCX,USD,,,,
BITO,ProShares Bitcoin ETF,,PCX,USD,,,,
BITQ,Bitwise Crypto Industry Innovators ETF,,,,,,,
BITS,Global X Blockchain & Bitcoin Strategy ETF,,,,,,,
BITU,Proshares Ultra Bitcoin ETF,,PCX,USD,,,,
BITW,Bitwise 10 Crypto Index Fund,,,,,,,
BITX,2x Bitcoin Strategy ETF,,,,,,,
BIV,Vanguard Intermediate-Term Bond Index Fund,,PCX,USD,,,,
BIVI,BioVie Inc.,US,NASDAQ NMS - GLOBAL MARKET,USD,2014-01-14,7537479.0,7497756.0,9120350.0
BIVIW,BioVie Inc.,United States,NCM,USD,,,7497756.0,
BIXI,Bitcoin Infrastructure Acquisition Corp Ltd.,,NGM,USD,,27366667.0,,269288032.0
BIXIU,Bitcoin Infrastructure Acquisition Corp Ltd.,,NGM,USD,,,,
BIXIW,Bitcoin Infrastructure Acquisition Corp Ltd.,,NGM,USD,,,,
BIZD,VanEck BDC Income ETF,,PCX,USD,,,,
BJ,"BJ's Wholesale Club Holdings, Inc.",United States,NYQ,USD,,130847715.0,129938323.0,12365053952.0
BJDX,"Bluejay Diagnostics, Inc.",United States,NCM,USD,,1814133.0,1270038.0,1269893.0
BJGBF,Beijing Gas Blue Sky Holdings Limited,,,,,22736114715.0,7645018573.0,118227800.0
BJK,VanEck Gaming ETF,,NGM,USD,,,,
BJRI,"BJ's Restaurants, Inc.",,,,,21134781.0,18737674.0,911958720.0
BJUN,Innovator U.S. Equity Buffer ETF - June,,,,,,,
BK,The Bank of New York Mellon Corporation,United States,NYQ,USD,,697349124.0,695842850.0,82844639232.0
BKAG,BNY Mellon Core Bond ETF,,,,,,,
BKCG,BNY Mellon ETF Trust II: BNY Mellon Concentrated Growth ETF,,PCX,USD,,,,
BKCH,Global X Blockchain ETF,,NGM,USD,,,,
BKCI,BNY Mellon Concentrated International ETF,,PCX,USD,,,,
BKD,Brookdale Senior Living Inc.,United States,NYQ,USD,,237684321.0,234100086.0,2588382208.0
BKDV,BNY Mellon Dynamic Value ETF,,PCX,USD,,,,
BKE,"The Buckle, Inc.",United States,NYQ,USD,,51156626.0,30406953.0,2777804800.0
BKEM,BNY Mellon Emerging Markets Equity ETF,,PCX,USD,,,,
BKF,iShares MSCI BIC ETF,,PCX,USD,,4300000.0,,190344672.0
BKFOF,Brookfield Corp,CA,"NEW YORK STOCK EXCHANGE, INC.",USD,1997-08-11,,,115732.0
BKH,Black Hills Corporation,United States,NYQ,USD,,75473390.0,75102061.0,5231060480.0
BKHA,Black Hawk Acquisition Corporation,,,,,4153577.0,1593188.0,46727740.0
BKHAR,Black Hawk Acquisition Corporation,United States,NGM,USD,,1380000.0,1593188.0,1752600.0
BKHAU,Black Hawk Acquisition Corporation,United States,NGM,USD,,,1593188.0,
BKHY,BNY Mellon High Yield ETF,,,,,,,
BKIE,BNY Mellon International Equity ETF,,PCX,USD,,,,
BKKCF,Blockchain Technologies ETF,,,,,,,
BKKT,"Bakkt Holdings, Inc.",United States,NYQ,USD,,24038434.0,23178339.0,253365088.0
BKKT.WS,Bakkt Holdings Inc,US,"NEW YORK STOCK EXCHANGE, INC.",USD,2020-09-23,,,328.0
BKLC,BNY Mellon US Large Cap Core Equity ETF,,PCX,USD,,,,
BKLN,Invesco Senior Loan ETF,,PCX,USD,,,,
BKMC,BNY Mellon US Mid Cap Core Equity ETF,,PCX,USD,,,,
BKN,BlackRock Investment Quality Municipal Trust Inc.,United States,NYQ,USD,,17205846.0,,190984912.0
BKNG,Booking Holdings Inc.,United States,NMS,USD,,32233815.0,32141949.0,176314318848.0
BKR,Baker Hughes Company,US,NASDAQ NMS - GLOBAL MARKET,USD,1987-06-04,986773882.0,984583244.0,44651520000.0
BKRHF,,,,,,,,
BKSE,BNY Mellon US Small Cap Core Equity ETF,,PCX,USD,,,,
BKSY,BlackSky Technology Inc.,United States,NYQ,USD,,35992596.0,28029499.0,695017024.0
BKSY.WS,Blacksky Technology Inc,US,"NEW YORK STOCK EXCHANGE, INC.",USD,2019-12-20,,,695.0
BKT,"BlackRock Income Trust, Inc.",United States,NYQ,USD,,32388952.0,,358221824.0
BKTI,BK Technologies Corporation,United States,ASE,USD,,3732241.0,13389256.0,277709920.0
BKU,"BankUnited, Inc.",United States,NYQ,USD,,75142571.0,74422705.0,3411651584.0
BKUI,BNY Mellon Ultra Short Income ETF,,PCX,USD,,,,
BKV,BKV Corporation,United States,NYQ,USD,,96870076.0,22092561.0,2641647104.0
BKYI,"BIO-key International, Inc.",US,NASDAQ NMS - GLOBAL MARKET,USD,1997-04-17,10836618.0,9607746.0,6562656.0
BL,"BlackLine, Inc.",United States,NMS,USD,,59486668.0,48881980.0,3574640640.0
BLBD,Blue Bird Corporation,United States,NGM,USD,,31714959.0,31365143.0,1609217152.0
BLBX,Blackboxstocks Inc.,United States,NCM,USD,,4305133.0,2551819.0,36464476.0
BLCN,Siren Nasdaq NexGen Economy ETF,,,,,,,
BLCO,Bausch + Lomb Corporation,Canada,NYQ,USD,,354189784.0,42456729.0,6084980736.0
BLCR,iShares Large Cap Core Active ETF,,NGM,USD,,,,
BLCV,iShares Large Cap Value Active ETF,,PCX,USD,,,,
BLD,TopBuild Corp.,United States,NYQ,USD,,28071651.0,27696136.0,12153724928.0
BLDP,Ballard Power Systems Inc.,Canada,NGM,USD,,300738656.0,254376785.0,790942720.0
BLDR,"Builders FirstSource, Inc.",United States,NYQ,USD,,110580581.0,107548461.0,11499274240.0
BLE,BlackRock Municipal Income Trust II,United States,NYQ,USD,,47727056.0,,492543200.0
BLES,Inspire Global Hope ETF,,,,,,,
BLFS,"BioLife Solutions, Inc.",United States,NCM,USD,,48148046.0,40831950.0,1198886400.0
BLFY,Blue Foundry Bancorp,United States,NMS,USD,,20761225.0,15658848.0,266574144.0
BLGR,Bluemonte Large Cap Growth ETF,,PCX,USD,,,,
BLIAQ,BB Liquidating Inc.,,,,,147370491.0,,219370.0
BLIN,"Bridgeline Digital, Inc.",US,NASDAQ NMS - GLOBAL MARKET,USD,2007-06-29,12224399.0,10237323.0,11369914.0
BLIV,BeLive Holdings,Singapore,NCM,USD,,10864802.0,5270190.0,40743008.0
BLK,"BlackRock, Inc.",United States,NYQ,USD,,155150909.0,144039001.0,168821260288.0
BLKB,"Blackbaud, Inc.",United States,NMS,USD,,47834179.0,36285683.0,3114764800.0
BLKXF,iShares IV Public Limited Company - iShares MSCI USA ESG Screened UCITS ETF,,,,,,,
BLLN,"BillionToOne, Inc.",United States,NMS,USD,,41216110.0,22947541.0,4087150336.0
BLMH,"Blum Holdings, Inc.",,,,,25230686.0,13659389.0,15643025.0
BLMN,"Bloomin' Brands, Inc.",United States,NMS,USD,,85217091.0,75150396.0,578624000.0
BLMZF,Harrison Global Holdings Inc.,,,,,1465093.0,916988.0,32232.0
BLND,"Blend Labs, Inc.",United States,NYQ,USD,,256119535.0,221177100.0,792228096.0
BLNE,"Beeline Holdings, Inc.",US,NASDAQ NMS - GLOBAL MARKET,USD,2013-07-22,27755039.0,22584275.0,54399880.0
BLNK,Blink Charging Co.,United States,NCM,USD,,141252736.0,113405556.0,97831648.0
BLOK,Amplify Blockchain Technology ETF,,,,,,,
BLOX,Nicholas Crypto Income ETF,,PCX,USD,,,,
BLRKU,Bluerock Acquisition Corp.,,NGM,USD,,,,
BLRX,BioLineRx Ltd.,Israel,NCM,USD,,4351357.0,2504110406.0,13612583.0
BLSG,Leverage Shares 2X Long BLSH Daily ETF,,NGM,USD,,,,
BLSH,Bullish,Cayman Islands,NYQ,USD,,150683739.0,42682750.0,6199129088.0
BLST,Bluemonte Short Term Bond ETF,,PCX,USD,,,,
BLSX,Tradr 2X Long BLSH Daily ETF,,,,,,,
BLTD,Bluemonte Long Term Bond ETF,,,,,,,
BLTE,"Belite Bio, Inc",United States,NCM,USD,,37514630.0,16133245.0,5812141568.0
BLUC,Bluemonte Large Cap Core ETF,,PCX,USD,,,,
BLUI,Bluemonte Diversified Income ETF,,PCX,USD,,,,
BLUW,Blue Water Acquisition Corp. III,US,NASDAQ NMS - GLOBAL MARKET,USD,2025-06-10,25983000.0,25553043.0,332449312.0
BLUWU,Blue Water Acquisition Corp. III,United States,NGM,USD,,,25553043.0,
BLUWW,Blue Water Acquisition Corp. III,United States,NGM,USD,,,25553043.0,
BLUX,Bluemonte Dynamic Total Market ETF,,PCX,USD,,,,
BLV,Vanguard Long-Term Bond Fund,,PCX,USD,,,,
BLW,BlackRock Limited Duration Income Trust,United States,NYQ,USD,,38733559.0,,536847136.0
BLX,"Banco Latinoamericano de Comercio Exterior, S. A.",Panama,NYQ,USD,,28736597.0,28101586.0,1636469760.0
BLZE,"Backblaze, Inc.",United States,NGM,USD,,57678396.0,52358711.0,279163456.0
BLZR,Trailblazer Acquisition Corp.,US,NASDAQ NMS - GLOBAL MARKET,USD,2025-09-10,27500000.0,,344781248.0
BLZRU,Trailblazer Acquisition Corp.,,NGM,USD,,,,
BLZRW,Trailblazer Acquisition Corp.,,NGM,USD,,,,
BMA,Banco Macro S.A.,Argentina,NYQ,USD,,62817774.0,221377710.0,6441880576.0
BMAX,REX Bitcoin Corporate Treasury Convertible Bond ETF,,NGM,USD,,,,
BMBL,Bumble Inc.,United States,NMS,USD,,112738975.0,74290475.0,559499392.0
BMDL,VictoryShares WestEnd Economic Cycle Bond ETF,,,,,,,
BME,BlackRock Health Sciences Trust,United States,NYQ,USD,,12924103.0,,534799392.0
BMEA,"Biomea Fusion, Inc.",United States,NMS,USD,,70703639.0,65849127.0,93328808.0
BMED,iShares Health Innovation Active ETF,,PCX,USD,,,,
BMEZ,BlackRock Health Sciences Term Trust,United States,NYQ,USD,,62501404.0,,1548190720.0
BMHL,Bluemount Holdings Limited,HK,NASDAQ NMS - GLOBAL MARKET,HKD,2025-07-11,14014999.0,3352582.0,86258104.0
BMI,"Badger Meter, Inc.",United States,NYQ,USD,,29469785.0,29320078.0,5326663680.0
BML.PRG,Bank of America Corp,US,"NEW YORK STOCK EXCHANGE, INC.",USD,1979-06-05,,,410181.0
BMN,Blackrock 2037 Municipal Target Term Trust,United States,NYQ,USD,,6147653.0,,159162752.0
BMNG,Leverage Shares 2X Long BMNR Daily ETF,,NGM,USD,,,,
BMNR,"Bitmine Immersion Technologies, Inc.",United States,ASE,USD,,425841924.0,376993294.0,12055584768.0
BMNZ,Defiance Daily Target 2X Short BMNR ETF,,,,,,,
BMO,Bank of Montreal,Canada,NYQ,USD,,708905679.0,708232219.0,94116126720.0
BMR,Beamr Imaging Ltd.,Israel,NCM,USD,,15529854.0,10910188.0,29196126.0
BMRA,"Biomerica, Inc.",United States,NCM,USD,,2947966.0,2582422.0,7959508.0
BMRC,Bank of Marin Bancorp,United States,NCM,USD,,16094636.0,14431804.0,427956416.0
BMRN,BioMarin Pharmaceutical Inc.,United States,NMS,USD,,192114344.0,190498662.0,11517254656.0
BMTCF,,,,,,,,
BMTHF,BEST MART 360 HLDGS LTD,,,,,1000000000.0,250000000.0,243490000.0
BMVP,Invesco Bloomberg MVP Multi-fac,,PCX,USD,,,,
BMXXY,bioMérieux S.A.,,,,,1180672050.0,44732122.0,14675752960.0
BMY,Bristol-Myers Squibb Company,United States,NYQ,USD,,2035753027.0,2032495822.0,111233548288.0
BN,Brookfield Corporation,Canada,NYQ,USD,,2244501647.0,1922353891.0,105036570624.0
BNAIW,"Brand Engagement Network, Inc.",United States,NCM,USD,,,2819187.0,
BNBX,BNB Plus Corp.,United States,NCM,USD,,4365541.0,1216134.0,10171710.0
BNC,CEA Industries Inc.,,,,,42300904.0,40067751.0,287364160.0
BNCC,"BNCCORP, Inc.",,,,,3523875.0,,116217432.0
BNCWW,CEA Industries Inc.,United States,NCM,USD,,,40067751.0,
BND,Vanguard Total Bond Market Index Fund,,NGM,USD,,,,
BNDC,FlexShares Core Select Bond Fund,,PCX,USD,,,,
BNDD,Quadratic Deflation ETF,,PCX,USD,,,,
BNDI,Neos Enhanced Income Aggregate Bond ETF,,,,,,,
BNDP,Vanguard Core-Plus Bond Index ETF,,,,,,,
BNDS,Infrastructure Capital Bond Income ETF,,PCX,USD,,,,
BNDW,Vanguard Total World Bond ETF,,NGM,USD,,,,
BNDX,Vanguard Total International Bond Index Fund,,,,,,,
BNED,"Barnes & Noble Education, Inc.",United States,NYQ,USD,,34053847.0,14534522.0,328619616.0
BNGE,First Trust S-Network Streaming & Gaming ETF,,PCX,USD,,,,
BNGO,"Bionano Genomics, Inc.",United States,NCM,USD,,10176000.0,9133672.0,15467520.0
BNGRF,Savencia SA,,,,,12945794.0,2778328.0,860248000.0
BNH,NASDAQ DM Ex US Industrials Ind,,,,,,,
BNJ,Brookfield Finance Inc. 4.50% P,,NYQ,USD,,,,
BNKD,MicroSectors™ U.S. Big Banks -3x Inverse Leveraged ETNs,,,,,,,
BNKK,Bonk Inc,US,NASDAQ NMS - GLOBAL MARKET,USD,2020-10-22,,,15.0
BNKU,MicroSectors™ U.S. Big Banks 3x Leveraged ETNs,,PCX,USD,,,,
BNL,"Broadstone Net Lease, Inc.",United States,NYQ,USD,,189216037.0,187340906.0,3458315520.0
BNO,"United States Brent Oil Fund, LP",,PCX,USD,,,,
BNPQF,BNP Paribas SA,,,,,1116784757.0,986451650.0,105871196160.0
BNPQY,BNP Paribas SA,FR,NYSE EURONEXT - EURONEXT PARIS,EUR,1993-10-18,2233569514.0,986451650.0,106719952896.0
BNR,Burning Rock Biotech Limited,,,,,9034111.0,48441642.0,227982656.0
BNRG,Brenmiller Energy Ltd,Israel,NCM,USD,,3859800.0,1917333.0,2740844.0
BNS,The Bank of Nova Scotia,Canada,NYQ,USD,,1236305738.0,1220635023.0,92420636672.0
BNT,Brookfield Wealth Solutions Ltd.,Bermuda,NYQ,USD,,59928210.0,20203044.0,12843448320.0
BNTC,Benitec Biopharma Inc.,US,NASDAQ NMS - GLOBAL MARKET,USD,2012-07-11,33862226.0,17673373.0,443595136.0
BNTX,BioNTech SE,DE,NASDAQ NMS - GLOBAL MARKET,EUR,2019-10-10,240455450.0,93871403.0,22727847936.0
BNXR,Brinx Resources Ltd.,,,,,24629832.0,19704851.0,2462.0
BNY,BlackRock New York Municipal Income Trust,United States,NYQ,USD,,24117105.0,,242859248.0
BNZI,"Banzai International, Inc.",United States,NCM,USD,,9110970.0,6057701.0,9435505.0
BNZIF,Fideicomiso Irrevocable F/2061 FHipo,,,,,2437674664.0,,1201286144.0
BNZIW,"Banzai International, Inc.",United States,NCM,USD,,,6057701.0,
BOAT,SonicShares Global Shipping ETF,,PCX,USD,,,,
BOBP,CORE16 Best of Breed Premier Index ETF,,PCX,USD,,,,
BOC,Boston Omaha Corporation,United States,NYQ,USD,,30872876.0,22091634.0,392538848.0
BODI,"The Beachbody Company, Inc.",United States,NCM,USD,,4359034.0,2764760.0,71234776.0
BOE,BlackRock Enhanced Global Dividend Trust,United States,NYQ,USD,,55600125.0,,670052800.0
BOED,Direxion Daily BA Bear 1X Shares,,,,,,,
BOEG,Leverage Shares 2X Long BA Daily ETF,,,,,,,
BOEU,Direxion Daily BA Bull 2X Shares,,,,,,,
BOEUF,Bonesupport Holding AB (publ),,,,,65859195.0,52972526.0,1303682816.0
BOF,BranchOut Food Inc.,United States,NCM,USD,,13380459.0,9642116.0,44958340.0
BOH,Bank of Hawaii Corporation,United States,NYQ,USD,,39785092.0,38950799.0,2784160768.0
BOH.PRB,Bank of Hawaii Corp,US,"NEW YORK STOCK EXCHANGE, INC.",USD,1980-03-17,,,2784.0
BOIL,ProShares Ultra Bloomberg Natural Gas,,PCX,USD,,,,
BOIVF,Bolloré SE,FR,NYSE EURONEXT - EURONEXT PARIS,EUR,1994-01-11,2793749964.0,627001304.0,15030375424.0
BOKF,BOK Financial Corporation,United States,NMS,USD,,63247676.0,21151288.0,7754192896.0
BOLD,"Boundless Bio, Inc.",United States,NMS,USD,,22385611.0,16461961.0,26862736.0
BOLT,"Bolt Biotherapeutics, Inc.",United States,NCM,USD,,1919441.0,1449101.0,10230626.0
BON,Bon Natural Life Limited,China,NCM,USD,,6086971.0,217703.0,16374745.0
BOND,PIMCO Active Bond Exchange-Traded Fund,,NYQ,USD,,,,
BOOM,DMC Global Inc.,,,,,20590482.0,17256265.0,137338512.0
BOOT,"Boot Barn Holdings, Inc.",United States,NYQ,USD,,30483634.0,30362309.0,5682734592.0
BORR,Borr Drilling Limited,Bermuda,NYQ,USD,,306872798.0,223212339.0,1218285056.0
BOSC,B.O.S. Better Online Solutions Ltd.,Israel,NCM,USD,,6186000.0,5500034.0,28579320.0
BOTJ,"Bank of the James Financial Group, Inc.",United States,NCM,USD,,4543338.0,3529719.0,82734200.0
BOTT,Themes Humanoid Robotics ETF,,NGM,USD,,,,
BOTZ,Global X Robotics & Artificial Intelligence ETF,,NGM,USD,,,,
BOUT,Innovator IBD Breakout Opportunities ETF,,,,,,,
BOW,Bowhead Specialty Holdings Inc.,United States,NYQ,USD,,32782974.0,31051705.0,991622528.0
BOX,"Box, Inc.",United States,NYQ,USD,,143227818.0,138531378.0,4308293120.0
BOXL,Boxlight Corporation,United States,NCM,USD,,951873.0,833812.0,2084604.0
BOXX,Alpha Architect 1-3 Month Box ETF,,,,,,,
BOZTY,Boozt AB (publ),SE,NASDAQ OMX NORDIC,SEK,2017-05-31,61089759.0,59102509.0,796273472.0
BP,BP p.l.c.,United Kingdom,NYQ,USD,,2549525643.0,14874593611.0,88483356672.0
BPACU,Blueport Acquisition Ltd,,NCM,USD,,,,
BPAIF,BrandPilot AI Inc.,,,,,190317095.0,159441953.0,1979297.0
BPAY,iShares FinTech Active ETF,,PCX,USD,,,,
BPCGY,"Banco Comercial Português, S.A.",PT,NYSE EURONEXT - EURONEXT LISBON,EUR,1992-06-12,1480462709.0,8831552244.0,17202976768.0
BPH,Precidian ETFs Trust - BP p.l.c. ADRhedged,,PCX,USD,,,,
BPI,Grayscale Bitcoin Premium Income ETF,,PCX,USD,,,,
BPOP,"Popular, Inc.",United States,NMS,USD,,66674855.0,64782623.0,8516790272.0
BPOPM,Popular Capital Trust II PFD GTD 6.125%,,NMS,USD,,,,
BPRE,Bluerock Private Real Estate Fund,United States,NYQ,USD,,,,
BPRN,"Princeton Bancorp, Inc.",United States,NMS,USD,,6762859.0,5000864.0,238593696.0
BPYPM,Brookfield Property Preferred L.P.,Bermuda,NMS,USD,,,,
BPYPN,Brookfield Property Partners L.P.,Bermuda,NMS,USD,,,,
BPYPO,Brookfield Property Partners L.P.,Bermuda,NMS,USD,,,,
BPYPP,Brookfield Property Partners L.P.,Bermuda,NMS,USD,,0.0,,9813370880.0
BQ,Boqii Holding Limited,China,ASE,USD,,4298128.0,2525632.0,9416173.0
BR,"Broadridge Financial Solutions, Inc.",United States,NYQ,USD,,116727559.0,116127579.0,26636062720.0
BRAG,Bragg Gaming Group Inc.,Canada,NMS,USD,,25449478.0,18135807.0,49626484.0
BRAZ,Global X Brazil Active ETF,,PCX,USD,,,,
BRBI,BRBI BR Partners S.A.,,,,,26248926.0,104995704.0,370109856.0
BRBR,"BellRing Brands, Inc.",United States,NYQ,USD,,118425407.0,117659196.0,3609309952.0
BRBS,"Blue Ridge Bankshares, Inc.",,,,,91488661.0,56972149.0,402590432.0
BRC,Brady Corporation,United States,NYQ,USD,,43638096.0,42479338.0,3776496896.0
BRCB,"Black Rock Coffee Bar, Inc.",United States,NGM,USD,,17478452.0,16530071.0,410743616.0
BRCC,BRC Inc.,United States,NYQ,USD,,114647011.0,71535149.0,136429952.0
BRCE,MFS Blended Research Core Equity ETF,,NYQ,USD,,,,
BRDLF,"Broadleaf Co., Ltd.",,,,,90092059.0,57616574.0,457667648.0
BRELY,Brazilian Rare Earths Ltd.,,,,,54899834.0,108337086.0,792753536.0
BREM,iShares Emerging Markets Bond Active ETF,,NGM,USD,,,,
BRF,VanEck Brazil Small-Cap ETF,,PCX,USD,,,,
BRFH,"Barfresh Food Group, Inc.",United States,NCM,USD,,15969281.0,6953344.0,42797676.0
BRHY,iShares High Yield Active ETF,,NGM,USD,,,,
BRIA,BrilliA Inc,Singapore,ASE,USD,,25000000.0,5915525.0,36750000.0
BRID,Bridgford Foods Corporation,United States,NGM,USD,,9076832.0,1658156.0,69800848.0
BRIE,MFS Blended Research International Equity ETF,,NYQ,USD,,,,
BRIF,FIS Bright Portfolios Focused Equity ETF,,PCX,USD,,,,
BRJYF,,,,,,,,
BRKC,YieldMax BRK.B Option Income Strategy ETF,,PCX,USD,,,,
BRKD,Direxion Daily BRKB Bear 1X Shares,,NGM,USD,,,,
BRKFF,Brookfield Office Properties Inc.,,,,,,,
BRKO,Broke Out Inc.,,,,,31984125.0,12121024.0,3198.0
BRKR,Bruker Corporation,US,NASDAQ NMS - GLOBAL MARKET,USD,2000-08-04,151941144.0,103307823.0,7294694400.0
BRKRP,Bruker Corporation,United States,NMS,USD,,,103307823.0,
BRKU,Direxion Daily BRKB Bull 2X Shares,,,,,,,
BRLSW,Borealis Foods Inc.,,,,,,5253573.0,
BRLT,"Brilliant Earth Group, Inc.",United States,NGM,USD,,15170213.0,13997556.0,178200304.0
BRN,"Barnwell Industries, Inc.",United States,ASE,USD,,12538064.0,4814746.0,14168012.0
BRNS,Barinthus Biotherapeutics plc,United Kingdom,NGM,USD,,40830353.0,36036870.0,28752736.0
BRNY,Burney U.S. Factor Rotation ETF,,NGM,USD,,,,
BRO,"Brown & Brown, Inc.",United States,NYQ,USD,,341420790.0,294448118.0,27579971584.0
BROS,Dutch Bros Inc.,United States,NYQ,USD,,127031344.0,126274237.0,10535383040.0
BROXF,Brookfield Asset Management Inc,CA,"NEW YORK STOCK EXCHANGE, INC.",USD,1997-08-11,,,115732.0
BRQL,Dynamic Aerospace Systems,,,,,26143000.0,24267482.0,16992950.0
BRR,"ProCap Financial, Inc.",United States,NGM,USD,,85166604.0,,278328000.0
BRRR,CoinShares Bitcoin ETF,,,,,,,
BRRWW,"ProCap Financial, Inc.",,,,,,,
BRSL,Brightstar Lottery PLC,United Kingdom,NYQ,USD,,188000971.0,101469500.0,2988699904.0
BRSP,"BrightSpire Capital, Inc.",United States,NYQ,USD,,129732929.0,115566093.0,760464512.0
BRSWF,,,,,,,,
BRT,BRT Apartments Corp.,United States,NYQ,USD,,19020394.0,11775276.0,277887936.0
BRTR,iShares Total Return Active ETF,,NGM,USD,,,,
BRTX,"BioRestorative Therapies, Inc.",United States,NCM,USD,,8876242.0,5993949.0,9941391.0
BRVO,Bravo Multinational Incorporated,,,,,47641010.0,26880011.0,2382050.0
BRVRF,Blue River Resources Ltd.,,,,,250585232.0,234863515.0,751755.0
BRW,Saba Capital Income & Opportunities Fund,United States,NYQ,USD,,42886883.0,,298063840.0
BRX,Brixmor Property Group Inc.,United States,NYQ,USD,,306100010.0,303204304.0,8050429952.0
BRZE,"Braze, Inc.",United States,NMS,USD,,102267368.0,81996987.0,3972428800.0
BRZU,Direxion Daily MSCI Brazil Bull 2X Shares,,PCX,USD,,,,
BSAA,BEST SPAC I Acquisition Corp.,,,,,6024500.0,4964843.0,74734952.0
BSAAR,BEST SPAC I Acquisition Corp.,Hong Kong,NCM,USD,,,4964843.0,
BSAAU,BEST SPAC I Acquisition Corp.,Hong Kong,NCM,USD,,,4964843.0,
BSAC,Banco Santander-Chile,Chile,NYQ,USD,,471115317.0,61116847842.0,14920222720.0
BSBK,Bogota Financial Corp.,US,NASDAQ NMS - GLOBAL MARKET,USD,2020-01-16,12968697.0,3752359.0,109974544.0
BSBR,Banco Santander (Brasil) S.A.,Brazil,NYQ,USD,,7610057142.0,3735530500.0,46877949952.0
BSCQ,Invesco BulletShares 2026 Corporate Bond ETF,,,,,,,
BSCR,Invesco BulletShares 2027 Corporate Bond ETF,,NGM,USD,,,,
BSCS,Invesco BulletShares 2028 Corporate Bond ETF,,NGM,USD,,,,
BSCT,Invesco BulletShares 2029 Corporate Bond ETF,,NGM,USD,,,,
BSCU,Invesco BulletShares 2030 Corporate Bond ETF,,NGM,USD,,,,
BSCV,Invesco BulletShares 2031 Corporate Bond ETF,,NGM,USD,,,,
BSCW,Invesco Bulletshares 2032 Corporate Bond ETF,,NGM,USD,,,,
BSCX,Invesco Bulletshares 2033 Corporate Bond ETF,,NGM,USD,,,,
BSCY,Invesco BulletShares 2034 Corporate Bond ETF,,NGM,USD,,,,
BSCZ,Invesco Bulletshares 2035 Corporate Bond ETF,,NGM,USD,,,,
BSET,"Bassett Furniture Industries, Incorporated",United States,NMS,USD,,8685710.0,8019255.0,148765664.0
BSFFF,Basic-Fit N.V.,NL,NYSE EURONEXT - EURONEXT AMSTERDAM,EUR,2016-06-10,65375719.0,43119863.0,3061695744.0
BSJQ,Invesco BulletShares 2026 High Yield Corporate Bond ETF,,NGM,USD,,,,
BSJR,Invesco BulletShares 2027 High Yield Corporate Bond ETF,,NGM,USD,,,,
BSJS,Invesco BulletShares 2028 High Yield Corporate Bond ETF,,NGM,USD,,,,
BSJT,Invesco BulletShares 2029 High Yield Corporate Bond ETF,,NGM,USD,,,,
BSJU,Invesco Bulletshares 2030 High Yield Corporate Bond ETF,,NGM,USD,,,,
BSJV,Invesco BulletShares 2031 High Yield Corporate Bond ETF,,NGM,USD,,,,
BSJW,Invesco BulletShares 2032 High Yield Corporate Bond ETF,,NGM,USD,,,,
BSJX,Invesco Bulletshares 2033 High Yield Corporate Bond ETF,,NGM,USD,,,,
BSL,Blackstone Senior Floating Rate 2027 Term Fund,United States,NYQ,USD,,13015904.0,,176886144.0
BSM,"Black Stone Minerals, L.P.",United States,NYQ,USD,,211862412.0,173881837.0,2828363264.0
BSMQ,Invesco BulletShares (R) 2026 Municipal Bond ETF,,NGM,USD,,,,
BSMR,Invesco BulletShares (R) 2027 Municipal Bond ETF,,NGM,USD,,,,
BSMS,Invesco BulletShares (R) 2028 Municipal Bond ETF,,NGM,USD,,,,
BSMT,Invesco BulletShares 2029 Municipal Bond ETF,,,,,,,
BSMU,Invesco BulletShares 2030 Municipal Bond ETF,,NGM,USD,,,,
BSMV,Invesco BulletShares 2031 Municipal Bond ETF,,,,,,,
BSMW,Invesco Bulletshares 2032 Municipal Bond ETF,,NGM,USD,,,,
BSMY,Invesco Bulletshares 2034 Municipal Bond ETF,,NGM,USD,,,,
BSMZ,Invesco BulletShares 2035 Municipal Bond ETF,,NGM,USD,,,,
BSOL,Bitwise Solana Staking ETF,,PCX,USD,,,,
BSR,Beacon Selective Risk ETF,,PCX,USD,,,,
BSRR,Sierra Bancorp,United States,NMS,USD,,13482458.0,11911551.0,450381632.0
BSSX,Invesco Bulletshares 2033 Municipal Bond ETF,,,,,,,
BST,BlackRock Science and Technology Trust,United States,NYQ,USD,,34720019.0,,1388106368.0
BSTP,Innovator Buffer Step-Up Strategy ETF,,PCX,USD,,,,
BSTZ,BlackRock Science and Technology Term Trust,United States,NYQ,USD,,68744150.0,,1611785856.0
BSV,Vanguard Short-Term Bond Index Fund ETF Shares,,PCX,USD,,,,
BSVN,Bank7 Corp.,United States,NMS,USD,,9453390.0,4196738.0,388912512.0
BSVO,EA Bridgeway Omni Small-Cap Value ETF,,,,,,,
BSX,Boston Scientific Corporation,United States,NYQ,USD,,1482442039.0,1478320850.0,142403371008.0
BSY,"Bentley Systems, Incorporated",United States,NMS,USD,,292019441.0,149266522.0,11841606656.0
BTA,BlackRock Long-Term Municipal Advantage Trust,United States,NYQ,USD,,13439892.0,,125797384.0
BTAEBX,BlackRock 10/90 Target Allocation ETF,,,,,,,
BTAEDX,BlackRock 30/70 Target Allocation ETF,,,,,,,
BTAI,"BioXcel Therapeutics, Inc.",United States,NCM,USD,,21869491.0,21302415.0,36303356.0
BTAL,AGF U.S. Market Neutral Anti-Beta Fund,,PCX,USD,,,,
BTBD,"BT Brands, Inc.",United States,NCM,USD,,6154724.0,3152942.0,8862803.0
BTBDW,"BT Brands, Inc.",,NCM,USD,,,,
BTBT,"Bit Digital, Inc.",United States,NCM,USD,,323674831.0,318707850.0,663533376.0
BTC,Grayscale Bitcoin Mini Trust ETF,,PCX,USD,,,,
BTCC,Grayscale Bitcoin Covered Call ETF,,PCX,USD,,,,
BTCI,NEOS ETF Trust - NEOS Bitcoin High Income ETF,,,,,,,
BTCL,T-Rex 2X Long Bitcoin Daily Target ETF,,,,,,,
BTCO,Invesco Galaxy Bitcoin ETF,,,,,,,
BTCS,BTCS Inc.,United States,NCM,USD,,46838532.0,39540152.0,139833584.0
BTCT,BTC Digital Ltd.,Singapore,NCM,USD,,9516975.0,7175629.0,15227160.0
BTDR,Bitdeer Technologies Group,Singapore,NCM,USD,,188005707.0,110630656.0,2496036352.0
BTE,Baytex Energy Corp.,Canada,NYQ,USD,,768317006.0,669173934.0,2401010176.0
BTEAF,Bénéteau S.A.,FR,NYSE EURONEXT - EURONEXT PARIS,EUR,1984-01-01,80200224.0,33068514.0,750770112.0
BTF,CoinShares Bitcoin and Ether ETF,,NGM,USD,,,,
BTG,B2Gold Corp.,Canada,ASE,USD,,1336137739.0,1325862840.0,6413461504.0
BTGD,STKd 100% Bitcoin & 100% Gold ETF,,NGM,USD,,,,
BTI,British American Tobacco p.l.c.,United Kingdom,NYQ,USD,,2172352328.0,2022451140.0,124410617856.0
BTM,Bitcoin Depot Inc.,United States,NCM,USD,,35360672.0,31997354.0,93704672.0
BTMD,biote Corp.,United States,NGM,USD,,30680960.0,21390439.0,128241496.0
BTMWW,Bitcoin Depot Inc.,,NCM,USD,,,,
BTO,John Hancock Financial Opportunities Fund,United States,NYQ,USD,,19800132.0,,704686720.0
BTOC,Armlogi Holding Corp.,,,,,45443079.0,15063017.0,25593542.0
BTOP,Bitwise Trendwise BTC/ETH and Treasuries Rotation Strategy ETF,,PCX,USD,,,,
BTOT,iShares Total USD Fixed Income Market ETF,,PCX,USD,,,,
BTQ,BTQ Technologies Corp.,Canada,NGM,USD,,140025930.0,89182515.0,803748864.0
BTR,Beacon Tactical Risk ETF,,PCX,USD,,,,
BTRN,Global X Bitcoin Trend Strategy ETF,,PCX,USD,,,,
BTRY,Clarios International Inc.,US,"NEW YORK STOCK EXCHANGE, INC.",USD,,,,
BTSEF,,,,,,9175807.0,6506686.0,1825985536.0
BTSG,"BrightSpring Health Services, Inc.",United States,NMS,USD,,180352297.0,142329947.0,6808299520.0
BTSGU,"BrightSpring Health Services, Inc.",United States,NMS,USD,,,142329947.0,
BTT,Blackrock Municipal 2030 Target Term Trust,United States,NYQ,USD,,63931752.0,,1466427136.0
BTTC,Black Titan Corporation,,,,,9086610.0,,16083301.0
BTU,Peabody Energy Corporation,United States,NYQ,USD,,121600000.0,107873792.0,3694208000.0
BTURF,Bathurst Resources Limited,,,,,239975075.0,141244486.0,123587160.0
BTX,BlackRock Innovation and Growth Term Trust,United States,NYQ,USD,,116710298.0,,1431499008.0
BTZ,BlackRock Credit Allocation Income Trust,United States,NYQ,USD,,93324457.0,,1012570368.0
BTZI,"BOTS, Inc.",,,,,780375596.0,,2107014.0
BU,Defiance Daily Target 2X Long B ETF,,NGM,USD,,,,
BUCK,Simplify Treasury Option Income ETF,,PCX,USD,,,,
BUD,Anheuser-Busch InBev SA/NV,Belgium,NYQ,USD,,1724178352.0,930336236.0,125025206272.0
BUFC,AB Conservative Buffer ETF,,NGM,USD,,,,
BUFG,FT Vest Buffered Allocation Growth ETF,,,,,,,
BUFI,AB International Buffer ETF,,NGM,USD,,,,
BUFM,AB Moderate Buffer ETF,,NGM,USD,,,,
BUG,Global X Cybersecurity ETF,,NGM,USD,,,,
BUI,"BlackRock Utilities, Infrastructure & Power Opportunities Trust",United States,NYQ,USD,,22714729.0,,571502528.0
BUL,Pacer US Cash Cows Growth ETF,,PCX,USD,,,,
BULD,Pacer BlueStar Engineering the Future ETF,,NGM,USD,,,,
BULG,Leverage Shares 2X Long BULL Daily ETF,,,,,,,
BULL,Webull Corporation,United States,NCM,USD,,417957827.0,248670313.0,4104861952.0
BULLW,Webull Corporation,United States,NCM,USD,,,248670313.0,
BULX,GraniteShares 2x Long BULL Daily ETF,,NGM,USD,,,,
BULZ,MicroSectors Solactive FANG Innovation 3X Leveraged ETNs,,PCX,USD,,,,
BUR,Burford Capital Limited,Guernsey,NYQ,USD,,218888500.0,198873336.0,1989696512.0
BURL,"Burlington Stores, Inc.",United States,NYQ,USD,,62927006.0,61883018.0,18268968960.0
BURU,"Nuburu, Inc.",United States,ASE,USD,,437987341.0,426306990.0,78618728.0
BURUW,,,,,,,426306990.0,
BUSC,"Blue Star Global, Inc.",,,,,5401689.0,,32356116.0
BUSE,First Busey Corporation,United States,NMS,USD,,88409043.0,85815122.0,2157180416.0
BUSEP,First Busey Corporation,United States,NMS,USD,,,85815122.0,
BUUU,BUUU Group Limited,Hong Kong,NCM,USD,,11675000.0,3135067.0,139903248.0
BUXX,Strive Enhanced Income Short Maturity ETF,,NYQ,USD,,,,
BUYO,KraneShares Man Buyout Beta Index ETF,,PCX,USD,,,,
BUYW,Main Buywrite ETF,,,,,,,
BUZZ,VanEck Social Sentiment ETF,,PCX,USD,,,,
BV,"BrightView Holdings, Inc.",United States,NYQ,USD,,94700000.0,70692603.0,1220413952.0
BVAL,Bluemonte Large Cap Value ETF,,,,,,,
BVC,BitVentures Limited,Hong Kong,NGM,USD,,84000000.0,14286720.0,100800008.0
BVENY,,,,,,,420012000.0,
BVFL,"BV Financial, Inc.",United States,NCM,USD,,8903927.0,7962646.0,181693888.0
BVN,Compañía de Minas Buenaventura S.A.A.,Peru,NYQ,USD,,253715190.0,163305936.0,7505311744.0
BVS,Bioventus Inc.,United States,NMS,USD,,66976477.0,33302044.0,499644512.0
BW,"Babcock & Wilcox Enterprises, Inc.",US,"NEW YORK STOCK EXCHANGE, INC.",USD,2015-06-16,111100100.0,88697876.0,583275520.0
BWA,BorgWarner Inc.,United States,NYQ,USD,,213928111.0,211908630.0,9861023744.0
BWAY,BrainsWay Ltd.,Israel,NGM,USD,,19577089.0,24718919.0,379208224.0
BWB,"Bridgewater Bancshares, Inc.",United States,NCM,USD,,27584732.0,21926276.0,497076896.0
BWBBP,"Bridgewater Bancshares, Inc.",United States,NCM,USD,,,21926276.0,
BWEB,Bitwise Web3 ETF,,PCX,USD,,,,
BWEN,"Broadwind, Inc.",United States,NCM,USD,,23200988.0,19999716.0,72155072.0
BWET,Breakwave Tanker Shipping ETF,,PCX,USD,,,,
BWFG,"Bankwell Financial Group, Inc.",US,NASDAQ NMS - GLOBAL MARKET,USD,2014-05-15,7877443.0,5932858.0,369924704.0
BWG,Legg Mason BW Global Income Opportunities Fund Inc.,United States,NYQ,USD,,16791836.0,,143066448.0
BWIN,"The Baldwin Insurance Group, Inc.",United States,NMS,USD,,71633859.0,70862870.0,1833826688.0
BWLP,BW LPG Limited,Singapore,NYQ,USD,,151342653.0,80314544.0,1922992128.0
BWMN,Bowman Consulting Group Ltd.,United States,NGM,USD,,17373129.0,14063200.0,601110208.0
BWMX,"Betterware de México, S.A.P.I. de C.V.",Mexico,NYQ,USD,,37316546.0,17126244.0,512356128.0
BWNB,"Babcock & Wilcox Enterprises, I",,NYQ,USD,,,,
BWOW,Bitwise Dogecoin ETF,,PCX,USD,,,,
BWX,SPDR Bloomberg International Treasury Bond ETF,,PCX,USD,,,,
BWXT,"BWX Technologies, Inc.",,,,,91426744.0,91026295.0,16080136192.0
BWZ,SPDR Bloomberg Short Term International Treasury Bond ETF,,PCX,USD,,,,
BX,Blackstone Inc.,,,,,738450871.0,743419783.0,190697209856.0
BXC,BlueLinx Holdings Inc.,United States,NYQ,USD,,7865058.0,6668311.0,493670624.0
BXMT,"Blackstone Mortgage Trust, Inc.",United States,NYQ,USD,,167723732.0,158436916.0,3398975232.0
BXMX,Nuveen S&P 500 Buy-Write Income Fund,United States,NYQ,USD,,104165286.0,,1502063488.0
BXP,"BXP, Inc.",United States,NYQ,USD,,158468685.0,147017738.0,12266005504.0
BXSL,Blackstone Secured Lending Fund,United States,NYQ,USD,,231220381.0,,6298443264.0
BY,"Byline Bancorp, Inc.",United States,NYQ,USD,,45819227.0,32860633.0,1362646912.0
BYD,Boyd Gaming Corporation,United States,NYQ,USD,,78122443.0,54220882.0,6943952384.0
BYFC,Broadway Financial Corporation,US,NASDAQ NMS - GLOBAL MARKET,USD,1996-01-09,6097773.0,4945560.0,58156436.0
BYLD,iShares Yield Optimized Bond ETF,,PCX,USD,,,,
BYM,BlackRock Municipal Income Quality Trust,United States,NYQ,USD,,25903340.0,,281051264.0
BYMOF,Bayerische Motoren Werke Aktiengesellschaft,,,,,53481611.0,392346946.0,62834147328.0
BYND,"Beyond Meat, Inc.",United States,NMS,USD,,453570181.0,440289646.0,408213152.0
BYNOU,byNordic Acquisition Corporation,,,,,,436727.0,
BYNOW,byNordic Acquisition Corporatio,,,,,,436727.0,
BYOC,"Beyond Commerce, Inc.",,,,,16533929830.0,16265710735.0,3306786.0
BYRE,Principal Real Estate Active Opportunities ETF,,,,,,,
BYRN,Byrna Technologies Inc.,United States,NCM,USD,,22725515.0,18499478.0,380425120.0
BYSI,BeyondSpring Inc.,United States,NCM,USD,,41122320.0,30852623.0,75665072.0
BZ,Kanzhun Limited,China,NMS,USD,,401887883.0,716054690.0,9832519680.0
BZAI,"Blaize Holdings, Inc.",United States,NGM,USD,,122043070.0,52609494.0,245306576.0
BZAIW,"Blaize Holdings, Inc.",United States,NCM,USD,,15162700.0,52609494.0,6368334.0
BZFD,"BuzzFeed, Inc.",United States,NCM,USD,,35864575.0,19346234.0,37952028.0
BZFDW,"BuzzFeed, Inc.",United States,NCM,USD,,,19346234.0,
BZH,"Beazer Homes USA, Inc.",US,"NEW YORK STOCK EXCHANGE, INC.",USD,1994-02-23,29508027.0,26946940.0,603531776.0
BZQ,ProShares UltraShort MSCI Brazil Capped,,PCX,USD,,,,
BZQIY,Bezeq The Israel Telecommunication Corp. Ltd,,,,,554796608.0,2770298824.0,6097161216.0
BZRT,"BizRocket.com, Inc.",,,,,534916992.0,,53491.0
BZTAF,Boozt AB (publ),SE,NASDAQ OMX NORDIC,SEK,2017-05-31,61089759.0,59102509.0,638998912.0
BZUN,Baozun Inc.,China,NMS,USD,,53561709.0,128611484.0,156587280.0
C,Citigroup Inc.,US,"NEW YORK STOCK EXCHANGE, INC.",USD,1986-10-30,1789266159.0,1784113072.0,221680926720.0
C.PRN,,,,,,,,
CA,Xtrackers California Municipal Bond ETF,,NGM,USD,,,,
CAAA,First Trust AAA CMBS ETF,,PCX,USD,,,,
CAAP,Corporación América Airports S.A.,Luxembourg,NYQ,USD,,163117761.0,18236549.0,4265529344.0
CAAS,"China Automotive Systems, Inc.",China,NCM,USD,,30170702.0,10630647.0,126415240.0
CABA,"Cabaletta Bio, Inc.",United States,NMS,USD,,96265204.0,71244915.0,210820800.0
CABHF,Carlsberg A/S,,,,,33699252.0,,19692916736.0
CABO,"Cable One, Inc.",United States,NYQ,USD,,5635177.0,4623606.0,658921280.0
CABR,"Caring Brands, Inc.",United States,NCM,USD,,14736925.0,4135913.0,11789540.0
CAC,Camden National Corporation,United States,NMS,USD,,16922225.0,16531829.0,754054336.0
CACC,Credit Acceptance Corporation,United States,NMS,USD,,11031544.0,5755929.0,5138196480.0
CACI,CACI International Inc,United States,NYQ,USD,,22079710.0,21789362.0,11966539776.0
CADE,Cadence Bank,United States,NYQ,USD,,186307016.0,184026618.0,8169562112.0
CADL,"Candel Therapeutics, Inc.",United States,NGM,USD,,54898303.0,45481597.0,329938816.0
CAE,CAE Inc.,Canada,NYQ,USD,,321548127.0,290248632.0,10107872256.0
CAEN,California-Engels Mining Company,,,,,695890.0,,2783560.0
CAEP,"Cantor Equity Partners III, Inc.",United States,NGM,USD,,28180000.0,26175994.0,357816000.0
CAF,"Morgan Stanley China A Share Fund, Inc.",United States,NYQ,USD,,16987857.0,,303849952.0
CAFG,Pacer US Small Cap Cash Cows Growth Leaders ETF,,,,,,,
CAFX,Congress Intermediate Bond ETF,,,,,,,
CAG,"Conagra Brands, Inc.",United States,NYQ,USD,,478369475.0,474963484.0,8247089664.0
CAH,"Cardinal Health, Inc.",United States,NYQ,USD,,237595042.0,237098468.0,49488670720.0
CAI,"Caris Life Sciences, Inc.",United States,NMS,USD,,282146923.0,92425689.0,7966418432.0
CAIE,Calamos US Equity Autocallable Income ETF,,PCX,USD,,,,
CAIQ,Calamos Nasdaq Autocallable Income ETF,,,,,,,
CAKE,The Cheesecake Factory Incorporated,United States,NMS,USD,,49841690.0,40401592.0,2619180544.0
CAL,"Caleres, Inc.",United States,NYQ,USD,,33895562.0,32441781.0,450133024.0
CALC,"CalciMedica, Inc.",United States,NCM,USD,,14409431.0,5561464.0,89770752.0
CALI,iShares Short-Term California Muni Active ETF,,NGM,USD,,,,
CALM,"Cal-Maine Foods, Inc.",United States,NMS,USD,,48499606.0,43854799.0,3975997952.0
CALX,"Calix, Inc.",US,"NEW YORK STOCK EXCHANGE, INC.",USD,2010-03-24,66276473.0,60157829.0,3596824064.0
CAM,AB California Intermediate Municipal ETF,,PCX,USD,,,,
CAML,Congress Large Cap Growth ETF,,PCX,USD,,,,
CAMP,CAMP4 THERAPEUTICS CORPORATION,United States,NGM,USD,,51881134.0,23474321.0,309211584.0
CAMT,Camtek Ltd.,Israel,NGM,USD,,45766257.0,28266156.0,4990810112.0
CAMX,Cambiar Aggressive Value ETF,,PCX,USD,,,,
CAN,Canaan Inc.,SG,NASDAQ NMS - GLOBAL MARKET,USD,2019-11-21,657578091.0,7935922835.0,518600896.0
CANC,Tema Oncology ETF,,NGM,USD,,,,
CANE,Teucrium Sugar Fund,,PCX,USD,,,,
CANF,Can-Fite BioPharma Ltd.,Israel,ASE,USD,,17072915.0,3640135957.0,4924070.0
CANG,Cango Inc.,Hong Kong,NYQ,USD,,346350361.0,207225698.0,481427008.0
CANL,"CannLabs, Inc.",,,,,463164704.0,,46316.0
CANQ,Calamos Nasdaq Equity & Income ETF,,NGM,USD,,,,
CAOVF,China Overseas Land & Investment Limited,,,,,10944883535.0,3703420242.0,18864922624.0
CAPE,DoubleLine Shiller CAPE U.S. Equities ETF,,PCX,USD,,,,
CAPL,CrossAmerica Partners LP,US,"NEW YORK STOCK EXCHANGE, INC.",USD,2012-10-25,38120481.0,18132769.0,794812032.0
CAPN,Cayson Acquisition Corp,United States,NGM,USD,,7830000.0,4705439.0,83545320.0
CAPNR,Cayson Acquisition Corp,United States,NGM,USD,,,4705439.0,
CAPNU,Cayson Acquisition Corp,United States,NGM,USD,,,4705439.0,
CAPR,"Capricor Therapeutics, Inc.",United States,NCM,USD,,54399282.0,40826141.0,1615114752.0
CAPS,Capstone Holding Corp.,United States,NCM,USD,,8306205.0,4835623.0,5845907.0
CAR,"Avis Budget Group, Inc.",US,NASDAQ NMS - GLOBAL MARKET,USD,1983-09-15,35196992.0,13948920.0,4643538944.0
CARD,Max Auto Industry -3X Inverse Leveraged ETN,,PCX,USD,,,,
CARE,"Carter Bankshares, Inc.",United States,NMS,USD,,22087044.0,21262976.0,450449664.0
CARG,"CarGurus, Inc.",US,NASDAQ NMS - GLOBAL MARKET,USD,2017-10-12,81236954.0,79482928.0,3835413760.0
CARK,Castleark Large Growth ETF,,PCX,USD,,,,
CARL,"Carlsmed, Inc.",United States,NMS,USD,,26592908.0,9505369.0,364588768.0
CARR,Carrier Global Corporation,United States,NYQ,USD,,842209781.0,790043307.0,45606313984.0
CARS,Cars.com Inc.,United States,NYQ,USD,,59813268.0,55059309.0,772369856.0
CART,Maplebear Inc.,United States,NMS,USD,,262532964.0,184928220.0,12078644224.0
CARU,Max Auto Industry 3X Leveraged ETN,,,,,,,
CARV,"Carver Bancorp, Inc.",US,NASDAQ NMS - GLOBAL MARKET,USD,1994-10-25,5287100.0,3338461.0,6503133.0
CARY,Angel Oak Income ETF,,NGM,USD,,,,
CARZ,First Trust S-Network Future Vehicles & Technology ETF,,NGM,USD,,,,
CAS,Simplify China A Shares PLUS Income ETF,,PCX,USD,,,,
CASH,"Pathward Financial, Inc.",United States,NMS,USD,,22339006.0,22067364.0,1672417792.0
CASS,"Cass Information Systems, Inc.",United States,NMS,USD,,13084279.0,11559699.0,559037056.0
CASY,"Casey's General Stores, Inc.",United States,NMS,USD,,37066933.0,36843790.0,21083670528.0
CAT,Caterpillar Inc.,,,,,467979596.0,466599056.0,273123213312.0
CATF,American Century California Municipal Bond ETF,,PCX,USD,,,,
CATH,Global X S&P 500 Catholic Values ETF,,NGM,USD,,,,
CATO,The Cato Corporation,United States,NYQ,USD,,17984954.0,14142601.0,60825704.0
CATX,"Perspective Therapeutics, Inc.",United States,ASE,USD,,74337990.0,61998627.0,214093424.0
CATY,Cathay General Bancorp,United States,NMS,USD,,68036614.0,64700098.0,3454670848.0
CAVA,"CAVA Group, Inc.",United States,NYQ,USD,,115986120.0,104226287.0,6976565248.0
CB,Chubb Limited,,,,,393550859.0,360343038.0,124977446912.0
CBAN,"Colony Bankcorp, Inc.",United States,NYQ,USD,,21274380.0,16610671.0,384002528.0
CBAT,"CBAK Energy Technology, Inc.",,,,,88645836.0,68478022.0,76501360.0
CBC,"Central Bancompany, Inc.",United States,NMS,USD,,220664900.0,84982466.0,5234171392.0
CBDHF,Hempfusion Wellness Inc.,,,,,163541133.0,151719027.0,1635.0
CBFV,"CB Financial Services, Inc.",United States,NGM,USD,,5010883.0,4569675.0,180191344.0
CBIO,"Crescent Biopharma, Inc.",United States,NCM,USD,,13892516.0,6073877.0,207264672.0
CBIPF,Crypto Blockchain Industries,FR,NYSE EURONEXT - EURONEXT PARIS,EUR,2021-10-26,,48941409.0,49.0
CBK,"Commercial Bancgroup, Inc.",United States,NCM,USD,,12239644.0,7207804.0,333545984.0
CBL,"CBL & Associates Properties, Inc.",United States,NYQ,USD,,30682618.0,15476313.0,1137103488.0
CBLL,"CeriBell, Inc.",United States,NMS,USD,,37095690.0,22555292.0,790138112.0
CBLS,Clough Hedged Equity ETF,,PCX,USD,,,,
CBMDF,CBM Asia Development Corp.,,,,,,177522173.0,17911.0
CBNA,"Chain Bridge Bancorp, Inc.",United States,NYQ,USD,,3210437.0,2689886.0,234125664.0
CBNK,"Capital Bancorp, Inc.",United States,NMS,USD,,16520863.0,10651000.0,472299264.0
CBON,VanEck China Bond ETF,,PCX,USD,,,,
CBRE,"CBRE Group, Inc.",United States,NYQ,USD,,297592997.0,290705580.0,49016545280.0
CBRL,"Cracker Barrel Old Country Store, Inc.",United States,NMS,USD,,22328095.0,19829804.0,579414080.0
CBRRF,Chain Bridge I,,,,,3011881.0,678721.0,74930800.0
CBSE,Clough Select Equity ETF,,,,,,,
CBSH,"Commerce Bancshares, Inc.",United States,NMS,USD,,139035421.0,126609825.0,7363315712.0
CBT,Cabot Corporation,,,,,52898776.0,52063504.0,3537508864.0
CBTA,Calamos Bitcoin 80 Series Struc,,,,,,,
CBU,"Community Financial System, Inc.",United States,NYQ,USD,,52661489.0,52204387.0,3120681984.0
CBUS,"Cibus, Inc.",United States,NCM,USD,,52707626.0,36584890.0,92489320.0
CBXL,Calamos Laddered Bitcoin 80 Series Structured Alt Protection ETF,,,,,,,
CBXO,Calamos Bitcoin 90 Series Structured Alt Protection ETF - October,,,,,,,
CBZ,"CBIZ, Inc.",United States,NYQ,USD,,54401424.0,45061990.0,2879467264.0
CC,The Chemours Company,United States,NYQ,USD,,149891952.0,149274397.0,1812193664.0
CCAP,"Crescent Capital BDC, Inc.",United States,NGM,USD,,36992523.0,,544899840.0
CCB,Coastal Financial Corporation,United States,NMS,USD,,15121263.0,13020466.0,1767826944.0
CCBG,"Capital City Bank Group, Inc.",United States,NMS,USD,,17068825.0,13698073.0,727473344.0
CCC,CCC Intelligent Solutions Holdings Inc.,United States,NMS,USD,,640777571.0,580411450.0,5268656640.0
CCCC,"C4 Therapeutics, Inc.",,,,,96914418.0,60931064.0,205458544.0
CCCX,Churchill Capital Corp X,United States,NGM,USD,,41700000.0,38760074.0,911916032.0
CCCXU,Churchill Capital Corp X,United States,NGM,USD,,,38760074.0,
CCCXW,Churchill Capital Corp X,United States,NGM,USD,,,38760074.0,
CCD,Calamos Dynamic Convertible and Income Fund,United States,NGM,USD,,27054934.0,,583845504.0
CCDOF,,,,,,,,
CCEC,Capital Clean Energy Carriers Corp.,Greece,NMS,USD,,59082322.0,8598250.0,1259044224.0
CCEF,Calamos CEF Income & Arbitrage ETF,,PCX,USD,,,,
CCEL,"Cryo-Cell International, Inc.",United States,ASE,USD,,8055150.0,4203580.0,28193028.0
CCEP,Coca-Cola Europacific Partners PLC,United Kingdom,NMS,USD,,448667705.0,206985328.0,41712799744.0
CCFE,Concourse Capital Focused Equity ETF,,NGM,USD,,,,
CCG,Cheche Group Inc.,China,NCM,USD,,65046611.0,23485314.0,72184000.0
CCGWW,Cheche Group Inc.,,,,,,23485314.0,
CCHH,CCH Holdings Ltd,Malaysia,NCM,USD,,19250000.0,3693420.0,9755900.0
CCI,Crown Castle Inc.,United States,NYQ,USD,,435479010.0,434590633.0,38444085248.0
CCID,Carlyle Credit Income Fund,United States,NYQ,USD,,,,
CCIF,Carlyle Credit Income Fund,US,"NEW YORK STOCK EXCHANGE, INC.",USD,2019-05-29,21198622.0,,97937632.0
CCII,Cohen Circle Acquisition Corp. II,United States,NGM,USD,,26020000.0,23109576.0,355606688.0
CCIIU,Cohen Circle Acquisition Corp. II,United States,NGM,USD,,,23109576.0,
CCIIW,Cohen Circle Acquisition Corp. II,United States,NGM,USD,,6325000.0,23109576.0,3944902.0
CCIX,Churchill Capital Corp IX,United States,NGM,USD,,29475000.0,21420432.0,388622528.0
CCIXU,Churchill Capital Corp IX,United States,NGM,USD,,,21420432.0,
CCIXW,Churchill Capital Corp IX,United States,NGM,USD,,31900000.0,21420432.0,25201000.0
CCJ,Cameco Corporation,Canada,NYQ,USD,,435407158.0,434353474.0,40538771456.0
CCK,"Crown Holdings, Inc.",United States,NYQ,USD,,115347894.0,112868319.0,11975048192.0
CCL,Carnival Corporation & plc,United States,NYQ,USD,,1167000000.0,1214151040.0,40278401024.0
CCLD,"CareCloud, Inc.",,,,,42397039.0,36036635.0,128887000.0
CCM,Concord Medical Services Holdings Limited,CN,"NEW YORK STOCK EXCHANGE, INC.",CNY,2009-12-11,2815458.0,42334328.0,16324878.0
CCNE,CNB Financial Corporation,United States,NMS,USD,,29476240.0,28438243.0,790552768.0
CCNEP,CNB Financial Corporation,United States,NMS,USD,,,28438243.0,
CCNR,ALPS/CoreCommodity Natural Resources ETF,,NGM,USD,,,,
CCO,"Clear Channel Outdoor Holdings, Inc.",United States,NYQ,USD,,497305185.0,350525560.0,1118936704.0
CCOI,"Cogent Communications Holdings, Inc.",United States,NMS,USD,,49121159.0,46249387.0,1109561856.0
CCOR,Core Alternative ETF,,PCX,USD,,,,
CCPIF,,,,,,,,
CCPUF,SATO Technologies Corp.,,,,,73277783.0,44104432.0,8023917.0
CCRN,"Cross Country Healthcare, Inc.",United States,NMS,USD,,32759952.0,30550621.0,262079616.0
CCRP,Columbia Corporate Bond ETF Shares,,PCX,USD,,,,
CCS,"Century Communities, Inc.",United States,NYQ,USD,,29384289.0,24817383.0,1750810368.0
CCSB,Carbon Collective Short Duration Green Bond ETF,,NGM,USD,,,,
CCSI,"Consensus Cloud Solutions, Inc.",United States,NMS,USD,,19005775.0,17023283.0,443784864.0
CCSO,Carbon Collective Climate Solutions U.S. Equity ETF,,,,,,,
CCU,Compañía Cervecerías Unidas S.A.,Chile,NYQ,USD,,184751436.0,120435766.0,2409916928.0
CCXIU,Churchill Capital Corp XI,United States,NGM,USD,,,,
CCZ,Comcast Holdings Corp.,US,"NEW YORK STOCK EXCHANGE, INC.",USD,1999-11-24,,,56843509760.0
CD,Chaince Digital Holdings Inc.,United States,NGM,USD,,70874797.0,47113781.0,404695104.0
CDAWF,,,,,,,,
CDC,VictoryShares US EQ Income Enhanced Volatility Wtd ETF,,NGM,USD,,,,
CDE,"Coeur Mining, Inc.",United States,NYQ,USD,,642106588.0,632385516.0,12323912704.0
CDEI,"Calvert US Large-Cap Diversity, Equity And Inclusion Index ETF",,PCX,USD,,,,
CDIG,City Different Investments Global Equity ETF,,NGM,USD,,,,
CDIO,"Cardio Diagnostics Holdings, Inc.",United States,NCM,USD,,1826051.0,1697607.0,6080753.0
CDIOW,"Cardio Diagnostics Holdings, Inc.",United States,NCM,USD,,,1697607.0,
CDIX,Cardiff Lexington Corporation,,,,,40404892.0,14867455.0,71516656.0
CDL,VictoryShares US Large Cap High Div Volatility Wtd ETF,,,,,,,
CDLR,Cadeler A/S,Denmark,NYQ,USD,,87619810.0,181817673.0,1687557504.0
CDLX,"Cardlytics, Inc.",United States,NGM,USD,,54056548.0,47331913.0,64057008.0
CDNA,"CareDx, Inc.",US,NASDAQ NMS - GLOBAL MARKET,USD,2014-07-17,51432639.0,50043443.0,1036860928.0
CDNL,Cardinal Infrastructure Group Inc.,United States,NMS,USD,,14943750.0,10992.0,905391552.0
CDNS,"Cadence Design Systems, Inc.",United States,NMS,USD,,272201000.0,271112196.0,86894338048.0
CDP,COPT Defense Properties,United States,NYQ,USD,,113210594.0,112283139.0,3257991168.0
CDR.PRB,Cedar Realty Trust Inc,US,"NEW YORK STOCK EXCHANGE, INC.",USD,1986-12-17,,,25.0
CDRE,"Cadre Holdings, Inc.",US,"NEW YORK STOCK EXCHANGE, INC.",USD,2021-11-04,40681668.0,26267339.0,1706189056.0
CDRO,"Codere Online Luxembourg, S.A.",Luxembourg,NCM,USD,,45555173.0,15193106.0,369234208.0
CDROW,"Codere Online Luxembourg, S.A.",Luxembourg,NCM,USD,,,15193106.0,
CDT,CDT Equity Inc.,United States,NCM,USD,,1629402.0,1152346.0,2330046.0
CDTTW,CDT Equity Inc.,United States,NCM,USD,,,1152346.0,
CDTX,"Cidara Therapeutics, Inc.",United States,NCM,USD,,31446306.0,23100707.0,6943344640.0
CDW,CDW Corporation,,,,,130193660.0,129724963.0,18310498304.0
CDX,Simplify High Yield ETF,,,,,,,
CDXS,"Codexis, Inc.",United States,NMS,USD,,90324383.0,79499006.0,147228752.0
CDZI,Cadiz Inc.,United States,NGM,USD,,83110079.0,55957185.0,478572448.0
CDZIP,Cadiz Inc.,US,NASDAQ NMS - GLOBAL MARKET,USD,1989-01-03,,55957185.0,473.0
CE,Celanese Corporation,United States,NYQ,USD,,109504894.0,108924518.0,4692284416.0
CECO,CECO Environmental Corp.,United States,NMS,USD,,35641031.0,30310915.0,2188537600.0
CEE,"The Central and Eastern Europe Fund, Inc.",Germany,NYQ,USD,,6458365.0,,114829736.0
CEF,Sprott Physical Gold and Silver Trust,,,,,193678970.0,,9484460032.0
CEFA,Global X S&P Catholic Values Developed ex-U.S. ETF,,,,,,,
CEFD,ETRACS Monthly Pay 1.5X Leveraged Closed-End Fund Index ETN,,PCX,USD,,,,
CEG,Constellation Energy Corporation,United States,NMS,USD,,312290080.0,311521846.0,112609705984.0
CEGX,Tradr 2X Long CEG Daily ETF,,,,,,,
CELC,Celcuity Inc.,US,NASDAQ NMS - GLOBAL MARKET,USD,2017-09-20,46271259.0,30876348.0,4731236352.0
CELH,"Celsius Holdings, Inc.",United States,NCM,USD,,257785297.0,198156980.0,11752431616.0
CELU,Celularity Inc.,United States,NCM,USD,,28478880.0,16718855.0,38161700.0
CELUW,Celularity Inc.,United States,NCM,USD,,,16718855.0,
CELZ,"Creative Medical Technology Holdings, Inc.",United States,NCM,USD,,3494668.0,2395353.0,7338802.0
CEMB,iShares J.P. Morgan EM Corporate Bond ETF,,,,,,,
CENT,Central Garden & Pet Company,United States,NMS,USD,,9650221.0,57280640.0,2034434432.0
CENTA,Central Garden & Pet Company,United States,NMS,USD,,50981561.0,57280640.0,1879684736.0
CENX,Century Aluminum Company,United States,NMS,USD,,93341969.0,56643640.0,3750480384.0
CEPF,"Cantor Equity Partners IV, Inc.",United States,NGM,USD,,45900000.0,42005250.0,588073472.0
CEPI,REX Crypto Equity Premium Income ETF,,NGM,USD,,,,
CEPO,"Cantor Equity Partners I, Inc.",United States,NGM,USD,,20500000.0,14911635.0,265965008.0
CEPT,"Cantor Equity Partners II, Inc.",,,,,24580000.0,20756175.0,340661216.0
CEPU,Central Puerto S.A.,Argentina,NYQ,USD,,150274463.0,966239632.0,2786217728.0
CEPV,"Cantor Equity Partners V, Inc.",United States,NGM,USD,,25540000.0,24999974.0,325211680.0
CERS,Cerus Corporation,United States,NGM,USD,,192087501.0,176749314.0,389937632.0
CERT,"Certara, Inc.",United States,NMS,USD,,159273367.0,118911903.0,1415940224.0
CERY,SPDR Bloomberg Enhanced Roll Yield Commodity Strategy No K-1 ETF,,PCX,USD,,,,
CESTY,Chinese Estates Holdings Limited,,,,,95380954.0,476923846.0,333833344.0
CET,Central Securities Corporation,US,NYSE MKT LLC,USD,1980-03-17,28913659.0,16793921.0,1477745024.0
CETFF,iShares VII Public Limited Company - iShares MSCI EM Asia UCITS ETF,,,,,,,
CETX,"Cemtrex, Inc.",United States,NCM,USD,,6911663.0,378546.0,15758594.0
CETXP,"Cemtrex, Inc.",US,NASDAQ NMS - GLOBAL MARKET,USD,2001-06-21,1486740.0,378546.0,957774.0
CETY,"Clean Energy Technologies, Inc.",United States,NCM,USD,,7463203.0,3962212.0,6418354.0
CEV,Eaton Vance California Municipal Income Trust,,,,,7033575.0,,71039112.0
CEVA,"CEVA, Inc.",United States,NMS,USD,,27017805.0,21489691.0,585475840.0
CEW,WisdomTree Emerging Currency Strategy Fund,,PCX,USD,,,,
CF,"CF Industries Holdings, Inc.",United States,NYQ,USD,,155974644.0,154444533.0,12544804864.0
CFA,VictoryShares US 500 Volatility Wtd ETF,,,,,,,
CFBK,CF Bankshares Inc.,United States,NCM,USD,,6367075.0,4383700.0,166764896.0
CFFI,C&F Financial Corporation,United States,NMS,USD,,3238232.0,3017320.0,230567024.0
CFFN,"Capitol Federal Financial, Inc.",United States,NMS,USD,,131438305.0,111914530.0,920068096.0
CFG,"Citizens Financial Group, Inc.",United States,NYQ,USD,,429486191.0,425380303.0,25807611904.0
CFGX,"Capital Financial Global, Inc.",,,,,3159275316.0,,315927.0
CFLT,"Confluent, Inc.",United States,NMS,USD,,303162157.0,292791007.0,10633373696.0
CFND,C1 Fund Inc.,United States,NYQ,USD,,6766670.0,,33833352.0
CFO,VictoryShares US 500 Enhanced Volatility Wtd ETF,,,,,,,
CFR,"Cullen/Frost Bankers, Inc.",,,,,63941101.0,63079175.0,8272231936.0
CG,The Carlyle Group Inc.,United States,NMS,USD,,360410486.0,265056684.0,22096551936.0
CGABL,The Carlyle Group Inc. 4.625% Subordinated Notes due 2061,,NMS,USD,,,,
CGAU,Centerra Gold Inc.,Canada,NYQ,USD,,201768421.0,201176322.0,3065627136.0
CGBD,"Carlyle Secured Lending, Inc.",United States,NMS,USD,,72902981.0,,920764672.0
CGBL,Capital Group Core Balanced ETF,,PCX,USD,,,,
CGBLF,iShares Gold Bullion ETF,,,,,,,
CGC,Canopy Growth Corporation,Canada,NMS,USD,,342195956.0,342024858.0,438464384.0
CGCB,Capital Group Core Bond ETF,,,,,,,
CGCP,Capital Group Core Plus Income ETF,,,,,,,
CGCT,Cartesian Growth Corporation III,United States,NGM,USD,,27600000.0,27600000.0,355695008.0
CGCTU,Cartesian Growth Corporation III,United States,NGM,USD,,,27600000.0,
CGCTW,Cartesian Growth Corporation III,United States,NGM,USD,,,27600000.0,
CGCV,Capital Group Conservative Equity ETF,,PCX,USD,,,,
CGDG,Capital Group Dividend Growers ETF,,,,,,,
CGDV,Capital Group Dividend Value ETF,,PCX,USD,,,,
CGEM,"Cullinan Therapeutics, Inc.",United States,NMS,USD,,59076259.0,45079321.0,612620800.0
CGEN,Compugen Ltd.,,,,,93535357.0,91626637.0,144964752.0
CGGE,Capital Group Global Equity ETF,,PCX,USD,,,,
CGGG,Capital Group U.S. Large Growth ETF,,PCX,USD,,,,
CGGO,Capital Group Global Growth Equity ETF,,PCX,USD,,,,
CGGR,Capital Group Growth ETF,,PCX,USD,,,,
CGHM,Capital Group Municipal High-Income ETF,,PCX,USD,,,,
CGHY,Capital Group High Yield Bond ETF,,PCX,USD,,,,
CGIB,Capital Group International Bond ETF (USD-Hedged),,PCX,USD,,,,
CGIC,Capital Group International Core Equity ETF,,,,,,,
CGIE,Capital Group International Equity ETF,,PCX,USD,,,,
CGIFF,Chemtrade Logistics Income Fund,,,,,115726030.0,115096480.0,1226695936.0
CGMM,Capital Group U.S. Small and Mid Cap ETF,,PCX,USD,,,,
CGMS,Capital Group U.S. Multi-Sector Income ETF,,PCX,USD,,,,
CGMU,Capital Group Municipal Income ETF,,,,,,,
CGNG,Capital Group New Geography Equity ETF,,PCX,USD,,,,
CGNT,Cognyte Software Ltd.,IL,NASDAQ NMS - GLOBAL MARKET,USD,2021-02-02,73038091.0,48435940.0,679984640.0
CGNX,Cognex Corporation,United States,NMS,USD,,167598049.0,160046081.0,6125708288.0
CGO,Calamos Global Total Return Fund,United States,NGM,USD,,9827294.0,,113800072.0
CGON,"CG Oncology, Inc.",United States,NMS,USD,,80666179.0,65435598.0,3213740544.0
CGRA,American Infrastructure Holding Corporation,,,,,699401997.0,,2098206.0
CGRO,CoreValues Alpha Greater China Growth ETF,,PCX,USD,,,,
CGSD,Capital Group Short Duration Income ETF,,PCX,USD,,,,
CGSM,Capital Group Short Duration Municipal Income ETF,,PCX,USD,,,,
CGTX,"Cognition Therapeutics, Inc.",United States,NCM,USD,,88274258.0,81667813.0,127997672.0
CGUI,Capital Group Ultra Short Income ETF,,PCX,USD,,,,
CGUIF,CASINO GUICHARD-PERRACHON,,,,,400345591.0,152280151.0,220190080.0
CGUS,Capital Group Core Equity ETF,,PCX,USD,,,,
CGV,Conductor Global Equity Value ETF,,NYQ,USD,,,,
CGVV,Capital Group U.S. Large Value ETF,,PCX,USD,,,,
CGW,Invesco S&P Global Water Index ETF,,PCX,USD,,,,
CGXU,Capital Group International Focus Equity ETF,,,,,,,
CHA,Chagee Holdings Limited,,,,,120478383.0,28756586.0,2210454528.0
CHAC,Crane Harbor Acquisition Corp.,United States,NGM,USD,,22640000.0,,325810112.0
CHACR,Crane Harbor Acquisition Corp.,United States,NGM,USD,,,,
CHACU,Crane Harbor Acquisition Corp.,US,NASDAQ NMS - GLOBAL MARKET,USD,2025-04-25,,,325.0
CHAI,Core AI Holdings,United States,NCM,USD,,19922423.0,,41637864.0
CHAR,Charlton Aria Acquisition Corporation,United States,NGM,USD,,8840000.0,7845896.0,114584248.0
CHARR,Charlton Aria Acquisition Corporation,,,,,,7845896.0,
CHARU,Charlton Aria Acquisition Corporation,United States,NGM,USD,,,7845896.0,
CHAT,Roundhill Generative AI & Technology ETF,,PCX,USD,,,,
CHAU,Direxion Daily CSI 300 China A Share Bull 2X Shares,,PCX,USD,,,,
CHBGF,China Boton Group Company Limited,,,,,1080012146.0,348552320.0,324003648.0
CHCI,"Comstock Holding Companies, Inc.",United States,NCM,USD,,9867401.0,3584344.0,110056272.0
CHCO,City Holding Company,United States,NMS,USD,,14408651.0,14133302.0,1794895104.0
CHCT,Community Healthcare Trust Incorporated,United States,NYQ,USD,,28471424.0,25302796.0,454119200.0
CHD,"Church & Dwight Co., Inc.",United States,NYQ,USD,,240130071.0,239479319.0,20801746944.0
CHDN,Churchill Downs Incorporated,United States,NMS,USD,,69728742.0,65834392.0,8029936128.0
CHE,Chemed Corporation,,,,,14108915.0,13876823.0,6297594880.0
CHEC,Chenghe Acquisition III Co.,Singapore,NGM,USD,,13058000.0,13057921.0,171744752.0
CHECU,Chenghe Acquisition III Co.,Singapore,NGM,USD,,0.0,13057921.0,0.0
CHECW,Chenghe Acquisition III Co.,Singapore,NGM,USD,,,13057921.0,
CHEF,"The Chefs' Warehouse, Inc.",United States,NMS,USD,,40685549.0,36407464.0,2589651456.0
CHESW,,,,,,,,
CHGG,"Chegg, Inc.",United States,NYQ,USD,,109273108.0,98372023.0,108420776.0
CHGX,Stance Sustainable Beta ETF,,NGM,USD,,,,
CHH,"Choice Hotels International, Inc.",United States,NYQ,USD,,46272618.0,34068341.0,4439857152.0
CHHYF,Charbone Hydrogen Corporation,,,,,225385898.0,195806253.0,40335980.0
CHI,Calamos Convertible Opportunities and Income Fund,,,,,77871531.0,,842569920.0
CHIQ,Global X MSCI China Consumer Discretionary ETF,,PCX,USD,,,,
CHKP,Check Point Software Technologies Ltd.,Israel,NMS,USD,,107354722.0,82084494.0,20358211584.0
CHMG,Chemung Financial Corporation,US,NASDAQ NMS - GLOBAL MARKET,USD,1994-03-21,4794349.0,3498580.0,264887776.0
CHMI,Cherry Hill Mortgage Investment Corporation,,,,,36739538.0,36377654.0,101547816.0
CHMR,Chimera Energy Corporation,,,,,66000000.0,,66.0
CHNEY,CHINA EASTERN AIRLINES CORP,,,,,,,
CHNR,"China Natural Resources, Inc.",China,NCM,USD,,1233382.0,523379.0,4316837.0
CHOW,ChowChow Cloud International Holdings Limited,Hong Kong,ASE,USD,,35100000.0,,27729000.0
CHPG,ChampionsGate Acquisition Corporation,United States,NGM,USD,,8617125.0,7597129.0,101670576.0
CHPGR,ChampionsGate Acquisition Corporation,United States,NGM,USD,,,7597129.0,
CHPGU,ChampionsGate Acquisition Corporation,United States,NGM,USD,,,7597129.0,
CHPS,Xtrackers Semiconductor Select Equity ETF,,NGM,USD,,,,
CHPT,"ChargePoint Holdings, Inc.",United States,NYQ,USD,,23653089.0,21698398.0,167463856.0
CHPX,Global X AI Semiconductor & Quantum ETF,,NGM,USD,,,,
CHPY,YieldMax Semiconductor Portfolio Option Income ETF,,,,,,,
CHRD,Chord Energy Corporation,United States,NMS,USD,,56865300.0,53418694.0,5155519488.0
CHRI,Global X S&P 500 Christian Values ETF,,NGM,USD,,,,
CHRS,"Coherus Oncology, Inc.",United States,NGM,USD,,120871013.0,112990223.0,160758464.0
CHRW,"C.H. Robinson Worldwide, Inc.",United States,NMS,USD,,118137178.0,117661085.0,19448332288.0
CHRYY,Chorus Limited,,,,,86777458.0,433423035.0,2399396608.0
CHSCL,CHS Inc.,US,NASDAQ NMS - GLOBAL MARKET,USD,2003-01-29,,,340.0
CHSCM,CHS Inc.,United States,NMS,USD,,,,
CHSCN,CHS Inc.,United States,NMS,USD,,,,
CHSCO,CHS Inc.,United States,NMS,USD,,,,
CHSCP,CHS Inc.,US,NASDAQ NMS - GLOBAL MARKET,USD,2003-01-29,,,340.0
CHSN,Chanson International Holding,China,NCM,USD,,38907905.0,231770.0,81465648.0
CHT,"Chunghwa Telecom Co., Ltd.",Taiwan,NYQ,USD,,775744655.0,4145657008.0,32402634752.0
CHTR,"Charter Communications, Inc.",United States,NMS,USD,,129409366.0,83990561.0,28296189952.0
CHW,Calamos Global Dynamic Income Fund,United States,NGM,USD,,63864387.0,,477066976.0
CHWY,"Chewy, Inc.",United States,NYQ,USD,,238520324.0,236810624.0,13483303936.0
CHY,Calamos Convertible and High Income Fund,United States,NGM,USD,,79301754.0,,928623488.0
CHYM,"Chime Financial, Inc.",United States,NMS,USD,,342395697.0,213108654.0,9922570240.0
CI,The Cigna Group,United States,NYQ,USD,,267125816.0,265859640.0,73862963200.0
CIA,"Citizens, Inc.",United States,NYQ,USD,,50296848.0,45118285.0,259531728.0
CIB,Grupo Cibest S.A.,Colombia,NYQ,USD,,113030604.0,540461164.0,17043943424.0
CIBR,First Trust NASDAQ Cybersecurity ETF,,NGM,USD,,,,
CIBY,"CIBL, Inc.",,,,,11462.0,,19387200.0
CICB,CION Investment Corporation,United States,NYQ,USD,,,,
CIEN,Ciena Corporation,United States,NYQ,USD,,140854735.0,139477176.0,34090389504.0
CIF,MFS Intermediate High Income Fund,United States,NYQ,USD,,17901986.0,,30612396.0
CIFG,Leverage Shares 2X Long CIFR Daily ETF,,NGM,USD,,,,
CIFR,Cipher Mining Inc.,United States,NMS,USD,,395092054.0,319961349.0,6001448448.0
CIFRW,Cipher Mining Inc.,United States,NMS,USD,,,319961349.0,
CIG,Companhia Energética de Minas Gerais - CEMIG,Brazil,NYQ,USD,,1904080104.0,2373107263.0,6552278016.0
CIGI,Colliers International Group Inc.,Canada,NMS,USD,,49615627.0,40062802.0,7629990912.0
CIGL,Concorde International Group Ltd.,Singapore,NCM,USD,,6674356.0,1841781.0,49572304.0
CII,"BlackRock Enhanced Large Cap Core Fund, Inc.",United States,NYQ,USD,,40917987.0,,978674368.0
CIIT,"Tianci International, Inc.",,,,,24531803.0,8098439.0,8895232.0
CIK,"Credit Suisse Asset Management Income Fund, Inc.",United States,ASE,USD,,54823326.0,,156246480.0
CIL,VictoryShares International Volatility Wtd ETF,,NGM,USD,,,,
CIM,Chimera Investment Corporation,US,"NEW YORK STOCK EXCHANGE, INC.",USD,2007-11-16,83151407.0,80886363.0,1070990144.0
CIMDF,CIMB Group Holdings Berhad,,,,,10790968415.0,7998327437.0,21258207232.0
CIMN,Chimera Investment Corporation ,,NYQ,USD,,,,
CIMO,Chimera Investment Corporation,United States,NYQ,USD,,,79764849.0,
CIMP,Chimera Investment Corporation ,,NYQ,USD,,,,
CINF,Cincinnati Financial Corporation,United States,NMS,USD,,156018513.0,153258546.0,25769269248.0
CING,Cingulate Inc.,United States,NCM,USD,,6757070.0,6749232.0,28244552.0
CINGF,Coinsilium Group Limited,,,,,218697566.0,230508197.0,7671911.0
CINGW,Cingulate Inc.,,,,,,6749232.0,
CINT,CI&T Inc.,Brazil,NYQ,USD,,18319890.0,18173006.0,563403456.0
CIO,"City Office REIT, Inc.",Canada,NYQ,USD,,40363640.0,32468108.0,281334560.0
CION,CION Investment Corporation,United States,NYQ,USD,,51670947.0,,499512448.0
CIPI,Correlate Energy Corp.,,,,,78280884.0,54189942.0,15656.0
CISO,CISO Global Inc.,United States,NCM,USD,,44046343.0,38643741.0,19389200.0
CISS,C3is Inc.,Greece,NCM,USD,,4418378.0,743251.0,931394.0
CITR,"General Enterprise Ventures, Inc.",US,NYSE MKT LLC,USD,1997-11-12,,12335835.0,149.0
CIVB,"Civista Bancshares, Inc.",United States,NCM,USD,,19312879.0,18769608.0,444775648.0
CIVI,"Civitas Resources, Inc.",United States,NYQ,USD,,85313364.0,73693416.0,2294929408.0
CIX,CompX International Inc.,United States,ASE,USD,,12323057.0,1517708.0,284231328.0
CJEWF,Chow Tai Fook Jewellery Group Limited,,,,,9864944600.0,2095511532.0,15665532928.0
CJEWY,Chow Tai Fook Jewellery Group Limited,,,,,986494460.0,2095511532.0,16331416576.0
CJMB,Callan JMB Inc.,US,NASDAQ NMS - GLOBAL MARKET,USD,2025-02-05,4623027.0,1371652.0,6148626.0
CKHGF,Capitec Bank Holdings Limited,,,,,115805828.0,87323446.0,19312936960.0
CKX,"CKX Lands, Inc.",United States,ASE,USD,,2053129.0,1243170.0,19402068.0
CL,Colgate-Palmolive Company,United States,NYQ,USD,,806064942.0,755613337.0,64439447552.0
CLAR,Clarus Corporation,United States,NMS,USD,,38401824.0,25674307.0,129798168.0
CLB,Core Laboratories Inc.,United States,NYQ,USD,,46563387.0,46051190.0,767183232.0
CLBK,"Columbia Financial, Inc.",United States,NMS,USD,,104313352.0,27052045.0,1691425536.0
CLBT,Cellebrite DI Ltd.,Israel,NMS,USD,,244469106.0,120415103.0,4500676096.0
CLCG,Crossmark Large Cap Growth ETF,,PCX,USD,,,,
CLCO,Cool Company Ltd.,United Kingdom,NYQ,USD,,52868029.0,15093822.0,519692704.0
CLCV,Crossmark Large Cap Value ETF,,PCX,USD,,,,
CLDI,"Calidi Biotherapeutics, Inc.",United States,ASE,USD,,7167721.0,6114468.0,8887974.0
CLDT,Chatham Lodging Trust,United States,NYQ,USD,,48516000.0,47335230.0,349374752.0
CLDT.PRA,Chatham Lodging Trust,US,"NEW YORK STOCK EXCHANGE, INC.",USD,2010-04-16,,,333.0
CLDX,"Celldex Therapeutics, Inc.",United States,NCM,USD,,66449471.0,56223562.0,1754265984.0
CLF,Cleveland-Cliffs Inc.,US,"NEW YORK STOCK EXCHANGE, INC.",USD,1960-07-27,569707468.0,487682622.0,7879053824.0
CLFD,"Clearfield, Inc.",United States,NGM,USD,,13839096.0,11314845.0,417525536.0
CLGMF,Cleghorn Minerals Ltd.,,,,,38703854.0,16572990.0,1108476.0
CLGN,CollPlant Biotechnologies Ltd.,,,,,12776385.0,8723460.0,19547868.0
CLH,"Clean Harbors, Inc.",United States,NYQ,USD,,53431835.0,50479726.0,12916340736.0
CLIK,Click Holdings Limited,Hong Kong,NCM,USD,,2935986.0,653496.0,18077202.0
CLIP,Global X 1-3 Month T-Bill ETF,,PCX,USD,,,,
CLIX,ProShares Long Online/Short Stores ETF,,PCX,USD,,,,
CLLKF,BICO Group AB (publ),,,,,69074895.0,42176263.0,156186064.0
CLLS,Cellectis S.A.,France,NGM,USD,,72325229.0,42290731.0,476544864.0
CLM,"Cornerstone Strategic Investment Fund, Inc.",United States,ASE,USD,,283889641.0,,2373317120.0
CLMB,"Climb Global Solutions, Inc.",United States,NGM,USD,,4613446.0,3974591.0,480305984.0
CLMT,"Calumet, Inc.",United States,NMS,USD,,86754321.0,56971563.0,1708192640.0
CLNE,Clean Energy Fuels Corp.,United States,NMS,USD,,219300999.0,173234631.0,475883168.0
CLNN,Clene Inc.,United States,NCM,USD,,10333980.0,7763196.0,64587376.0
CLNNW,Clene Inc.,United States,NCM,USD,,,7763196.0,
CLOA,iShares AAA CLO Active ETF,,NGM,USD,,,,
CLOB,VanEck AA-BB CLO ETF,,PCX,USD,,,,
CLOC,AAM Crescent Clo ETF,,PCX,USD,,,,
CLOD,Themes Cloud Computing ETF,,NGM,USD,,,,
CLOI,VanEck CLO ETF,,,,,,,
CLOU,Global X Cloud Computing ETF Global X Cloud Computing ETF,,NGM,USD,,,,
CLOV,"Clover Health Investments, Corp.",United States,NMS,USD,,424304898.0,404217910.0,1296861952.0
CLOX,Eldridge AAA CLO ETF,,PCX,USD,,,,
CLOZ,Eldridge BBB-B CLO ETF,,PCX,USD,,,,
CLPR,Clipper Realty Inc.,United States,NYQ,USD,,16146546.0,12862984.0,149048448.0
CLPS,CLPS Incorporation,Hong Kong,NGM,USD,,29743452.0,13239703.0,25876804.0
CLPT,"ClearPoint Neuro, Inc.",United States,NCM,USD,,29748308.0,26107377.0,417071296.0
CLRB,"Cellectar Biosciences, Inc.",United States,NCM,USD,,4240134.0,4059165.0,10854743.0
CLRCF,ClimateRock,,,,,2535300.0,311538.0,30677252.0
CLRO,"ClearOne, Inc.",US,NASDAQ NMS - GLOBAL MARKET,USD,1989-03-03,2237912.0,387830.0,11928071.0
CLRRF,ClimateRock,,,,,,311538.0,
CLRWF,,,,,,,,
CLS,Celestica Inc.,Canada,NYQ,USD,,115036621.0,114362506.0,34920517632.0
CLSE,Convergence Long/Short Equity ETF,,,,,,,
CLSK,"CleanSpark, Inc.",,,,,255583445.0,246842491.0,2916633344.0
CLSKW,"CleanSpark, Inc.",United States,NCM,USD,,,246842491.0,
CLSM,ETC Cabana Target Leading Sector Moderate ETF,,NGM,USD,,,,
CLST,"Catalyst Bancorp, Inc.",United States,NCM,USD,,4113660.0,2783796.0,64275020.0
CLVT,Clarivate Plc,United Kingdom,NYQ,USD,,661435069.0,386622027.0,2352766720.0
CLW,Clearwater Paper Corporation,United States,NYQ,USD,,16038337.0,15543394.0,289713536.0
CLWT,Euro Tech Holdings Company Limited,Hong Kong,NCM,USD,,7616844.0,3245004.0,9645375.0
CLX,The Clorox Company,United States,NYQ,USD,,121980379.0,121572965.0,12018725888.0
CLYAF,iShares Global Agriculture Index ETF,,,,,,,
CLYM,Climb Bio Inc,United States,NGM,USD,,47744435.0,50830133.0,336149248.0
CM,Canadian Imperial Bank of Commerce,Canada,NYQ,USD,,926610598.0,902328726.0,86665175040.0
CMA,Comerica Incorporated,,,,,127794131.0,126748805.0,11362176000.0
CMBO,Wayfinder Dynamic U.S. Interest Rate ETF,,NGM,USD,,,,
CMBS,iShares CMBS ETF,,,,,,,
CMBT,Cmb.Tech NV,Belgium,NYQ,USD,,290169769.0,111419388.0,2876356352.0
CMC,Commercial Metals Company,United States,NYQ,USD,,111047945.0,109870609.0,7911055360.0
CMCL,Caledonia Mining Corporation Plc,Jersey,ASE,USD,,19304784.0,14864138.0,538217344.0
CMCM,Cheetah Mobile Inc.,China,NYQ,USD,,10362098.0,374645160.0,194578944.0
CMCO,Columbus McKinnon Corporation,United States,NMS,USD,,28728261.0,27765140.0,511075776.0
CMCSA,Comcast Corporation,United States,NMS,USD,,3634450130.0,3606908976.0,109510844416.0
CMCSV,Comcast Corporation,United States,NMS,USD,,,3606908976.0,
CMCT,Creative Media & Community Trust Corporation,United States,NCM,USD,,947030.0,589626.0,4271105.0
CMDB,Costamare Bulkers Holdings Limited,Monaco,NYQ,USD,,24301491.0,9038697.0,373513920.0
CMDLF,,,,,,733503352.0,,3667516.0
CMDT,PIMCO Commodity Strategy Active Exchange-Traded Fund,,PCX,USD,,,,
CMDY,iShares Bloomberg Roll Select Commodity Strategy ETF,,PCX,USD,,,,
CME,CME Group Inc.,,,,,360596647.0,359031176.0,99788783616.0
CMF,iShares California Muni Bond ETF,,PCX,USD,,,,
CMG,"Chipotle Mexican Grill, Inc.",United States,NYQ,USD,,1322278000.0,1313061722.0,50698862592.0
CMGEF,,,,,,,,
CMGG,Leverage Shares 2X Long CMG Daily ETF,,NGM,USD,,,,
CMI,Cummins Inc.,United States,NYQ,USD,,138036253.0,137431654.0,71657381888.0
CMJIF,ISHARES III PLC,,,,,,,
CMMB,Chemomab Therapeutics Ltd.,Israel,NCM,USD,,6155117.0,423151984.0,11079210.0
CMP,"Compass Minerals International, Inc.",United States,NYQ,USD,,41819495.0,41651799.0,838899072.0
CMPO,"CompoSecure, Inc.",US,NASDAQ NMS - GLOBAL MARKET,USD,2020-11-06,126411164.0,56898790.0,2467546112.0
CMPR,Cimpress plc,Ireland,NMS,USD,,24671784.0,15380390.0,1707287424.0
CMPS,COMPASS Pathways plc,United Kingdom,NMS,USD,,96017044.0,67382841.0,641393792.0
CMPX,"Compass Therapeutics, Inc.",United States,NCM,USD,,177862102.0,107997868.0,919547072.0
CMRA,"Comera Life Sciences Holdings, Inc.",,,,,30737796.0,13527704.0,3073.0
CMRC,"Commerce.com, Inc.",US,NASDAQ NMS - GLOBAL MARKET,USD,2020-08-05,81263346.0,54436690.0,340493408.0
CMRE,Costamare Inc.,Monaco,NYQ,USD,,120427394.0,47372524.0,1893118592.0
CMS,CMS Energy Corporation,,,,,304319765.0,302353859.0,21290211328.0
CMS.PRB,,,,,,,,
CMSA,CMS Energy Corporation 5.6% JRSUB NT 78,,NYQ,USD,,281600000.0,,6136064512.0
CMSC,CMS Energy Corporation 5.875% J,,NYQ,USD,,,,
CMSD,CMS Energy Corporation 5.875% J,,NYQ,USD,,,,
CMT,"Core Molding Technologies, Inc.",United States,ASE,USD,,8561353.0,7283914.0,182185600.0
CMTG,"Claros Mortgage Trust, Inc.",,,,,140218764.0,128608650.0,431873792.0
CMTL,Comtech Telecommunications Corp.,United States,NMS,USD,,29629375.0,26917102.0,140146944.0
CMU,MFS High Yield Municipal Trust,United States,NYQ,USD,,25492782.0,,88969808.0
CNA,CNA Financial Corporation,United States,NYQ,USD,,270666584.0,20746594.0,12927036416.0
CNBB,"CNB Community Bancorp, Inc.",,,,,2038033.0,,92839632.0
CNBS,Amplify Seymour Cannabis ETF,,PCX,USD,,,,
CNC,Centene Corporation,United States,NYQ,USD,,491518000.0,489114477.0,19911393280.0
CNCG,Themes ETF Trust - Leverage Shares 2X Long CNC Daily ETF,,NGM,USD,,,,
CNCK,Coincheck Group N.V.,Netherlands,NGM,USD,,135822026.0,7820570.0,472660672.0
CNCKW,Coincheck Group N.V.,Netherlands,NCM,USD,,,7820570.0,
CNDEF,,,,,,,,
CNDT,Conduent Incorporated,United States,NMS,USD,,152889491.0,138377221.0,304889856.0
CNEQ,Alger Concentrated Equity ETF,,PCX,USD,,,,
CNET,ZW Data Action Technologies Inc.,Hong Kong,NCM,USD,,3268469.0,2955807.0,3954847.0
CNEY,CN Energy Group. Inc.,CN,NASDAQ NMS - GLOBAL MARKET,USD,2021-02-05,4988337.0,696597.0,2983965.0
CNF,CNFinance Holdings Limited,China,NYQ,USD,,6858216.0,978255930.0,42795272.0
CNFHF,CanaFarma Hemp Products Corp.,,,,,195606145.0,145570513.0,19560.0
CNH,CNH Industrial N.V.,GB,"NEW YORK STOCK EXCHANGE, INC.",USD,2013-09-30,1246404668.0,870813085.0,11807740928.0
CNI,Canadian National Railway Company,Canada,NYQ,USD,,615500000.0,598136745.0,61824090112.0
CNK,"Cinemark Holdings, Inc.",United States,NYQ,USD,,117475902.0,99018960.0,2685499136.0
CNL,Collective Mining Ltd.,Canada,ASE,USD,,92264749.0,45940464.0,1428106112.0
CNLHN,The Connecticut Light and Power Company,,,,,6035200.0,,194635200.0
CNLHP,The Connecticut Light and Power Company,,,,,6035200.0,,226018240.0
CNM,"Core & Main, Inc.",United States,NYQ,USD,,188802673.0,178760259.0,10660952064.0
CNMD,CONMED Corporation,,,,,30967954.0,30681810.0,1263492480.0
CNNE,"Cannae Holdings, Inc.",US,"NEW YORK STOCK EXCHANGE, INC.",USD,2017-11-20,51698763.0,36071496.0,830203456.0
CNO,"CNO Financial Group, Inc.",United States,NYQ,USD,,95353512.0,93038329.0,4196183552.0
CNOB,"ConnectOne Bancorp, Inc.",United States,NMS,USD,,50273089.0,47490906.0,1349832448.0
CNOBP,"ConnectOne Bancorp, Inc.",US,NASDAQ NMS - GLOBAL MARKET,USD,1993-10-27,,47490906.0,1349.0
CNP,"CenterPoint Energy, Inc.",,,,,652868273.0,649388485.0,24998328320.0
CNPRF,Condor Energies Inc.,,,,,68366783.0,49156239.0,85458480.0
CNQ,Canadian Natural Resources Limited,Canada,NYQ,USD,,2083107000.0,2035049722.0,68352421888.0
CNQQ,Rayliant-ChinaAMC Transformative China Tech ETF,,NGM,USD,,,,
CNR,"Core Natural Resources, Inc.",United States,NYQ,USD,,51239470.0,50122962.0,4559347200.0
CNRG,State Street SPDR S&P Kensho Clean Power ETF,,PCX,USD,,,,
CNS,"Cohen & Steers, Inc.",United States,NYQ,USD,,51007541.0,27359425.0,3274683904.0
CNSP,"CNS Pharmaceuticals, Inc.",US,NASDAQ NMS - GLOBAL MARKET,USD,2019-11-08,620290.0,586248.0,3827189.0
CNSUF,Canasil Resources Inc.,,,,,143814280.0,136256840.0,3348002.0
CNTA,Centessa Pharmaceuticals plc,United Kingdom,NMS,USD,,147819929.0,80094609.0,3744279040.0
CNTB,Connect Biopharma Holdings Limited,United States,NGM,USD,,55903513.0,17177472.0,150380448.0
CNTHN,The Connecticut Light and Power Company,,,,,6035200.0,,251848896.0
CNTRF,CENTR Brands Corp.,,,,,11597740.0,7717948.0,162965.0
CNTSF,Cint Group AB (publ),SE,NASDAQ OMX NORDIC,EUR,2021-02-19,,,993.0
CNTX,Context Therapeutics Inc.,United States,NCM,USD,,91879177.0,39796547.0,103823472.0
CNTY,"Century Casinos, Inc.",United States,NCM,USD,,29445056.0,21647711.0,42955644.0
CNVS,Cineverse Corp.,United States,NCM,USD,,19150403.0,16107787.0,41173372.0
CNX,CNX Resources Corporation,United States,NYQ,USD,,144341846.0,122998396.0,5284355072.0
CNXC,Concentrix Corporation,United States,NMS,USD,,62257439.0,39394017.0,2644534016.0
CNXN,"PC Connection, Inc.",United States,NMS,USD,,25245224.0,10836007.0,1514707968.0
CNXT,VanEck ChiNext ETF,,PCX,USD,,,,
COAL,Range Global Coal ETF,,PCX,USD,,,,
COCO,"The Vita Coco Company, Inc.",,,,,56948258.0,47845648.0,3050148608.0
COCP,"Cocrystal Pharma, Inc.",United States,NCM,USD,,13784065.0,9326574.0,13405005.0
CODA,"Coda Octopus Group, Inc.",United States,NCM,USD,,11248867.0,6237834.0,105289392.0
CODI,Compass Diversified,United States,NYQ,USD,,75235966.0,66683894.0,367903872.0
CODI.PRB,,,,,,,,
COE,51Talk Online Education Group,Singapore,ASE,USD,,4132692.0,151802295.0,188675104.0
COEP,"Coeptis Therapeutics Holdings, Inc.",United States,NCM,USD,,5340111.0,4722954.0,78232624.0
COEPW,"Coeptis Therapeutics Holdings, Inc.",,NCM,USD,,,,
COF,Capital One Financial Corporation,United States,NYQ,USD,,635733605.0,623050720.0,159444467712.0
COF.PRI,,,,,,,,
COF.PRL,,,,,,,,
COFS,"ChoiceOne Financial Services, Inc.",United States,NCM,USD,,15023732.0,12690246.0,452514816.0
COGT,"Cogent Biosciences, Inc.",United States,NMS,USD,,153505562.0,107943527.0,5968296448.0
COHN,Cohen & Company Inc.,United States,ASE,USD,,2035863.0,956722.0,35403672.0
COHR,Coherent Corp.,United States,NYQ,USD,,157153611.0,155641793.0,30129491968.0
COHU,"Cohu, Inc.",United States,NMS,USD,,46692617.0,45449660.0,1096809600.0
COIA,ProShares Ultra COIN,,PCX,USD,,,,
COIG,Leverage Shares 2X Long COIN Daily ETF,,NGM,USD,,,,
COIN,"Coinbase Global, Inc.",United States,NMS,USD,,228176267.0,225721533.0,63881883648.0
COIW,Roundhill COIN WeeklyPay ETF,,,,,,,
COKE,"Coca-Cola Consolidated, Inc.",United States,NMS,USD,,56567016.0,75346749.0,10700203008.0
COLA,Columbus Acquisition Corp,Singapore,NGM,USD,,7944290.0,5052171.0,82143960.0
COLAR,Columbus Acquisition Corp,Singapore,NGM,USD,,,5052171.0,
COLAU,Columbus Acquisition Corp,Singapore,NGM,USD,,7944290.0,5052171.0,83494488.0
COLB,"Columbia Banking System, Inc.",United States,NMS,USD,,299120976.0,296799797.0,8553306624.0
COLD,"Americold Realty Trust, Inc.",United States,NYQ,USD,,284854479.0,284279073.0,3660965376.0
COLL,"Collegium Pharmaceutical, Inc.",,,,,31610976.0,26904418.0,1575491072.0
COLM,Columbia Sportswear Company,United States,NMS,USD,,53888892.0,27654702.0,3044120576.0
COLO,Global X MSCI Colombia ETF,,PCX,USD,,,,
COM,Direxion Auspice Broad Commodity Strategy ETF,,,,,,,
COMB,GraniteShares Bloomberg Commodity Broad Strategy No K-1 ETF,,PCX,USD,,,,
COMM,"CommScope Holding Company, Inc.",United States,NMS,USD,,221548707.0,213619479.0,4045479424.0
COMP,"Compass, Inc.",United States,NYQ,USD,,552113490.0,495697793.0,5954078208.0
COMT,iShares GSCI Commodity Dynamic Roll Strategy ETF,,NGM,USD,,,,
CON,"Concentra Group Holdings Parent, Inc.",United States,NYQ,USD,,128170202.0,114420103.0,2567264256.0
CONI,GraniteShares 2x Short COIN Daily ETF,,NGM,USD,,,,
CONL,GraniteShares 2x Long COIN Daily ETF,,NGM,USD,,,,
CONX,Direxion Daily COIN Bull 2X ETF,,NGM,USD,,,,
CONY,YieldMax COIN Option Income Strategy ETF,,PCX,USD,,,,
COO,"The Cooper Companies, Inc.",United States,NMS,USD,,195978026.0,194565024.0,16425593856.0
COOK,"Traeger, Inc.",,,,,137026317.0,82630980.0,143877632.0
COOT,Australian Oilseeds Holdings Limited,Australia,NCM,USD,,27898538.0,6387928.0,16348545.0
COOTW,Australian Oilseeds Holdings Limited,Australia,NCM,USD,,,6387928.0,
COP,ConocoPhillips,United States,NYQ,USD,,1235718250.0,1233123242.0,114328182784.0
COPJ,Sprott Junior Copper Miners ETF,,,,,,,
COPL,Copley Acquisition Corp,Hong Kong,NYQ,USD,,17978393.0,12228427.0,242029616.0
COPP,Sprott Copper Miners ETF,,NGM,USD,,,,
COPX,Global X Copper Miners ETF,,,,,,,
COPY,"Tweedy, Browne Insider + Value ETF",,PCX,USD,,,,
COR,"Cencora, Inc.",United States,NYQ,USD,,193993444.0,185649786.0,66161459200.0
CORB,AB Core Bond ETF,,PCX,USD,,,,
CORN,Teucrium Corn Fund,,PCX,USD,,,,
CORO,iShares International Country Rotation Active ETF,,NGM,USD,,,,
CORP,PIMCO Investment Grade Corporate Bond Index Exchange-Traded Fund,,,,,,,
CORT,Corcept Therapeutics Incorporated,,,,,105188217.0,87032731.0,8708973568.0
CORZ,"Core Scientific, Inc.",,,,,310061300.0,212950101.0,4740837376.0
CORZW,"Core Scientific, Inc.",United States,NMS,USD,,,212950101.0,
CORZZ,"Core Scientific, Inc.",United States,NMS,USD,,,212950101.0,
COSM,Cosmos Health Inc.,GR,NASDAQ NMS - GLOBAL MARKET,USD,2010-05-19,37281724.0,25852963.0,19173990.0
COSO,"CoastalSouth Bancshares, Inc.",United States,NYQ,USD,,10448892.0,6394588.0,293124192.0
COST,Costco Wholesale Corporation,United States,NMS,USD,,443869411.0,442626577.0,387730440192.0
COTG,Leverage Shares 2X Long Cost Daily ETF,,NGM,USD,,,,
COTY,Coty Inc.,United States,NYQ,USD,,874617676.0,369674653.0,2711314688.0
COUR,"Coursera, Inc.",United States,NYQ,USD,,167908653.0,144578304.0,1247561344.0
COWG,Pacer US Large Cap Cash Cows Growth Leaders ETF,,,,,,,
COWS,Amplify Cash Flow Dividend Leaders ETF,,NGM,USD,,,,
COYA,"Coya Therapeutics, Inc.",United States,NCM,USD,,20924456.0,16831423.0,114456768.0
COYJF,Citycon Oyj,,,,,168008992.0,,1264174336.0
COYY,GraniteShares YieldBOOST COIN ETF,,NGM,USD,,,,
COZX,Tradr 2X Long CORZ Daily ETF,,,,,,,
CP,Canadian Pacific Kansas City Limited,Canada,NYQ,USD,,900831248.0,849582958.0,68365250560.0
CPA,"Copa Holdings, S.A.",Panama,NYQ,USD,,30199961.0,29859042.0,4999511552.0
CPAC,Cementos Pacasmayo S.A.A.,Peru,NYQ,USD,,84773690.0,181821259.0,899024384.0
CPAG,F/m Compoundr U.S. Aggregate Bond ETF,,NGM,USD,,,,
CPAI,Counterpoint Quantitative Equity ETF,,,,,,,
CPAY,"Corpay, Inc.",United States,NYQ,USD,,69958056.0,67398990.0,21903169536.0
CPB,The Campbell's Company,United States,NMS,USD,,298134245.0,192189260.0,8392478720.0
CPBI,"Central Plains Bancshares, Inc.",United States,NCM,USD,,4212839.0,2790369.0,71365496.0
CPER,"United States Copper Index Fund, LP",,PCX,USD,,,,
CPF,Central Pacific Financial Corp.,United States,NYQ,USD,,26806922.0,23896070.0,863987072.0
CPHC,Canterbury Park Holding Corporation,United States,NGM,USD,,5099272.0,2528729.0,78069856.0
CPHI,"China Pharma Holdings, Inc.",China,ASE,USD,,5022002.0,2340604.0,6453272.0
CPHY,F/m Compoundr High Yield Bond ETF,,NGM,USD,,,,
CPII,American Beacon Ionic Inflation Protection ETF,,PCX,USD,,,,
CPIX,Cumberland Pharmaceuticals Inc.,United States,NMS,USD,,14956627.0,8733324.0,61634940.0
CPK,Chesapeake Utilities Corporation,United States,NYQ,USD,,23650684.0,23390999.0,2978094080.0
CPLB,NYLI MacKay Core Plus Bond ETF,,PCX,USD,,,,
CPLS,AB Core Plus Bond ETF,,NGM,USD,,,,
CPNG,"Coupang, Inc.",United States,NYQ,USD,,1668844548.0,1372981355.0,44332736512.0
CPNHF,,,,,,,,
CPNJ,Calamos Nasdaq-100 Structured Alt Protection ETF - June,,PCX,USD,,,,
CPNM,Calamos Nasdaq-100 Structured Alt Protection ETF - March,,PCX,USD,,,,
CPNQ,Calamos Nasdaq-100 Structured Alt Protection ETF - December,,,,,,,
CPNS,Calamos Nasdaq-100 Structured Alt Protection ETF - September,,PCX,USD,,,,
CPPBY,,,,,,,,
CPQQ,"China Power Equipment, Inc.",,,,,19602557.0,,100953.0
CPRA,Calamos Russell 2000 Structured Alt Protection ETF - April,,PCX,USD,,,,
CPRHF,Capital Power Corp,,,,,,,
CPRI,Capri Holdings Limited,United Kingdom,NYQ,USD,,119143278.0,115931175.0,2977390592.0
CPRJ,Calamos Russell 2000 Structured Alt Protection ETF - July,,PCX,USD,,,,
CPRO,Calamos Russell 2000 Structured Alt Protection ETF - October,,PCX,USD,,,,
CPRT,"Copart, Inc.",United States,NMS,USD,,968017684.0,888136865.0,38043095040.0
CPRX,"Catalyst Pharmaceuticals, Inc.",United States,NCM,USD,,122912387.0,115398753.0,2992916480.0
CPRY,Calamos Russell 2000 Structured Alt Protection ETF - January,,PCX,USD,,,,
CPS,Cooper-Standard Holdings Inc.,United States,NYQ,USD,,17637009.0,15843854.0,583608576.0
CPSA,Calamos S&P 500 Structured Alt Protection ETF - August,,PCX,USD,,,,
CPSD,Calamos S&P 500 Structured Alt Protection ETF - December,,PCX,USD,,,,
CPSF,Calamos S&P 500 Structured Alt Protection ETF - February,,PCX,USD,,,,
CPSH,CPS Technologies Corporation,United States,NCM,USD,,17979277.0,13296574.0,57713484.0
CPSJ,Calamos S&P 500 Structured Alt Protection ETF - July,,PCX,USD,,,,
CPSM,Calamos S&P 500 Structured Alt Protection ETF - May,,PCX,USD,,,,
CPSN,Calamos S&P 500 Structured Alt Protection ETF - November,,PCX,USD,,,,
CPSO,Calamos S&P 500 Structured Alt Protection ETF - October,,PCX,USD,,,,
CPSP,Calamos S&P 500 Structured Alt Protection ETF - April,,PCX,USD,,,,
CPSR,Calamos S&P 500 Structured Alt Protection ETF - March,,PCX,USD,,,,
CPSS,"Consumer Portfolio Services, Inc.",United States,NGM,USD,,22071046.0,9098127.0,202906832.0
CPST,Calamos S&P 500 Structured Alt Protection ETF - September,,PCX,USD,,,,
CPSU,Calamos S&P 500 Structured Alt Protection ETF - June,,PCX,USD,,,,
CPSY,Calamos S&P 500 Structured Alt Protection ETF - January,,,,,,,
CPT,Camden Property Trust,United States,NYQ,USD,,106395330.0,104537668.0,11674729472.0
CPXR,USCF Daily Target 2X Copper Index ETF,,PCX,USD,,,,
CPZ,Calamos Long/Short Equity & Dynamic Income Term Trust,United States,NGM,USD,,19632194.0,,291538080.0
CQP,"Cheniere Energy Partners, L.P.",United States,NYQ,USD,,484052623.0,40418394.0,25872611328.0
CQQQ,Invesco China Technology ETF,,PCX,USD,,,,
CR,Crane Company,United States,NYQ,USD,,57596887.0,48830641.0,10816695296.0
CRAC,Crown Reserve Acquisition Corp. I,,NGM,USD,,17250000.0,,214331248.0
CRACR,Crown Reserve Acquisition Corp. I,,NGM,USD,,,,
CRACU,Crown Reserve Acquisition Corp. I,KY,NASDAQ NMS - GLOBAL MARKET,USD,2025-11-07,,,178.0
CRACW,Crown Reserve Acquisition Corp. I,,NGM,,,,,
CRAI,"CRA International, Inc.",United States,NMS,USD,,6562262.0,6316768.0,1357903360.0
CRAK,VanEck Oil Refiners ETF,,PCX,USD,,,,
CRANU,Crane Harbor Acquisition Corp. II,,NGM,USD,,,,
CRAQ,Cal Redwood Acquisition Corp.,,NGM,USD,,23660000.0,,394986944.0
CRAQR,Cal Redwood Acquisition Corp.,,NGM,USD,,,,
CRAQU,Cal Redwood Acquisition Corp.,,NGM,USD,,,,
CRBD,Corebridge Financial Inc. 6.375,US,"NEW YORK STOCK EXCHANGE, INC.",USD,2022-09-15,,,15921.0
CRBG,"Corebridge Financial, Inc.",United States,NYQ,USD,,504380381.0,284887087.0,15428996096.0
CRBN,iShares Low Carbon Optimized MSCI ACWI ETF,,PCX,USD,,,,
CRBP,"Corbus Pharmaceuticals Holdings, Inc.",US,NASDAQ NMS - GLOBAL MARKET,USD,2014-10-24,17553037.0,12187776.0,146216784.0
CRBU,"Caribou Biosciences, Inc.",United States,NMS,USD,,93468038.0,84428744.0,158895680.0
CRC,California Resources Corporation,United States,NYQ,USD,,89311931.0,82896577.0,3935083776.0
CRCA,ProShares Ultra CRCL,,,,,,,
CRCG,Leverage Shares 2X Long CRCL Daily ETF,,NGM,USD,,,,
CRCL,Circle Internet Group,United States,NYQ,USD,,216487160.0,154728656.0,20678144000.0
CRCO,YieldMax CRCL Option Income Strategy ETF,,PCX,USD,,,,
CRCT,"Cricut, Inc.",US,NASDAQ NMS - GLOBAL MARKET,USD,2021-03-25,53255194.0,44862437.0,1070830656.0
CRDF,"Cardiff Oncology, Inc.",United States,NCM,USD,,67360564.0,65730438.0,213532976.0
CRDL,Cardiol Therapeutics Inc.,Canada,NCM,USD,,99997648.0,84421008.0,99307664.0
CRDO,Credo Technology Group Holding Ltd,Cayman Islands,NMS,USD,,180631719.0,161399860.0,26160891904.0
CRDT,Simplify Opportunistic Income ETF,,PCX,USD,,,,
CRED,Columbia Research Enhanced Real Estate ETF,,,,,,,
CREG,Smart Powerr Corp.,China,NCM,USD,,20809123.0,20401056.0,28300408.0
CRESW,"Cresud Sociedad Anónima, Comercial, Inmobiliaria, Financiera y Agropecuaria",Argentina,NCM,USD,,,325207224.0,
CRESY,"Cresud Sociedad Anónima, Comercial, Inmobiliaria, Financiera y Agropecuaria",Argentina,NMS,USD,,64339928.0,325207224.0,825891008.0
CREV,Carbon Revolution Public Limited Company,IE,NASDAQ NMS - GLOBAL MARKET,AUD,2021-03-08,1927815.0,1700455.0,4877372.0
CREX,"Creative Realities, Inc.",United States,NCM,USD,,10518932.0,7583624.0,27980360.0
CRF,"Cornerstone Total Return Fund, Inc.",United States,ASE,USD,,153924404.0,,1228316672.0
CRGH,Zhonghe Brand Yunjigou Technology Inc.,,,,,4450000.0,3819836.0,11125000.0
CRGO,Freightos Limited,ES,NASDAQ NMS - GLOBAL MARKET,USD,2021-11-09,51285848.0,33944107.0,118983160.0
CRGOW,Freightos Limited,Spain,NCM,USD,,,33944107.0,
CRGY,Crescent Energy Company,United States,NYQ,USD,,328382377.0,221789208.0,2709154560.0
CRH,CRH plc,IE,"NEW YORK STOCK EXCHANGE, INC.",USD,1973-02-05,669058302.0,669184737.0,86272434176.0
CRHHF,The Cross-Harbour (Holdings) Limited,,,,,372688000.0,99451848.0,391322368.0
CRI,"Carter's, Inc.",United States,NYQ,USD,,36447868.0,35024579.0,1154668416.0
CRK,"Comstock Resources, Inc.",United States,NYQ,USD,,293054806.0,63188477.0,6901723136.0
CRL,"Charles River Laboratories International, Inc.",United States,NYQ,USD,,49215471.0,48695263.0,10023223296.0
CRM,"Salesforce, Inc.",United States,NYQ,USD,,937000000.0,911654150.0,253308141568.0
CRMD,CorMedix Inc.,United States,NGM,USD,,78789045.0,68473195.0,987226752.0
CRMG,Leverage Shares 2X Long CRM Daily ETF,,NGM,USD,,,,
CRML,Critical Metals Corp.,,,,,117904504.0,51876258.0,912580864.0
CRMLW,Critical Metals Corp.,British Virgin Islands,NCM,USD,,,51876258.0,
CRMT,"America's Car-Mart, Inc.",United States,NMS,USD,,8294807.0,5178614.0,214503712.0
CRNC,Cerence Inc.,US,NASDAQ NMS - GLOBAL MARKET,USD,2019-09-16,44938757.0,43243218.0,496573248.0
CRNRF,Carbine Resources Limited,,,,,199747008.0,361586856.0,2974602.0
CRNT,Ceragon Networks Ltd.,Israel,NMS,USD,,89889969.0,79287604.0,189667824.0
CRNX,"Crinetics Pharmaceuticals, Inc.",United States,NMS,USD,,94891840.0,87690498.0,4551012352.0
CRON,Cronos Group Inc.,Canada,NGM,USD,,382893267.0,202171474.0,1018542912.0
CROX,"Crocs, Inc.",United States,NMS,USD,,51915657.0,50129239.0,5004588544.0
CRPT,First Trust SkyBridge Crypto Industry and Digital Economy ETF,,,,,,,
CRQDQ,,,,,,,,
CRS,Carpenter Technology Corporation,United States,NYQ,USD,,49818822.0,48519049.0,16667379712.0
CRSH,YieldMax Short TSLA Option Inco,,,,,,,
CRSP,CRISPR Therapeutics AG,CH,NASDAQ NMS - GLOBAL MARKET,USD,2016-10-19,95300233.0,94841839.0,5249137152.0
CRSR,"Corsair Gaming, Inc.",United States,NMS,USD,,106575210.0,46730032.0,650108736.0
CRT,Cross Timbers Royalty Trust,United States,NYQ,USD,,6000000.0,,47340000.0
CRTC,Xtrackers US National Critical Technologies ETF,,PCX,USD,,,,
CRTO,Criteo S.A.,France,NMS,USD,,50354158.0,46741425.0,1007586752.0
CRTWF,,,,,,,927580.0,
CRUS,"Cirrus Logic, Inc.",United States,NMS,USD,,51030389.0,50550193.0,6204520960.0
CRVL,CorVel Corporation,United States,NMS,USD,,51246949.0,28789511.0,3545197568.0
CRVO,CervoMed Inc.,United States,NCM,USD,,9252719.0,5423111.0,74761968.0
CRVS,"Corvus Pharmaceuticals, Inc.",United States,NGM,USD,,74681872.0,58112205.0,575050432.0
CRWD,"CrowdStrike Holdings, Inc.",US,NASDAQ NMS - GLOBAL MARKET,USD,2019-06-12,252098440.0,247636298.0,121307242496.0
CRWG,Leverage Shares 2X Long CRWV Daily ETF,,NGM,USD,,,,
CRWL,GraniteShares 2x Long CRWD Daily ETF,,NGM,USD,,,,
CRWRF,Craneware plc,,,,,35508820.0,25294926.0,933881920.0
CRWS,"Crown Crafts, Inc.",United States,NCM,USD,,10702787.0,9462762.0,28576442.0
CRWV,"CoreWeave, Inc.",United States,NMS,USD,,386401201.0,276675849.0,38081421312.0
CRXP,Columbia Core Plus Bond ETF Shares,,,,,,,
CRZNF,Corazon Mining Ltd,,,,,,,
CSAI,Cloudastructure Inc.,US,NASDAQ NMS - GLOBAL MARKET,USD,2025-01-30,19516540.0,17839217.0,19972122.0
CSAN,Cosan S.A.,Brazil,NYQ,USD,,989820377.0,598154414.0,3969179904.0
CSB,VictoryShares US Small Cap High Div Volatility Wtd ETF,,NGM,USD,,,,12030760960.0
CSBR,"Champions Oncology, Inc.",United States,NCM,USD,,13886326.0,5187793.0,96926552.0
CSCL,Direxion Daily CSCO Bull 2X Shares,,,,,,,
CSCO,"Cisco Systems, Inc.",,,,,3951094563.0,3944140637.0,308817559552.0
CSCS,Direxion Daily CSCO Bear 1X Shares,,,,,,,
CSD,Invesco S&P Spin-Off ETF,,,,,,,
CSGP,"CoStar Group, Inc.",United States,NMS,USD,,423822791.0,418156280.0,28400365568.0
CSGS,"CSG Systems International, Inc.",US,NASDAQ NMS - GLOBAL MARKET,USD,1996-02-28,28520509.0,25848616.0,2196079104.0
CSHI,NEOS Enhanced Income 1-3 Month T-Bill ETF,,PCX,USD,,,,
CSHP,iShares Enhanced Short-Term Bond Active ETF,,PCX,USD,,,,
CSIO,Cohen & Steers Infrastructure Opportunities Active ETF,,,,,,,
CSIQ,Canadian Solar Inc.,Canada,NMS,USD,,66972246.0,47236951.0,1619388928.0
CSL,Carlisle Companies Incorporated,United States,NYQ,USD,,41785774.0,41178458.0,14121423872.0
CSMD,Congress SMID Growth ETF,,PCX,USD,,,,
CSNR,Cohen & Steers Natural Resources Active ETF,,PCX,USD,,,,
CSOC,Caduceus Software Systems Corp.,,,,,378684482.0,,4279135.0
CSPF,Cohen & Steers Preferred and Income Opportunities Active ETF,,PCX,USD,,,,
CSPI,CSP Inc.,United States,NGM,USD,,9904783.0,6864609.0,128861232.0
CSQ,Calamos Strategic Total Return Fund,United States,NGM,USD,,160369635.0,,3156074496.0
CSR,Centerspace,United States,NYQ,USD,,16703468.0,16611933.0,1191276416.0
CSRE,Cohen & Steers Real Estate Active ETF,,PCX,USD,,,,
CSSD,Cohen & Steers Short Duration Preferred And Income Active ETF,,PCX,USD,,,,
CSSPF,NIOX Group Plc,,,,,417994457.0,318550134.0,384554912.0
CSTE,Caesarstone Ltd.,Israel,NMS,USD,,34571274.0,19961581.0,59116876.0
CSTL,"Castle Biosciences, Inc.",United States,NGM,USD,,29188659.0,26975575.0,1149887232.0
CSTM,Constellium SE,France,NYQ,USD,,137801779.0,115344223.0,2644264704.0
CSV,"Carriage Services, Inc.",United States,NYQ,USD,,15745193.0,15352823.0,663030080.0
CSW,"CSW Industrials, Inc.",United States,NYQ,USD,,16686708.0,16462439.0,5163230720.0
CSWC,Capital Southwest Corporation,United States,NMS,USD,,57466998.0,55772871.0,1260251264.0
CSWYF,China Shineway Pharmaceutical Group Limited,,,,,755400000.0,207040032.0,758421568.0
CSX,CSX Corporation,United States,NMS,USD,,1862136956.0,1857753979.0,68269821952.0
CTA,Simplify Managed Futures Strategy ETF,,PCX,USD,,,,
CTAP,Simplify US Equity PLUS Managed Futures Strategy ETF,,PCX,USD,,,,
CTAS,Cintas Corporation,United States,NMS,USD,,402948000.0,339684820.0,77019480064.0
CTAZF,China Star Entertainment Ltd,,,,,,,
CTBB,Qwest Corp. NT,,NYQ,USD,,,,
CTBI,"Community Trust Bancorp, Inc.",United States,NMS,USD,,18115847.0,15502998.0,1046552576.0
CTDD,Qwest Corp. 6.75% NT 57,,,,,,,
CTEC,Global X CleanTech ETF,,NGM,USD,,,,
CTEV,Claritev Corporation,United States,NYQ,USD,,16525644.0,5834048.0,694572800.0
CTEX,ProShares S&P Kensho Cleantech ETF,,PCX,USD,,,,
CTFDS,,,,,,,,
CTFMS,,,,,,,,
CTGO,"Contango Ore, Inc.",United States,ASE,USD,,14964048.0,8249975.0,443684032.0
CTKB,"Cytek Biosciences, Inc.",United States,NMS,USD,,127864830.0,102455531.0,652110656.0
CTLP,"Cantaloupe, Inc.",United States,NMS,USD,,73697229.0,55537495.0,784138560.0
CTM,"Castellum, Inc.",,,,,94612750.0,74301285.0,97451128.0
CTMX,"CytomX Therapeutics, Inc.",United States,NMS,USD,,169435395.0,131773295.0,743821376.0
CTNM,"Contineum Therapeutics, Inc.",United States,NMS,USD,,30446111.0,16678097.0,453330432.0
CTNT,Cheetah Net Supply Chain Service Inc.,United States,NCM,USD,,2727712.0,2478109.0,4307419.0
CTO,"CTO Realty Growth, Inc.",United States,NYQ,USD,,32372291.0,30947910.0,592254144.0
CTOR,"Citius Oncology, Inc.",United States,NCM,USD,,84797846.0,11051703.0,95821568.0
CTOS,"Custom Truck One Source, Inc.",United States,NYQ,USD,,226559586.0,59712044.0,1352560640.0
CTPR,CTPartners Executive Search Inc.,,,,,8752592.0,,1750.0
CTRA,Coterra Energy Inc.,United States,NYQ,USD,,761377552.0,751220775.0,19681380352.0
CTRE,"CareTrust REIT, Inc.",United States,NYQ,USD,,223300322.0,222170422.0,8190656000.0
CTRI,"Centuri Holdings, Inc.",United States,NYQ,USD,,99579386.0,88423099.0,2583089152.0
CTRM,Castor Maritime Inc.,CY,NASDAQ NMS - GLOBAL MARKET,USD,2018-12-20,9662354.0,,22416660.0
CTRN,"Citi Trends, Inc.",United States,NMS,USD,,8345260.0,4326997.0,335229088.0
CTS,CTS Corporation,United States,NYQ,USD,,29052423.0,28554464.0,1310236544.0
CTSH,Cognizant Technology Solutions Corporation,United States,NMS,USD,,482646473.0,481251625.0,41792040960.0
CTTTF,,,,,,,,
CTVA,"Corteva, Inc.",United States,NYQ,USD,,675732000.0,674103486.0,45798506496.0
CTW,CTW Cayman,Japan,NCM,USD,,50400000.0,2399904.0,112944000.0
CTWO,COtwo Advisors Physical European Carbon Allowance Trust,,PCX,USD,,,,
CTXR,"Citius Pharmaceuticals, Inc.",United States,NCM,USD,,20762917.0,18567861.0,17457460.0
CTYDS,,,,,,,,
CUB,Lionheart Holdings,United States,NGM,USD,,23000000.0,17537347.0,326600000.0
CUBB,"Customers Bancorp, Inc 5.375% S",,NYQ,USD,,,,
CUBE,CubeSmart,United States,NYQ,USD,,228035931.0,225979047.0,8229380096.0
CUBI,"Customers Bancorp, Inc.",United States,NYQ,USD,,34168077.0,32130293.0,2585498368.0
CUBWU,Lionheart Holdings,United States,NGM,USD,,26666700.0,17537347.0,283467040.0
CUBWW,Lionheart Holdings,United States,NGM,USD,,,17537347.0,
CUGCF,China Oriental Group Company Limited,,,,,3722569000.0,965522722.0,708032640.0
CUK,Carnival Corporation & plc,United States,NYQ,USD,,145607591.0,1214151040.0,40116690944.0
CULP,"Culp, Inc.",United States,NYQ,USD,,12662784.0,9651739.0,44319744.0
CUPR,Cuprina Holdings (Cayman) Limited,SG,NASDAQ NMS - GLOBAL MARKET,SGD,2025-04-10,7365000.0,7365072.0,9869145.0
CURB,Curbline Properties Corp.,United States,NYQ,USD,,105368120.0,95892365.0,2445593856.0
CURE,Direxion Daily Healthcare Bull 3X Shares,,PCX,USD,,,,
CURI,CuriosityStream Inc.,United States,NCM,USD,,58298507.0,40502888.0,223283280.0
CURR,CURRENC Group Inc.,Singapore,NGM,USD,,76597293.0,32013839.0,146300832.0
CURV,Torrid Holdings Inc.,United States,NYQ,USD,,99196942.0,21436459.0,103164816.0
CUT,Invesco MSCI Global Timber ETF,,PCX,USD,,,,
CUZ,Cousins Properties Incorporated,United States,NYQ,USD,,167965499.0,165961671.0,4322450944.0
CV,"CapsoVision, Inc.",US,NASDAQ NMS - GLOBAL MARKET,USD,2025-07-02,46843225.0,28663369.0,609430336.0
CVAC,CureVac N.V.,Germany,NGM,USD,,225172749.0,180774458.0,968242880.0
CVBF,CVB Financial Corp.,United States,NMS,USD,,135551599.0,128165471.0,2678721536.0
CVCCF,CVC Capital Partners plc,JE,NYSE EURONEXT - EURONEXT AMSTERDAM,EUR,2024-04-26,1062984492.0,662483825.0,17347907584.0
CVCO,"Cavco Industries, Inc.",United States,NMS,USD,,7805037.0,7708957.0,4754072064.0
CVE,Cenovus Energy Inc.,Canada,NYQ,USD,,1886402694.0,1461165441.0,31521787904.0
CVEO,Civeo Corporation,United States,NYQ,USD,,11515223.0,9414386.0,292205216.0
CVGI,"Commercial Vehicle Group, Inc.",United States,NMS,USD,,36731381.0,26219071.0,55097076.0
CVGW,"Calavo Growers, Inc.",United States,NMS,USD,,17853323.0,16627692.0,388845408.0
CVI,"CVR Energy, Inc.",US,"NEW YORK STOCK EXCHANGE, INC.",USD,2007-10-23,100530599.0,30103888.0,2615806208.0
CVIE,Calvert International Responsible Index ETF,,PCX,USD,,,,
CVKD,"Cadrenal Therapeutics, Inc.",United States,NCM,USD,,2338127.0,1542872.0,17325520.0
CVLC,Calvert US Large-Cap Core Responsible Index ETF,,PCX,USD,,,,
CVLG,"Covenant Logistics Group, Inc.",,,,,20347178.0,14577207.0,561808192.0
CVLT,"Commvault Systems, Inc.",United States,NMS,USD,,44094362.0,43768946.0,5708620288.0
CVM,CEL-SCI Corporation,United States,ASE,USD,,7993356.0,6312176.0,37648708.0
CVMC,Calvert US Mid-Cap Core Responsible Index ETF,,PCX,USD,,,,
CVNA,Carvana Co.,US,"NEW YORK STOCK EXCHANGE, INC.",USD,2017-04-28,116947000.0,138822420.0,95061803008.0
CVNX,Defiance Daily Target 2X Long CVNA ETF,,NGM,USD,,,,
CVNY,YieldMax CVNA Option Income Strategy ETF,,PCX,USD,,,,
CVR,Chicago Rivet & Machine Co.,United States,ASE,USD,,966132.0,737275.0,13274653.0
CVRD,Madison Covered Call ETF,,PCX,USD,,,,
CVRT,Calamos Convertible Equity Alternative ETF,,PCX,USD,,,,
CVRX,"CVRx, Inc.",,,,,26210109.0,18086286.0,194479008.0
CVS,CVS Health Corporation,United States,NYQ,USD,,1269432485.0,1266893620.0,101059518464.0
CVSB,Calvert Ultra-Short Investment Grade ETF,,PCX,USD,,,,
CVU,"CPI Aerostructures, Inc.",United States,ASE,USD,,13185249.0,10873611.0,49444684.0
CVV,CVD Equipment Corporation,United States,NCM,USD,,6937338.0,4857663.0,21020136.0
CVX,Chevron Corporation,United States,NYQ,USD,,1999353597.0,1880307008.0,302263664640.0
CVY,Invesco Zacks Multi-Asset Income ETF,,PCX,USD,,,,
CW,Curtiss-Wright Corporation,United States,NYQ,USD,,36874638.0,36679202.0,21332215808.0
CWAN,"Clearwater Analytics Holdings, Inc.",United States,NYQ,USD,,288632333.0,285730657.0,7182177792.0
CWB,State Street SPDR Bloomberg Convertible Securities ETF,,PCX,USD,,,,
CWBC,Community West Bancshares,United States,NCM,USD,,19160403.0,15348966.0,434749568.0
CWCO,Consolidated Water Co. Ltd.,Cayman Islands,NMS,USD,,15931336.0,14955382.0,570023168.0
CWD,CaliberCos Inc.,United States,NCM,USD,,5617985.0,5436579.0,10281678.0
CWEB,Direxion Daily CSI China Internet Bull 2X Shares,,PCX,USD,,,,
CWEN,"Clearway Energy, Inc.",United States,NYQ,USD,,84844929.0,118310783.0,6761210880.0
CWGL,"Crimson Wine Group, Ltd.",,,,,20586027.0,13553840.0,100871536.0
CWH,"Camping World Holdings, Inc.",United States,NYQ,USD,,62819556.0,56525036.0,639503104.0
CWI,SPDR MSCI ACWI ex-US ETF,,PCX,USD,,,,
CWK,Cushman & Wakefield Limited,United States,NYQ,USD,,231604548.0,230326091.0,3828423168.0
CWNOF,ChineseWorldNet.Com Inc.,,,,,10950000.0,4773324.0,124830.0
CWS,AdvisorShares Focused Equity ETF,,PCX,USD,,,,
CWST,"Casella Waste Systems, Inc.",,,,,62505316.0,62148088.0,6421079040.0
CWT,California Water Service Group,United States,NYQ,USD,,59591341.0,59059786.0,2586860032.0
CX,"CEMEX, S.A.B. de C.V.",Mexico,NYQ,USD,,1450832824.0,14487786971.0,17380976640.0
CXAIW,CXApp Inc.,,NCM,USD,,,,
CXDO,"Crexendo, Inc.",United States,NCM,USD,,30731048.0,17062800.0,198522576.0
CXE,MFS High Income Municipal Trust,United States,NYQ,USD,,31525773.0,,116645360.0
CXH,MFS Investment Grade Municipal Trust,US,"NEW YORK STOCK EXCHANGE, INC.",USD,1989-05-19,8199220.0,,65019812.0
CXM,"Sprinklr, Inc.",United States,NYQ,USD,,145436454.0,129818579.0,1904417024.0
CXRN,Teucrium 2x Daily Corn ETF,,PCX,USD,,,,
CXSE,WisdomTree China ex-State-Owned Enterprises Fund,,NGM,USD,,,,
CXT,"Crane NXT, Co.",United States,NYQ,USD,,57422039.0,57275613.0,2776355584.0
CXW,"CoreCivic, Inc.",United States,NYQ,USD,,104584655.0,95811048.0,2057692160.0
CYAN,Cyanotech Corporation,,,,,7392243.0,4840662.0,2661207.0
CYBN,Cybin Inc.,Canada,ASE,USD,,49894131.0,38554692.0,416420960.0
CYBR,CyberArk Software Ltd.,Israel,NMS,USD,,50476952.0,46766100.0,22949345280.0
CYCN,"Cyclerion Therapeutics, Inc.",United States,NCM,USD,,3806212.0,3070471.0,5138386.0
CYCU,"Cycurion, Inc.",United States,NGM,USD,,3608277.0,2249753.0,10103178.0
CYCUW,"Cycurion, Inc.",,,,,,2249753.0,
CYD,China Yuchai International Limited,Singapore,NYQ,USD,,37518322.0,11399942.0,1347658112.0
CYFWF,Cyfrowy Polsat S.A.,,,,,550703531.0,242524328.0,1453857408.0
CYH,"Community Health Systems, Inc.",US,"NEW YORK STOCK EXCHANGE, INC.",USD,1991-03-07,138519615.0,87773844.0,452584768.0
CYJBF,Hiab Oyj,FI,NASDAQ OMX HELSINKI LTD.,EUR,2005-06-01,54992564.0,44704975.0,4129193728.0
CYN,Cyngn Inc.,United States,NCM,USD,,7974380.0,7974300.0,23125706.0
CYPH,Cypherpunk Technologies Inc.,US,NASDAQ NMS - GLOBAL MARKET,USD,2017-01-24,56651840.0,35597750.0,67982208.0
CYRBY,Cyrela Brazil Realty S.A. Empreendimentos e Participações,,,,,366310939.0,257175921.0,2047678208.0
CYRNQ,Cyren Ltd.,,,,,7999808.0,7995488.0,799.0
CYRWF,,,,,,,,
CYRX,"Cryoport, Inc.",United States,NCM,USD,,50068904.0,40815670.0,483665600.0
CYTK,"Cytokinetics, Incorporated",United States,NMS,USD,,122264929.0,121690284.0,7716139520.0
CZA,Invesco Zacks Mid-Cap ETF,,PCX,USD,,,,
CZAR,Themes Natural Monopoly ETF,,,,,,,
CZASF,China ZhengTong Auto Services Holdings Limited,,,,,10016050944.0,205028564.0,101162112.0
CZBT,"Citizens Bancorp of Virginia, Inc.",,,,,2108017.0,,72211376.0
CZFS,"Citizens Financial Services, Inc.",United States,NCM,USD,,4806377.0,4504200.0,279250496.0
CZNC,Citizens & Northern Corporation,United States,NCM,USD,,17801873.0,16957530.0,367310944.0
CZOOF,Cazoo Group Ltd,,,,,4898984.0,380273.0,979.0
CZR,"Caesars Entertainment, Inc.",United States,NMS,USD,,204107943.0,193473919.0,5156110336.0
CZWI,"Citizens Community Bancorp, Inc.",United States,NGM,USD,,9659745.0,8244109.0,173392432.0
D,"Dominion Energy, Inc.",United States,NYQ,USD,,853913277.0,852162755.0,50551668736.0
DAAQ,Digital Asset Acquisition Corp.,United States,NGM,USD,,17250000.0,14322790.0,234369984.0
DAAQU,Digital Asset Acquisition Corp.,United States,NGM,USD,,,14322790.0,
DAAQW,Digital Asset Acquisition Corp.,United States,NGM,USD,,,14322790.0,
DAAT,"DAC Technologies Group International, Inc.",,,,,5765771.0,,115536.0
DABS,DoubleLine Asset-Backed Securities ETF,,,,,,,
DAC,Danaos Corporation,Greece,NYQ,USD,,18309702.0,8513828.0,1734111872.0
DADS,Tidal ETF Trust - Digital Asset Debt Strategy ETF,,,,,,,
DAIC,"CID HoldCo, Inc.",US,NASDAQ NMS - GLOBAL MARKET,USD,2022-01-10,27773322.0,,17372214.0
DAICW,"CID HoldCo, Inc.",United States,NGM,USD,,,,
DAIO,Data I/O Corporation,US,NASDAQ NMS - GLOBAL MARKET,USD,1981-05-06,9391883.0,8497776.0,30241864.0
DAK,Dakota Active Equity ETF,,NGM,USD,,,,
DAKT,"Daktronics, Inc.",United States,NMS,USD,,48747817.0,40613756.0,904271936.0
DAL,"Delta Air Lines, Inc.",United States,NYQ,USD,,652962768.0,645232503.0,46262411264.0
DALI,First Trust Dorsey Wright DALI 1 ETF,,NGM,USD,,,,
DAMD,Defiance Daily Target 2X Short AMD ETF,,PCX,USD,,,,
DAN,Dana Incorporated,United States,NYQ,USD,,116837366.0,115425971.0,3133260288.0
DANA,Dana Limited Volatility ETF,,PCX,USD,,,,
DANR,Dana Resources,,,,,88437980.0,,884.0
DAO,"Youdao, Inc.",China,NYQ,USD,,31280889.0,26344775.0,1133516416.0
DAPP,VanEck Digital Transformation ETF,,,,,,,
DAPR,FT Vest U.S. Equity Deep Buffer ETF - April,,,,,,,
DAR,Darling Ingredients Inc.,United States,NYQ,USD,,158186082.0,156537783.0,5689953280.0
DARE,"Daré Bioscience, Inc.",United States,NCM,USD,,14289229.0,13041208.0,30721844.0
DARP,Grizzle Growth ETF,,PCX,USD,,,,
DASH,"DoorDash, Inc.",United States,NMS,USD,,406334617.0,371572443.0,100832100352.0
DASX,Tradr 2X Long DASH Daily ETF,,,,,,,
DAT,ProShares Big Data Refiners ETF,,PCX,USD,,,,
DAVA,Endava plc,United Kingdom,NYQ,USD,,39397924.0,37146672.0,359648736.0
DAVE,Dave Inc.,United States,NGM,USD,,12190000.0,9002226.0,3095405568.0
DAVEW,Dave Inc.,United States,NGM,USD,,,9002226.0,
DAWN,"Day One Biopharmaceuticals, Inc.",US,NASDAQ NMS - GLOBAL MARKET,USD,2021-05-27,102675502.0,78931792.0,970283520.0
DAX,Global X DAX Germany ETF,,,,,,,
DAY,"Dayforce, Inc.",United States,NYQ,USD,,160034963.0,139771336.0,11068018688.0
DB,Deutsche Bank Aktiengesellschaft,Germany,NYQ,USD,,1946800000.0,1873104870.0,77210091520.0
DBA,Invesco DB Agriculture Fund,,PCX,USD,,27600000.0,,708216000.0
DBAW,Xtrackers MSCI All World ex US Hedged Equity ETF,,PCX,USD,,,,
DBB,Invesco DB Base Metals Fund,,PCX,USD,,10600000.0,,242422016.0
DBC,Invesco DB Commodity Index Tracking Fund,,PCX,USD,,111400000.0,,2528780032.0
DBD,"Diebold Nixdorf, Incorporated",United States,NYQ,USD,,35867156.0,29865146.0,2538338304.0
DBE,Invesco DB Energy Fund,,PCX,USD,,6600000.0,,114972696.0
DBEF,Xtrackers MSCI EAFE Hedged Equity ETF,,PCX,USD,,,,
DBEM,Xtrackers MSCI Emerging Markets Hedged Equity ETF,,PCX,USD,,,,
DBEU,Xtrackers MSCI Europe Hedged Equity ETF,,PCX,USD,,,,
DBEZ,Xtrackers MSCI Eurozone Hedged Equity ETF,,PCX,USD,,,,
DBGI,"Digital Brands Group, Inc.",United States,NCM,USD,,8188336.0,6326930.0,95557880.0
DBI,Designer Brands Inc.,US,"NEW YORK STOCK EXCHANGE, INC.",USD,2005-06-29,41903371.0,28220600.0,386168800.0
DBJP,Xtrackers MSCI Japan Hedged Equity ETF,,PCX,USD,,,,
DBL,DoubleLine Opportunistic Credit Fund,,,,,19549414.0,,296955584.0
DBLR,"Pet Ecology Brands, Inc.",,,,,73936041.0,,1478722.0
DBMF,iMGP DBi Managed Futures Strategy ETF,,PCX,USD,,,,
DBND,DoubleLine Opportunistic Core Bond ETF,,PCX,USD,,,,
DBO,Invesco DB Oil Fund,,PCX,USD,,28600000.0,,345774016.0
DBORF,Diablo Resources Limited,,,,,235842206.0,115022666.0,3938564.0
DBOXF,D-BOX Technologies Inc.,,,,,222509573.0,203175716.0,151306512.0
DBP,Invesco DB Precious Metals Fund,,PCX,USD,,3200000.0,,353265216.0
DBRG,"DigitalBridge Group, Inc.",United States,NYQ,USD,,182674425.0,175756545.0,2713916160.0
DBRG.PRH,DigitalBridge Group Inc,US,"NEW YORK STOCK EXCHANGE, INC.",USD,2014-06-27,,,2566.0
DBRG.PRJ,,,,,,,,
DBSC,Manager Directed Portfolios - Deepwater Beachfront Small Capital ETF,,,,,,,
DBVT,DBV Technologies S.A.,FR,NYSE EURONEXT - EURONEXT PARIS,USD,2012-03-29,40133574.0,96558882.0,769360640.0
DBX,"Dropbox, Inc.",United States,NMS,USD,,174422941.0,170879210.0,7322759680.0
DBXRF,Xtrackers - MSCI Japan UCITS ETF,,,,,,,
DBXXF,Xtrackers - Stoxx Global Select Dividend 100 Swap UCITS ETF,,,,,,,
DC,Dakota Gold Corp.,United States,ASE,USD,,113262094.0,91649421.0,705622848.0
DCBO,Docebo Inc.,Canada,NMS,USD,,28734864.0,12342773.0,639198656.0
DCGO,DocGo Inc.,United States,NCM,USD,,97813372.0,90265114.0,90643656.0
DCI,"Donaldson Company, Inc.",United States,NYQ,USD,,115336687.0,114543171.0,10574255104.0
DCMT,DoubleLine Commodity Strategy ETF,,PCX,USD,,,,
DCO,Ducommun Incorporated,United States,NYQ,USD,,14946052.0,13749023.0,1441696128.0
DCOM,"Dime Community Bancshares, Inc.",United States,NMS,USD,,43894345.0,41952459.0,1369942400.0
DCOMG,"Dime Community Bancshares, Inc.",United States,NGM,USD,,,36914215.0,
DCOMP,"Dime Community Bancshares, Inc.",United States,NMS,USD,,,41952459.0,
DCOR,Dimensional US Core Equity 1 ETF,,PCX,USD,,,,
DCRE,Doubleline Commercial Real Estate ETF,,PCX,USD,,,,
DCTH,"Delcath Systems, Inc.",United States,NCM,USD,,35313718.0,34345416.0,363731328.0
DCTIF,Regenera Insights Inc.,,,,,126882712.0,,3628845.0
DD,"DuPont de Nemours, Inc.",US,"NEW YORK STOCK EXCHANGE, INC.",USD,2017-09-01,418975324.0,417270094.0,17286922240.0
DDC,DDC Enterprise Limited,United States,ASE,USD,,22660530.0,4259433.0,48713340.0
DDD,3D Systems Corporation,United States,NYQ,USD,,146058692.0,122854687.0,265826816.0
DDI,"DoubleDown Interactive Co., Ltd.",South Korea,NMS,USD,,49553440.0,593130.0,425664064.0
DDIV,First Trust Dorsey Wright Momentum & Dividend ETF,,NGM,USD,,,,
DDL,Dingdong (Cayman) Limited,China,NYQ,USD,,180407221.0,157202262.0,624919552.0
DDLS,WisdomTree Dynamic International SmallCap Equity ETF,,,,,,,
DDM,ProShares Ultra Dow30,,PCX,USD,,,,
DDOG,"Datadog, Inc.",United States,NMS,USD,,325443373.0,323325444.0,48503025664.0
DDS,"Dillard's, Inc.",United States,NYQ,USD,,11626733.0,7316704.0,9837417472.0
DDT,Dillards Capital Trust I CAP SECS 7.5%,,NYQ,USD,,,,
DDWWF,Dividend Growth Split Corp.,,,,,49553207.0,,204377872.0
DE,Deere & Company,United States,NYQ,USD,,270445437.0,269912659.0,126819975168.0
DEA,"Easterly Government Properties, Inc.",United States,NYQ,USD,,46108379.0,43511211.0,1098400640.0
DEC,Diversified Energy Company,United States,NYQ,USD,,77757822.0,57680365.0,1110388864.0
DECK,Deckers Outdoor Corporation,United States,NYQ,USD,,145744833.0,144468108.0,15292716032.0
DECO,SPDR Galaxy Digital Asset Ecosystem ETF,,,,,,,
DEED,First Trust Securitized Plus ETF,,,,,,,
DEEF,Xtrackers FTSE Developed ex US Multifactor ETF,,,,,,,
DEEP,Acquirers Small and Micro Deep Value ETF,,PCX,USD,,,,
DEER,"Deer Consumer Products, Inc.",,,,,33592562.0,,3359.0
DEFI,Hashdex Bitcoin ETF,,PCX,USD,,,,
DEFT,DeFi Technologies Inc.,Canada,NCM,USD,,385877975.0,377932747.0,338963392.0
DEHP,Dimensional Emerging Markets High Profitability ETF,,PCX,USD,,,,
DEI,"Douglas Emmett, Inc.",United States,NYQ,USD,,167462059.0,162181980.0,2273175040.0
DELHY,Delivery Hero SE,,,,,2955977930.0,190191467.0,7674565632.0
DELL,Dell Technologies Inc.,US,"NEW YORK STOCK EXCHANGE, INC.",USD,2016-08-01,333917807.0,311377965.0,86616678400.0
DEM,WisdomTree Emerging Markets High Dividend Fund,,PCX,USD,,,,
DEMZ,Democratic Large Cap Core ETF,,NGM,USD,,,,
DENN,Denny's Corporation,United States,NCM,USD,,51498994.0,46009716.0,319808768.0
DEO,Diageo plc,United Kingdom,NYQ,USD,,555853127.0,2216526086.0,47981240320.0
DERM,Journey Medical Corporation,,,,,21135905.0,14649318.0,214916368.0
DES,WisdomTree U.S. SmallCap Dividend Fund,,PCX,USD,,,,
DESK,Vaneck Office And Commercial REIT ETF,,PCX,USD,,,,
DEUS,Xtrackers Russell US Multifactor ETF,,,,,,,
DEVS,DevvStream Corp.,US,,USD,2021-10-28,4380012.0,1521003.0,5650215.0
DEW,WisdomTree Global High Dividend Fund,,PCX,USD,,,,
DEXC,Dimensional Emerging Markets ex China Core Equity ETF,,PCX,USD,,,,
DFAC,Dimensional U.S. Core Equity 2 ETF,,,,,,,
DFAE,Dimensional Emerging Core Equity Market ETF,,PCX,USD,,,,
DFAI,Dimensional International Core Equity Market ETF,,PCX,USD,,,,
DFAR,Dimensional US Real Estate ETF,,PCX,USD,,,,
DFAS,Dimensional U.S. Small Cap ETF,,PCX,USD,,,,
DFAT,Dimensional U.S. Targeted Value ETF,,PCX,USD,,,,
DFAU,Dimensional US Core Equity Market ETF,,PCX,USD,,,,
DFAW,Dimensional World Equity ETF,,,,,,,
DFAX,Dimensional World ex U.S. Core Equity 2 ETF,,PCX,USD,,,,
DFCA,Dimensional California Municipal Bond ETF,,PCX,USD,,,,
DFCF,Dimensional Core Fixed Income ETF,,PCX,USD,,,,
DFDV,DeFi Development Corp.,United States,NCM,USD,,31857148.0,21694155.0,183497184.0
DFDVW,DeFi Development Corp.,United States,NCM,USD,,,21694155.0,
DFE,WisdomTree Europe SmallCap Dividend Fund,,PCX,USD,,,,
DFEM,Dimensional Emerging Markets Core Equity 2 ETF,,PCX,USD,,,,
DFEN,Direxion Daily Aerospace & Defense Bull 3X Shares,,PCX,USD,,,,
DFEV,Dimensional Emerging Markets Value ETF,,PCX,USD,,,,
DFGP,Dimensional Global Core Plus Fixed Income ETF,,,,,,,
DFGR,Dimensional Global Real Estate ETF,,PCX,USD,,,,
DFGX,Dimensional Global Ex US Core Fixed Income ETF,,,,,,,
DFH,"Dream Finders Homes, Inc.",US,"NEW YORK STOCK EXCHANGE, INC.",USD,2021-01-20,35028565.0,29050778.0,1658866816.0
DFII,FT Vest Bitcoin Strategy & Target Income ETF,,PCX,USD,,,,
DFIN,"Donnelley Financial Solutions, Inc.",United States,NYQ,USD,,26537083.0,25406073.0,1277682304.0
DFIP,Dimensional Inflation-Protected Securities ETF,,PCX,USD,,,,
DFIS,Dimensional International Small Cap ETF,,,,,,,
DFIV,Dimensional International Value ETF,,PCX,USD,,,,
DFJ,WisdomTree Japan SmallCap Dividend Fund,,PCX,USD,,,,
DFLI,Dragonfly Energy Holdings Corp.,United States,NCM,USD,,12078705.0,11724557.0,50730564.0
DFLIW,Dragonfly Energy Holdings Corp.,United States,NCM,USD,,,11724557.0,
DFLV,Dimensional US Large Cap Value ETF,,PCX,USD,,,,
DFNM,Dimensional National Municipal Bond ETF,,PCX,USD,,,,
DFP,Flaherty & Crumrine Dynamic Preferred and Income Fund Inc.,United States,NYQ,USD,,20538137.0,,427809376.0
DFSB,Dimensional Global Sustainability Fixed Income ETF,,PCX,USD,,,,
DFSC,DEFSEC Technologies Inc.,Canada,NCM,USD,,1993626.0,530373.0,3628399.0
DFSCW,DEFSEC Technologies Inc.,,,,,,530373.0,
DFSD,Dimensional Short-Duration Fixed Income ETF,,PCX,USD,,,,
DFSE,Dimensional Emerging Markets Sustainability Core 1 ETF,,PCX,USD,,,,
DFSI,Dimensional International Sustainability Core 1 ETF,,PCX,USD,,,,
DFSU,Dimensional US Sustainability Core 1 ETF,,PCX,USD,,,,
DFSV,Dimensional US Small Cap Value ETF,,PCX,USD,,,,
DFTT,DF Tactical 30 ETF,,,,,,,
DFUS,Dimensional U.S. Equity Market ETF,,PCX,USD,,,,
DFUV,Dimensional US Marketwide Value ETF,,PCX,USD,,,,
DFVE,Doubleline Fortune 500 Equal Weight ETF,,PCX,USD,,,,
DFVX,Dimensional US Large Cap Vector ETF,,,,,,,
DG,Dollar General Corporation,United States,NYQ,USD,,220118871.0,218793755.0,30341183488.0
DGCB,Dimensional Global Credit ETF,,NGM,USD,,,,
DGGXF,DigitalX Limited,,,,,1488510854.0,703241328.0,34235748.0
DGICA,Donegal Group Inc.,United States,NMS,USD,,31064786.0,17468498.0,737228224.0
DGICB,Donegal Group Inc.,United States,NMS,USD,,5576775.0,17468498.0,692788416.0
DGII,Digi International Inc.,United States,NMS,USD,,37589332.0,36245185.0,1672349440.0
DGIN,VanEck Digital India ETF,,PCX,USD,,,,
DGLO,First Trust RBA Deglobalization ETF,,,,,,,
DGLY,"Digital Ally, Inc.",United States,NCM,USD,,1898436.0,1898284.0,1398198.0
DGMDF,Digital Domain Holdings Limited,,,,,7979248625.0,2179531762.0,351086944.0
DGNX,Diginex Limited,,,,,203005376.0,57139762.0,1349985792.0
DGP,DB Gold Double Long ETN,,PCX,USD,,,,
DGRE,WisdomTree Emerging Markets Quality Dividend Growth Fund,,NGM,USD,,,,
DGRO,iShares Core Dividend Growth ETF,,,,,,,
DGRS,WisdomTree U.S. SmallCap Quality Dividend Growth Fund,,NGM,USD,,,,
DGRW,WisdomTree U.S. Quality Dividend Growth Fund,,NGM,USD,,,,
DGS,WisdomTree Emerging Markets SmallCap Dividend Fund,,,,,,,
DGT,State Street SPDR Global Dow ETF,,PCX,USD,,1075460.0,,180451424.0
DGX,Quest Diagnostics Incorporated,United States,NYQ,USD,,111242362.0,110667239.0,19674216448.0
DGXX,Digi Power X Inc.,United States,NCM,USD,,65312460.0,58065716.0,171780544.0
DGZ,DB Gold Short ETN,,PCX,USD,,,,
DH,Definitive Healthcare Corp,US,NASDAQ NMS - GLOBAL MARKET,USD,2021-09-15,,,372.0
DHC,Diversified Healthcare Trust,United States,NMS,USD,,242146962.0,186806695.0,1162305408.0
DHCNI,Diversified Healthcare Trust  -,,NMS,USD,,,,
DHCNL,Diversified Healthcare Trust,,NMS,USD,,,,
DHF,BNY Mellon High Yield Strategies Fund,United States,NYQ,USD,,72826245.0,,180609104.0
DHI,"D.R. Horton, Inc.",United States,NYQ,USD,,291099538.0,259560041.0,42734301184.0
DHIL,"Diamond Hill Investment Group, Inc.",United States,NMS,USD,,2705296.0,2447833.0,457790368.0
DHKCF,,,,,,,,
DHLX,Diamond Hill Large Cap Concentrated ETF,,,,,,,
DHR,Danaher Corporation,,,,,706349563.0,628990159.0,164920999936.0
DHS,WisdomTree U.S. High Dividend Fund,,PCX,USD,,,,
DHSB,Day Hagan Smart Buffer ETF,,,,,,,
DHT,"DHT Holdings, Inc.",Bermuda,NYQ,USD,,160799407.0,135438125.0,1964968832.0
DHX,"DHI Group, Inc.",United States,NYQ,USD,,47157027.0,34477329.0,77776768.0
DHY,Credit Suisse High Yield Credit Fund,United States,ASE,USD,,103609624.0,,208255344.0
DIA,SPDR Dow Jones Industrial Average ETF Trust,,PCX,USD,,81242896.0,,39567728640.0
DIAL,Columbia Diversified Fixed Income Allocation ETF,,PCX,USD,,,,
DIAX,Nuveen Dow 30 Dynamic Overwrite Fund,United States,NYQ,USD,,36366913.0,,553868032.0
DIBS,"1stdibs.Com, Inc.",United States,NGM,USD,,36614348.0,23564628.0,216390784.0
DIEM,Franklin Emerging Market Core Dividend Tilt Index ETF,,,,,,,
DIG,ProShares Ultra Energy,,PCX,USD,,,,
DIM,WisdomTree International MidCap Dividend Fund,,PCX,USD,,,,
DIME,CoinShares Altcoins ETF,,NGM,USD,,,,
DIN,"Dine Brands Global, Inc.",United States,NYQ,USD,,14423699.0,13881512.0,524434880.0
DINO,HF Sinclair Corporation,United States,NYQ,USD,,183948233.0,170391248.0,8583256064.0
DIOD,Diodes Incorporated,US,NASDAQ NMS - GLOBAL MARKET,USD,1980-03-17,46385331.0,45324035.0,2340249344.0
DIOFF,,,,,,,,
DIPS,YieldMax Short NVDA Option Income Strategy ETF,,PCX,USD,,,,
DIS,The Walt Disney Company,United States,NYQ,USD,,1785288846.0,1782628766.0,204173361152.0
DISO,YieldMax DIS Option Income Strategy ETF,,,,,,,
DIT,AMCON Distributing Company,United States,ASE,USD,,650709.0,166406.0,68324448.0
DIV,Global X SuperDividend U.S. ETF,,PCX,USD,,,,
DIVD,Altrius Global Dividend ETF,,NGM,USD,,,,
DIVE,Dana Concentrated Dividend ETF,,PCX,USD,,,,
DIVG,Invesco S&P 500 High Dividend Growers ETF,,,,,,,
DIVI,Franklin International Core Dividend Tilt Index ETF,,PCX,USD,,,,
DIVL,Madison Dividend Value ETF,,PCX,USD,,,,
DIVO,Amplify CWP Enhanced Dividend Income ETF,,,,,,,
DIVP,Cullen Enhanced Equity Income ETF,,PCX,USD,,,,
DIVS,Guinness Atkinson Dividend Builder ETF,,PCX,USD,,,,
DIVY,Tidal ETF Trust - Sound Equity Income ETF,,NYQ,USD,,,,
DIVZ,Opal Dividend Income ETF,,PCX,USD,,,,
DIZTF,Dignitana AB,SE,NASDAQ OMX NORDIC,SEK,2009-06-18,,,172.0
DJCO,Daily Journal Corporation,United States,NCM,USD,,1377426.0,1245400.0,712143040.0
DJD,Invesco Dow Jones Industrial Average Dividend ETF,,PCX,USD,,,,
DJIA,Global X Dow 30 Covered Call ETF,,PCX,USD,,,,
DJP,iPath Bloomberg Commodity Index Total Return(SM) ETN,,PCX,USD,,,,
DJT,Trump Media & Technology Group Corp.,United States,NGM,USD,,276497911.0,155093491.0,3855567616.0
DJTWW,Trump Media & Technology Group Corp.,,,,,,155093491.0,2592997632.0
DK,"Delek US Holdings, Inc.",US,"NEW YORK STOCK EXCHANGE, INC.",USD,2006-05-04,60051553.0,58568280.0,1781714432.0
DKCLF,,,,,,99881679.0,36351237.0,2082533120.0
DKL,"Delek Logistics Partners, LP",United States,NYQ,USD,,53480401.0,18834193.0,2398595840.0
DKNG,DraftKings Inc.,US,NASDAQ NMS - GLOBAL MARKET,USD,2019-07-03,497772508.0,484312739.0,17362305024.0
DKNX,Defiance Daily Target 2X Long DKNG ETF,,NGM,USD,,,,
DKS,"DICK'S Sporting Goods, Inc.",United States,NYQ,USD,,66398273.0,64212608.0,18915962880.0
DKUP,T-REX 2X Long DKNG Daily Target ETF,,,,,,,
DLB,"Dolby Laboratories, Inc.",United States,NYQ,USD,,60587891.0,60182082.0,6275692032.0
DLHC,DLH Holdings Corp.,United States,NCM,USD,,14493035.0,5926637.0,81885648.0
DLLL,GraniteShares 2x Long DELL Daily ETF,,,,,,,
DLN,WisdomTree U.S. LargeCap Dividend Fund,,,,,,,
DLNDY,"D&L Industries, Inc.",,,,,285714320.0,1869071650.0,445773984.0
DLNG,Dynagas LNG Partners LP,MC,"NEW YORK STOCK EXCHANGE, INC.",USD,2013-11-13,36382011.0,17373096.0,139343104.0
DLNG.PRA,Dynagas LNG Partners LP,MC,"NEW YORK STOCK EXCHANGE, INC.",USD,2013-11-13,,,139.0
DLO,DLocal Limited,Uruguay,NMS,USD,,165673366.0,93583511.0,4158605568.0
DLPN,"Dolphin Entertainment, Inc.",United States,NCM,USD,,12122422.0,9286745.0,16728942.0
DLR,"Digital Realty Trust, Inc.",United States,NYQ,USD,,343501552.0,321266697.0,54207700992.0
DLS,WisdomTree International SmallCap Dividend Fund,,PCX,USD,,,,
DLTA,"Delta Oil & Gas, Inc.",,,,,15193241.0,,1519.0
DLTH,Duluth Holdings Inc.,,,,,33361992.0,9675515.0,77492264.0
DLTR,"Dollar Tree, Inc.",United States,NMS,USD,,198853187.0,175062392.0,25281812480.0
DLX,Deluxe Corporation,United States,NYQ,USD,,45007664.0,43916678.0,1021223936.0
DLXY,Delixy Holdings Limited,,,,,16350000.0,4317450.0,11610135.0
DLY,DoubleLine Yield Opportunities Fund,United States,NYQ,USD,,48539382.0,,705762624.0
DMA,Destra Multi-Alternative Fund,United States,NYQ,USD,,8963239.0,,80848432.0
DMAA,Drugs Made In America Acquisition Corp.,United States,NGM,USD,,33517143.0,25206232.0,347572768.0
DMAAR,Drugs Made In America Acquisition Corp.,United States,NGM,USD,,20400000.0,25206232.0,3853560.0
DMAAU,Drugs Made In America Acquisition Corp.,United States,NGM,USD,,29171400.0,25206232.0,304257696.0
DMAC,DiaMedica Therapeutics Inc.,United States,NCM,USD,,52077439.0,23476510.0,428597312.0
DMAR,FT Vest U.S. Equity Deep Buffer ETF - March,,,,,,,
DMAT,Global X Disruptive Materials ETF,,NGM,USD,,,,
DMB,"BNY Mellon Municipal Bond Infrastructure Fund, Inc.",US,"NEW YORK STOCK EXCHANGE, INC.",USD,2013-04-26,18405973.0,,198784496.0
DMBS,Doubleline Etf Trust - Mortgage ETF,,PCX,USD,,,,
DMCY,Democracy International Fund,,PCX,USD,,,,
DMII,Drugs Made In America Acquisition II Corp.,,,,,65575000.0,58658805.0,649192448.0
DMIIR,Drugs Made In America Acquisition II Corp.,United States,NGM,USD,,,58658805.0,
DMIIU,Drugs Made In America Acquisition II Corp.,United States,NGM,USD,,,58658805.0,
DMNIF,Damon Inc.,,,,,2450480128.0,18945808.0,117623048.0
DMO,Western Asset Mortgage Opportunity Fund Inc.,United States,NYQ,USD,,11388960.0,,126075784.0
DMRC,Digimarc Corporation,United States,NMS,USD,,21756987.0,13709370.0,148600224.0
DMX,DoubleLine Multi-Sector Income ETF,,PCX,USD,,,,
DMXF,iShares ESG Advanced MSCI EAFE Index ETF,,NGM,USD,,,,
DNA,"Ginkgo Bioworks Holdings, Inc.",US,"NEW YORK STOCK EXCHANGE, INC.",USD,2021-04-19,48523595.0,40186068.0,508957824.0
DNCLY,,,,,,,,
DNFGF,Dongfeng Motor Group Company Limited,,,,,2492200000.0,2159372176.0,7839958528.0
DNL,WisdomTree Global ex-U.S. Quality Growth Fund,,PCX,USD,,,,
DNLI,Denali Therapeutics Inc.,United States,NMS,USD,,156158364.0,133356672.0,2634391808.0
DNMX,Dynamix Corporation III,United States,NGM,USD,,20125000.0,,265381680.0
DNMXU,Dynamix Corporation III,United States,NGM,USD,,,,
DNMXW,Dynamix Corporation III,United States,NGM,USD,,,,
DNN,Denison Mines Corp.,Canada,ASE,USD,,897290541.0,894392293.0,2413711616.0
DNOV,FT Vest U.S. Equity Deep Buffer ETF - November,,,,,,,
DNOW,DNOW Inc.,United States,NYQ,USD,,185661502.0,103800128.0,2552845568.0
DNP,DNP Select Income Fund Inc.,United States,NYQ,USD,,375804183.0,,3773074176.0
DNTH,"Dianthus Therapeutics, Inc.",US,NASDAQ NMS - GLOBAL MARKET,USD,2018-06-21,42876015.0,37527661.0,1793503872.0
DNUT,"Krispy Kreme, Inc.",US,NASDAQ NMS - GLOBAL MARKET,USD,2021-07-01,171300000.0,85876116.0,733164032.0
DOC,"Healthpeak Properties, Inc.",United States,NYQ,USD,,694949823.0,692135276.0,11195641856.0
DOCN,"DigitalOcean Holdings, Inc.",United States,NYQ,USD,,91492142.0,68075643.0,4530691072.0
DOCS,"Doximity, Inc.",United States,NYQ,USD,,137373858.0,134211057.0,8225571328.0
DOCU,"DocuSign, Inc.",United States,NMS,USD,,200272740.0,197951579.0,14013083648.0
DOG,ProShares Short Dow30,,PCX,USD,,,,
DOGG,FT Vest DJIA Dogs 10 Target Income ETF,,,,,,,
DOGZ,Dogness (International) Corporation,China,NCM,USD,,5441658.0,2372260.0,148008704.0
DOL,WisdomTree True Developed International Fund,,PCX,USD,,,,
DOLE,Dole plc,Ireland,NYQ,USD,,95162657.0,77701541.0,1430294656.0
DOMH,Dominari Holdings Inc.,United States,NCM,USD,,16012435.0,8644313.0,73176832.0
DOMO,"Domo, Inc.",US,NASDAQ NMS - GLOBAL MARKET,USD,2018-06-29,38534833.0,32091628.0,373678496.0
DON,WisdomTree U.S. MidCap Dividend Fund,,,,,,,
DOO,BRP Inc.,Canada,NMS,USD,,36439047.0,37035143.0,5341817344.0
DORM,"Dorman Products, Inc.",,,,,30562644.0,26589195.0,3869842176.0
DOUG,Douglas Elliman Inc.,United States,NYQ,USD,,88818970.0,70836681.0,211389152.0
DOV,Dover Corporation,US,"NEW YORK STOCK EXCHANGE, INC.",USD,1956-12-03,137153223.0,136455113.0,27451215872.0
DOW,Dow Inc.,US,"NEW YORK STOCK EXCHANGE, INC.",USD,2019-03-20,710767392.0,708990474.0,16553772032.0
DOWAY,DOWWAY HOLDINGS LIMITED,,,,,77000000.0,91435880.0,444580896.0
DOX,Amdocs Limited,United States,NMS,USD,,107949539.0,105691235.0,8989646848.0
DOYU,DouYu International Holdings Limited,China,NMS,USD,,30178859.0,12666972.0,219867248.0
DPG,Duff & Phelps Utility and Infrastructure Fund Inc.,United States,NYQ,USD,,36720443.0,,476007200.0
DPRO,Draganfly Inc.,Canada,NCM,USD,,25581802.0,21076570.0,188282064.0
DPST,Direxion Daily Regional Banks Bull 3X Shares,,PCX,USD,,,,
DPZ,"Domino's Pizza, Inc.",United States,NMS,USD,,33786218.0,32829970.0,14447302656.0
DQ,Daqo New Energy Corp.,China,NYQ,USD,,67056715.0,218663252.0,2133744640.0
DRAI,Draco Evolution AI ETF,,PCX,USD,,,,
DRAY,YieldMax DKNG Option Income Strategy ETF,,PCX,USD,,,,
DRD,DRDGOLD Limited,South Africa,NYQ,USD,,86524440.0,430277388.0,2883859712.0
DRDB,Roman DBDR Acquisition Corp. II,United States,NGM,USD,,23000000.0,20764400.0,319546688.0
DRDBU,Roman DBDR Acquisition Corp. II,United States,NGM,USD,,26666700.0,20764400.0,285067008.0
DRDBW,Roman DBDR Acquisition Corp. II,United States,NGM,USD,,26670000.0,20764400.0,16002001.0
DRDNF,Dreadnought Resources Ltd,,,,,,,
DRES,GMO Domestic Resilience ETF,,PCX,USD,,,,
DREUF,Dream Industrial Real Estate Investment Trust,,,,,286068238.0,285524708.0,2731037696.0
DRH,DiamondRock Hospitality Company,United States,NMS,USD,,203703182.0,201460410.0,1872677632.0
DRI,"Darden Restaurants, Inc.",United States,NYQ,USD,,116313762.0,115327454.0,21962981376.0
DRIO,DarioHealth Corp.,United States,NCM,USD,,6758412.0,4734886.0,67854464.0
DRIP,Direxion Daily S&P Oil & Gas Exp. & Prod. Bear 2X Shares,,PCX,USD,,,,
DRIV,Global X Autonomous & Electric Vehicles ETF,,NGM,USD,,,,
DRKY,VistaShares Target 15 DRUKMacro Distribution ETF,,PCX,USD,,,,
DRLL,Strive U.S. Energy ETF,,NYQ,USD,,,,
DRMA,"Dermata Therapeutics, Inc.",United States,NCM,USD,,1026457.0,828926.0,1909210.0
DRMAW,"Dermata Therapeutics, Inc.",United States,NCM,USD,,,828926.0,
DRN,Direxion Daily Real Estate Bull 3X Shares,,PCX,USD,,,,
DRNZ,REX Drone ETF,,,,,,,
DROHF,,,,,,,,
DROR,"Dror Ortho-Design, Inc.",,,,,956997116.0,536444733.0,17034548.0
DRS,"Leonardo DRS, Inc.",United States,NMS,USD,,266026725.0,75455820.0,9122717696.0
DRTS,Alpha Tau Medical Ltd.,Israel,NCM,USD,,85264146.0,57352928.0,434847136.0
DRTSW,Alpha Tau Medical Ltd.,Israel,NCM,USD,,,57352928.0,
DRUG,Bright Minds Biosciences Inc.,United States,NCM,USD,,7787161.0,3292801.0,639481664.0
DRUP,GraniteShares ETF Trust - GraniteShares Nasdaq Select Disruptors ETF,,,,,,,
DRV,Direxion Daily Real Estate Bear 3X Shares,,PCX,USD,,,,
DRVN,Driven Brands Holdings Inc.,United States,NMS,USD,,164454218.0,59502825.0,2437211648.0
DSACU,Daedalus Special Acquisition Corp.,United Kingdom,NGM,USD,,,,
DSCNF,,,,,,,,
DSDVF,DSV A/S,,,,,236112523.0,193485062.0,58651533312.0
DSEP,FT Vest U.S. Equity Deep Buffer ETF - September,,,,,,,
DSGN,"Design Therapeutics, Inc.",United States,NMS,USD,,56963757.0,26602075.0,548560960.0
DSGR,"Distribution Solutions Group, Inc.",United States,NMS,USD,,46227784.0,42159277.0,1329020672.0
DSGT,DSG Global Inc.,,,,,157257212.0,155760123.0,15725.0
DSGX,The Descartes Systems Group Inc.,Canada,NMS,USD,,85986823.0,85685009.0,7690231296.0
DSI,iShares ESG MSCI KLD 400 ETF,,PCX,USD,,,,
DSL,DoubleLine Income Solutions Fund,United States,NYQ,USD,,114574423.0,,1292399488.0
DSM,"BNY Mellon Strategic Municipal Bond Fund, Inc.",United States,NYQ,USD,,50247708.0,,302993696.0
DSMC,Distillate Small/Mid Cash Flow ETF,,NYQ,USD,,,,
DSMFF,DSM-Firmenich AG,,,,,252341407.0,246614920.0,20343134208.0
DSP,Viant Technology Inc.,United States,NMS,USD,,16678890.0,13239703.0,759237056.0
DSPC,AXS De-SPAC ETF,,,,,,,
DSPY,Tema S&P 500 Historical Weight ETF Strategy,,PCX,USD,,,,
DSS,"DSS, Inc.",United States,ASE,USD,,9092518.0,3074271.0,8820652.0
DSTL,Distillate U.S. Fundamental Stability & Value ETF,,PCX,USD,,,,
DSTX,Distillate International Fundamental Stability & Value ETF,,NYQ,USD,,,,
DSU,"BlackRock Debt Strategies Fund, Inc.",United States,NYQ,USD,,61979204.0,,632807680.0
DSWL,"Deswell Industries, Inc.",Macau,NGM,USD,,15935239.0,4587596.0,56092040.0
DSX,Diana Shipping Inc.,Greece,NYQ,USD,,115781752.0,69041105.0,196828976.0
DSYWW,Big Tree Cloud Holdings Limited,China,NCM,USD,,,6072228.0,
DT,"Dynatrace, Inc.",United States,NYQ,USD,,301488271.0,299796922.0,13365772288.0
DTAN,Sparkline International Intangible Value ETF,,PCX,USD,,,,
DTATF,Data#3 Limited,,,,,154704000.0,140955806.0,744811264.0
DTB,DTE Energy Company 2020 Series ,,NYQ,USD,,,,
DTCFF,Defence Therapeutics Inc.,,,,,54725370.0,52557698.0,30903416.0
DTCR,Global X Data Center & Digital Infrastructure ETF,,NGM,USD,,,,
DTCX,"Datacentrex, Inc.",United States,NCM,USD,,17000000.0,,90218296.0
DTD,WisdomTree U.S. Total Dividend Fund,,PCX,USD,,,,
DTE,DTE Energy Company,United States,NYQ,USD,,207683012.0,206627982.0,26801491968.0
DTEC,ALPS Disruptive Technologies ETF,,PCX,USD,,,,
DTF,DTF Tax-Free Income 2028 Term Fund Inc.,United States,NYQ,USD,,7029567.0,,79715288.0
DTG,DTE Energy Company 2021 Series ,,NYQ,USD,,,,
DTH,WisdomTree International High Dividend Fund,,PCX,USD,,,,
DTI,Drilling Tools International Corporation,United States,NCM,USD,,35198778.0,13153079.0,97148632.0
DTIL,"Precision BioSciences, Inc.",United States,NCM,USD,,24071751.0,12564881.0,101823512.0
DTK,DTE Energy Company 2025 Series ,US,"NEW YORK STOCK EXCHANGE, INC.",USD,1949-11-16,,,26801.0
DTLAP,Brookfield DTLA Fund Office Trust Investor Inc.,,,,,,,
DTM,"DT Midstream, Inc.",,,,,101673925.0,101204191.0,12249674752.0
DTRE,First Trust Alerian Disruptive Technology Real Estate ETF,,PCX,USD,,,,
DTSQ,DT Cloud Star Acquisition Corporation,United States,NGM,USD,,3653409.0,5568848.0,96574768.0
DTSQR,DT Cloud Star Acquisition Corporation,United States,NGM,USD,,,5568848.0,
DTSQU,DT Cloud Star Acquisition Corporation,United States,NGM,USD,,7753400.0,5568848.0,84279456.0
DTSS,Datasea Inc.,China,NCM,USD,,8570713.0,4114885.0,7207970.0
DTST,Data Storage Corporation,United States,NCM,USD,,7498358.0,4332701.0,38016680.0
DTSTW,Data Storage Corporation,United States,NCM,USD,,,4332701.0,
DTTLY,Datatec Limited,,,,,121012292.0,164324253.0,1149694976.0
DTW,DTE Energy Company JR SUB DB 2017 E,,NYQ,USD,,179394000.0,,3788801536.0
DUERF,Dürr Aktiengesellschaft,,,,,69202080.0,50939651.0,1580262528.0
DUG,ProShares UltraShort Energy ETF,,PCX,USD,,,,
DUHP,Dimensional US High Profitability ETF,,PCX,USD,,,,
DUK,Duke Energy Corporation,United States,NYQ,USD,,777661224.0,775794837.0,91126341632.0
DUKB,Duke Energy Corporation 5.625% ,,,,,,,
DUKH,Ocean Park High Income ETF,,NGM,USD,,699950016.0,,17085779968.0
DUKQ,Ocean Park Domestic ETF,,PCX,USD,,,,
DUKX,Ocean Park International ETF,,NGM,USD,,,,
DUKZ,Ocean Park Diversified Income ETF,,PCX,USD,,,,
DULL,MicroSectors Gold -3X Inverse Leveraged ETN,,PCX,USD,,,,
DUNK,Dana Unconstrained Equity ETF,,PCX,USD,,,,
DUO,Fangdd Network Group Ltd.,China,NCM,USD,,4013414.0,2614526.0,11500980.0
DUOG,Leverage Shares 2X Long DUOL Daily ETF,,,,,,,
DUOL,"Duolingo, Inc.",United States,NMS,USD,,40013533.0,39610835.0,8397661696.0
DUOT,"Duos Technologies Group, Inc.",United States,NCM,USD,,20415288.0,17026063.0,197007520.0
DURA,VanEck Durable High Dividend ETF,,,,,,,
DUSB,Dimensional Ultrashort Fixed Income ETF,,PCX,USD,,,,
DUSL,Direxion Daily Industrials Bull 3X Shares,,PCX,USD,,,,
DUST,Direxion Daily Gold Miners Index Bear 2X Shares,,PCX,USD,,13418700.0,,89368536.0
DUSXF,Dustin Group AB (publ),,,,,1357425312.0,610814242.0,261028064.0
DV,"DoubleVerify Holdings, Inc.",United States,NYQ,USD,,161107214.0,141324859.0,1881726464.0
DVA,DaVita Inc.,United States,NYQ,USD,,70600000.0,37365756.0,8149570048.0
DVAL,BrandywineGLOBAL Dynamic U.S. Large Cap Value ETF,,NGM,USD,,,,
DVAX,Dynavax Technologies Corporation,United States,NMS,USD,,117424968.0,101131079.0,1805996032.0
DVDN,Kingsbarn Dividend Opportunity ETF,,PCX,USD,,,,
DVGR,EA Series Trust - DAC 3D Dividend Growth ETF,,NGM,USD,,51693637.0,,1301501056.0
DVHGF,Devonian Health Group Inc.,,,,,165943512.0,144893578.0,22862534.0
DVIN,WEBs Industrials XLI Defined Volatility ETF  ,,NGM,USD,,,,
DVLT,Datavault AI Inc.,United States,NCM,USD,,285217148.0,223054071.0,213370944.0
DVLU,First Trust Dorsey Wright Momentum & Value ETF,,NGM,USD,,,,
DVN,Devon Energy Corporation,United States,NYQ,USD,,627300000.0,622005588.0,22643314688.0
DVND,Touchstone Dividend Select ETF,,PCX,USD,,,,
DVOL,First Trust Dorsey Wright Momentum & Low Volatility ETF,,NGM,USD,,,,
DVQQ,WEBs QQQ Defined Volatility ETF,,NGM,USD,,,,
DVRE, WEBs Real Estate XLRE Defined Volatility ETF  ,,NGM,USD,,,,
DVS,Dolly Varden Silver Corporation,Canada,ASE,USD,,91866780.0,78727074.0,459333920.0
DVSP,WEBs SPY Defined Volatility ETF  ,,NGM,USD,,,,
DVUT,WEBs Utilities XLU Defined Volatility ETF  ,,NGM,USD,,,,
DVXB,WEBs Materials XLB Defined Volatility ETF  ,,,,,,,
DVXC, WEBs Communication Services XLC Defined Volatility ETF  ,,NGM,USD,,,,
DVXE,WEBs Energy XLE Defined Volatility ETF  ,,NGM,USD,,,,
DVXF,WEBs Financial XLF Defined Volatility ETF  ,,NGM,USD,,,,
DVXK,WEBs Technology XLK Defined Volatility ETF,,NGM,USD,,,,
DVXP,WEBs Consumer Staples XLP Defined Volatility ETF  ,,NGM,USD,,,,
DVXV,WEBs Health Care XLV Defined Volatility ETF  ,,NGM,USD,,,,
DVXY,WEBs Consumer Discretionary XLY Defined Volatility ETF  ,,,,,,,
DVY,iShares Select Dividend ETF,,NGM,USD,,175050000.0,,24965629952.0
DVYA,iShares Asia/Pacific Dividend ETF,,PCX,USD,,,,
DVYE,iShares Emerging Markets Dividend ETF,,PCX,USD,,,,
DWAS,Invesco DWA SmallCap Momentum ETF,,NGM,USD,,,,
DWAW,AdvisorShares Dorsey Wright FSM All Cap World ETF,,NGM,USD,,,,
DWM,WisdomTree International Equity Fund,,PCX,USD,,,,
DWMF,WisdomTree International Multifactor Fund,,PCX,USD,,,,
DWMNF,"Dowa Holdings Co., Ltd.",,,,,59563066.0,,2859026944.0
DWSH,AdvisorShares Dorsey Wright Short ETF,,NGM,USD,,,,
DWSN,Dawson Geophysical Company,,,,,31047801.0,6272277.0,52781260.0
DWTX,"Dogwood Therapeutics, Inc.",United States,NCM,USD,,29727866.0,358031.0,120992416.0
DWUS,AdvisorShares Dorsey Wright FSM US Core ETF,,NGM,USD,,,,
DWX,SPDR S&P International Dividend ETF,,PCX,USD,,,,
DX,"Dynex Capital, Inc.",United States,NYQ,USD,,146821745.0,145911450.0,2037885824.0
DXC,DXC Technology Company,US,"NEW YORK STOCK EXCHANGE, INC.",USD,1968-10-26,174133947.0,172693859.0,2702880000.0
DXCM,"DexCom, Inc.",,,,,390016272.0,387418764.0,26497931264.0
DXD,ProShares UltraShort Dow30,,PCX,USD,,,,
DXF,Eason Technology Limited,,,,,1379408.0,,3011840.0
DXIV,Dimensional International Vector Equity ETF,,PCX,USD,,,,
DXJ,WisdomTree Japan Hedged Equity Fund,,PCX,USD,,,,
DXLG,"Destination XL Group, Inc.",United States,NGM,USD,,54656415.0,27571975.0,50797676.0
DXMEF,Xtrackers - MSCI Europe UCITS ETF,,,,,,,
DXPE,"DXP Enterprises, Inc.",United States,NMS,USD,,15679290.0,12837262.0,1817218048.0
DXR,Daxor Corporation,United States,NCM,USD,,4984452.0,2122479.0,69333728.0
DXST,Decent Holding Inc.,CN,NASDAQ NMS - GLOBAL MARKET,USD,2025-01-22,24583333.0,8050088.0,38162496.0
DXUV,Dimensional US Vector Equity ETF,,PCX,USD,,,,
DXYZ,Destiny Tech100 Inc.,United States,NYQ,USD,,14427988.0,,446979072.0
DY,"Dycom Industries, Inc.",United States,NYQ,USD,,29967120.0,23827934.0,10417470464.0
DYAI,"Dyadic International, Inc.",,,,,36187798.0,26907437.0,34447168.0
DYFI,IDX Dynamic Fixed Income ETF,,NGM,USD,,,,
DYLD,LeaderShares Dynamic Yield ETF,,PCX,USD,,,,
DYLG,Global X Dow 30 Covered Call & Growth ETF,,PCX,USD,,,,
DYN,"Dyne Therapeutics, Inc.",United States,NMS,USD,,164652236.0,134205217.0,3299631104.0
DYNB,Hartford Dynamic Bond ETF,,,,,,,
DYNF,iShares U.S. Equity Factor Rotation Active ETF,,PCX,USD,,,,
DYOR,Insight Digital Partners II,United States,NGM,USD,,17250000.0,,228160000.0
DYORU,Insight Digital Partners II,United States,NGM,USD,,20000000.0,,201000000.0
DYORW,Insight Digital Partners II,,,,,,,
DYTA,SGI Dynamic Tactical ETF,,,,,,,
DZZ,DB Gold Double Short ETN,,PCX,USD,,,,
E,Eni S.p.A.,Italy,NYQ,USD,,1480400749.0,1945114752.0,56066842624.0
EA,Electronic Arts Inc.,United States,NMS,USD,,250106129.0,223962803.0,51219230720.0
EAD,Wells Fargo Advantage Funds - Allspring Income Opportunities Fund,United States,ASE,USD,,59092336.0,,402418816.0
EADSF,Airbus SE,NL,NYSE EURONEXT - EURONEXT PARIS,EUR,2000-07-10,789379560.0,586256412.0,187215642624.0
EAF,GrafTech International Ltd.,United States,NYQ,USD,,25820110.0,17254805.0,419576800.0
EAFG,Pacer Developed Markets Cash Cows Growth Leaders ETF,,PCX,USD,,,,
EAGG,iShares ESG U.S. Aggregate Bond ETF,,,,,,,
EAGL,Eagle Capital Select Equity ETF,,,,,,,
EAI,"Entergy Arkansas, Inc. 1M BD 4.875%66",,NYQ,USD,,46980200.0,,983295616.0
EAOK,iShares ESG Aware 30/70 Conservative Allocation ETF,,,,,,,
EAPR,Innovator Emerging Markets Power Buffer ETF - April,,PCX,USD,,,,
EARN,Ellington Credit Company,United States,NYQ,USD,,37570604.0,37040021.0,200251312.0
EASG,Xtrackers MSCI EAFE Selection Equity ETF,,,,,,,
EASY,Liberty One Defensive Dividend Growth ETF,,NGM,USD,,,,
EAT,"Brinker International, Inc.",United States,NYQ,USD,,44431215.0,43716317.0,6647354368.0
EATMF,,,,,,,,
EATZ,AdvisorShares Restaurant ETF,,PCX,USD,,,,
EB,"Eventbrite, Inc.",United States,NYQ,USD,,82470848.0,70636719.0,435607296.0
EBAY,eBay Inc.,United States,NMS,USD,,452000000.0,450282400.0,38940971008.0
EBC,"Eastern Bankshares, Inc.",United States,NMS,USD,,224949803.0,183666648.0,4233555200.0
EBCOY,Ebara Corporation,,,,,913972584.0,432130859.0,10656920576.0
EBF,"Ennis, Inc.",United States,NYQ,USD,,25629751.0,22970011.0,471043648.0
EBI,Longview Advantage ETF,,,,,,,
EBIT,Harbor AlphaEdge Small Cap Earners ETF,,PCX,USD,,,,
EBIZ,Global X E-commerce ETF,,NGM,USD,,,,
EBMT,"Eagle Bancorp Montana, Inc.",United States,NGM,USD,,7952177.0,7151818.0,157294080.0
EBND,SPDR Bloomberg Emerging Markets Local Bond ETF,,PCX,USD,,,,
EBON,Ebang International Holdings Inc.,China,NMS,USD,,4726424.0,4613934.0,21040066.0
EBS,Emergent BioSolutions Inc.,United States,NYQ,USD,,52519964.0,47390339.0,663154176.0
EBUF,Innovator Emerging Markets 10 Buffer ETF - Quarterly,,,,,,,
EC,Ecopetrol S.A.,Colombia,NYQ,USD,,2055834735.0,4668389515.0,20788254720.0
ECAT,BlackRock ESG Capital Allocation Term Trust,United States,NYQ,USD,,99345793.0,,1548800896.0
ECBK,"ECB Bancorp, Inc.",United States,NCM,USD,,8796890.0,8001475.0,153477152.0
ECC,Eagle Point Credit Company Inc.,United States,NYQ,USD,,130832939.0,,750980992.0
ECCC,Eagle Point Credit Company Inc.,United States,NYQ,USD,,,,
ECCE,Eagle Ford Oil & Gas Corp.,,,,,42127928.0,,8425.0
ECCF,Eagle Point Credit Company Inc.,United States,NYQ,USD,,,,
ECCU,Eagle Point Credit Company Inc.,,NYQ,USD,,,,
ECCV,Eagle Point Credit Company Inc.,,NYQ,USD,,,,
ECCW,Eagle Point Credit Company Inc.,,NYQ,USD,,,,
ECCX,Eagle Point Credit Company Inc. 6.6875% NT 28,,NYQ,USD,,18090700.0,,456609248.0
ECF,Ellsworth Growth and Income Fund Ltd.,United States,ASE,USD,,13615262.0,,162002288.0
ECG,"Everus Construction Group, Inc.",United States,NYQ,USD,,51006575.0,50844884.0,4595182080.0
ECL,Ecolab Inc.,United States,NYQ,USD,,283235653.0,285439440.0,75373314048.0
ECLMF,Ecolomondo Corporation,,,,,226799685.0,57924640.0,33542614.0
ECML,EA Series Trust - Euclidean Fundamental Value ETF,,PCX,USD,,,,
ECNS,iShares MSCI China Small-Cap ETF,,PCX,USD,,,,
ECO,Okeanis Eco Tankers Corp.,Greece,NYQ,USD,,35433544.0,,1186315008.0
ECON,Columbia Research Enhanced Emerging Economies ETF,,,,,,,
ECOR,"electroCore, Inc.",United States,NCM,USD,,7995903.0,5106344.0,39579720.0
ECOW,Pacer Emerging Markets Cash Cows 100 ETF,,NGM,USD,,,,
ECPG,"Encore Capital Group, Inc.",United States,NMS,USD,,22303676.0,21670921.0,1277613568.0
ECRFF,Cartier Resources Inc.,,,,,442753140.0,312260507.0,84123096.0
ECRYF,,,,,,,,
ECVT,Ecovyst Inc.,United States,NYQ,USD,,114019414.0,101904851.0,1139602944.0
ECX,ECARX Holdings Inc.,China,NGM,USD,,303830359.0,120027960.0,542176448.0
ECXWW,ECARX Holdings Inc.,China,NCM,USD,,,120027960.0,
ED,"Consolidated Edison, Inc.",United States,NYQ,USD,,360935608.0,360524141.0,35840909312.0
EDAP,EDAP TMS S.A.,France,NGM,USD,,37392086.0,29046387.0,127133104.0
EDBL,Edible Garden AG Incorporated,United States,NCM,USD,,5126655.0,4824234.0,3691191.0
EDBLW,Edible Garden AG Incorporated,United States,NCM,USD,,,4824234.0,
EDC,Direxion Daily MSCI Emerging Markets Bull 3X Shares,,,,,,,
EDD,"Morgan Stanley Emerging Markets Domestic Debt Fund, Inc.",US,"NEW YORK STOCK EXCHANGE, INC.",USD,2007-04-24,64456047.0,,357731072.0
EDF,Virtus Stone Harbor Emerging Markets Income Fund,United States,NYQ,USD,,30979665.0,,151180768.0
EDGF,3EDGE Dynamic Fixed Income ETF,,,,,,,
EDGH,3EDGE Dynamic Hard Assets ETF,,PCX,USD,,,,
EDGI,3EDGE Dynamic International Equity ETF,,PCX,USD,,,,
EDGM,"EdgeMode, Inc.",,,,,2986833481.0,530299338.0,113200992.0
EDGU,3EDGE Dynamic US Equity ETF,,,,,,,
EDHL,Everbright Digital Holding Limited,HK,NASDAQ NMS - GLOBAL MARKET,USD,2025-04-17,26660000.0,8120750.0,12266266.0
EDIT,"Editas Medicine, Inc.",United States,NMS,USD,,97618660.0,97264304.0,211832496.0
EDIV,SPDR S&P Emerging Markets Dividend ETF,,PCX,USD,,,,
EDN,Empresa Distribuidora y Comercializadora Norte Sociedad Anónima,Argentina,NYQ,USD,,20589678.0,168796524.0,1559658752.0
EDNEF,Eden Empire Inc.,,,,,137176920.0,110240860.0,68588.0
EDOG,ALPS Emerging Sector Dividend Dogs ETF,,PCX,USD,,,,
EDOW,First Trust Dow 30 Equal Weight ETF,,PCX,USD,,,,
EDRY,EuroDry Ltd.,Greece,NCM,USD,,2826697.0,1239252.0,36323072.0
EDSA,"Edesa Biotech, Inc.",Canada,NCM,USD,,8333823.0,5031712.0,12000706.0
EDTK,Skillful Craftsman Education Technology Limited,China,NCM,USD,,15929451.0,7924424.0,14264824.0
EDU,New Oriental Education & Technology Group Inc.,China,NYQ,USD,,159145747.0,1085291320.0,9290866688.0
EDUC,Educational Development Corporation,United States,NGM,USD,,8583201.0,6453709.0,11415658.0
EDV,Vanguard Extended Duration Treasury Index Fund ETF Shares,,PCX,USD,,,,
EDVMF,Endeavour Mining plc,,,,,240754697.0,198076770.0,13109093376.0
EDZ,Direxion Daily MSCI Emerging Markets Bear 3X Shares,,PCX,USD,,,,
EE,"Excelerate Energy, Inc.",United States,NYQ,USD,,32009581.0,31664198.0,3175762432.0
EEA,"The European Equity Fund, Inc.",,,,,6725724.0,,74584928.0
EEFT,"Euronet Worldwide, Inc.",United States,NMS,USD,,42044681.0,39231471.0,3218940672.0
EELV,Invesco S&P Emerging Markets Low Volatility ETF,,,,,,,
EEM,iShares MSCI Emerging Markets ETF,,,,,752400000.0,,41231519744.0
EEMA,iShares MSCI Emerging Markets Asia ETF,,NGM,USD,,7600000.0,,713924224.0
EEMO,Invesco S&P Emerging Markets Momentum ETF,,PCX,USD,,,,
EEMS,iShares MSCI Emerging Markets Small-Cap ETF,,,,,5750000.0,,387089984.0
EEMX,SPDR MSCI Emerging Markets Fossil Fuel Reserves Free ETF,,PCX,USD,,,,
EES,WisdomTree U.S. SmallCap Earnings Fund,,,,,,,
EET,ProShares Ultra MSCI Emerging Markets,,PCX,USD,,,,
EETH,ProShares Ether ETF,,PCX,USD,,,,
EEV,ProShares UltraShort MSCI Emerging Markets,,,,,,,
EEX,"Emerald Holding, Inc.",United States,NYQ,USD,,197807355.0,12347135.0,910675328.0
EFA,iShares MSCI EAFE ETF,,PCX,USD,,938400000.0,,90621288448.0
EFAA,Invesco MSCI EAFE Income Advantage ETF,,PCX,USD,,,,
EFAS,Global X MSCI SuperDividend EAFE ETF,,NGM,USD,,,,
EFAV,iShares MSCI EAFE Min Vol Factor ETF,,,,,,,
EFAX,SPDR MSCI EAFE Fossil Fuel Reserves Free ETF,,PCX,USD,,,,
EFC,Ellington Financial Inc.,United States,NYQ,USD,,111255479.0,104925419.0,1539775872.0
EFFE,Harbor Osmosis Emerging Markets Resource Efficient ETF,,,,,,,
EFFI,Harbor Osmosis International Resource Efficient ETF,,PCX,USD,,,,
EFIV,State Street SPDR S&P 500 ESG ETF,,PCX,USD,,,,
EFO,ProShares Ultra MSCI EAFE,,PCX,USD,,,,
EFOI,"Energy Focus, Inc.",United States,NCM,USD,,5739415.0,2611721.0,12913684.0
EFOT,"eFotoXpress, Inc.",,,,,56959000.0,,5695.0
EFR,Eaton Vance Senior Floating-Rate Trust,United States,NYQ,USD,,29523618.0,,328893120.0
EFRA,iShares Environmental Infrastructure and Industrials ETF,,,,,,,
EFSC,Enterprise Financial Services Corp,United States,NMS,USD,,37010909.0,35915756.0,2052624896.0
EFSCP,Enterprise Financial Services Corp,United States,NMS,USD,,,35915756.0,
EFSH,1847 Holdings LLC,US,NYSE MKT LLC,USD,2025-10-14,,,0.0
EFSI,"Eagle Financial Services, Inc.",United States,NCM,USD,,5376346.0,4190455.0,216828048.0
EFT,Eaton Vance Floating-Rate Income Trust,US,"NEW YORK STOCK EXCHANGE, INC.",USD,2004-06-25,26578058.0,,302192512.0
EFTY,"Etoiles Capital Group Co., Ltd",HK,NASDAQ NMS - GLOBAL MARKET,USD,2025-08-08,15110000.0,,302052224.0
EFU,ProShares UltraShort MSCI EAFE,,PCX,USD,,,,
EFX,Equifax Inc.,United States,NYQ,USD,,122394037.0,121853055.0,27357208576.0
EFXT,Enerflex Ltd.,Canada,NYQ,USD,,121801779.0,121125779.0,1864269184.0
EFZ,ProShares Short MSCI EAFE,,,,,,,
EG,"Everest Group, Ltd.",,,,,41978058.0,31598983.0,14168853504.0
EGAN,eGain Corporation,United States,NCM,USD,,27051157.0,14625749.0,283496096.0
EGBN,"Eagle Bancorp, Inc.",United States,NCM,USD,,30371236.0,25162569.0,643262784.0
EGDFF,Energold Drilling Corp.,,,,,54679939.0,53732882.0,607.0
EGG,Enigmatig Limited,Singapore,ASE,USD,,12255200.0,7369250.0,137796784.0
EGGQ,NestYield Visionary ETF,,,,,,,
EGGS,NestYield Total Return Guard ETF,,,,,,,
EGGY,NestYield Dynamic Income ETF,,PCX,USD,,,,
EGHA,EGH Acquisition Corp.,United States,NGM,USD,,15500000.0,,207460000.0
EGHAR,EGH Acquisition Corp.,US,NASDAQ NMS - GLOBAL MARKET,USD,2025-05-09,,,207.0
EGHAU,EGH Acquisition Corp.,United States,NGM,USD,,,,
EGHT,"8x8, Inc.",United States,NMS,USD,,138640363.0,97495731.0,278667136.0
EGLE,Global X S&P 500 U.S. Revenue Leaders ETF,,,,,,,
EGO,Eldorado Gold Corporation,Canada,NYQ,USD,,201044243.0,199597051.0,7507020288.0
EGP,"EastGroup Properties, Inc.",United States,NYQ,USD,,53348800.0,52603637.0,9653999616.0
EGTIF,"eGuarantee, Inc.",,,,,45161367.0,24057507.0,543742848.0
EGY,"VAALCO Energy, Inc.",,,,,104258253.0,101526687.0,360733568.0
EH,EHang Holdings Limited,China,NGM,USD,,52471578.0,106409110.0,943001664.0
EHAB,"Enhabit, Inc.",United States,NYQ,USD,,50607075.0,39770582.0,475475808.0
EHC,Encompass Health Corporation,United States,NYQ,USD,,100615977.0,99122836.0,10829825024.0
EHI,Western Asset Global High Income Fund Inc.,United States,NYQ,USD,,30299742.0,,193918352.0
EHLD,Euroholdings Ltd.,Greece,NCM,USD,,2816615.0,1061864.0,19209314.0
EHLS,Even Herd Long Short ETF,,NGM,USD,,,,
EHSI,Elite Health Systems Inc.,,,,,21939924.0,17183568.0,27644304.0
EHTH,"eHealth, Inc.",United States,NMS,USD,,30764785.0,23214491.0,126750904.0
EIC,Eagle Point Income Company Inc.,,,,,26514399.0,,305180736.0
EICA,Eagle Point Income Company Inc.,United States,NYQ,USD,,,,
EICB,Eagle Point Income Company Inc.,United States,NYQ,USD,,,,
EICC,Eagle Point Income Company Inc.,United States,NYQ,USD,,,,
EIDO,iShares MSCI Indonesia ETF,,PCX,USD,,,,
EIG,"Employers Holdings, Inc.",United States,NYQ,USD,,22466606.0,22130905.0,1009117376.0
EIHDF,Evoke plc,,,,,449875585.0,312778573.0,121466416.0
EIIA,Eagle Point Institutional Income Fund,United States,NYQ,USD,,,,
EIM,Eaton Vance Municipal Bond Fund,,,,,51372599.0,,496773056.0
EINC,VanEck Energy Income ETF,,,,,,,
EIPI,FT Energy Income Partners Enhanced Income ETF,,PCX,USD,,,,
EIPX,FT Energy Income Partners Strategy ETF,,PCX,USD,,,,
EIRL,iShares MSCI Ireland ETF,,,,,,,
EIS,iShares MSCI Israel ETF,,PCX,USD,,2550000.0,,279735008.0
EIX,Edison International,United States,NYQ,USD,,384787056.0,383928981.0,22901471232.0
EJAN,Innovator Emerging Markets Power Buffer ETF - January,,PCX,USD,,,,
EJH,E-Home Household Service Holdings Limited,China,NCM,USD,,80003859.0,19927044.0,74011568.0
EJPRY,East Japan Railway Company,,,,,2257308582.0,1084930224.0,29953251328.0
EJUL,Innovator Emerging Markets Power Buffer ETF - July,,PCX,USD,,,,
EKG,First Trust Nasdaq Lux Digital Health Solutions ETF,,NGM,USD,,,,
EKNPF,EKINOPS S.A.,FR,NYSE EURONEXT - EURONEXT PARIS,EUR,2013-05-02,27023319.0,20111678.0,109444448.0
EKSO,"Ekso Bionics Holdings, Inc.",United States,NCM,USD,,2623233.0,2249475.0,14585181.0
EL,The Estée Lauder Companies Inc.,United States,NYQ,USD,,245852896.0,244857576.0,38792781824.0
ELA,Envela Corporation,US,NYSE MKT LLC,USD,1992-03-18,25963476.0,5406115.0,324565984.0
ELAB,PMGC Holdings Inc.,United States,NCM,USD,,744110.0,675930.0,1153372.0
ELAN,Elanco Animal Health Incorporated,,,,,496863473.0,492878628.0,11229115392.0
ELBM,Electra Battery Materials Corporation,Canada,NCM,USD,,93653238.0,74426370.0,82508504.0
ELC,"Entergy Louisiana, LLC COLLATERAL TR MT",,NYQ,USD,,,,
ELCV,Eventide High Dividend ETF,,PCX,USD,,,,
ELD,WisdomTree Emerging Markets Local Debt Fund,,PCX,USD,,,,
ELDN,"Eledon Pharmaceuticals, Inc.",United States,NCM,USD,,75034260.0,50353247.0,120054824.0
ELE,Elemental Royalty Corporation,Canada,NCM,USD,,63770093.0,16427054.0,1128730624.0
ELF,"e.l.f. Beauty, Inc.",United States,NYQ,USD,,59636768.0,58191769.0,4795988992.0
ELFY,ALPS Electrification Infrastructure ETF,,NGM,USD,,,,
ELIAF,Elia Group SA/NV,,,,,109045691.0,50276606.0,14497058816.0
ELIL,Direxion Daily LLY Bull 2X Shares,,NGM,USD,,,,
ELIS,Direxion Daily LLY Bear 1X Shares,,NGM,USD,,,,
ELLO,Ellomay Capital Ltd.,Israel,ASE,USD,,13779585.0,7024456.0,318308416.0
ELM,Elm Market Navigator ETF,,PCX,USD,,,,
ELMD,"Electromed, Inc.",,,,,8340538.0,6554829.0,238720192.0
ELME,Elme Communities,United States,NYQ,USD,,88161161.0,86972749.0,1547228288.0
ELOG,Eastern International Ltd.,China,NCM,USD,,12017000.0,2938277.0,18986860.0
ELPC,Companhia Paranaense de Energia,Brazil,NYQ,USD,,323630515.0,1837133420.0,7164238336.0
ELRXF,AB Electrolux (publ),SE,NASDAQ OMX NORDIC,SEK,1905-04-11,262304514.0,219564566.0,1626634752.0
ELS,"Equity LifeStyle Properties, Inc.",United States,NYQ,USD,,193828480.0,191167215.0,12416809984.0
ELSE,"Electro-Sensors, Inc.",United States,NCM,USD,,3480521.0,1668144.0,14687798.0
ELST,"Electronic Systems Technology, Inc.",,,,,4946502.0,3146618.0,123662.0
ELTK,Eltek Ltd.,Israel,NCM,USD,,6719827.0,2805788.0,57790516.0
ELTX,"Elicio Therapeutics, Inc.",,,,,17258652.0,11791297.0,139277312.0
ELV,"Elevance Health, Inc.",United States,NYQ,USD,,222238763.0,221754282.0,78785388544.0
ELVA,Electrovaya Inc.,Canada,NCM,USD,,45511915.0,30285156.0,363185088.0
ELVAF,EvoNext Holdings SA,,,,,7211552.0,6686551.0,11976906.0
ELVN,"Enliven Therapeutics, Inc.",United States,NMS,USD,,59347317.0,37309878.0,967361216.0
ELVR,Elevra Lithium Limited,Australia,NCM,USD,,16932911.0,66485925.0,969678336.0
ELWS,"Earlyworks Co., Ltd",Japan,NCM,USD,,3050570.0,5467638.0,14642741.0
ELWT,"Elauwit Connection, Inc.",United States,NCM,USD,,6619796.0,2101851.0,32503198.0
EM,Smart Share Global Limited,China,NCM,USD,,216611596.0,77416284.0,301782304.0
EMA,Emera Incorporated,Canada,NYQ,USD,,301745499.0,299662585.0,14827773952.0
EMB,iShares J.P. Morgan USD Emerging Markets Bond ETF,,NGM,USD,,,,
EMBC,Embecta Corp.,US,NASDAQ NMS - GLOBAL MARKET,USD,2022-03-21,59211992.0,56663835.0,711136064.0
EMBD,Global X Emerging Markets Bond ETF,,,,,,,
EMBJ,Embraer S.A.,Brazil,NYQ,USD,,180691535.0,667917439.0,11631114240.0
EMBX,VanEck Emerging Markets Bond ETF,,PCX,USD,,,,
EMC,Global X Emerging Markets Great Consumer ETF,,PCX,USD,,,,
EMCB,WisdomTree Emerging Markets Corporate Bond Fund,,NGM,USD,,,,
EMCR,Xtrackers Emerging Markets Carbon Reduction and Climate Improvers ETF,,PCX,USD,,,,
EMCS,Xtrackers MSCI Emerging Markets Climate Selection ETF,,PCX,USD,,,,
EMD,Western Asset Emerging Markets Debt Fund Inc.,United States,NYQ,USD,,58130443.0,,627227520.0
EMDM,First Trust Bloomberg Emerging Market Democracies ETF,,,,,,,
EME,"EMCOR Group, Inc.",United States,NYQ,USD,,44765864.0,44154362.0,28072226816.0
EMEQ,Nomura Focused Emerging Markets Equity ETF,,NGM,USD,,,,
EMES,Harbor Emerging Markets Select ETF,,PCX,USD,,,,
EMF,Templeton Emerging Markets Fund,Singapore,NYQ,USD,,14947897.0,,249031968.0
EMHC,State Street SPDR Bloomberg Emerging Markets USD Bond ETF,,PCX,USD,,,,
EMICF,,,,,,,299662585.0,
EMIF,iShares Emerging Markets Infrastructure ETF,,NGM,USD,,,,
EMIS,Emmis Acquisition Corp.,,NGM,USD,,11942500.0,,157758336.0
EMISR,Emmis Acquisition Corp.,US,NASDAQ NMS - GLOBAL MARKET,USD,2025-09-25,,,157.0
EMKT,Lazard Emerging Markets Opportunities ETF,,PCX,USD,,,,
EML,The Eastern Company,United States,NGM,USD,,6068650.0,4918034.0,124164576.0
EMLC,VanEck J.P. Morgan EM Local Currency Bond ETF,,PCX,USD,,,,
EMLP,First Trust North American Energy Infrastructure Fund,,PCX,USD,,,,
EMM,Global X Emerging Markets ex-China ETF,,PCX,USD,,,,
EMMF,WisdomTree Emerging Markets Multifactor Fund,,PCX,USD,,,,
EMN,Eastman Chemical Company,United States,NYQ,USD,,114069800.0,113087467.0,7294155264.0
EMNT,PIMCO Enhanced Short Maturity Active ESG Exchange-Traded Fund,,PCX,USD,,,,
EMO,ClearBridge Energy Midstream Opportunity Fund Inc,United States,NYQ,USD,,18699659.0,,829703872.0
EMOP,AB Emerging Markets Opportunities ETF,,PCX,USD,,,,
EMOR,Healixa Inc.,,,,,766086429.0,,7660864.0
EMOT,First Trust S&P 500 Economic Moat ETF,,,,,,,
EMP,"Entergy Mississippi, Inc. 1M BD 66",,,,,8666360.0,,182080224.0
EMPB,Efficient Market Portfolio Plus ETF,,PCX,USD,,,,
EMPD,Empery Digital Inc.,United States,NMS,USD,,33800951.0,26063824.0,147164480.0
EMPG,Empro Group Inc.,Malaysia,NCM,USD,,8240000.0,527760.0,143046400.0
EMQQ,EMQQ The Emerging Markets Internet ETF,,PCX,USD,,,,
EMR,Emerson Electric Co.,US,"NEW YORK STOCK EXCHANGE, INC.",USD,1944-09-05,562302093.0,559687632.0,76310020096.0
EMSF,Matthews Emerging Markets Sustainable Future Active ETF,,PCX,USD,,,,
EMSKF,Germanium Mining Corp.,,,,,12862217.0,11435363.0,3852989.0
EMTY,ProShares Decline of the Retail Store ETF,,,,,,,
EMXC,iShares MSCI Emerging Markets ex China ETF,,NGM,USD,,,,
EMXF,iShares ESG Advanced MSCI EM ETF,,NGM,USD,,,,
EMYSF,Easy Technologies Inc.,,,,,9481332.0,9877280.0,142219.0
ENB,Enbridge Inc.,Canada,NYQ,USD,,2183000000.0,2177480193.0,103757987840.0
ENDW,Cambria Endowment Style ETF,,,,,,,
ENEKF,ENEA AB,SE,NASDAQ OMX NORDIC,SEK,1989-12-19,,12494597.0,1520.0
ENFR,Alerian Energy Infrastructure ETF,,PCX,USD,,,,
ENFY,Enlightify Inc.,CN,"NEW YORK STOCK EXCHANGE, INC.",USD,2007-09-27,15769434.0,9133025.0,1419249.0
ENGDF,naturenergie holding AG,,,,,33063141.0,5982775.0,1192256896.0
ENGIY,Engie SA,,,,,2431937675.0,1762752568.0,63230382080.0
ENGN,enGene Holdings Inc.,Canada,NCM,USD,,66984661.0,32831192.0,636354240.0
ENGNW,enGene Holdings Inc.,Canada,NCM,USD,,,32831192.0,
ENGS,Energys Group Limited,United Kingdom,NCM,USD,,14287860.0,3702293.0,11690328.0
ENHU,iShares Enhanced Large Cap Core Active ETF,,NGM,USD,,,,
ENIC,Enel Chile S.A.,,,,,1383331144.0,24832177373.0,5588658176.0
ENJ,"Entergy Utility Group, Inc. 1ST MTG 5% 52",,NYQ,USD,,8435900.0,,176479872.0
ENJPY,en Inc.,,,,,77474786.0,22566114.0,678679104.0
ENLT,Enlight Renewable Energy Ltd,Israel,NMS,USD,,132065805.0,12153422.0,5800330240.0
ENLV,Enlivex Therapeutics Ltd.,Israel,NCM,USD,,237381498.0,23193825.0,177490144.0
ENO,"Entergy Utility Group, Inc. 1ST MTG BD 66",,NYQ,USD,,8435900.0,,192338512.0
ENOV,Enovis Corporation,United States,NYQ,USD,,57189381.0,56435053.0,1566417024.0
ENPH,"Enphase Energy, Inc.",United States,NGM,USD,,130859709.0,126757257.0,4318370304.0
ENR,"Energizer Holdings, Inc.",United States,NYQ,USD,,68570616.0,60498704.0,1392669184.0
ENRT,Enertopia Corp.,,,,,10339394.0,8704115.0,1359113.0
ENS,EnerSys,United States,NYQ,USD,,36909135.0,36757808.0,5657131520.0
ENSC,"Ensysce Biosciences, Inc.",United States,NCM,USD,,3632301.0,3129838.0,3995531.0
ENSG,"The Ensign Group, Inc.",United States,NMS,USD,,57924783.0,55491617.0,10220249088.0
ENTA,"Enanta Pharmaceuticals, Inc.",United States,NMS,USD,,28862601.0,21863709.0,486334816.0
ENTG,"Entegris, Inc.",United States,NMS,USD,,151600000.0,151045144.0,13078531072.0
ENTX,Entera Bio Ltd.,Israel,NCM,USD,,45857242.0,31657547.0,78874456.0
ENVA,"Enova International, Inc.",United States,NYQ,USD,,24777389.0,23627224.0,4084304896.0
ENVB,"Enveric Biosciences, Inc.",United States,NCM,USD,,1023368.0,595468.0,4206042.0
ENVX,Enovix Corporation,United States,NMS,USD,,215816004.0,186643551.0,1660764672.0
ENZL,iShares MSCI New Zealand ETF,,NGM,USD,,,,
EOCT,Innovator Emerging Markets Power Buffer ETF - October,,PCX,USD,,,,
EOD,Wells Fargo Advantage Funds - Allspring Global Dividend Opportunity Fund,United States,NYQ,USD,,43065914.0,,254519536.0
EOG,"EOG Resources, Inc.",United States,NYQ,USD,,542598457.0,540780752.0,56510316544.0
EOI,Eaton Vance Enhanced Equity Income Fund,United States,NYQ,USD,,41001748.0,,843405952.0
EOLS,"Evolus, Inc.",United States,NGM,USD,,64819784.0,43265909.0,447256512.0
EONR,EON Resources Inc.,United States,ASE,USD,,49968344.0,41933434.0,19337748.0
EOS,Eaton Vance Enhanced Equity Income Fund II,United States,NYQ,USD,,53123776.0,,1240971392.0
EOSE,"Eos Energy Enterprises, Inc.",United States,NCM,USD,,324098179.0,283910247.0,3840563456.0
EOT,Eaton Vance National Municipal Opportunities Trust,United States,NYQ,USD,,15624921.0,,260154928.0
EP,Empire Petroleum Corporation,United States,ASE,USD,,34855801.0,25617271.0,104218840.0
EPAC,Enerpac Tool Group Corp.,United States,NYQ,USD,,52776305.0,52102352.0,2136745728.0
EPAI,Harbor ETF Trust - Harbor AI Inflection Strategy ETF,,PCX,USD,,,,
EPAM,"EPAM Systems, Inc.",United States,NYQ,USD,,55242618.0,53344482.0,11774884864.0
EPAZ,"Epazz, Inc.",,,,,15859266.0,20314.0,800892.0
EPC,Edgewell Personal Care Company,United States,NYQ,USD,,46715107.0,45682715.0,816580096.0
EPD,Enterprise Products Partners L.P.,United States,NYQ,USD,,2163321050.0,1450939428.0,69006442496.0
EPEM,Harbor Emerging Markets Equity ETF,,PCX,USD,,,,
EPHE,iShares MSCI Philippines ETF,,,,,,,
EPI,WisdomTree India Earnings Fund,,PCX,USD,,,,
EPIAF,Epiroc AB (publ),SE,NASDAQ OMX NORDIC,SEK,2018-06-18,819020847.0,1001095140.0,27552966656.0
EPIN,Harbor International Equity ETF,,PCX,USD,,,,
EPM,Evolution Petroleum Corporation,United States,ASE,USD,,34690864.0,30078144.0,124193288.0
EPMB,Harbor Mid Cap Core ETF,,PCX,USD,,,,
EPMV,Harbor Mid Cap Value ETF,,PCX,USD,,,,
EPOL,iShares MSCI Poland ETF,,PCX,USD,,,,
EPOW,"Sunrise New Energy Co., Ltd.",China,NCM,USD,,32161978.0,12943481.0,38446528.0
EPP,iShares MSCI Pacific ex Japan ETF,,PCX,USD,,53100000.0,,2731995136.0
EPR,EPR Properties,United States,NYQ,USD,,76140341.0,74494948.0,3812346880.0
EPR.PRC,,,,,,,,
EPRT,"Essential Properties Realty Trust, Inc.",United States,NYQ,USD,,198144552.0,197264790.0,5899355648.0
EPRX,Eupraxia Pharmaceuticals Inc.,Canada,NCM,USD,,50648331.0,34844532.0,386839552.0
EPS,WisdomTree U.S. LargeCap Fund,,PCX,USD,,,,
EPSB,Harbor SMID Cap Core ETF,,PCX,USD,,,,
EPSM,Epsium Enterprise Limited,China,NCM,USD,,13423034.0,2076042.0,28891776.0
EPSN,Epsilon Energy Ltd.,Canada,NGM,USD,,27748702.0,10957916.0,133193784.0
EPSV,Harbor SMID Cap Value ETF,,PCX,USD,,,,
EPU,iShares MSCI Peru ETF,,PCX,USD,,,,
EPV,ProShares UltraShort FTSE Europe,,,,,,,
EQ,"Equillium, Inc.",United States,NCM,USD,,60893283.0,29868764.0,91339928.0
EQACF,,,,,,10038700032.0,10277243510.0,10984501.0
EQAL,Invesco Russell 1000 Equal Weight ETF,,,,,,,
EQBK,"Equity Bancshares, Inc.",United States,NYQ,USD,,19076412.0,13877136.0,877303360.0
EQH,"Equitable Holdings, Inc.",,,,,286532039.0,284847231.0,14551482368.0
EQIN,Columbia U.S. Equity Income ETF,,PCX,USD,,,,
EQIX,"Equinix, Inc.",United States,NMS,USD,,98186078.0,97827699.0,74945437696.0
EQL,ALPS Equal Sector Weight ETF,,PCX,USD,,,,
EQLCF,,,,,,,,
EQLT,iShares MSCI Emerging Markets Quality Factor ETF,,,,,,,
EQNR,Equinor ASA,Norway,NYQ,USD,,2501468528.0,639608970.0,57748901888.0
EQR,Equity Residential,United States,NYQ,USD,,380474721.0,342469101.0,24829818880.0
EQRR,ProShares Equities for Rising Rates ETF,,NGM,USD,,,,
EQS,"Equus Total Return, Inc.",United States,NYQ,USD,,13966696.0,5158599.0,23184714.0
EQT,EQT Corporation,,,,,624070822.0,618812356.0,33656141824.0
EQTY,Kovitz Core Equity ETF,,PCX,USD,,,,
EQWL,Invesco S&P 100 Equal Weight ETF,,PCX,USD,,,,
EQX,Equinox Gold Corp.,Canada,ASE,USD,,784776377.0,750301151.0,11622538240.0
ERAS,"Erasca, Inc.",US,NASDAQ NMS - GLOBAL MARKET,USD,2021-07-15,283711805.0,167449544.0,987317120.0
ERC,Allspring Multi-Sector Income Fund,United States,ASE,USD,,28053801.0,,263705712.0
ERDLF,EROAD Limited,,,,,187587526.0,140282833.0,225105040.0
ERET,Ishares Environmentally Aware Real Estate ETF,,NGM,USD,,,,
ERH,Allspring Utilities and High Income Fund,United States,ASE,USD,,8832156.0,,104585360.0
ERIC,Telefonaktiebolaget LM Ericsson (publ),Sweden,NMS,USD,,3071530678.0,2917883460.0,32266215424.0
ERIE,Erie Indemnity Company,United States,NMS,USD,,46189068.0,25131033.0,14766658560.0
ERII,"Energy Recovery, Inc.",United States,NMS,USD,,52972096.0,51922189.0,738393600.0
ERNA,Ernexa Therapeutics Inc.,United States,NCM,USD,,7848889.0,2684556.0,9497157.0
ERNZ,TrueShares Active Yield ETF,,NGM,USD,,,,
ERO,Ero Copper Corp.,Canada,NYQ,USD,,103890254.0,93693426.0,2914233600.0
ERTH,Invesco MSCI Sustainable Future ETF,,PCX,USD,,,,
ERX,Direxion Daily Energy Bull 2X Shares,,PCX,USD,,,,
ERY,Direxion Daily Energy Bear 2X Shares,,PCX,USD,,,,
ES,Eversource Energy,United States,NYQ,USD,,375189145.0,374442519.0,25227718656.0
ESAB,ESAB Corporation,,,,,60710966.0,56723470.0,6933799424.0
ESALF,"Eisai Co., Ltd.",,,,,282114697.0,266469175.0,8229999616.0
ESBA,"Empire State Realty OP, L.P.",United States,PCX,USD,,17118268.0,23933114.0,1712692480.0
ESBG,"First Trust Enhanced Stocks, Bonds & Gold ETF",,PCX,USD,,,,
ESCA,"Escalade, Incorporated",US,NASDAQ NMS - GLOBAL MARKET,USD,1973-05-16,13803745.0,10123529.0,184694112.0
ESCSQ,Escalera Resources Co.,,,,,14303400.0,14288711.0,1430.0
ESE,ESCO Technologies Inc.,United States,NYQ,USD,,25874368.0,25704488.0,5187810816.0
ESEA,Euroseas Ltd.,Greece,NCM,USD,,7006612.0,2770204.0,381229760.0
ESGD,iShares ESG Aware MSCI EAFE ETF,,NGM,USD,,,,
ESGE,iShares ESG Aware MSCI EM ETF,,NGM,USD,,,,
ESGFF,ORA BANDA MINING LTD,,,,,1921863544.0,1295633793.0,1960300800.0
ESGL,ESGL Holdings Limited,Singapore,NCM,USD,,42391240.0,19363471.0,169564960.0
ESGLW,ESGL Holdings Limited,Singapore,NCM,USD,,,19363471.0,
ESGOF,Enstar Group Limited,,,,,,14920869.0,
ESGU,iShares ESG Aware MSCI USA ETF,,NGM,USD,,,,
ESHA,ESH Acquisition Corp.,United States,NCM,USD,,3892381.0,829763.0,47609048.0
ESHAR,ESH Acquisition Corp.,US,NASDAQ NMS - GLOBAL MARKET,USD,2023-06-14,,,47.0
ESI,Element Solutions Inc,United States,NYQ,USD,,241999914.0,225246260.0,6229078016.0
ESIM,Strategy Shares - Eventide International ETF,United States,PCX,USD,,,,
ESIX,State Street SPDR S&P SmallCap 600 ESG ETF,,PCX,USD,,,,
ESLA,"Estrella Immunopharma, Inc.",United States,NCM,USD,,37765589.0,11685429.0,58159004.0
ESLAW,"Estrella Immunopharma, Inc.",,,,,,9097054.0,
ESLG,Eventide Large Cap Growth ETF,,PCX,USD,,,,
ESLT,Elbit Systems Ltd.,Israel,NMS,USD,,46436200.0,26721125.0,26519250944.0
ESLV,Eventide Large Cap Value ETF,,PCX,USD,,,,
ESMV,iShares ESG Optimized MSCI USA Min Vol Factor ETF,,,,,,,
ESN,Essential 40 Stock ETF,,NGM,USD,,,,
ESNT,Essent Group Ltd.,Bermuda,NYQ,USD,,96665101.0,93197724.0,6489433600.0
ESOA,Energy Services of America Corporation,United States,NCM,USD,,16749814.0,12475596.0,134668496.0
ESP,Espey Mfg. & Electronics Corp.,United States,ASE,USD,,2935093.0,2232490.0,133106464.0
ESPO,VanEck Video Gaming and eSports ETF,,NGM,USD,,,,
ESPR,"Esperion Therapeutics, Inc.",United States,NGM,USD,,237069239.0,234923762.0,957759680.0
ESQ,"Esquire Financial Holdings, Inc.",United States,NCM,USD,,8565491.0,6778413.0,899633536.0
ESRT,"Empire State Realty Trust, Inc.",United States,NYQ,USD,,169221083.0,139197636.0,1918517120.0
ESS,"Essex Property Trust, Inc.",United States,NYQ,USD,,64404022.0,63756118.0,18106990592.0
ESSC,Eventide Small Cap ETF,,PCX,USD,,,,
ESSI,"Eco Science Solutions, Inc.",,,,,52957572.0,33023283.0,664087.0
ESTA,Establishment Labs Holdings Inc.,Costa Rica,NCM,USD,,29057868.0,16905577.0,2221473792.0
ESTC,Elastic N.V.,,,,,105372800.0,92220167.0,8179789824.0
ESUM,Strategy Shares - Eventide US Market ETF,United States,PCX,USD,,,,
ET,Energy Transfer LP,United States,NYQ,USD,,3433386854.0,3279845794.0,55792533504.0
ETB,Eaton Vance Tax-Managed Buy-Write Income Fund,United States,NYQ,USD,,29374715.0,,451489376.0
ETBI,Eastgate Biotech Corp.,,,,,1057857377.0,1492893439.0,3173572.0
ETCO,Grayscale Ethereum Covered Call ETF,,PCX,USD,,,,
ETD,Ethan Allen Interiors Inc.,United States,NYQ,USD,,25446339.0,23818537.0,592136320.0
ETEC,iShares Breakthrough Environmental Solutions ETF,,,,,,,
ETFT,Fundsmith Equity ETF,,PCX,USD,,,,
ETG,Eaton Vance Tax-Advantaged Global Dividend Income Fund,US,"NEW YORK STOCK EXCHANGE, INC.",USD,2004-01-28,76321908.0,,1748534784.0
ETH,Grayscale Ethereum Mini Trust ETF,,PCX,USD,,,,
ETHA,iShares Ethereum Trust ETF,,,,,,,
ETHD,Proshares UltraShort Ether ETF,,PCX,USD,,,,
ETHE,Grayscale Ethereum Trust ETF,,PCX,USD,,,,
ETHI,Defiance Leveraged Long + Income Ethereum ETF,,NGM,USD,,,,
ETHM,Dynamix Corporation,United States,NGM,USD,,16600000.0,12496701.0,227751984.0
ETHMU,Dynamix Corporation,US,NASDAQ NMS - GLOBAL MARKET,USD,2024-11-21,,12496701.0,227.0
ETHMW,Dynamix Corporation,United States,NGM,USD,,,12496701.0,
ETHO,Amplify Etho Climate Leadership U.S. ETF,,PCX,USD,,,,
ETHT,Proshares Ultra Ether ETF,,,,,,,
ETHW,Bitwise Ethereum ETF,,,,,,,
ETHZ,ETHZilla Corporation,United States,NCM,USD,,18935791.0,13963384.0,98087400.0
ETI.PR,,,,,,,,
ETJ,Eaton Vance Risk-Managed Diversified Equity Income Fund,United States,NYQ,USD,,67301787.0,,592928768.0
ETN,Eaton Corporation plc,Ireland,NYQ,USD,,388400000.0,387273640.0,125420789760.0
ETO,Eaton Vance Tax-Advantaged Global Dividend Opportunities Fund,United States,NYQ,USD,,16388138.0,,486891552.0
ETON,"Eton Pharmaceuticals, Inc.",United States,NGM,USD,,26817535.0,17919477.0,451339136.0
ETOR,eToro Group Ltd.,Israel,NMS,USD,,47220866.0,37369739.0,3001625088.0
ETR,Entergy Corporation,United States,NYQ,USD,,446596904.0,444502365.0,41466519552.0
ETRL,GraniteShares 2x Long ETOR Daily ETF,,NGM,USD,,,,
ETRXF,Etrion Corporation,,,,,334094324.0,198736009.0,167047.0
ETS,Elite Express Holding Inc.,US,NASDAQ NMS - GLOBAL MARKET,USD,2025-08-21,12550005.0,4899991.0,10192155.0
ETSY,"Etsy, Inc.",United States,NYQ,USD,,98706008.0,81304139.0,5525302784.0
ETTYF,Essity AB (publ),SE,NASDAQ OMX NORDIC,SEK,2017-06-15,624759793.0,566515591.0,20326094848.0
ETV,Eaton Vance Tax-Managed Buy-Write Opportunities Fund,United States,NYQ,USD,,116754568.0,,1696443904.0
ETW,Eaton Vance Tax-Managed Global Buy-Write Opportunities Fund,,,,,108597786.0,,1005615488.0
ETX,Eaton Vance Municipal Income 2028 Term Trust,United States,NYQ,USD,,10888426.0,,202851360.0
ETY,Eaton Vance Tax-Managed Diversified Equity Income Fund,United States,NYQ,USD,,157502243.0,,2419234304.0
ETZPF,,,,,,,,
EU,enCore Energy Corp.,United States,NCM,USD,,187282424.0,182729330.0,458841952.0
EUDA,EUDA Health Holdings Limited,Singapore,NCM,USD,,37807491.0,18403184.0,92628360.0
EUDAW,EUDA Health Holdings Limited,Singapore,NCM,USD,,,18403184.0,
EUDG,WisdomTree Europe Quality Dividend Growth Fund,,PCX,USD,,,,
EUFN,iShares MSCI Europe Financials ETF,,NGM,USD,,,,
EUM,ProShares Short MSCI Emerging Markets,,,,,,,
EUO,ProShares UltraShort Euro,,,,,,,
EURK,Eureka Acquisition Corp,SG,NASDAQ NMS - GLOBAL MARKET,USD,2024-07-02,3388233.0,2700673.0,52600488.0
EURKR,Eureka Acquisition Corp,Hong Kong,NCM,USD,,,2700673.0,
EURKU,Eureka Acquisition Corp,,,,,6666750.0,2700673.0,72600912.0
EURL,Direxion Daily FTSE Europe Bull 3X Shares,,PCX,USD,,,,
EUSA,iShares MSCI USA Equal Weighted ETF,,PCX,USD,,4750000.0,,497420000.0
EUSB,iShares ESG Advanced Universal USD Bond ETF,,,,,,,
EUUNF,Azarga Metals Corp.,,,,,76889855.0,28666845.0,6535638.0
EVAC,EQV Ventures Acquisition Corp. II,United States,NYQ,USD,,46947857.0,46227579.0,590818816.0
EVAHF,EGF Theramed Health Corp.,,,,,11616665.0,,453049.0
EVAX,Evaxion A/S,DK,NASDAQ NMS - GLOBAL MARKET,USD,2021-02-05,8340215.0,212378673.0,42785304.0
EVC,Entravision Communications Corporation,United States,NYQ,USD,,81623559.0,63023824.0,277477664.0
EVCM,EverCommerce Inc.,United States,NMS,USD,,179367379.0,13040008.0,2178970624.0
EVCOW,,,,,,,,
EVE.U,EVe Mobility Acquisition Corp,US,NYSE MKT LLC,USD,2021-12-15,,,175.0
EVER,"EverQuote, Inc.",United States,NGM,USD,,32351643.0,28446886.0,974528128.0
EVEX,"Eve Holding, Inc.",United States,NYQ,USD,,348304584.0,97069005.0,1480294400.0
EVF,Eaton Vance Senior Income Trust,United States,NYQ,USD,,18170289.0,,96302528.0
EVG,Eaton Vance Short Duration Diversified Income Fund,,,,,13452867.0,,147443424.0
EVGN,Evogene Ltd.,Israel,NCM,USD,,8716410.0,8630466.0,9423893.0
EVGO,"EVgo, Inc.",United States,NMS,USD,,135182733.0,127942346.0,967065792.0
EVGOW,"EVgo, Inc.",United States,NMS,USD,,,127942346.0,
EVH,"Evolent Health, Inc.",United States,NYQ,USD,,111600856.0,86431515.0,477801056.0
EVHEF,,,,,,,,
EVHY,Eaton Vance High Yield ETF,,PCX,USD,,,,
EVI,"EVI Industries, Inc.",United States,ASE,USD,,12844419.0,5899570.0,330230016.0
EVIM,Eaton Vance Intermediate Municipal Income ETF,,PCX,USD,,,,
EVLN,Eaton Vance Floating-Rate ETF,,PCX,USD,,,,
EVLU,iShares MSCI Emerging Markets Value Factor ETF,,,,,,,
EVLV,"Evolv Technologies Holdings, Inc.",US,NASDAQ NMS - GLOBAL MARKET,USD,2020-02-29,174617589.0,165794162.0,1162953088.0
EVLVW,"Evolv Technologies Holdings, Inc.",United States,NCM,USD,,,165794162.0,
EVMN,"Evommune, Inc.",United States,NYQ,USD,,31524093.0,15720750.0,542529600.0
EVMO,Eaton Vance Mortgage Opportunities ETF,,,,,,,
EVMT,Invesco Electric Vehicle Metals Commodity Strategy No K-1 ETF,,NGM,USD,,,,
EVN,Eaton Vance Municipal Income Trust,United States,NYQ,USD,,39667163.0,,423248640.0
EVNT,AltShares Event-Driven ETF,,,,,,,
EVO,Evotec SE,Germany,NMS,USD,,355198252.0,135352798.0,1111966208.0
EVOX,Evolution Global Acquisition Corp,,,,,24000000.0,,315840000.0
EVOXU,Evolution Global Acquisition Corp,United States,NGM,USD,,,,
EVOXW,Evolution Global Acquisition Corp,United States,NGM,USD,,,,
EVR,Evercore Inc.,United States,NYQ,USD,,38678117.0,36585631.0,13621658624.0
EVRG,"Evergy, Inc.",United States,NMS,USD,,230214144.0,229083793.0,16752681984.0
EVSB,Eaton Vance Ultra-Short Income ETF,,PCX,USD,,,,
EVSD,Eaton Vance Short Duration Income ETF,,NGM,USD,,,,
EVSM,Eaton Vance Short Duration Municipal Income ETF,,PCX,USD,,,,
EVT,Eaton Vance Tax-Advantaged Dividend Income Fund,United States,NYQ,USD,,76321908.0,,1904231552.0
EVTC,"EVERTEC, Inc.",United States,NYQ,USD,,63983841.0,63491165.0,1891362304.0
EVTL,Vertical Aerospace Ltd.,United Kingdom,NYQ,USD,,99787293.0,41162258.0,548830144.0
EVTR,Eaton Vance Total Return Bond ETF,,NYQ,USD,,,,
EVTV,"Envirotech Vehicles, Inc.",United States,NCM,USD,,4829515.0,4447838.0,2099873.0
EVUS,Ishares ESG Aware MSCI USA Value ETF,,,,,,,
EVV,Eaton Vance Limited Duration Income Fund,United States,ASE,USD,,116203460.0,,1157386368.0
EVX,VanEck Environmental Services ETF,,PCX,USD,,,,
EVYM,Eaton Vance High Income Municipal ETF,,NGM,USD,,,,
EW,Edwards Lifesciences Corporation,United States,NYQ,USD,,580300000.0,574427364.0,50989637632.0
EWA,iShares MSCI Australia ETF,,PCX,USD,,63600000.0,,1696848000.0
EWBC,"East West Bancorp, Inc.",US,NASDAQ NMS - GLOBAL MARKET,USD,1999-02-08,137585604.0,136235889.0,15988702208.0
EWC,iShares MSCI Canada ETF,,PCX,USD,,94800000.0,,5195039744.0
EWCZ,"European Wax Center, Inc.",United States,NMS,USD,,43692903.0,27093969.0,206103296.0
EWD,iShares MSCI Sweden ETF,,PCX,USD,,7650000.0,,379822496.0
EWG,iShares MSCI Germany ETF,,PCX,USD,,79500000.0,,3390675200.0
EWH,iShares MSCI Hong Kong ETF,,PCX,USD,,88575000.0,,1940678272.0
EWI,iShares MSCI Italy ETF,,PCX,USD,,8550000.0,,467000992.0
EWJ,iShares MSCI Japan ETF,,PCX,USD,,227850000.0,,18449014784.0
EWJV,iShares MSCI Japan Value ETF,,NGM,USD,,,,
EWK,iShares MSCI Belgium ETF,,PCX,USD,,2640000.0,,64231200.0
EWL,iShares MSCI Switzerland ETF,,,,,28625000.0,,1732957568.0
EWM,iShares MSCI Malaysia ETF,,PCX,USD,,14925000.0,,412526976.0
EWN,iShares MSCI Netherlands ETF,,PCX,USD,,5550000.0,,317237984.0
EWO,iShares MSCI Austria ETF,,PCX,USD,,3700000.0,,130573000.0
EWP,iShares MSCI Spain ETF,,PCX,USD,,37350000.0,,2012791424.0
EWQ,iShares MSCI France ETF,,PCX,USD,,28800000.0,,1301184000.0
EWQQF,PowerShares Global Funds Ireland Public Limited Company - PowerShares EQQQ Nasdaq-100 UCITS ETF,,,,,,,
EWS,iShares MSCI Singapore ETF,,,,,24700000.0,,680484992.0
EWT,iShares MSCI Taiwan ETF,,PCX,USD,,85000000.0,,5356700160.0
EWTX,"Edgewise Therapeutics, Inc.",United States,NMS,USD,,105868434.0,60491106.0,2789633280.0
EWU,iShares MSCI United Kingdom ETF,,PCX,USD,,67800000.0,,2999472128.0
EWV,ProShares UltraShort MSCI Japan,,PCX,USD,,,,
EWW,iShares MSCI Mexico ETF,,PCX,USD,,18900000.0,,1344734976.0
EWX,SPDR S&P Emerging Markets Small Cap ETF,,PCX,USD,,,,
EWY,iShares MSCI South Korea ETF,,PCX,USD,,75600000.0,,7245503488.0
EWZ,iShares MSCI Brazil ETF,,PCX,USD,,200550000.0,,6363451392.0
EWZS,iShares MSCI Brazil Small-Cap ETF,,NGM,USD,,,,
EXALF,Exail Technologies,FR,NYSE EURONEXT - EURONEXT PARIS,EUR,1998-01-01,16971409.0,9540026.0,1880072448.0
EXAS,Exact Sciences Corporation,United States,NCM,USD,,189765827.0,187646689.0,19274514432.0
EXC,Exelon Corporation,US,NASDAQ NMS - GLOBAL MARKET,USD,1943-07-06,1008290316.0,1008552617.0,43995045888.0
EXE,Expand Energy Corporation,US,NASDAQ NMS - GLOBAL MARKET,USD,2021-02-09,238169697.0,237181293.0,26077200384.0
EXEEL,Expand Energy Corporation,United States,NMS,USD,,,237181293.0,
EXEEW,Expand Energy Corporation,United States,NCM,USD,,,237181293.0,
EXEEZ,Expand Energy Corporation,United States,NCM,USD,,,237181293.0,
EXEL,"Exelixis, Inc.",United States,NMS,USD,,268112157.0,228238517.0,12447925248.0
EXER,"Exact Energy Resources, Inc.",,,,,,,
EXFY,"Expensify, Inc.",US,NASDAQ NMS - GLOBAL MARKET,USD,2021-11-10,80840150.0,58550320.0,144210304.0
EXG,Eaton Vance Tax-Managed Global Diversified Equity Income Fund,United States,NYQ,USD,,305936026.0,,2897214208.0
EXI,iShares Global Industrials ETF,,PCX,USD,,,,
EXK,Endeavour Silver Corp.,Canada,NYQ,USD,,294177499.0,293650921.0,2965309184.0
EXLS,"ExlService Holdings, Inc.",United States,NMS,USD,,158700885.0,153873204.0,6993519104.0
EXOD,"Exodus Movement, Inc.",United States,ASE,USD,,9934432.0,3970549.0,441609600.0
EXOZ,"eXoZymes, Inc.",United States,NCM,USD,,8387250.0,6241959.0,96369504.0
EXP,Eagle Materials Inc.,United States,NYQ,USD,,32063877.0,31665323.0,6973678592.0
EXPD,"Expeditors International of Washington, Inc.",United States,NYQ,USD,,134020931.0,132952784.0,20661788672.0
EXPE,"Expedia Group, Inc.",United States,NMS,USD,,117009063.0,115458713.0,35575652352.0
EXPI,"eXp World Holdings, Inc.",United States,NGM,USD,,158836724.0,91968052.0,1499418624.0
EXPO,"Exponent, Inc.",,,,,49887226.0,49355428.0,3603256064.0
EXR,Extra Space Storage Inc.,US,"NEW YORK STOCK EXCHANGE, INC.",USD,2004-08-12,212247580.0,209723956.0,28983252992.0
EXTR,"Extreme Networks, Inc.",United States,NMS,USD,,133718479.0,128986182.0,2257167872.0
EXUS,Nomura Focused International Core ETF,,NGM,USD,,,,
EXXRF,Exor N.V.,,,,,201503194.0,82125405.0,28624039936.0
EYE,"National Vision Holdings, Inc.",United States,NMS,USD,,79309558.0,77539369.0,2220667648.0
EYEG,AB Corporate Bond ETF,,NGM,USD,,,,
EYPT,"EyePoint, Inc.",United States,NGM,USD,,82787220.0,61988587.0,1514178304.0
EZA,iShares MSCI South Africa ETF,,PCX,USD,,7900000.0,,555448960.0
EZBC,Franklin Bitcoin ETF,,,,,,,
EZGO,EZGO Technologies Ltd.,CN,NASDAQ NMS - GLOBAL MARKET,USD,2021-01-26,868029.0,202745.0,1692656.0
EZJ,ProShares Ultra MSCI Japan,,PCX,USD,,,,
EZM,WisdomTree U.S. MidCap Earnings Fund,,PCX,USD,,,,
EZMO,Alphadroid Broad Markets Momentum ETF,,NGM,USD,,,,
EZPW,"EZCORP, Inc.",United States,NMS,USD,,57921451.0,54839604.0,1208179328.0
EZRO,Alphadroid Defensive Sector Rotation ETF,,,,,,,
F,Ford Motor Company,United States,NYQ,USD,,3913646490.0,3876996795.0,53033680896.0
F.PRD,Ford Motor Co,US,"NEW YORK STOCK EXCHANGE, INC.",USD,1956-03-07,,,53035.0
FA,First Advantage Corporation,United States,NMS,USD,,174114958.0,80317489.0,2704005376.0
FAAR,First Trust Alternative Absolute Return Strategy ETF,,NGM,USD,,,,
FAB,First Trust Multi Cap Value AlphaDEX Fund,,NGM,USD,,,,
FABFF,FAB-FORM INDUSTRIES,,,,,9174507.0,5008730.0,9174507.0
FACT,FACT II Acquisition Corp,,NGM,USD,,18488125.0,,252699984.0
FACTU,FACT II Acquisition Corp,US,NASDAQ NMS - GLOBAL MARKET,USD,2024-11-26,,16825828.0,252.0
FACTW,FACT II Acquisition Corp,United States,NGM,USD,,,16825828.0,
FAD,First Trust Multi Cap Growth AlphaDEX Fund,,NGM,USD,,,,
FAF,First American Financial Corporation,United States,NYQ,USD,,101900000.0,98376298.0,6310667264.0
FAI,First Trust Bloomberg Artificial Intelligence ETF,,PCX,USD,,,,
FALN,iShares Fallen Angels USD Bond ETF,,NGM,USD,,,,
FAMI,"Farmmi, Inc.",China,NCM,USD,,5481874.0,1314260.0,7839081.0
FAN,First Trust Global Wind Energy ETF,,,,,,,
FANG,"Diamondback Energy, Inc.",United States,NMS,USD,,286525614.0,184680085.0,42354712576.0
FARM,Farmer Bros. Co.,US,NASDAQ NMS - GLOBAL MARKET,USD,1980-03-17,21602012.0,16944186.0,32403018.0
FARX,Frontier Asset Absolute Return ETF,,,,,,,
FAS,Direxion Daily Financial Bull 3X Shares,,,,,,,
FAST,Fastenal Company,US,NASDAQ NMS - GLOBAL MARKET,USD,1987-08-01,1148035721.0,1144465330.0,47712366592.0
FAT,FAT Brands Inc.,United States,NCM,USD,,16668520.0,5960700.0,6780494.0
FATBB,FAT Brands Inc.,United States,NCM,USD,,1270805.0,5960700.0,21706582.0
FATBP,FAT Brands Inc.,United States,NCM,USD,,,5960700.0,
FATE,"Fate Therapeutics, Inc.",United States,NGM,USD,,115352289.0,100820208.0,115352288.0
FATLF,Fattal Holdings (1998) Ltd,,,,,16115500.0,,839245248.0
FATN,"FatPipe, Inc.",United States,NCM,USD,,13924468.0,6226187.0,34950416.0
FAX,Abrdn Asia-Pacific Income Fund Inc,Singapore,ASE,USD,,41282628.0,,646073088.0
FAZ,Direxion Daily Financial Bear 3X Shares,,,,,,,
FBASF,Fibra UNO,,,,,3810649852.0,,5715974656.0
FBDC,FT Confluence BDC & Specialty Finance Income ETF,,PCX,USD,,0.0,,0.0
FBGI,"Foodbase Group, Inc.",,,,,30703525000.0,,30703528.0
FBIN,"Fortune Brands Innovations, Inc.",United States,NYQ,USD,,120138358.0,119487208.0,6171507200.0
FBIO,"Fortress Biotech, Inc.",United States,NCM,USD,,31037937.0,23451334.0,116081888.0
FBIOP,"Fortress Biotech, Inc.",United States,NCM,USD,,56679500.0,23451334.0,50404300.0
FBIZ,"First Business Financial Services, Inc.",US,NASDAQ NMS - GLOBAL MARKET,USD,2005-10-07,8324258.0,7842783.0,461496864.0
FBK,FB Financial Corporation,United States,NYQ,USD,,53462482.0,45382697.0,3037203712.0
FBL,GraniteShares 2x Long META Daily ETF,,NGM,USD,,,,
FBLA,"FB Bancorp, Inc.",United States,NCM,USD,,18361590.0,17680926.0,259871264.0
FBNC,First Bancorp,United States,NMS,USD,,41465329.0,40686610.0,2159099648.0
FBND,Fidelity Total Bond ETF,,PCX,USD,,,,
FBOT,Fidelity Disruptive Automation ETF,,NGM,USD,,,,
FBP,First BanCorp.,United States,NYQ,USD,,157936923.0,153197759.0,3401956608.0
FBRT,"Franklin BSP Realty Trust, Inc.",United States,NYQ,USD,,81606608.0,80820736.0,859772160.0
FBRT.PRE,,,,,,,,
FBRX,"Forte Biosciences, Inc.",United States,NCM,USD,,12526935.0,6565492.0,349125696.0
FBT,First Trust NYSE Arca Biotechnology Index Fund,,PCX,USD,,20850000.0,,4464714752.0
FBTC,Fidelity Wise Origin Bitcoin Fund,,,,,,,
FBY,YieldMax META Option Income Strategy ETF,,PCX,USD,,,,
FBYD,"Falcon's Beyond Global, Inc.",United States,NGM,USD,,48410017.0,11371382.0,821033856.0
FBYDW,"Falcon's Beyond Global, Inc.",United States,NCM,USD,,,11371382.0,
FBYY,GraniteShares YieldBOOST META ETF,,NGM,USD,,,,
FC,Franklin Covey Co.,,,,,11989951.0,9965230.0,207621616.0
FCA,First Trust China AlphaDEX Fund,,NGM,USD,,,,
FCAL,First Trust California Municipal High Income ETF,,NGM,USD,,,,
FCAP,"First Capital, Inc.",,,,,3347627.0,3187644.0,200870976.0
FCBBF,FinecoBank Banca Fineco S.p.A.,,,,,611493639.0,611456949.0,14675847168.0
FCBC,"First Community Bankshares, Inc.",US,NASDAQ NMS - GLOBAL MARKET,USD,1994-03-10,18314905.0,16809420.0,619043840.0
FCBD,Frontier Asset Core Bond ETF,,,,,,,
FCCO,First Community Corporation,United States,NCM,USD,,7689694.0,6723253.0,228845328.0
FCEF,First Trust Income Opportunity ETF,,NGM,USD,,,,
FCEL,"FuelCell Energy, Inc.",United States,NGM,USD,,47736734.0,47647466.0,404807488.0
FCF,First Commonwealth Financial Corporation,United States,NYQ,USD,,103765987.0,101044578.0,1787613568.0
FCFS,"FirstCash Holdings, Inc.",United States,NMS,USD,,44134150.0,39062253.0,7140921344.0
FCFY,First Trust S&P 500 Diversified Free Cash Flow ETF,,,,,,,
FCG,First Trust Natural Gas ETF,,PCX,USD,,,,
FCN,"FTI Consulting, Inc.",United States,NYQ,USD,,30876070.0,29581685.0,5678535680.0
FCNCA,"First Citizens BancShares, Inc.",United States,NMS,USD,,11430367.0,9036791.0,27918630912.0
FCNCO,"First Citizens BancShares, Inc.",United States,NMS,USD,,,9036791.0,
FCNCP,"First Citizens BancShares, Inc.",United States,NMS,USD,,,9036791.0,
FCO,"abrdn Global Income Fund, Inc.",US,NYSE MKT LLC,USD,1992-03-12,13459132.0,,38896892.0
FCODF,Compagnie de l'Odet,,,,,4215071.0,455969.0,6597176320.0
FCOM,Fidelity MSCI Communication Services Index ETF,,PCX,USD,,,,
FCOR,Fidelity Corporate Bond ETF,,,,,,,
FCPB,"First Capital Bancshares, Inc.",,,,,9459527.0,,110676464.0
FCPI,Fidelity Stocks for Inflation ETF,,,,,,,
FCPT,"Four Corners Property Trust, Inc.",United States,NYQ,USD,,106082013.0,104796299.0,2485501696.0
FCRS,FutureCrest Acquisition Corp.,,NYQ,USD,,28750000.0,,361171872.0
FCRX,"Crescent Capital BDC, Inc.",United States,NYQ,USD,,,,
FCSH,Federated Hermes Short Duration Corporate ETF,,PCX,USD,,,,
FCT,First Trust Senior Floating Rate Income Fund II,United States,NYQ,USD,,25983388.0,,261912544.0
FCTE,SMI 3Fourteen Full-Cycle Trend ETF,,NGM,USD,,,,
FCUS,Pinnacle Focused Opportunities ETF,,PCX,USD,,,,
FCVT,First Trust SSI Strategic Convertible Securities ETF,,NGM,USD,,,,
FCX,Freeport-McMoRan Inc.,United States,NYQ,USD,,1435930660.0,1427817652.0,76161761280.0
FDAT,Tactical Advantage ETF,,PCX,USD,,,,
FDBC,"Fidelity D & D Bancorp, Inc.",United States,NGM,USD,,5767286.0,4687189.0,261028080.0
FDCF,Fidelity Disruptive Communications ETF,,NGM,USD,,,,
FDCT,"FDCTech, Inc.",,,,,422584729.0,149764028.0,23622486.0
FDD,First Trust STOXX European Select Dividend Index Fund,,PCX,USD,,,,
FDEM,Fidelity Emerging Markets Multifactor ETF,,,,,,,
FDFF,Fidelity Disruptive Finance ETF,,,,,,,
FDG,American Century Focused Dynamic Growth ETF,,PCX,USD,,,,
FDHA.U,First Digital Health Acquisition Corp,US,"NEW YORK STOCK EXCHANGE, INC.",USD,2022-02-02,,,
FDHY,Fidelity Enhanced High Yield ETF,,PCX,USD,,,,
FDIF,Fidelity Disruptors ETF,,NGM,USD,,,,
FDIG,Fidelity Crypto Industry and Digital Payments ETF,,NGM,USD,,,,
FDIS,Fidelity MSCI Consumer Discretionary Index ETF,,PCX,USD,,,,
FDIV,MarketDesk Focused U.S. Dividend ETF,,NGM,USD,,,,
FDL,First Trust Morningstar Dividend Leaders Index Fund,,PCX,USD,,,,
FDLO,Fidelity Low Volatility Factor ETF,,PCX,USD,,,,
FDLS,Inspire Fidelis Multi Factor ETF,,PCX,USD,,,,
FDM,First Trust Dow Jones Select MicroCap Index Fund,,PCX,USD,,,,
FDMO,Fidelity Momentum Factor ETF,,PCX,USD,,,,
FDMT,"4D Molecular Therapeutics, Inc.",United States,NMS,USD,,57135075.0,42909584.0,455366528.0
FDN,First Trust Dow Jones Internet Index Fund,,,,,,,
FDNI,First Trust Dow Jones International Internet ETF,,,,,,,
FDP,Fresh Del Monte Produce Inc.,Cayman Islands,NYQ,USD,,47774777.0,39237902.0,1720381440.0
FDRR,Fidelity Dividend ETF for Rising Rates,,PCX,USD,,,,
FDS,FactSet Research Systems Inc.,United States,NYQ,USD,,37419936.0,37285924.0,11044493312.0
FDSB,"Fifth District Bancorp, Inc.",United States,NCM,USD,,5522750.0,4860855.0,82951704.0
FDT,First Trust Developed Markets Ex-US AlphaDEX Fund,,,,,,,
FDTS,First Trust Developed Markets ex-US Small Cap AlphaDEX Fund,,NGM,USD,,,,
FDTX,Fidelity Disruptive Technology ETF,,NGM,USD,,,,
FDUS,Fidus Investment Corporation,United States,NMS,USD,,36427491.0,,708150464.0
FDV,Federated Hermes U.S. Strategic Dividend ETF,,,,,,,
FDVV,Fidelity High Dividend ETF,,PCX,USD,,,,
FDX,FedEx Corporation,US,"NEW YORK STOCK EXCHANGE, INC.",USD,1978-12-28,235122816.0,217121813.0,69920677888.0
FE,FirstEnergy Corp.,United States,NYQ,USD,,577665555.0,547083941.0,25908297728.0
FEAC,Fidelity Enhanced U.S. All-Cap Equity ETF,,PCX,USD,,,,
FEAM,"5E Advanced Materials, Inc.",United States,NMS,USD,,23511883.0,10938818.0,79470168.0
FEAT,YieldMax Dorsey Wright Featured 5 Income ETF,,NGM,USD,,,,
FEDM,FlexShares ESG & Climate Developed Markets ex-US Core Index Fund,,PCX,USD,,,,
FEDU,Four Seasons Education (Cayman) Inc.,China,NYQ,USD,,2260058.0,4220996.0,26216674.0
FEED,"ENvue Medical, Inc.",United States,NCM,USD,,1088192.0,1088143.0,2785771.0
FEGE,First Eagle Global Equity ETF,,,,,,,
FEIG,FlexShares ESG & Climate Investment Grade Corporate Core Index Fund,,PCX,USD,,,,
FEIM,"Frequency Electronics, Inc.",United States,NGM,USD,,9777647.0,6819127.0,550383744.0
FELC,Fidelity Enhanced Large Cap Core ETF,,PCX,USD,,,,
FELE,"Franklin Electric Co., Inc.",United States,NMS,USD,,44510381.0,38227296.0,4415874560.0
FELG,Fidelity Enhanced Large Cap Growth ETF,,PCX,USD,,,,
FELV,Fidelity Enhanced Large Cap Value ETF,,,,,,,
FEM,First Trust Emerging Markets AlphaDEX Fund,,NGM,USD,,,,
FEMB,First Trust Emerging Markets Local Currency Bond ETF,,,,,,,
FEMR,Fidelity Enhanced Emerging Markets ETF,,PCX,USD,,,,
FEMS,First Trust Emerging Markets Small Cap AlphaDEX Fund,,NGM,USD,,,,
FENC,Fennec Pharmaceuticals Inc.,United States,NCM,USD,,34153496.0,20324531.0,276301792.0
FENG,Phoenix New Media Limited,China,NYQ,USD,,5419337.0,251644014.0,22016622.0
FENI,Fidelity Enhanced International ETF,,PCX,USD,,,,
FENY,Fidelity MSCI Energy Index ETF,,PCX,USD,,,,
FEOE,First Eagle Overseas Equity ETF,,NYQ,USD,,,,
FEP,First Trust Europe AlphaDEX Fund,,NGM,USD,,,,
FEPI,REX FANG & Innovation Equity Premium Income ETF,,NGM,USD,,,,
FER,Ferrovial SE,Netherlands,NMS,USD,,715753006.0,488878703.0,46681411584.0
FERA,Fifth Era Acquisition Corp I,Cayman Islands,NGM,USD,,23600000.0,16195508.0,320796032.0
FERAR,Fifth Era Acquisition Corp I,Cayman Islands,NGM,USD,,,16195508.0,
FERAU,Fifth Era Acquisition Corp I,Cayman Islands,NGM,USD,,,16195508.0,
FERG,Ferguson Enterprises Inc.,United States,NYQ,USD,,200686480.0,195098157.0,45916655616.0
FESM,Fidelity Enhanced Small Cap ETF,,PCX,USD,,,,
FET,"Forum Energy Technologies, Inc.",United States,NYQ,USD,,11377958.0,9672971.0,437445440.0
FETH,Fidelity Ethereum Fund,,,,,,,
FEUS,FlexShares ESG & Climate US Large Cap Core Index Fund,,PCX,USD,,,,
FEUZ,First Trust Eurozone AlphaDEX ETF,,NGM,USD,,,,
FEX,First Trust Large Cap Core AlphaDEX Fund,,,,,,,
FEZ,SPDR EURO STOXX 50 ETF,,PCX,USD,,60651000.0,,3925332736.0
FF,FutureFuel Corp.,,,,,43803243.0,25836029.0,141922512.0
FFA,First Trust Enhanced Equity Income Fund,United States,NYQ,USD,,19988085.0,,436140032.0
FFAI,Faraday Future Intelligent Electric Inc.,United States,NCM,USD,,169300958.0,162555637.0,189624544.0
FFAIW,Faraday Future Intelligent Electric Inc.,United States,NCM,USD,,,162555637.0,
FFBC,First Financial Bancorp.,United States,NMS,USD,,98529694.0,96457615.0,2534183680.0
FFC,Flaherty & Crumrine Preferred Securities Income Fund Inc.,United States,NYQ,USD,,48177896.0,,793971712.0
FFDI,Fidelity Fundamental Developed ,,,,,,,
FFIC,Flushing Financial Corporation,United States,NMS,USD,,33778438.0,32310765.0,575246848.0
FFIN,"First Financial Bankshares, Inc.",United States,NMS,USD,,143206102.0,136935618.0,4417908224.0
FFIU,Fieldstone UVA Unconstrained Medium-Term Fixed Income ETF,,PCX,USD,,,,
FFIV,"F5, Inc.",United States,NMS,USD,,58089614.0,57479092.0,15285702656.0
FFLS,The Future Fund Long/Short ETF,,PCX,USD,,,,
FFND,One Global ETF,,PCX,USD,,,,
FFNPSX,"FT 9984: Balanced Income Equity and ETF Portfolio, Series 54 - Cash",,,,,,,
FFOG,Franklin Focused Growth ETF,,,,,,,
FFOX,FundX Future Fund Opportunities ETF,,PCX,USD,,,,
FFSM,Fidelity Covington Trust - Fidelity Fundamental Small-Mid Cap ETF,,,,,,,
FFTY,Innovator IBD 50 ETF,,PCX,USD,,,,
FFUT,Fidelity Managed Futures ETF,,NGM,USD,,,,
FFWM,First Foundation Inc.,United States,NYQ,USD,,82884401.0,56750949.0,510567904.0
FG,"F&G Annuities & Life, Inc.",United States,NYQ,USD,,134619537.0,20359859.0,4326265856.0
FGBI,"First Guaranty Bancshares, Inc.",US,NASDAQ NMS - GLOBAL MARKET,USD,2015-11-05,15352947.0,5675831.0,77225328.0
FGBIP,"First Guaranty Bancshares, Inc.",United States,NGM,USD,,,5675831.0,
FGD,First Trust Dow Jones Global Select Dividend Index Fund,,PCX,USD,,,,
FGDL,Franklin Responsibly Sourced Gold ETF,,,,,,,
FGEN,"FibroGen, Inc.",United States,NMS,USD,,4045445.0,3583374.0,36004460.0
FGHRY,Flight Centre Travel Group Ltd,,,,,,,
FGI,FGI Industries Ltd.,United States,NCM,USD,,1920140.0,523257.0,12346500.0
FGIWW,FGI Industries Ltd.,,,,,,523257.0,
FGM,First Trust Germany AlphaDEX Fund,,,,,,,
FGMC,FG Merger II Corp.,United States,NGM,USD,,10295800.0,10285813.0,103163920.0
FGMCR,FG Merger II Corp.,United States,NGM,USD,,,10285813.0,
FGMCU,FG Merger II Corp.,US,NASDAQ NMS - GLOBAL MARKET,USD,2025-01-29,10295800.0,10285813.0,107179280.0
FGN,"F&G Annuities & Life, Inc. 7.95",,,,,,,
FGNX,FG Nexus Inc.,United States,NGM,USD,,39574350.0,23945252.0,123268456.0
FGNXP,FG Nexus Inc.,United States,NGM,USD,,,23945252.0,
FGRRF,,,,,,7581850.0,7421079.0,15171574.0
FGSI,FT Vest Growth Strength & Target Income ETF,,,,,,,
FGSM,Frontier Asset Global Small Cap Equity ETF,,PCX,USD,,,,
FGSN,"F&G Annuities & Life, Inc. 7.30",,NYQ,USD,,,,
FHB,"First Hawaiian, Inc.",,,,,123719585.0,122920356.0,3247793664.0
FHI,"Federated Hermes, Inc.",United States,NYQ,USD,,77537867.0,70399587.0,4198326272.0
FHLC,Fidelity MSCI Health Care Index ETF,,PCX,USD,,,,
FHN,First Horizon Corporation,United States,NYQ,USD,,492394106.0,461511148.0,12444894208.0
FHTX,Foghorn Therapeutics Inc.,United States,NGM,USD,,56551289.0,26838676.0,305376960.0
FHYS,Federated Hermes Short Duration High Yield ETF,,PCX,USD,,,,
FIAT,YieldMax Short COIN Option Income Strategy ETF,,PCX,USD,,,,
FIAX,Nicholas Fixed Income Alternative ETF,,PCX,USD,,,,
FIBK,"First Interstate BancSystem, Inc.",United States,NMS,USD,,102890614.0,83414450.0,3699604224.0
FICO,Fair Isaac Corporation,United States,NYQ,USD,,23709047.0,22998961.0,42082967552.0
FICS,First Trust International Developed Cap Strength ETF,,,,,,,
FID,First Trust S&P International Dividend Aristocrats ETF,,,,,,,
FIDI,Fidelity International High Dividend ETF,,PCX,USD,,,,
FIDU,Fidelity MSCI Industrials Index ETF,,PCX,USD,,,,
FIEE,"FiEE, Inc.",Hong Kong,NCM,USD,,6295961.0,1639594.0,17376856.0
FIG,"Figma, Inc.",US,"NEW YORK STOCK EXCHANGE, INC.",USD,2025-07-31,415909379.0,198588557.0,19100104704.0
FIGB,Fidelity Investment Grade Bond ETF,,PCX,USD,,,,
FIGG,Leverage Shares 2x Long FIG Daily ETF,,NGM,USD,,,,
FIGR,"Figure Technology Solutions, Inc.",United States,NMS,USD,,176100512.0,127702796.0,9426415616.0
FIGS,"FIGS, Inc.",United States,NYQ,USD,,156215058.0,150527824.0,1942729728.0
FIGX,FIGX Capital Acquisition Corp.,,NGM,USD,,15508470.0,,194728240.0
FIGXU,FIGX Capital Acquisition Corp.,United States,NGM,USD,,,,
FIGXW,FIGX Capital Acquisition Corp.,,NGM,USD,,,,
FIHL,Fidelis Insurance Holdings Limited,BM,"NEW YORK STOCK EXCHANGE, INC.",USD,2023-06-29,103026764.0,51079639.0,2042708224.0
FIIG,First Trust Intermediate Duration Investment Grade Corporate ETF,,PCX,USD,,,,
FINS,Angel Oak Financial Strategies Income Term Trust,United States,NYQ,USD,,33416851.0,,438094912.0
FINT,Frontier Asset Total International Equity ETF,,PCX,USD,,,,
FINV,FinVolution Group,China,NYQ,USD,,140073861.0,605102499.0,1408360192.0
FINW,FinWise Bancorp,United States,NGM,USD,,13586921.0,9075520.0,242390672.0
FINX,Global X FinTech ETF,,NGM,USD,,,,
FIP,FTAI Infrastructure Inc.,United States,NMS,USD,,116294461.0,107517718.0,562865216.0
FIS,"Fidelity National Information Services, Inc.",United States,NYQ,USD,,517850764.0,516550959.0,35098619904.0
FISI,"Financial Institutions, Inc.",United States,NMS,USD,,20130546.0,17824391.0,643976192.0
FISK,"Empire State Realty OP, L.P.",United States,PCX,USD,,2248339.0,23933114.0,1836817408.0
FISR,State Street Fixed Income Sector Rotation ETF,,PCX,USD,,,,
FISV,"Fiserv, Inc.",,NMS,USD,,537851887.0,,36692537344.0
FITB,Fifth Third Bancorp,United States,NMS,USD,,661044771.0,656946547.0,32001179648.0
FITBI,Fifth Third Bancorp,,,,,655616000.0,672865254.0,18135547904.0
FITBO,Fifth Third Bancorp,United States,NMS,USD,,,656946547.0,
FITBP,Fifth Third Bancorp,United States,NMS,USD,,,656946547.0,
FITE,State Street SPDR S&P Kensho Future Security ETF,,PCX,USD,,,,
FIVA,Fidelity International Value Factor ETF,,PCX,USD,,,,
FIVE,"Five Below, Inc.",United States,NMS,USD,,55157085.0,53786431.0,10473778176.0
FIVN,"Five9, Inc.",United States,NGM,USD,,78216052.0,71792950.0,1563538816.0
FIVY,YieldMax Dorsey Wright Hybrid 5 Income ETF,,NGM,USD,,,,
FIW,First Trust Water ETF,,PCX,USD,,,,
FIX,"Comfort Systems USA, Inc.",United States,NYQ,USD,,35271950.0,34734386.0,34005321728.0
FIXD,First Trust Smith Opportunistic Fixed Income ETF,,NGM,USD,,,,
FIXP,FolioBeyond Enhanced Fixed Income Premium ETF,,PCX,USD,,,,
FIXT,TCW Core Plus Bond ETF,,NYQ,USD,,,,
FIZZ,National Beverage Corp.,US,NASDAQ NMS - GLOBAL MARKET,USD,1991-09-13,93632102.0,23701094.0,3026189568.0
FJET,"Starfighters Space, Inc.",United States,ASE,USD,,27862261.0,13662260.0,409018016.0
FJP,First Trust Japan AlphaDEX Fund,,NGM,USD,,,,
FJTNF,"Fuji Media Holdings, Inc.",,,,,209215922.0,76813414.0,4885191680.0
FJUN,FT Vest U.S. Equity Buffer ETF - June,,,,,,,
FJZLAX,FT 9961: Senior Loan and Limited Duration ETF Portfolio Series - Cash,,,,,,,
FKU,First Trust United Kingdom AlphaDEX Fund,,NGM,USD,,,,
FKWL,Franklin Wireless Corp.,United States,NCM,USD,,11784280.0,8442376.0,50436720.0
FLAG,Global X S&P 500 U.S. Market Leaders TOP 50 ETF,,PCX,USD,,,,
FLAU,Franklin FTSE Australia ETF,,PCX,USD,,,,
FLAX,Franklin FTSE Asia ex Japan ETF,,,,,,,
FLBR,Franklin FTSE Brazil ETF,,PCX,USD,,,,
FLC,Flaherty & Crumrine Total Return Fund Inc.,United States,NYQ,USD,,10456821.0,,181530416.0
FLCA,Franklin FTSE Canada ETF,,PCX,USD,,,,
FLCB,Franklin U.S. Core Bond ETF,,PCX,USD,,,,
FLCC,Federated Hermes MDT Large Cap Core ETF,,PCX,USD,,,,
FLCE,Frontier Asset U.S. Large Cap Equity ETF,,PCX,USD,,,,
FLCG,Federated Hermes MDT Large Cap Growth ETF,,PCX,USD,,,,
FLCH,Franklin FTSE China ETF,,PCX,USD,,,,
FLCO,Franklin Investment Grade Corporate ETF,,,,,,,
FLCV,Federated Hermes MDT Large Cap Value ETF,,PCX,USD,,,,
FLD,"Fold Holdings, Inc.",United States,NCM,USD,,48307642.0,5206598.0,125599856.0
FLDB,Fidelity Low Duration Bond ETF,,NGM,USD,,,,
FLDDW,"Fold Holdings, Inc.",United States,NCM,USD,,,5206598.0,
FLEE,Franklin FTSE Europe ETF,,PCX,USD,,,,
FLES,"Auto Parts 4Less Group, Inc.",,,,,8845362.0,8811838.0,884.0
FLEU,Franklin FTSE Eurozone ETF,,PCX,USD,,,,
FLEX,Flex Ltd.,US,NASDAQ NMS - GLOBAL MARKET,USD,1994-03-22,369790328.0,366591642.0,23682666496.0
FLG,"Flagstar Bank, National Association",US,"NEW YORK STOCK EXCHANGE, INC.",USD,1993-11-23,415755877.0,266902800.0,5309202432.0
FLGB,Franklin FTSE United Kingdom ETF,,,,,,,
FLGR,Franklin FTSE Germany ETF,,PCX,USD,,,,
FLGT,"Fulgent Genetics, Inc.",United States,NGM,USD,,30912392.0,20645768.0,825979072.0
FLGV,Franklin U.S. Treasury Bond ETF,,PCX,USD,,,,
FLGpU,,,,,,,,
FLIN,Franklin FTSE India ETF,,PCX,USD,,,,
FLJH,Franklin FTSE Japan Hedged ETF,,PCX,USD,,,,
FLJP,Franklin FTSE Japan ETF,,PCX,USD,,,,
FLKBF,,,,,,,,
FLKR,Franklin FTSE South Korea ETF,,PCX,USD,,,,
FLL,"Full House Resorts, Inc.",United States,NCM,USD,,36121498.0,33119802.0,97166824.0
FLLA,Franklin FTSE Latin America ETF,,PCX,USD,,,,
FLMB,Franklin Municipal Green Bond ETF,,PCX,USD,,,,
FLMI,Franklin Dynamic Municipal Bond ETF,,PCX,USD,,,,
FLMX,Franklin FTSE Mexico ETF,,PCX,USD,,,,
FLN,First Trust Latin America AlphaDEX Fund,,NGM,USD,,,,
FLNC,"Fluence Energy, Inc.",,,,,131369447.0,115835010.0,3695774976.0
FLNG,FLEX LNG Ltd.,Bermuda,NYQ,USD,,54087768.0,30890065.0,1326232064.0
FLNT,"Fluent, Inc.",US,NASDAQ NMS - GLOBAL MARKET,USD,2007-12-26,29519002.0,16116636.0,74683072.0
FLO,"Flowers Foods, Inc.",United States,NYQ,USD,,211178225.0,196205045.0,2299730944.0
FLOC,Flowco Holdings Inc.,United States,NYQ,USD,,28263707.0,21032155.0,1676492416.0
FLOW,Global X U.S. Cash Flow Kings 100 ETF,,PCX,USD,,,,
FLR,Fluor Corporation,US,"NEW YORK STOCK EXCHANGE, INC.",USD,1980-03-17,161182507.0,159164502.0,6599139328.0
FLRG,Fidelity U.S. Multifactor ETF,,PCX,USD,,,,
FLRN,State Street SPDR Bloomberg Investment Grade Floating Rate ETF,,PCX,USD,,,,
FLRT,Pacer Aristotle Pacific Floating Rate High Income ETF,,PCX,USD,,,,
FLS,Flowserve Corporation,United States,NYQ,USD,,127115509.0,118992828.0,9289462784.0
FLSA,Franklin FTSE Saudi Arabia ETF,,PCX,USD,,,,
FLSP,Franklin Systematic Style Premia ETF,,PCX,USD,,,,
FLSW,Franklin FTSE Switzerland ETF,,PCX,USD,,,,
FLTB,Fidelity Limited Term Bond ETF,,PCX,USD,,,,
FLTLF,Flow Traders Ltd.,NL,NYSE EURONEXT - EURONEXT AMSTERDAM,EUR,2015-07-10,43068756.0,38583371.0,1240380160.0
FLTR,VanEck IG Floating Rate ETF,,,,,,,
FLTW,Franklin FTSE Taiwan ETF,,PCX,USD,,,,
FLUD,Franklin Ultra Short Bond ETF,,,,,,,
FLUT,Flutter Entertainment plc,United States,NYQ,USD,,175181114.0,148946703.0,38653714432.0
FLUX,"Flux Power Holdings, Inc.",United States,NCM,USD,,21340135.0,13061443.0,29876190.0
FLV,American Century Focused Large Cap Value ETF,,PCX,USD,,,,
FLWS,"1-800-FLOWERS.COM, Inc.",United States,NMS,USD,,36598694.0,11935000.0,257851024.0
FLX,BingEx Ltd,China,NMS,USD,,55937317.0,94621159.0,223347936.0
FLXR,TCW Flexible Income ETF,,NYQ,USD,,,,
FLXS,"Flexsteel Industries, Inc.",United States,NMS,USD,,5340446.0,3487258.0,217943648.0
FLY,Firefly Aerospace Inc.,United States,NGM,USD,,159251122.0,76053558.0,3716921088.0
FLYD,MicroSectors Travel -3X Inverse Leveraged ETNs,,PCX,USD,,,,
FLYE,"Fly-E Group, Inc.",United States,NCM,USD,,1632386.0,1464087.0,9924907.0
FLYU,MicroSectors Travel 3X Leveraged ETNs,,PCX,USD,,,,
FLYW,Flywire Corporation,United States,NMS,USD,,120253612.0,86424345.0,1767384320.0
FLYX,"flyExclusive, Inc.",United States,ASE,USD,,20757668.0,5682412.0,84898864.0
FMAO,"Farmers & Merchants Bancorp, Inc.",United States,NCM,USD,,13749944.0,12318757.0,358736032.0
FMAR,FT Vest U.S. Equity Buffer ETF - March,,,,,,,
FMAT,Fidelity MSCI Materials Index ETF,,PCX,USD,,,,
FMB,First Trust Managed Municipal ETF,,,,,,,
FMBH,"First Mid Bancshares, Inc.",United States,NGM,USD,,24003654.0,21515435.0,960146176.0
FMC,FMC Corporation,United States,NYQ,USD,,124920067.0,123906965.0,1693916160.0
FMCCN,Federal Home Loan Mortgage Corporation,,,,,3221329920.0,650066645.0,8407385600.0
FMCE,FM Compounders Equity ETF,,PCX,USD,,,,
FMCX,FM Focus Equity ETF,,PCX,USD,,,,
FMDE,Fidelity Enhanced Mid Cap ETF,,PCX,USD,,,,
FMED,Fidelity Disruptive Medicine ETF,,NGM,USD,,,,
FMET,Fidelity Metaverse ETF,,NGM,USD,,,,
FMF,First Trust Managed Futures Strategy Fund,,PCX,USD,,,,
FMFC,Kandal M Venture Limited,Cambodia,NCM,USD,,15300000.0,8740080.0,6822240.0
FMHI,First Trust Municipal High Income ETF,,NGM,USD,,,,
FMKT,The Free Markets ETF,,,,,,,
FMN,Federated Hermes Premier Municipal Income Fund,US,"NEW YORK STOCK EXCHANGE, INC.",USD,2002-12-20,7818701.0,,86005720.0
FMNB,Farmers National Banc Corp.,United States,NCM,USD,,37653183.0,35962179.0,514342496.0
FMNY,First Trust New York High Income Municipal ETF,,PCX,USD,,,,
FMOCF,"Fomento de Construcciones y Contratas, S.A.",,,,,472945255.0,72062953.0,4871335936.0
FMQQ,FMQQ The Next Frontier Internet ETF,,PCX,USD,,,,
FMS,Fresenius Medical Care AG,Germany,NYQ,USD,,579697852.0,203621769.0,13976515584.0
FMST,Foremost Clean Energy Ltd.,Canada,NCM,USD,,14435380.0,8034588.0,34551068.0
FMSTW,Foremost Clean Energy Ltd.,Canada,NCM,USD,,,8034588.0,
FMTL,First Trust Indxx Critical Metals ETF,,,,,,,
FMTM,MarketDesk Focused U.S. Momentum ETF,,NGM,USD,,,,
FMUB,Fidelity Municipal Bond Opportunities ETF,,NGM,USD,,,,
FMUN,Fidelity Systematic Municipal Bond Index ETF,,NGM,USD,,,,
FMX,"Fomento Económico Mexicano, S.A.B. de C.V.",Mexico,NYQ,USD,,345537203.0,3469469527.0,35645620224.0
FMY,First Trust Mortgage Income Fund,United States,NYQ,USD,,4213115.0,,50768036.0
FN,Fabrinet,Cayman Islands,NYQ,USD,,35827210.0,35753406.0,17136870400.0
FNB,F.N.B. Corporation,United States,NYQ,USD,,358136583.0,352528164.0,6306560000.0
FNCL,Fidelity MSCI Financials Index ETF,,PCX,USD,,,,
FND,"Floor & Decor Holdings, Inc.",United States,NYQ,USD,,107756127.0,106172845.0,6751998976.0
FNDA,Schwab Fundamental U.S. Small Company ETF,,PCX,USD,,,,
FNDB,Schwab Fundamental U.S. Broad Market ETF,,PCX,USD,,,,
FNDC,Schwab Fundamental International Small Equity ETF,,PCX,USD,,,,
FNDE,Schwab Fundamental Emerging Markets Equity ETF,,PCX,USD,,,,
FNDF,Schwab Fundamental International Equity ETF,,PCX,USD,,,,
FNDX,Schwab Fundamental U.S. Large Company ETF,,PCX,USD,,,,
FNEC,First National Energy Corporation,,,,,103080228.0,14262050.0,1350351.0
FNF,"Fidelity National Financial, Inc.",,,,,271336723.0,256262329.0,14893673472.0
FNGD,MicroSectors FANG+ Index -3X Inverse Leveraged ETN,,PCX,USD,,652099968.0,,3267021056.0
FNGG,Direxion Daily NYSE FANG+ Bull 2X Shares,,PCX,USD,,,,
FNGO,MicroSectors FANG+ Index 2X Leveraged ETN,,PCX,USD,,,,
FNGR,"FingerMotion, Inc.",SG,NASDAQ NMS - GLOBAL MARKET,USD,2014-09-23,61217225.0,45832375.0,86316280.0
FNGS,MicroSectors FANG+ ETN,,PCX,USD,,,,
FNGU,MicroSectors FANG+ 3X Leveraged,,PCX,USD,,,,
FNK,First Trust Mid Cap Value AlphaDEX Fund,,NGM,USD,,,,
FNKO,"Funko, Inc.",United States,NMS,USD,,54742995.0,36127640.0,192695344.0
FNLC,"The First Bancorp, Inc.",United States,NMS,USD,,11219320.0,10659813.0,301238752.0
FNMAG,Federal National Mortgage Association,,,,,5738840064.0,233702071.0,18506168320.0
FNMAT,Federal National Mortgage Association,,,,,5738840064.0,233702071.0,18612305920.0
FNQQF,Fineqia International Inc.,,,,,1650823335.0,1317257972.0,5961200.0
FNV,Franco-Nevada Corporation,Canada,NYQ,USD,,192777097.0,191512479.0,42075996160.0
FNWB,First Northwest Bancorp,United States,NGM,USD,,8945992.0,6418721.0,86955048.0
FNWD,Finward Bancorp,United States,NCM,USD,,4327000.0,3383151.0,159449936.0
FNX,First Trust Mid Cap Core AlphaDEX Fund,,NGM,USD,,,,
FNY,First Trust Mid Cap Growth AlphaDEX Fund,,NGM,USD,,,,
FOA,Finance of America Companies Inc.,United States,NYQ,USD,,7891348.0,2279100.0,254158464.0
FOF,"Cohen & Steers Closed-End Opportunity Fund, Inc.",United States,NYQ,USD,,27718107.0,,368373664.0
FOFO,"Hang Feng Technology Innovation Co., Ltd.",Hong Kong,NCM,USD,,6871250.0,2210479.0,72354272.0
FOLD,"Amicus Therapeutics, Inc.",United States,NGM,USD,,309301959.0,305873989.0,4407553024.0
FOLGF,Falcon Oil & Gas Ltd.,,,,,1109141512.0,945099482.0,167574560.0
FOMI,"Formation Minerals, Inc.",,,,,100035585.0,47293824.0,20007.0
FONR,FONAR Corporation,United States,NCM,USD,,6168625.0,5975164.0,90981184.0
FONU,"FonU2, Inc.",,,,,23414387227.0,864175094.0,2341438.0
FOPC,Frontier Asset Opportunistic Credit ETF,,PCX,USD,,,,
FOR,Forestar Group Inc.,US,"NEW YORK STOCK EXCHANGE, INC.",USD,2007-12-12,50885325.0,19128823.0,1248217088.0
FORA,Forian Inc.,United States,NCM,USD,,31072252.0,4036907.0,65562448.0
FORLU,Four Leaf Acquisition Corporation,US,NASDAQ NMS - GLOBAL MARKET,USD,2023-03-17,,522344.0,27.0
FORM,"FormFactor, Inc.",United States,NMS,USD,,77517097.0,76798514.0,4500642816.0
FORR,"Forrester Research, Inc.",United States,NMS,USD,,19003000.0,11283981.0,138351744.0
FORTY,Formula Systems (1985) Ltd.,Israel,NMS,USD,,15332667.0,9505138.0,2921791488.0
FOSL,"Fossil Group, Inc.",US,NASDAQ NMS - GLOBAL MARKET,USD,1993-04-01,56387431.0,43861706.0,217091600.0
FOUR,"Shift4 Payments, Inc.",United States,NYQ,USD,,67564638.0,55353922.0,5780632576.0
FOX,Fox Corporation,United States,NMS,USD,,235581025.0,353529346.0,30807105536.0
FOXA,Fox Corporation,United States,NMS,USD,,208361696.0,353529346.0,32984944640.0
FOXF,Fox Factory Holding Corp.,United States,NMS,USD,,41801357.0,41576466.0,741556032.0
FOXY,Simplify Currency Strategy ETF,,PCX,USD,,,,
FPA,First Trust Asia Pacific Ex-Japan AlphaDEX Fund,,NGM,USD,,,,
FPAG,FPA Global Equity ETF,,,,,,,
FPE,First Trust Preferred Securities and Income ETF,,,,,,,
FPEI,First Trust Institutional Preferred Securities and Income ETF,,,,,,,
FPF,First Trust Intermediate Duration Preferred & Income Fund,United States,NYQ,USD,,60847827.0,,1140896768.0
FPH,"Five Point Holdings, LLC",United States,NYQ,USD,,70971448.0,56147244.0,811443584.0
FPI,Farmland Partners Inc.,United States,NYQ,USD,,43097555.0,39325661.0,436558112.0
FPRGF,Falco Resources Ltd.,,,,,345143434.0,284543150.0,119958208.0
FPWR,First Trust EIP Power Solutions ETF,,PCX,USD,,,,
FPX,First Trust US Equity Opportunities ETF,,PCX,USD,,,,
FPXE,First Trust IPOX Europe Equity Opportunities ETF,,NGM,USD,,,,
FPXI,First Trust International Equity Opportunities ETF,,NGM,USD,,,,
FQAL,Fidelity Quality Factor ETF,,PCX,USD,,,,
FR,"First Industrial Realty Trust, Inc.",United States,NYQ,USD,,132422260.0,131560191.0,7955498496.0
FRA,"BlackRock Floating Rate Income Strategies Fund, Inc.",United States,NYQ,USD,,35434758.0,,419901920.0
FRAF,Franklin Financial Services Corporation,United States,NCM,USD,,4479037.0,3846418.0,228565248.0
FRBA,First Bank,United States,NGM,USD,,24810520.0,20519292.0,418156896.0
FRCGF,,,,,,,,
FRCN,"Firemans Contractors, Inc.",,,,,599263445.0,,59933.0
FRD,"Friedman Industries, Incorporated",United States,NMS,USD,,7112182.0,6667813.0,147008816.0
FRDD,Direxion Daily F Bear 1X ETF,,NGM,USD,,,,
FRDM,Freedom 100 Emerging Markets ETF,,,,,,,
FRDU,Direxion Daily F Bull 2X ETF,,NGM,USD,,,,
FREKF,freee K.K.,,,,,59548556.0,31890066.0,1143915392.0
FREL,Fidelity MSCI Real Estate Index ETF,,,,,,,
FRGE,"Forge Global Holdings, Inc.",United States,NYQ,USD,,13844606.0,10353095.0,618715392.0
FRGN,Horizon International Equity ETF,,PCX,USD,,,,
FRGT,"Freight Technologies, Inc.",Mexico,NCM,USD,,1564246.0,1501399.0,3191063.0
FRHC,Freedom Holdings Corp.,United States,NCM,USD,,61159931.0,18064809.0,8032134144.0
FRI,First Trust S&P REIT Index Fund,,PCX,USD,,,,
FRIZ,Franklin Dividend Growth ETF,,PCX,USD,,,,
FRMB,"Forum Mobile, Inc.",,,,,,76124205.0,122586.0
FRME,First Merchants Corporation,US,NASDAQ NMS - GLOBAL MARKET,USD,1989-06-20,57825020.0,56843151.0,2212385280.0
FRMEP,First Merchants Corporation,United States,NMS,USD,,,56843151.0,
FRMI,Fermi Inc.,,NMS,USD,,614025378.0,,4678873600.0
FRO,Frontline plc,Cyprus,NYQ,USD,,222622889.0,131262908.0,4855405056.0
FROG,JFrog Ltd.,United States,NMS,USD,,118312834.0,103870386.0,7918678016.0
FRPH,"FRP Holdings, Inc.",United States,NMS,USD,,19115522.0,11715712.0,434878112.0
FRPT,"Freshpet, Inc.",US,NASDAQ NMS - GLOBAL MARKET,USD,2014-11-07,48808337.0,48011785.0,3132030720.0
FRQN,"Frequency Holdings, Inc.",,,,,1899869698.0,,189986.0
FRSH,Freshworks Inc.,United States,NMS,USD,,246987803.0,222633617.0,3613715456.0
FRST,Primis Financial Corp.,United States,NGM,USD,,24644385.0,21851190.0,321116320.0
FRSX,Foresight Autonomous Holdings Ltd.,Israel,NCM,USD,,4373136.0,97538271.0,6537838.0
FRT,Federal Realty Investment Trust,United States,NYQ,USD,,86270031.0,77933758.0,8883902464.0
FRTD,"Fortitude Group, Inc.",,,,,570039404.0,,5700.0
FRTY,Alger Mid Cap 40 ETF,,PCX,USD,,,,
FRZCF,Frasers Centrepoint Trust,,,,,2034952990.0,1375892765.0,3548387328.0
FSBC,Five Star Bancorp,United States,NMS,USD,,21367387.0,14752685.0,780574912.0
FSBW,"FS Bancorp, Inc.",United States,NCM,USD,,7518462.0,6224711.0,320337472.0
FSCC,Federated Hermes MDT Small Cap Core ETF,,PCX,USD,,,,
FSCO,FS Credit Opportunities Corp.,United States,NYQ,USD,,198355867.0,,1217905024.0
FSCS,First Trust SMID Capital Strength ETF,,NGM,USD,,,,
FSEA,"First Seacoast Bancorp, Inc.",United States,NCM,USD,,4696767.0,3406265.0,61038616.0
FSEC,Fidelity Investment Grade Securitized ETF,,PCX,USD,,,,
FSFG,"First Savings Financial Group, Inc.",United States,NCM,USD,,7015080.0,5410487.0,228411008.0
FSGS,First Trust SMID Growth Strength ETF,,,,,,,
FSHP,Flag Ship Acquisition Corporation,United States,NGM,USD,,5025517.0,2754084.0,95099984.0
FSHPR,Flag Ship Acquisition Corporation,United States,NGM,USD,,,2754084.0,
FSHPU,Flag Ship Acquisition Corporation,US,NASDAQ NMS - GLOBAL MARKET,USD,2024-06-18,6220000.0,2754084.0,65869800.0
FSI,"Flexible Solutions International, Inc.",Canada,ASE,USD,,12692498.0,8372352.0,88974424.0
FSIG,First Trust Limited Duration Investment Grade Corporate ETF,,PCX,USD,,,,
FSK,FS KKR Capital Corp.,United States,NYQ,USD,,280066433.0,,4125378304.0
FSLR,"First Solar, Inc.",United States,NMS,USD,,107308141.0,101446970.0,28939933696.0
FSLY,"Fastly, Inc.",United States,NMS,USD,,149400000.0,139284126.0,1661328000.0
FSM,Fortuna Mining Corp.,Canada,NYQ,USD,,306959986.0,304461332.0,3178864896.0
FSMB,First Trust Short Duration Managed Municipal ETF,,PCX,USD,,,,
FSMD,Fidelity Small-Mid Multifactor ETF,,,,,,,
FSML,Franklin Small Cap Enhanced ETF,,PCX,USD,,,,
FSNB.U,,,,,,,,
FSOL,Fidelity Solana Fund,,PCX,USD,,,,
FSP,Franklin Street Properties Corp.,United States,ASE,USD,,103690340.0,83059073.0,97468912.0
FSROF,F-SECURE OYJ (NEW),,,,,174707070.0,,358149504.0
FSS,Federal Signal Corporation,United States,NYQ,USD,,60808577.0,59301132.0,6898124800.0
FSSL,FS Specialty Lending Fund,United States,NYQ,USD,,,,
FSTA,Fidelity MSCI Consumer Staples Index ETF,,PCX,USD,,,,
FSTGY,Fastighets AB Balder,SE,NASDAQ OMX NORDIC,SEK,1999-10-12,,,78658.0
FSTR,L.B. Foster Company,United States,NMS,USD,,10393009.0,8504184.0,301663072.0
FSUN,FirstSun Capital Bancorp,United States,NMS,USD,,27879811.0,16098918.0,1069469632.0
FSV,FirstService Corporation,Canada,NMS,USD,,45712236.0,41752185.0,7176770560.0
FSYD,Fidelity Sustainable High Yield ETF,,PCX,USD,,,,
FSZ,First Trust Switzerland AlphaDEX Fund,,NGM,USD,,,,
FT,Franklin Universal Trust,United States,NYQ,USD,,25131894.0,,200803824.0
FTA,First Trust Large Cap Value AlphaDEX Fund,,NGM,USD,,,,
FTAG,First Trust Indxx Global Agriculture ETF,,NGM,USD,,,,
FTAI,FTAI Aviation Ltd.,United States,NMS,USD,,102572925.0,100973813.0,17867177984.0
FTAIM,FTAI Aviation Ltd.,United States,NMS,USD,,,100973813.0,
FTAIN,FTAI Aviation Ltd.,United States,NMS,USD,,,100973813.0,
FTBD,Fidelity Tactical Bond ETF,,PCX,USD,,,,
FTBI,First Trust Balanced Income ETF,,PCX,USD,,,,
FTC,First Trust Large Cap Growth AlphaDEX Fund,,NGM,USD,,,,
FTCA,Putnam ETF Trust - Putnam Franklin Calif Municipal Income ETF,,PCX,USD,,,,
FTCB,First Trust Core Investment Grade ETF,,,,,,,
FTCE,First Trust New Constructs Core Earnings Leaders ETF,,PCX,USD,,,,
FTCI,"FTC Solar, Inc.",United States,NCM,USD,,14940407.0,10312018.0,178388448.0
FTCS,First Trust Capital Strength ETF,,NGM,USD,,,,
FTDR,"Frontdoor, Inc.",US,NASDAQ NMS - GLOBAL MARKET,USD,2018-09-13,72113199.0,71642300.0,4269703424.0
FTDS,First Trust Dividend Strength ETF,,NGM,USD,,,,
FTEC,Fidelity MSCI Information Technology Index ETF,,PCX,USD,,,,
FTEK,"Fuel Tech, Inc.",United States,NCM,USD,,31074438.0,23709796.0,50651332.0
FTEL,Fitell Corporation,Australia,NCM,USD,,2432000.0,793042.0,1775116.0
FTF,Franklin Limited Duration Income Trust,United States,ASE,USD,,40405374.0,,248897104.0
FTFT,Future FinTech Group Inc.,United States,NCM,USD,,20153311.0,10720755.0,18661966.0
FTFY,"Fit After Fifty, Inc.",,,,,292000.0,,2.0
FTGAF,,,,,,,,
FTGC,First Trust Global Tactical Commodity Strategy Fund,,NGM,USD,,,,
FTGS,First Trust Growth Strength ETF,,NGM,USD,,,,
FTHF,First Trust Emerging Markets Human Flourishing ETF,,,,,,,
FTHI,First Trust BuyWrite Income ETF,,NGM,USD,,,,
FTHM,Fathom Holdings Inc.,US,NASDAQ NMS - GLOBAL MARKET,USD,2020-07-31,32390959.0,22598200.0,35630056.0
FTHY,First Trust High Yield Opportunities 2027 Term Fund,United States,NYQ,USD,,36772989.0,,520337824.0
FTI,TechnipFMC plc,United States,NYQ,USD,,404520086.0,401142343.0,18351886336.0
FTIF,First Trust Bloomberg Inflation Sensitive Equity ETF,,PCX,USD,,,,
FTII,FutureTech II Acquisition Corp.,,,,,4289961.0,894886.0,51565332.0
FTK,"Flotek Industries, Inc.",United States,NYQ,USD,,30057823.0,13983905.0,527815360.0
FTKI,First Trust Small Cap BuyWrite Income ETF,,PCX,USD,,,,
FTLF,"FitLife Brands, Inc.",US,NASDAQ NMS - GLOBAL MARKET,USD,2007-10-26,9391072.0,2901653.0,148378960.0
FTLS,First Trust Long/Short Equity ETF,,PCX,USD,,,,
FTMA,Franklin Massachusetts Municipal Inc ETF,,PCX,USD,,,,
FTMH,Putnam ETF Trust - Putnam Franklin Municipal High Yield ETF,,PCX,USD,,,,
FTMN,Franklin Minnesota Municipal Income ETF,,PCX,USD,,,,
FTMS,Putnam ETF Trust - Putnam Franklin Short Term Municipal Income ETF,,PCX,USD,,,,
FTMU,Putnam ETF Trust - Putnam Franklin Municipal Income ETF,,PCX,USD,,,,
FTNJ,Franklin New Jersey Municipal Income ETF,,,,,,,
FTNT,"Fortinet, Inc.",United States,NMS,USD,,743648102.0,625943480.0,62496657408.0
FTNY,Putnam ETF Trust - Putnam Franklin New York Municipal Income ETF,,PCX,USD,,,,
FTOH,Franklin Ohio Municipal Income ETF,,PCX,USD,,,,
FTPA,Franklin Pennsylvania Municipal Income ETF,,PCX,USD,,,,
FTQI,First Trust Nasdaq BuyWrite Income ETF,,NGM,USD,,,,
FTRB,Federated Hermes Total Return Bond ETF,,PCX,USD,,,,
FTRE,Fortrea Holdings Inc.,US,NASDAQ NMS - GLOBAL MARKET,USD,2023-06-16,92400000.0,91855764.0,1607760000.0
FTRI,First Trust Indxx Global Natural Resources Income ETF,,NGM,USD,,,,
FTRK,FAST TRACK GROUP,,,,,21812500.0,8468703.0,18322500.0
FTS,Fortis Inc.,Canada,NYQ,USD,,505400000.0,503944448.0,26210043904.0
FTSD,Franklin Short Duration U.S. Government ETF,,PCX,USD,,,,
FTSL,First Trust Senior Loan Fund,,NGM,USD,,,,
FTSM,First Trust Enhanced Short Maturity ETF,,,,,,,
FTSRF,,,,,,,,
FTV,Fortive Corporation,United States,NYQ,USD,,317611636.0,295509042.0,18841950208.0
FTW,EQV Ventures Acquisition Corp.,United States,NYQ,USD,,35822500.0,23289131.0,467119776.0
FTWO,Strive Natural Resources and Security ETF,,NYQ,USD,,,,
FTXG,First Trust Nasdaq Food & Beverage ETF,,NGM,USD,,,,
FTXH,First Trust Nasdaq Pharmaceuticals ETF,,NGM,USD,,,,
FTXL,First Trust Nasdaq Semiconductor ETF,,,,,,,
FTXN,First Trust Nasdaq Oil & Gas ETF,,NGM,USD,,,,
FTXO,First Trust Nasdaq Bank ETF,,NGM,USD,,,,
FTXR,First Trust Nasdaq Transportation ETF,,NGM,USD,,,,
FUBO,fuboTV Inc.,US,"NEW YORK STOCK EXCHANGE, INC.",USD,2013-01-09,342724309.0,336976822.0,908219456.0
FUFU,BitFuFu Inc.,Singapore,NCM,USD,,31482302.0,17673958.0,416205760.0
FUFUW,BitFuFu Inc.,Singapore,NCM,USD,,,17673958.0,
FUGI,"Fuego Enterprises, Inc.",,,,,24326827.0,,24326.0
FUL,H.B. Fuller Company,United States,NYQ,USD,,54088889.0,53811954.0,3289145344.0
FULC,"Fulcrum Therapeutics, Inc.",United States,NGM,USD,,65970291.0,35885395.0,763936000.0
FULT,Fulton Financial Corporation,US,NASDAQ NMS - GLOBAL MARKET,USD,1985-09-03,179895127.0,178085349.0,3624614400.0
FULTP,Fulton Financial Corporation,United States,NMS,USD,,,178085349.0,
FUMB,First Trust Ultra Short Duration Municipal ETF,,PCX,USD,,,,
FUN,Six Flags Entertainment Corporation,United States,NYQ,USD,,101474349.0,90377114.0,1510953088.0
FUNC,First United Corporation,United States,NMS,USD,,6496908.0,5959809.0,251625248.0
FUND,"Sprott Focus Trust, Inc.",Canada,NGM,USD,,29641944.0,,262059504.0
FURY,Fury Gold Mines Limited,Canada,ASE,USD,,189143299.0,175649816.0,123165408.0
FUSB,"First US Bancshares, Inc.",United States,NCM,USD,,5766888.0,4301752.0,78660352.0
FUSE,Fusemachines Inc.,US,NASDAQ NMS - GLOBAL MARKET,USD,2022-01-13,26501049.0,9243057.0,50617000.0
FUSEW,Fusemachines Inc.,,,,,,9243057.0,
FUSI,American Century Multisector Floating Income ETF,,PCX,USD,,,,
FUTG,Leverage Shares 2X Long Futu Daily ETF,,NGM,USD,,,,
FUTU,Futu Holdings Limited,Hong Kong,NGM,USD,,94783496.0,474529743.0,22998990848.0
FUTY,Fidelity MSCI Utilities Index ETF,,PCX,USD,,,,
FUUWRX,"FT 10137: FT Equity Allocation ETF Model Portfolio, 3Q '22 - Cash",,,,,,,
FV,First Trust Dorsey Wright Focus 5 ETF,,NGM,USD,,,,
FVAL,Fidelity Value Factor ETF,,,,,,,
FVC,First Trust Dorsey Wright Dynamic Focus 5 ETF,,NGM,USD,,,,
FVCB,"FVCBankcorp, Inc.",US,NASDAQ NMS - GLOBAL MARKET,USD,2013-06-28,18074814.0,12932891.0,251239904.0
FVD,First Trust Value Line Dividend Index Fund,,PCX,USD,,189738000.0,,8807638016.0
FVN,Future Vision II Acquisition Corp.,China,NCM,USD,,7544000.0,5023474.0,79815520.0
FVNNR,Future Vision II Acquisition Corp.,,,,,,5023474.0,
FVNNU,Future Vision II Acquisition Corp.,China,NCM,USD,,,5023474.0,
FVR,"FrontView REIT, Inc.",United States,NYQ,USD,,21653669.0,20311791.0,332816864.0
FVRR,Fiverr International Ltd.,IL,"NEW YORK STOCK EXCHANGE, INC.",USD,2019-06-13,36932903.0,31330900.0,729794176.0
FWD,AB Disruptors ETF,,PCX,USD,,,,
FWDI,"Forward Industries, Inc.",United States,NCM,USD,,86459465.0,68509615.0,607810048.0
FWFW,"Flywheel Advanced Technology, Inc.",,,,,29591164.0,6366984.0,1923425.0
FWONA,Formula One Group,US,NASDAQ NMS - GLOBAL MARKET,USD,2016-04-18,23990946.0,239624475.0,24061743104.0
FWONK,Formula One Group,United States,NMS,USD,,223634694.0,239624475.0,24287768576.0
FWPZCX,"FT 9949: Municipal Income ETF Portfolio, Series 2 - Cash",,,,,,,
FWRD,Forward Air Corporation,United States,NMS,USD,,31248234.0,22192496.0,797454976.0
FWRG,"First Watch Restaurant Group, Inc.",United States,NMS,USD,,61032105.0,55008847.0,971020736.0
FXA,Invesco CurrencyShares Australian Dollar Trust,,PCX,USD,,,,
FXB,Invesco CurrencyShares British Pound Sterling Trust,,PCX,USD,,,,
FXC,Invesco CurrencyShares Canadian Dollar Trust,,PCX,USD,,,,
FXD,First Trust Consumer Discretionary AlphaDEX Fund,,,,,,,
FXE,Invesco CurrencyShares Euro Currency Trust,,PCX,USD,,2050000.0,,222814512.0
FXED,Sound Enhanced Fixed Income ETF,,NYQ,USD,,,,
FXF,Invesco CurrencyShares Swiss Franc Trust,,PCX,USD,,,,
FXG,First Trust Consumer Staples AlphaDEX Fund,,PCX,USD,,,,
FXH,First Trust Health Care AlphaDEX Fund,,PCX,USD,,,,
FXI,iShares China Large-Cap ETF,,PCX,USD,,129450000.0,,5039488512.0
FXL,First Trust Technology AlphaDEX Fund,,PCX,USD,,,,
FXN,First Trust Energy AlphaDEX Fund,,PCX,USD,,,,
FXNC,First National Corporation,,,,,9010817.0,6786317.0,229775840.0
FXO,First Trust Financials AlphaDEX Fund,,PCX,USD,,,,
FXP,ProShares UltraShort FTSE China 50,,PCX,USD,,,,
FXR,First Trust Industrials/Producer Durables AlphaDEX Fund,,PCX,USD,,,,
FXU,First Trust Utilities AlphaDEX Fund,,PCX,USD,,,,
FXY,Invesco CurrencyShares Japanese Yen Trust,,,,,2050000.0,,120417000.0
FXZ,First Trust Materials AlphaDEX Fund,,PCX,USD,,,,
FYBR,"Frontier Communications Parent, Inc.",United States,NMS,USD,,250338000.0,222054813.0,9545388032.0
FYC,First Trust Small Cap Growth AlphaDEX Fund,,NGM,USD,,,,
FYT,First Trust Small Cap Value AlphaDEX Fund,,NGM,USD,,,,
FYX,First Trust Small Cap Core AlphaDEX Fund,,NGM,USD,,,,
G,Genpact Limited,BM,"NEW YORK STOCK EXCHANGE, INC.",USD,2007-08-02,172414423.0,158069543.0,8373677056.0
GAB,The Gabelli Equity Trust Inc.,United States,NYQ,USD,,309217495.0,,1895503360.0
GABC,"German American Bancorp, Inc.",US,NASDAQ NMS - GLOBAL MARKET,USD,1993-05-18,37491797.0,35903644.0,1504216064.0
GABF,Gabelli Financial Services Opportunities ETF,,PCX,USD,,,,
GABK,Grand Bank Corporation,,,,,,9116.0,
GAEM,Simplify Gamma Emerging Market Bond ETF,,PCX,USD,,,,
GAERF,"Grupo Aeroportuario del Centro Norte, S.A.B. de C.V.",,,,,336403425.0,270357214.0,5329138176.0
GAIA,"Gaia, Inc.",United States,NGM,USD,,19644338.0,14841275.0,94166712.0
GAID,Guinness Atkinson Funds -  International Dividend Builder Etf,,PCX,USD,,,,
GAIN,Gladstone Investment Corporation,United States,NMS,USD,,39646451.0,,549896256.0
GAINI,Gladstone Investment Corporation,US,NASDAQ NMS - GLOBAL MARKET,USD,2005-06-23,,,549.0
GAINN,Gladstone Investment Corporation 5.00% Notes Due 2026,,NMS,USD,,,,
GAINZ,Gladstone Investment Corporation 4.875% Notes due 2028,,NMS,USD,,,,
GAL,State Street Global Allocation ETF,,,,,,,
GALT,Galectin Therapeutics Inc.,United States,NCM,USD,,64472792.0,45758275.0,261140800.0
GAM,"General American Investors Company, Inc.",United States,NYQ,USD,,23279512.0,20405423.0,1377798528.0
GAMB,Gambling.com Group Limited,Jersey,NGM,USD,,35166896.0,17304223.0,186777168.0
GAME,"GameSquare Holdings, Inc.",,,,,95388250.0,90904813.0,42571776.0
GAMR,Amplify Video Game Leaders ETF,,PCX,USD,,,,
GANX,"Gain Therapeutics, Inc.",,,,,38462085.0,34841342.0,121155568.0
GAP,"The Gap, Inc.",United States,NYQ,USD,,371921740.0,195816796.0,9736910848.0
GARA,Guinness Atkinson Funds - Guinness Atkinson Real Assets Income ETF,,PCX,USD,,,,
GARY,Advisors Inner Circle Fund Ii New - Mango Growth Etf,,,,,,,
GASS,StealthGas Inc.,,,,,37161373.0,14527754.0,260501232.0
GATEW,,,,,,,,
GATX,GATX Corporation,United States,NYQ,USD,,35678804.0,35475792.0,6179926016.0
GAU,Galiano Gold Inc.,Canada,ASE,USD,,259790437.0,242776761.0,711510912.0
GAUD,Guinness Atkinson Funds - Guinness Atkinson US Dividend Builder ETF,,PCX,USD,,,,
GAUZ,Gauzy Ltd.,Israel,NGM,USD,,18743137.0,11851286.0,27552410.0
GBAB,Guggenheim Taxable Municipal Bond & Investment Grade Debt Trust,United States,NYQ,USD,,26973509.0,,406328928.0
GBCHF,Metaverse Capital Corp.,,,,,774708934.0,655543206.0,38735.0
GBCI,"Glacier Bancorp, Inc.",United States,NYQ,USD,,129941364.0,129285160.0,5914930688.0
GBDC,"Golub Capital BDC, Inc.",United States,NMS,USD,,263467541.0,,3569985280.0
GBF,iShares Government/Credit Bond ETF,,PCX,USD,,,,
GBFH,GBank Financial Holdings Inc.,United States,NCM,USD,,14376113.0,9266842.0,517396320.0
GBHI,Gabelli High Income ETF,,PCX,USD,,,,
GBIL,Goldman Sachs Access Treasury 0-1 Year ETF,,PCX,USD,,,,
GBIM,"GlobeImmune, Inc.",,,,,5751574.0,4370506.0,575.0
GBIO,Generation Bio Co.,United States,NMS,USD,,6738545.0,4185381.0,37735852.0
GBLBF,Groupe Bruxelles Lambert SA,BE,NYSE EURONEXT - EURONEXT BRUSSELS,EUR,1956-10-15,120912106.0,67147396.0,11533446144.0
GBLD,Invesco MSCI Green Building ETF,,PCX,USD,,,,
GBLI,"Global Indemnity Group, LLC",United States,NMS,USD,,10530342.0,4083840.0,399638304.0
GBND,Goldman Sachs Core Bond ETF,,PCX,USD,,,,
GBR,"New Concept Energy, Inc.",United States,ASE,USD,,5131934.0,4731951.0,3900269.0
GBTC,Grayscale Bitcoin Trust ETF,,PCX,USD,,692369984.0,,47358107648.0
GBTG,"Global Business Travel Group, Inc.",United States,NYQ,USD,,523526133.0,198777637.0,4123822336.0
GBUG,Sprott Active Gold & Silver Miners ETF,,NGM,USD,,,,
GBX,"The Greenbrier Companies, Inc.",United States,NYQ,USD,,31190881.0,30142301.0,1464099840.0
GCAD,Gabelli Commercial Aerospace & Defense ETF,,PCX,USD,,,,
GCAL,Goldman Sachs Dynamic California Municipal Income ETF,,PCX,USD,,,,
GCBC,"Greene County Bancorp, Inc.",United States,NCM,USD,,17026828.0,6923789.0,387700896.0
GCC,WisdomTree Enhanced Commodity Strategy Fund,,PCX,USD,,,,
GCHHF,Gooch & Housego PLC,,,,,27199510.0,20933928.0,208076256.0
GCHK,GreenChek Technology Inc.,,,,,161357500.0,,16135.0
GCL,GCL Global Holdings Ltd,,,,,122572978.0,21734788.0,123798704.0
GCLWW,GCL Global Holdings Ltd,Singapore,NMS,USD,,16500000.0,21734788.0,742500.0
GCMG,GCM Grosvenor Inc.,United States,NGM,USD,,186880000.0,45908592.0,2139776000.0
GCO,Genesco Inc.,United States,NYQ,USD,,10792736.0,8860512.0,275823104.0
GCOR,Goldman Sachs Access U.S. Aggregate Bond ETF,,PCX,USD,,,,
GCRCF,Golcap Resources Corp.,,,,,25092334.0,17858716.0,5650793.0
GCRIF,Clean Energy Transition Inc.,,,,,41743850.0,39972241.0,757849.0
GCT,GigaCloud Technology Inc.,United States,NGM,USD,,28980012.0,26129081.0,1513799040.0
GCTK,"GlucoTrack, Inc.",US,NASDAQ NMS - GLOBAL MARKET,USD,2013-04-09,910688.0,853761.0,3824893.0
GCTS,"GCT Semiconductor Holding, Inc.",United States,NYQ,USD,,57099558.0,40572091.0,69661464.0
GCV,The Gabelli Convertible and Income Securities Fund Inc.,United States,NYQ,USD,,20026861.0,,84913880.0
GD,General Dynamics Corporation,United States,NYQ,USD,,270120442.0,252926214.0,92435218432.0
GDC,GD Culture Group Limited,United States,NCM,USD,,57318111.0,49848286.0,276273312.0
GDDY,GoDaddy Inc.,United States,NYQ,USD,,135141594.0,134234794.0,17592717312.0
GDEC,FT Vest U.S. Equity Moderate Buffer ETF - December,,,,,,,
GDEN,"Golden Entertainment, Inc.",United States,NGM,USD,,26173985.0,18690581.0,708529728.0
GDEV,GDEV Inc.,Cyprus,NGM,USD,,18130090.0,5533454.0,289454144.0
GDEVW,GDEV Inc.,Cyprus,NGM,USD,,,5533454.0,
GDFN,Tema International Defense Innovation ETF,,NGM,USD,,,,
GDHG,Golden Heaven Group Holdings Ltd.,China,NCM,USD,,2460492.0,89436.0,6203562.0
GDIV,Harbor Dividend Growth Leaders ETF,,,,,,,
GDL,The GDL Fund,United States,NYQ,USD,,11194350.0,,94896744.0
GDLC,Grayscale CoinDesk Crypto 5 ETF,,PCX,USD,,15867400.0,,655079232.0
GDLG,Glidelogic Corp.,,,,,66599350.0,16599222.0,14978861.0
GDO,Western Asset Global Corporate Defined Opportunity Fund Inc.,United States,NYQ,USD,,7519400.0,,89180080.0
GDOC,Goldman Sachs Future Health Care Equity ETF,,PCX,USD,,,,
GDOG,Grayscale Dogecoin Trust ETF,,PCX,USD,,,,
GDOT,Green Dot Corporation,United States,NYQ,USD,,55548617.0,41060249.0,727686912.0
GDRX,"GoodRx Holdings, Inc.",United States,NMS,USD,,105468832.0,93106477.0,955487488.0
GDS,GDS Holdings Limited,China,NGM,USD,,186063339.0,1043873190.0,6779529728.0
GDSTW,Goldenstone Acquisition Limited,,,,,,839238.0,
GDTC,CytoMed Therapeutics Limited,Singapore,NCM,USD,,11733712.0,3679298.0,17952580.0
GDTRF,Gladiator Metals Corp.,,,,,98091797.0,74697991.0,91225376.0
GDV,The Gabelli Dividend & Income Trust,United States,NYQ,USD,,88609789.0,,2476022272.0
GDX,VanEck Gold Miners ETF,,PCX,USD,,,,
GDXD,MicroSectors Gold Miners -3X Inverse Leveraged ETNs,,PCX,USD,,,,
GDXJ,VanEck Junior Gold Miners ETF,,,,,,,
GDXU,MicroSectors Gold Miners 3X Leveraged ETNs,,PCX,USD,,,,
GDXW,Roundhill Gold Miners Weeklypay ETF,,,,,,,
GDXY,YieldMax Gold Miners Option Income Strategy ETF,,,,,,,
GDYN,"Grid Dynamics Holdings, Inc.",United States,NCM,USD,,84805201.0,61873783.0,786992256.0
GE,GE Aerospace,United States,NYQ,USD,,1054813911.0,1051174803.0,334186872832.0
GEAT,GreetEat Corporation,,,,,214387914.0,,4502146.0
GECC,Great Elm Capital Corp.,United States,NGM,USD,,13998168.0,,94627616.0
GECCG,Great Elm Capital Corp. 7.75% Notes Due 2030,,NGM,USD,,,,
GECCH,Great Elm Capital Corp. - 8.125,,NGM,USD,,,,
GECCI,Great Elm Capital Corp. 8.50% NOTES DUE 2029,,NGM,USD,,,,
GECCO,Great Elm Capital Corp. 5.875% Notes due 2026,,NGM,USD,,,,
GEF,"Greif, Inc.",United States,NYQ,USD,,25996487.0,27838126.0,4067632896.0
GEF.B,Greif Inc,US,"NEW YORK STOCK EXCHANGE, INC.",USD,2002-10-07,,,3446.0
GEG,"Great Elm Group, Inc.",US,NASDAQ NMS - GLOBAL MARKET,USD,1999-06-11,33029368.0,12575602.0,81371536.0
GEGGL,"Great Elm Group, Inc.  7.25% Notes due 2027",,NGM,USD,,,,
GEGR,"Gaensel Energy Group, Inc.",,,,,249094757.0,,174366.0
GEHC,GE HealthCare Technologies Inc.,United States,NMS,USD,,455521592.0,454077589.0,38173151232.0
GEL,"Genesis Energy, L.P.",United States,NYQ,USD,,122424321.0,109255317.0,1909218816.0
GELS,Gelteq Limited,Australia,NCM,USD,,10711059.0,5455571.0,9260783.0
GEM,Goldman Sachs ActiveBeta Emerging Markets Equity ETF,,PCX,USD,,,,
GEME,Pacific NoS Global EM Equity Active ETF,,,,,,,
GEMG,Leverage Shares 2X Long GEMI Daily ETF,,NGM,USD,,,,
GEMI,"Gemini Space Station, Inc.",United States,NMS,USD,,42526934.0,41192920.0,1251835648.0
GEMSF,Infinity Stone Ventures Corp.,,,,,44507216.0,46180085.0,4885.0
GEN,Gen Digital Inc.,United States,NMS,USD,,616716107.0,472379869.0,17126206464.0
GENC,"Gencor Industries, Inc.",United States,ASE,USD,,12338845.0,10277541.0,184687056.0
GEND,Genter Capital Dividend Income ETF,,PCX,USD,,,,
GENI,Genius Sports Limited,GB,"NEW YORK STOCK EXCHANGE, INC.",USD,2020-10-05,238718120.0,219446406.0,2597253120.0
GENK,"GEN Restaurant Group, Inc.",United States,NGM,USD,,5259566.0,4711572.0,79390904.0
GENM,Genter Capital Municipal Quality Intermediate ETF,,,,,,,
GENT,Genter Capital Taxable Quality Intermediate ETF,,PCX,USD,,,,
GENVR,Gen Digital Inc.,United States,NGM,USD,,,472379869.0,
GENW,Genter Capital International Dividend ETF,,PCX,USD,,,,
GEO,"The GEO Group, Inc.",United States,NYQ,USD,,139197249.0,131009584.0,2308429568.0
GEOA,WisdomTree GeoAlpha Opportunities Fund,,PCX,USD,,,,
GEOS,Geospace Technologies Corporation,United States,NMS,USD,,12887198.0,11706070.0,222690784.0
GERN,Geron Corporation,United States,NMS,USD,,638355275.0,536307801.0,874546688.0
GES,"Guess?, Inc.",Switzerland,NYQ,USD,,52151599.0,26134209.0,873020032.0
GETY,"Getty Images Holdings, Inc.",United States,NYQ,USD,,415860181.0,195038425.0,519825248.0
GEV,GE Vernova Inc.,United States,NYQ,USD,,271320459.0,270880920.0,180609695744.0
GEVG,Themes ETF Trust - Leverage Shares 2X Long GEV Daily ETF,,NGM,USD,,,,
GEVO,"Gevo, Inc.",United States,NCM,USD,,242308806.0,225378240.0,501579200.0
GEW,Cambria Global EW ETF,,NGM,USD,,,,
GF,"The New Germany Fund, Inc.",Germany,NYQ,USD,,16179780.0,,184125904.0
GFAIW,"Guardforce AI Co., Limited",Singapore,NCM,USD,,,20417588.0,
GFEB,FT Vest U.S. Equity Moderate Buffer ETF - February,,,,,,,
GFF,Griffon Corporation,United States,NYQ,USD,,46231089.0,42725386.0,3517971456.0
GFGF,Guru Favorite Stocks ETF,,NGM,USD,,,,
GFI,Gold Fields Limited,,,,,895024247.0,894173974.0,41902956544.0
GFL,GFL Environmental Inc.,Canada,NYQ,USD,,347948596.0,262738669.0,15556090880.0
GFLW,VictoryShares Free Cash Flow Growth ETF,,NGM,USD,,,,
GFR,Greenfire Resources Ltd.,Canada,NYQ,USD,,125404146.0,14293084.0,581875200.0
GFS,GlobalFoundries Inc.,United States,NMS,USD,,555681705.0,105246115.0,19898963968.0
GGAL,Grupo Financiero Galicia S.A.,Argentina,NCM,USD,,132503208.0,953263401.0,9045912576.0
GGB,Gerdau S.A.,Brazil,NYQ,USD,,1259296769.0,1279612302.0,7413153792.0
GGBXF,Green Growth Brands Inc.,,,,,206113317.0,178730738.0,2061.0
GGDCF,GALLOPER GOLD CORP,,,,,,,
GGDVF,Guangdong Investment Limited,,,,,6537821440.0,2720845149.0,5949862400.0
GGG,Graco Inc.,US,"NEW YORK STOCK EXCHANGE, INC.",USD,1980-03-17,165794118.0,164250575.0,13827229696.0
GGLL,Direxion Daily GOOGL Bull 2X Shares,,NGM,USD,,,,
GGLS,Direxion Daily GOOGL Bear 1X Shares,,NGM,USD,,,,
GGM,GGM Macro Alignment ETF,,PCX,USD,,,,
GGME,Invesco Next Gen Media and Gaming ETF,,,,,,,
GGN,"GAMCO Global Gold, Natural Resources & Income Trust",United States,ASE,USD,,156058582.0,,828671040.0
GGOV,iShares Global Government Bond USD Hedged Active ETF,,PCX,USD,,,,
GGR,Gogoro Inc.,Taiwan,NCM,USD,,14773463.0,9986382.0,51411652.0
GGROW,Gogoro Inc.,Taiwan,NCM,USD,,,9986382.0,
GGRW,Gabelli Growth Innovators ETF,,,,,,,
GGT,The Gabelli Multimedia Trust Inc.,United States,NYQ,USD,,35922489.0,,147282192.0
GGTL,Gabelli ETFs Trust - Gabelli Global Technology Leaders ETF,United States,PCX,USD,,,,
GGUS,Goldman Sachs MarketBeta Russell 1000 Growth Equity ETF,,,,,,,
GGZ,The Gabelli Global Small and Mid Cap Value Trust,United States,NYQ,USD,,7911753.0,,121169880.0
GH,"Guardant Health, Inc.",United States,NMS,USD,,129874421.0,121013310.0,13374469120.0
GHC,Graham Holdings Company,United States,NYQ,USD,,3398422.0,2382712.0,4841591296.0
GHG,GreenTree Hospitality Group Ltd.,China,NYQ,USD,,66761582.0,10109954.0,181762896.0
GHI,Greystone Housing Impact Investors LP,United States,NYQ,USD,,23582453.0,23057743.0,170029488.0
GHM,Graham Corporation,US,"NEW YORK STOCK EXCHANGE, INC.",USD,1980-03-17,10987954.0,10310217.0,785968320.0
GHRS,GH Research PLC,Ireland,NGM,USD,,62029395.0,23346624.0,781570432.0
GHY,"PGIM Global High Yield Fund, Inc",US,"NEW YORK STOCK EXCHANGE, INC.",USD,2012-12-19,40953530.0,,509871424.0
GHYB,Goldman Sachs Access High Yield Corporate Bond ETF,,PCX,USD,,,,
GHYG,iShares US & Intl High Yield Corp Bond ETF,,,,,,,
GIAX,Nicholas Global Equity and Income ETF,,PCX,USD,,,,
GIB,CGI Inc.,Canada,NYQ,USD,,192172017.0,175497598.0,20436774912.0
GIBO,GIBO Holdings Limited,Hong Kong,NCM,USD,,2652024.0,370925325.0,7942777.0
GIBOW,GIBO Holdings Limited,Hong Kong,NCM,USD,,,370925325.0,
GIC,Global Industrial Company,United States,NYQ,USD,,38493978.0,12993257.0,1158668672.0
GIFI,"Gulf Island Fabrication, Inc.",United States,NMS,USD,,15998611.0,14469944.0,191023408.0
GIFT,"Giftify, Inc.",United States,NCM,USD,,30963913.0,19177190.0,32512106.0
GIG,GigCapital7 Corp.,United States,NGM,USD,,20000000.0,13613667.0,350833312.0
GIGB,Goldman Sachs Access Investment Grade Corporate Bond ETF,,,,,,,
GIGGU,GigCapital7 Corp.,United States,NGM,USD,,,13613667.0,
GIGGW,GigCapital7 Corp.,United States,NGM,USD,,,13613667.0,
GIGL,Goldman Sachs Corporate Bond ETF,,PCX,USD,,,,
GIGM,GigaMedia Limited,TW,NASDAQ NMS - GLOBAL MARKET,USD,2000-02-17,11052235.0,6203930.0,16578352.0
GII,SPDR S&P Global Infrastructure ETF,,,,,,,
GIII,"G-III Apparel Group, Ltd.",,,,,42189287.0,36891578.0,1284194688.0
GIL,Gildan Activewear Inc.,Canada,NYQ,USD,,185164778.0,147234721.0,11767222272.0
GILD,"Gilead Sciences, Inc.",United States,NMS,USD,,1240679623.0,1238036975.0,154728611840.0
GILT,Gilat Satellite Networks Ltd.,Israel,NMS,USD,,64270719.0,57688132.0,809168384.0
GIND,Goldman Sachs India Equity ETF,,NGM,USD,,,,
GINN,Goldman Sachs Innovate Equity ETF,,PCX,USD,,,,
GINX,SGI Enhanced Global Income ETF,,NGM,USD,,,,
GIS,"General Mills, Inc.",US,"NEW YORK STOCK EXCHANGE, INC.",USD,1928-11-30,533582081.0,531330365.0,25105037312.0
GITH,"Global IT Holdings, Inc.",,,,,669307008.0,,669.0
GITS,"Global Interactive Technologies, Inc.",South Korea,NCM,USD,,3674208.0,2459809.0,2632570.0
GIW,GigCapital8 Corp.,,NGM,USD,,25657625.0,,468136224.0
GIWWR,GigCapital8 Corp.,,NGM,USD,,,,
GIWWU,GigCapital8 Corp.,,NGM,USD,,,,
GJH,"STRATS Trust for United States Cellular Corp. Securities, Series 2004-6 STRATS 6.375",,NYQ,USD,,,,
GJO,Strats Trust Wal Mart Stores Inc. STRT CTF 05-4,,NYQ,USD,,,,
GJP,"STRATS Trust For Dominion Resources Inc. Securities, Series 2005-6",,NYQ,USD,,,,
GJR,Strats Trust For Procter &amp; Gambel Security CTF 2006-1,,NYQ,USD,,,,
GJS,"STRATS Trust for Goldman Sachs Group Securities, Series 2006-2",,NYQ,USD,,,,
GJT,"Strats(SM) Trust For Allstate Corp Securities, Series 2006-3 06-3 ASSET BKD",,NYQ,USD,,,,
GK,AdvisorShares Gerber Kawasaki ETF,,PCX,USD,,,,
GKAT,Scharf Global Opportunity ETF,,NGM,USD,,,,
GKOS,Glaukos Corporation,United States,NYQ,USD,,57434740.0,55502558.0,6674490880.0
GL,Globe Life Inc.,United States,NYQ,USD,,79605800.0,78945868.0,11519513600.0
GLAD,Gladstone Capital Corporation,United States,NMS,USD,,22593069.0,,463609792.0
GLBE,Global-E Online Ltd.,Israel,NMS,USD,,169726072.0,106880711.0,6721152512.0
GLBS,Globus Maritime Limited,Greece,NCM,USD,,20582301.0,11246787.0,35195732.0
GLCR,GlacierShares Nasdaq Iceland ETF,,,,,,,
GLD,SPDR Gold Shares,,PCX,USD,,260300000.0,,108477415424.0
GLDB,Strategy Shares Gold-Hedged Bond ETF,,NGM,USD,,,,
GLDD,Great Lakes Dredge & Dock Corporation,US,NASDAQ NMS - GLOBAL MARKET,USD,2006-12-27,67999305.0,61449684.0,907110720.0
GLDFF,Gold Finder Resources Ltd.,,,,,65375201.0,53016932.0,4445514.0
GLDG,GoldMining Inc.,Canada,ASE,USD,,209778983.0,197245486.0,289494976.0
GLDI,UBS ETRACS Gold Shares Covered Call ETN,,NGM,USD,,,,
GLDM,SPDR Gold MiniShares,,PCX,USD,,,,
GLDY,Defiance Gold Enhanced Options Income ETF,,NGM,USD,,,,
GLFEP,,,,,,,,
GLGG,Leverage Shares 2X Long GLXY Daily ETF,,,,,,,
GLIBA,"GCI Liberty, Inc. - Series A GC",,,,,3930949.0,25701785.0,1111792128.0
GLIBK,"GCI Liberty, Inc.",United States,NMS,USD,,35743455.0,25701785.0,1440475008.0
GLIN,VanEck India Growth Leaders ETF,,PCX,USD,,,,
GLIX,Lazard Listed Infrastructure ETF,,PCX,USD,,,,
GLL,ProShares UltraShort Gold,,PCX,USD,,,,
GLMD,Galmed Pharmaceuticals Ltd.,IL,NASDAQ NMS - GLOBAL MARKET,USD,2014-03-13,5479231.0,5403563.0,4740083.0
GLNG,Golar LNG Limited,BM,NASDAQ NMS - GLOBAL MARKET,USD,2001-07-12,102388000.0,87379967.0,3792963328.0
GLNK,Grayscale Chainlink Trust ETF,,PCX,USD,,,,
GLO,Clough Global Opportunities Fund,United States,ASE,USD,,42766222.0,,243767472.0
GLOB,Globant S.A.,Luxembourg,NYQ,USD,,44053708.0,40190201.0,2972744448.0
GLOF,iShares Global Equity Factor ETF,,PCX,USD,,,,
GLOO,"Gloo Holdings, Inc.",US,NASDAQ NMS - GLOBAL MARKET,USD,2025-11-19,10130932.0,7529941.0,512463168.0
GLOW,VictoryShares WestEnd Global Equity ETF,,NGM,USD,,,,
GLP,Global Partners LP,United States,NYQ,USD,,33825839.0,27487215.0,1443505280.0
GLPEY,"Galp Energia, SGPS, S.A.",PT,NYSE EURONEXT - EURONEXT LISBON,EUR,2006-10-23,1359352584.0,341359611.0,12277128192.0
GLPG,Galapagos NV,,,,,65897071.0,44533539.0,2176580096.0
GLPI,"Gaming and Leisure Properties, Inc.",United States,NMS,USD,,283008342.0,270672008.0,12630663168.0
GLQ,Clough Global Equity Fund,United States,ASE,USD,,18738120.0,,144658304.0
GLRE,"Greenlight Capital Re, Ltd.",Cayman Islands,NMS,USD,,34099226.0,25758896.0,493479328.0
GLRY,Inspire Momentum ETF,,PCX,USD,,,,
GLSI,"Greenwich LifeSciences, Inc.",United States,NCM,USD,,13854539.0,6577165.0,286581120.0
GLTO,"Galecto, Inc.",Denmark,NCM,USD,,1595161.0,992821.0,54458796.0
GLTR,abrdn Physical Precious Metals Basket Shares ETF,,PCX,USD,,,,
GLU,The Gabelli Global Utility & Income Trust,United States,ASE,USD,,5984529.0,,119092128.0
GLUE,"Monte Rosa Therapeutics, Inc.",United States,NMS,USD,,65117761.0,28946147.0,1125886080.0
GLV,Clough Global Dividend and Income Fund,US,NYSE MKT LLC,USD,2004-07-28,12409683.0,,74334008.0
GLW,Corning Incorporated,United States,NYQ,USD,,857360396.0,786388102.0,76793765888.0
GLXG,Galaxy Payroll Group Limited,Hong Kong,NCM,USD,,1801500.0,545523.0,4236540.0
GLXY,Galaxy Digital,United States,NMS,USD,,192202053.0,187927479.0,9450815488.0
GM,General Motors Company,United States,NYQ,USD,,932861303.0,929988090.0,79079579648.0
GMAB,Genmab A/S,Denmark,NMS,USD,,615993070.0,60849374.0,20718204928.0
GMBXF,"Grupo México, S.A.B. de C.V.",,,,,7785000000.0,3125833200.0,76137299968.0
GME,GameStop Corp.,,,,,448009480.0,408856557.0,9448519680.0
GME.WS,,,,,,,,
GMED,"Globus Medical, Inc.",United States,NYQ,USD,,111409069.0,110480216.0,11940411392.0
GMET,VanEck Green Metals ETF,,PCX,USD,,,,
GMEY,Yieldmax Gme Option Income Strategy ETF,,PCX,USD,,,,
GMF,SPDR S&P Emerging Asia Pacific ETF,,PCX,USD,,,,
GMGI,"Golden Matrix Group, Inc.",United States,NCM,USD,,141237872.0,13824157.0,115815056.0
GMHS,Gamehaus Holdings Inc.,China,NCM,USD,,37971245.0,14625117.0,53569360.0
GMM,Global Mofy AI Limited,China,NCM,USD,,30044079.0,15484566.0,37313704.0
GMMA,Gammaroad Market Navigation ETF,,PCX,USD,,,,
GMMF,iShares Government Money Market ETF,,PCX,USD,,,,
GMNY,Goldman Sachs Dynamic New York Municipal Income ETF,,PCX,USD,,,,
GMOC,GMO ULTRA SHORT INCOME ETF,,PCX,USD,,,,
GMOD,GMO Dynamic Allocation ETF,,PCX,USD,,,,
GMOI,GMO International Value ETF,,PCX,USD,,,,
GMOV,GMO U.S. Value ETF,,PCX,USD,,,,
GMRE,Global Medical REIT Inc.,United States,NYQ,USD,,13407358.0,12590850.0,910881536.0
GMUB,Goldman Sachs Municipal Income ETF,,PCX,USD,,,,
GMUN,Goldman Sachs Access Municipal Bond ETF,,PCX,USD,,,,
GMVHY,Entain Plc,,,,,639602618.0,562703970.0,6469580288.0
GMVMF,GMV Minerals Inc.,,,,,122500346.0,93824025.0,24134104.0
GNE,Genie Energy Ltd.,United States,NYQ,USD,,24920628.0,20159216.0,370452576.0
GNGBF,Getinge AB (publ),SE,NASDAQ OMX NORDIC,SEK,1995-06-08,254152373.0,179802050.0,6160870400.0
GNK,Genco Shipping & Trading Limited,US,"NEW YORK STOCK EXCHANGE, INC.",USD,2005-07-22,43243165.0,35676044.0,812539072.0
GNL,"Global Net Lease, Inc.",United States,NYQ,USD,,219231945.0,217309253.0,1891488384.0
GNLN,"Greenlane Holdings, Inc.",United States,NCM,USD,,4829563.0,1490665.0,10190377.0
GNLX,Genelux Corporation,United States,NCM,USD,,38051771.0,29367586.0,166286240.0
GNMA,iShares GNMA Bond ETF,,NGM,USD,,,,
GNOM,Global X Genomics & Biotechnology ETF,,,,,,,
GNPG,"Green Planet Group, Inc.",,,,,499989996.0,,49999.0
GNR,SPDR S&P Global Natural Resources ETF,,PCX,USD,,,,
GNRC,Generac Holdings Inc.,US,"NEW YORK STOCK EXCHANGE, INC.",USD,2010-02-11,58684066.0,57518600.0,8248631808.0
GNS,Genius Group Limited,Singapore,ASE,USD,,84808823.0,48472840.0,55375348.0
GNSS,Genasys Inc.,United States,NCM,USD,,45193561.0,38374305.0,100329704.0
GNT,"GAMCO Natural Resources, Gold & Income Trust",United States,NYQ,USD,,16198039.0,,126182720.0
GNTA,Genenta Science S.p.A.,Italy,NCM,USD,,23432183.0,13372468.0,34210988.0
GNTLF,Genetic Technologies Limited,,,,,145417246.0,5839957.0,392350688.0
GNTOF,Gentor Resources Inc.,,,,,38906742.0,17641095.0,778134.0
GNTX,Gentex Corporation,United States,NMS,USD,,218942919.0,218089042.0,5151415296.0
GNVR,Genvor Incorporated,,,,,19623536.0,27047976.0,33360012.0
GNW,"Genworth Financial, Inc.",United States,NYQ,USD,,399380567.0,391077445.0,3751366144.0
GO,Grocery Outlet Holding Corp.,United States,NMS,USD,,98137230.0,93844708.0,1007869440.0
GOAU,U.S. Global GO GOLD and Precious Metal Miners ETF,,PCX,USD,,,,
GOCH,"MMI-GOC, LLC",,,,,23583400.0,,23.0
GOCO,"GoHealth, Inc.",United States,NCM,USD,,16093116.0,9524389.0,67190760.0
GOEX,Global X Gold Explorers ETF,,,,,,,
GOF,Guggenheim Strategic Opportunities Fund,United States,NYQ,USD,,199267847.0,,2512767488.0
GOGO,Gogo Inc.,United States,NMS,USD,,133854342.0,104110569.0,617068544.0
GOLD,"Gold.com, Inc.",United States,NYQ,USD,,24644386.0,18273073.0,852449408.0
GOLF,Acushnet Holdings Corp.,United States,NYQ,USD,,58661329.0,27508057.0,4870649856.0
GOLXF,Golden Lake Exploration Inc.,,,,,99863847.0,94569066.0,5112568.0
GOMRF,Geomega Resources Inc.,,,,,160748007.0,144851338.0,44010484.0
GOOD,Gladstone Commercial Corporation,US,NASDAQ NMS - GLOBAL MARKET,USD,2003-08-13,48401155.0,47800981.0,514152000.0
GOODN,Gladstone Commercial Corporation,US,NASDAQ NMS - GLOBAL MARKET,USD,2003-08-13,,47800981.0,509.0
GOODO,Gladstone Commercial Corporation,US,NASDAQ NMS - GLOBAL MARKET,USD,2003-08-13,,,509.0
GOOG,Alphabet Inc.,,,,,5407000000.0,10798516960.0,3802144702464.0
GOOGL,Alphabet Inc.,United States,NMS,USD,,5818000000.0,10798516960.0,3797271445504.0
GOOP,Kurv Yield Premium Strategy Google ETF,,,,,,,
GOOS,Canada Goose Holdings Inc.,Canada,NYQ,USD,,46066744.0,45837812.0,1249302016.0
GOOY,YieldMax GOOGL Option Income Strategy ETF,,PCX,USD,,,,
GORO,Gold Resource Corporation,United States,ASE,USD,,161765685.0,161613625.0,154130336.0
GOSS,"Gossamer Bio, Inc.",United States,NMS,USD,,231456247.0,188139210.0,747603648.0
GOTU,Gaotu Techedu Inc.,China,NYQ,USD,,132094036.0,77932494.0,569963712.0
GOU,GraniteShares 2x Long GOOGL Daily ETF,,NGM,USD,,,,
GOVB,"Gouverneur Bancorp, Inc.",,,,,1050546.0,695960.0,18041834.0
GOVI,Invesco Equal Weight 0-30 Years Treasury ETF,,,,,,,
GPACU,General Purpose Acquisition Corp.,,NGM,USD,,,,
GPAGF,"Gruma, S.A.B. de C.V.",,,,,348882998.0,156407737.0,6487479296.0
GPAT,GP-Act III Acquisition Corp.,United States,NGM,USD,,28750000.0,28750000.0,383812512.0
GPATU,GP-Act III Acquisition Corp.,United States,NGM,USD,,,28750000.0,
GPATW,GP-Act III Acquisition Corp.,United States,NGM,USD,,,28750000.0,
GPC,Genuine Parts Company,United States,NYQ,USD,,139110500.0,138513716.0,17514012672.0
GPCR,Structure Therapeutics Inc.,United States,NGM,USD,,70639178.0,137514949.0,4827481088.0
GPI,"Group 1 Automotive, Inc.",United States,NYQ,USD,,12057076.0,12095141.0,5147734016.0
GPIQ,Goldman Sachs Nasdaq-100 Premium Income ETF,,,,,,,
GPIX,Goldman Sachs S&P 500 Premium Income ETF,,NGM,USD,,,,
GPJA,Georgia Power Company 5% JR SUB NT 77,,NYQ,USD,,9261500.0,,211717888.0
GPK,Graphic Packaging Holding Company,United States,NYQ,USD,,295123112.0,290533948.0,4500017664.0
GPMT,Granite Point Mortgage Trust Inc.,United States,NYQ,USD,,47405734.0,45043980.0,115670000.0
GPMXY,,,,,,,,
GPN,Global Payments Inc.,US,"NEW YORK STOCK EXCHANGE, INC.",USD,2001-01-12,236743716.0,234702985.0,19493480448.0
GPOR,Gulfport Energy Corporation,United States,NYQ,USD,,19316819.0,15753639.0,4060008960.0
GPRE,Green Plains Inc.,United States,NMS,USD,,69835042.0,67610796.0,689970176.0
GPRF,Goldman Sachs Access U.S. Preferred Stock and Hybrid Securities ETF,,NGM,USD,,,,
GPRK,GeoPark Limited,CO,"NEW YORK STOCK EXCHANGE, INC.",USD,2006-05-16,51663988.0,20457389.0,375597184.0
GPRO,"GoPro, Inc.",United States,NMS,USD,,133469729.0,118218091.0,253967952.0
GPT,Intelligent Alpha Atlas ETF,,,,,,,
GPTY,YieldMax AI & Tech Portfolio Option Income ETF,,PCX,USD,,,,
GPUS,"Hyperscale Data, Inc.",United States,ASE,USD,,323323914.0,322779393.0,76514384.0
GPZ,VanEck Alternative Asset Manager ETF,,,,,,,
GQGU,GQG US Equity ETF,,PCX,USD,,,,
GQI,Natixis Gateway Quality Income ETF,,PCX,USD,,,,
GQQQ,Astoria US Quality Growth Kings ETF,,NGM,USD,,,,
GQRE,FlexShares Global Quality Real Estate Index Fund,,,,,,,
GRAB,Grab Holdings Limited,Singapore,NMS,USD,,3965000000.0,2681358090.0,21048051712.0
GRABW,Grab Holdings Limited,Singapore,NMS,USD,,,2681358090.0,
GRAF,Graf Global Corp.,United States,ASE,USD,,23000000.0,16875388.0,308197120.0
GRAF.U,Graf Global Corp,US,NYSE MKT LLC,USD,2024-06-26,,,246.0
GRAG,Leverage Shares 2X Long GRAB Daily ETF,,NGM,USD,,,,
GRAL,"GRAIL, Inc.",United States,NMS,USD,,38982223.0,32893590.0,3570381824.0
GRAN,Grande Group Limited,Hong Kong,NCM,USD,,19906250.0,4712263.0,114568744.0
GRBK,"Green Brick Partners, Inc.",United States,NYQ,USD,,43565098.0,30511252.0,2779889152.0
GRBK.PRA,Green Brick Partners Inc,US,"NEW YORK STOCK EXCHANGE, INC.",USD,2007-06-19,,,2779.0
GRC,The Gorman-Rupp Company,United States,NYQ,USD,,26312842.0,20765569.0,1298538752.0
GRCE,"Grace Therapeutics, Inc.",United States,NCM,USD,,15474026.0,8535629.0,52611692.0
GRDN,"Guardian Pharmacy Services, Inc.",US,"NEW YORK STOCK EXCHANGE, INC.",USD,2024-09-26,36253744.0,23131028.0,1946492416.0
GRDX,GridAI Technologies Corp.,United Kingdom,NCM,USD,,3361903.0,,10018471.0
GREE,Greenidge Generation Holdings Inc.,United States,NMS,USD,,13065603.0,11160885.0,24330454.0
GREEL,Greenidge Generation Holdings Inc. 8.50% Senior Notes due 2026,,NMS,USD,,,,
GREK,Global X MSCI Greece ETF,,PCX,USD,,,,
GRF,"Eagle Capital Growth Fund, Inc.",United States,ASE,USD,,3967836.0,,42098748.0
GRFS,"Grifols, S.A.",Spain,NMS,USD,,258223736.0,535070698.0,7507888640.0
GRI,"GRI Bio, Inc.",,,,,5872058.0,2950288.0,1620688.0
GRID,First Trust NASDAQ Clean Edge Smart Grid Infrastructure Index Fund,,NGM,USD,,,,
GRIN,VictoryShares International Free Cash Flow Growth ETF,,NGM,USD,,,,
GRMN,Garmin Ltd.,Switzerland,NYQ,USD,,192334806.0,163467275.0,39559430144.0
GRMZF,"grems,Inc.",,,,,23102007.0,7982667.0,261052688.0
GRN,iPath Series B Carbon ETN,,PCX,USD,,,,
GRNB,VanEck Green Bond ETF,,PCX,USD,,,,
GRNBF,GreenBank Capital Inc.,,,,,141799571.0,123677105.0,141799.0
GRND,Grindr Inc.,United States,NYQ,USD,,184734121.0,31083363.0,2589778432.0
GRNI,Fundstrat Granny Shots US Large Cap & Income ETF,,PCX,USD,,,,
GRNJ,Fundstrat Granny Shots US Small- & Mid-Cap ETF,,PCX,USD,,,,
GRNQ,Greenpro Capital Corp.,Malaysia,NCM,USD,,9325813.0,5235804.0,15574107.0
GRNT,"Granite Ridge Resources, Inc.",United States,NYQ,USD,,131251278.0,63624057.0,610318464.0
GRNY,Fundstrat Granny Shots US Large Cap ETF,,PCX,USD,,,,
GRO,Brazil Potash Corp.,CA,NYSE MKT LLC,USD,2024-11-27,53367089.0,39984305.0,106734176.0
GROO,Groovy Company Inc,,,,,7384006.0,7244005.0,37658.0
GROV,"Grove Collaborative Holdings, Inc.",United States,NYQ,USD,,41387655.0,26173967.0,48837432.0
GROW,"U.S. Global Investors, Inc.",United States,NCM,USD,,10719865.0,10049136.0,32015330.0
GROY,Gold Royalty Corp.,,,,,223375625.0,127931269.0,940411392.0
GROZ,Zacks Focus Growth ETF,,,,,,,
GRPM,Invesco S&P MidCap 400 GARP ETF,,PCX,USD,,,,
GRPN,"Groupon, Inc.",United States,NMS,USD,,40754803.0,26389550.0,736031744.0
GRPZ,Invesco S&P Smallcap 600 GARP ETF,,PCX,USD,,,,
GRRR,Gorilla Technology Group Inc.,GB,NASDAQ NMS - GLOBAL MARKET,USD,2021-05-10,22669015.0,21580402.0,255253120.0
GRRRW,Gorilla Technology Group Inc.,,,,,,21580402.0,
GRSFF,Greencastle Resources Ltd.,,,,,36210671.0,29028284.0,12288549.0
GRVY,"Gravity Co., Ltd.",South Korea,NGM,USD,,6948900.0,2827160.0,400951520.0
GRW,TCW Durable Growth ETF,,NGM,USD,,,,
GRWG,GrowGeneration Corp.,United States,NCM,USD,,59843443.0,51652671.0,96347944.0
GRX,The Gabelli Healthcare & Wellness Trust,United States,NYQ,USD,,15447824.0,,149556416.0
GS,"The Goldman Sachs Group, Inc.",United States,NYQ,USD,,299928511.0,311916185.0,274580127744.0
GSAT,"Globalstar, Inc.",United States,NMS,USD,,126838414.0,49790419.0,7976867840.0
GSBC,"Great Southern Bancorp, Inc.",United States,NMS,USD,,11189262.0,8192890.0,709380928.0
GSBD,"Goldman Sachs BDC, Inc.",United States,NYQ,USD,,114113096.0,,1098909184.0
GSC,Goldman Sachs Small Cap Equity ETF,,PCX,USD,,,,
GSDT,GSDT Fintech Group Inc.,,,,,1506194845.0,,75460360.0
GSEU,Goldman Sachs ActiveBeta Europe Equity ETF,,PCX,USD,,,,
GSG,iShares S&P GSCI Commodity-Indexed Trust,,PCX,USD,,62550000.0,,1452411008.0
GSGO,Goldman Sachs ETF Trust - Goldman Sachs Growth Opportunities ETF,,,,,,,
GSHD,"Goosehead Insurance, Inc",US,NASDAQ NMS - GLOBAL MARKET,USD,2018-04-27,24908881.0,22922647.0,2828497920.0
GSHR,Gesher Acquisition Corp. II,United States,NGM,USD,,14940625.0,11215192.0,209718016.0
GSHRU,Gesher Acquisition Corp. II,United States,NGM,USD,,,11215192.0,
GSHRW,,United States,NGM,USD,,,11215192.0,
GSIB,Themes Global Systemically Important Banks ETF,,NGM,USD,,,,
GSIE,Goldman Sachs ActiveBeta International Equity ETF,,PCX,USD,,,,
GSIG,Goldman Sachs Access Investment Grade Corporate 1-5 Year Bond ETF,,PCX,USD,,,,
GSIT,"GSI Technology, Inc.",,,,,35241703.0,29840207.0,269599040.0
GSJY,Goldman Sachs ActiveBeta Japan Equity ETF,,,,,,,
GSK,GSK plc,United Kingdom,NYQ,USD,,2017062769.0,3900469320.0,99330351104.0
GSKH,Precidian ETFs Trust - GSK plc ADRhedged,,PCX,USD,,,,
GSL,"Global Ship Lease, Inc.",Greece,NYQ,USD,,35770652.0,32513734.0,1238737664.0
GSLC,Goldman Sachs ActiveBeta U.S. Large Cap Equity ETF,,PCX,USD,,,,
GSM,Ferroglobe PLC,United Kingdom,NCM,USD,,186625871.0,104088228.0,886817600.0
GSNR,Grayscale Near Trust,,,,,,,
GSOL,Grayscale Solana Trust ETF,,PCX,USD,,,,
GSPY,Gotham Enhanced 500 ETF,,PCX,USD,,,,
GSRF,GSR IV Acquisition Corp.,United States,NGM,USD,,23655500.0,23655549.0,293466880.0
GSRFR,GSR IV Acquisition Corp.,,,,,,23655549.0,
GSRFU,GSR IV Acquisition Corp.,US,NASDAQ NMS - GLOBAL MARKET,USD,2025-09-04,26360500.0,23655549.0,272831200.0
GSSC,Goldman Sachs ActiveBeta U.S. Small Cap Equity ETF,,PCX,USD,,,,
GSUN,Golden Sun Health Technology Group Limited,China,NCM,USD,,8495971.0,1342030.0,10322806.0
GSX,Tradr 2X Long GS Daily ETF,,,,,,,
GSY,Invesco Ultra Short Duration ETF,,PCX,USD,,,,
GT,The Goodyear Tire & Rubber Company,United States,NMS,USD,,286160909.0,273684293.0,2498184448.0
GTE,Gran Tierra Energy Inc.,Canada,ASE,USD,,35295753.0,23773807.0,146477376.0
GTEC,Greenland Technologies Holding Corporation,,,,,17394226.0,4969182.0,12160305.0
GTEH,"GenTech Holdings, Inc.",,,,,6098893.0,77113.0,1830.0
GTEK,Goldman Sachs Future Tech Leaders Equity ETF,,PCX,USD,,,,
GTEN,"Gores Holdings X, Inc.",,NGM,USD,,36105000.0,,462018752.0
GTENU,"Gores Holdings X, Inc.",,NGM,USD,,,,
GTENW,"Gores Holdings X, Inc.",,NGM,USD,,,,
GTERA,Globa Terra Acquisition Corporation,Mexico,NGM,USD,,17499550.0,,286607136.0
GTERR,Globa Terra Acquisition Corporation,Mexico,NGM,USD,,,,
GTERU,Globa Terra Acquisition Corporation,Mexico,NGM,USD,,,,
GTERW,Globa Terra Acquisition Corporation,,,,,,,
GTES,Gates Industrial Corporation plc,United States,NYQ,USD,,258280391.0,253272334.0,5674419712.0
GTII,"Global Tech Industries Group, Inc.",,,,,339662569.0,286991279.0,9284512.0
GTIJF,Graphjet Technology,,,,,3845062.0,1097650.0,3441331.0
GTIM,Good Times Restaurants Inc.,United States,NCM,USD,,10549508.0,8416292.0,12284872.0
GTLB,GitLab Inc.,United States,NMS,USD,,149800000.0,144243020.0,6372256256.0
GTLS,"Chart Industries, Inc.",United States,NYQ,USD,,44952953.0,44689529.0,9253565440.0
GTM,ZoomInfo Technologies Inc.,US,NASDAQ NMS - GLOBAL MARKET,USD,2020-06-04,311592534.0,264165034.0,3224543488.0
GTN,"Gray Media, Inc.",United States,NYQ,USD,,92500245.0,82245203.0,551892608.0
GTN.A,Gray Media Inc,US,"NEW YORK STOCK EXCHANGE, INC.",USD,1996-09-24,,,554.0
GTO,Invesco Total Return Bond ETF,,PCX,USD,,,,
GTOP,Goldman Sachs ETF Trust - Goldman Sachs Technology Opportunities ETF,,NGM,USD,,,,
GTOS,Invesco Actively Managed Exchange-Traded Fund Trust - Invesco Short Duration Total Return Bond ETF,,,,,,,
GTPE,Goldman Sachs MSCI World Private Equity Return Tracker ETF,,NGM,USD,,,,
GTR,WisdomTree Target Range Fund,,NGM,USD,,,,
GTTCW,,,,,,,50843020.0,
GTX,Garrett Motion Inc.,Switzerland,NMS,USD,,194482518.0,163917645.0,3513460224.0
GTY,Getty Realty Corp.,United States,NYQ,USD,,57743337.0,55982743.0,1592561152.0
GUESF,GuestLogix Inc.,,,,,134871732.0,,13487.0
GUG,Guggenheim Active Allocation Fund,United States,NYQ,USD,,32980083.0,,510531680.0
GUMI,Goldman Sachs Ultra Short Municipal Income ETF,,,,,,,
GUNR,FlexShares Morningstar Global Upstream Natural Resources Index Fund,,PCX,USD,,,,
GUOSF,"Guotai Haitong Securities Co., Ltd.",,,,,3505759848.0,8560613753.0,48693596160.0
GURE,"Gulf Resources, Inc.",China,NCM,USD,,1353531.0,967715.0,5008065.0
GURU,Global X Guru Index ETF,,PCX,USD,,,,
GUSA,Goldman Sachs MarketBeta U.S. 1000 Equity ETF,,PCX,USD,,,,
GUSE,Goldman Sachs ETF Trust - Goldman Sachs Enhanced U.S. Equity ETF,,NGM,USD,,,,
GUSH,Direxion Daily S&P Oil & Gas Exp. & Prod. Bull 2X Shares,,PCX,USD,,,,
GUT,The Gabelli Utility Trust,United States,NYQ,USD,,88701986.0,,536647008.0
GUT.PRC,Gabelli Utility Trust,US,"NEW YORK STOCK EXCHANGE, INC.",USD,1999-06-29,,,536.0
GUTS,"Fractyl Health, Inc.",United States,NGM,USD,,137044440.0,111328051.0,311090880.0
GVA,Granite Construction Incorporated,United States,NYQ,USD,,43649806.0,43302790.0,5226315776.0
GVAL,Cambria Global Value ETF,,,,,,,
GVH,Globavend Holdings Limited,AU,NASDAQ NMS - GLOBAL MARKET,USD,2023-11-08,1526113.0,72188.0,3967893.0
GVI,iShares Intermediate Government/Credit Bond ETF,,,,,,,
GVIP,Goldman Sachs Hedge Industry VIP ETF,,PCX,USD,,,,
GVLE,Goldman Sachs Value Opportunities ETF,,NGM,USD,,,,
GVLU,Gotham 1000 Value ETF,,PCX,USD,,,,
GVUS,Goldman Sachs MarketBeta Russell 1000 Value Equity ETF,,PCX,USD,,,,
GWAV,"Greenwave Technology Solutions, Inc.",US,NASDAQ NMS - GLOBAL MARKET,USD,2015-03-03,829631.0,757486.0,4836748.0
GWH,"ESS Tech, Inc.",United States,NYQ,USD,,19617070.0,14495053.0,36487752.0
GWRE,"Guidewire Software, Inc.",United States,NYQ,USD,,85019176.0,80197739.0,17468041216.0
GWRS,"Global Water Resources, Inc.",United States,NGM,USD,,28750265.0,13624751.0,246102272.0
GWW,"W.W. Grainger, Inc.",United States,NYQ,USD,,47549337.0,43558521.0,48993611776.0
GWWTF,Growthpoint Properties Limited,,,,,3378031124.0,3325468960.0,3687083776.0
GWX,SPDR S&P International Small Cap ETF,,PCX,USD,,,,
GXAI,Gaxos.ai Inc.,United States,NCM,USD,,7123453.0,6537407.0,7550860.0
GXC,SPDR S&P China ETF,,,,,,,
GXDW,Global X Dorsey Wright Thematic ETF,,,,,,,
GXIG,Global X Investment Grade Corporate Bond ETF,,PCX,USD,,,,
GXLC,Global X U.S. 500 ETF,,PCX,USD,,,,
GXO,"GXO Logistics, Inc.",United States,NYQ,USD,,114493292.0,113288443.0,6160884224.0
GXPC,Global X Purecap MSCI Communication Services ETF,,PCX,USD,,,,
GXPD,Global X Purecap MSCI Consumer Discretionary ETF,,PCX,USD,,,,
GXPE,Global X Purecap MSCI Energy ETF,,PCX,USD,,,,
GXPS,Global X Purecap MSCI Consumer Staples ETF,,PCX,USD,,,,
GXPT,Global X PureCap MSCI Information Technology ETF,,,,,,,
GXRP,Grayscale XRP Trust ETF,,PCX,USD,,,,
GXUS,Goldman Sachs MarketBeta(R) Total International Equity ETF,,PCX,USD,,,,
GXYEF,Galaxy Entertainment Group Limited,,,,,4379240712.0,2593787481.0,23166185472.0
GYLD,Arrow Dow Jones Global Yield ETF,,NYQ,USD,,,,
GYRE,"Gyre Therapeutics, Inc.",United States,NCM,USD,,96333157.0,20523048.0,699378752.0
GYRO,"Gyrodyne, LLC",United States,NCM,USD,,2199308.0,668185.0,20628638.0
H,Hyatt Hotels Corporation,United States,NYQ,USD,,41819241.0,40337312.0,15820908544.0
HACK,Amplify Cybersecurity ETF,,PCX,USD,,,,
HAE,Haemonetics Corporation,United States,NYQ,USD,,46809672.0,46219870.0,3867670016.0
HAFC,Hanmi Financial Corporation,United States,NMS,USD,,29955307.0,29097129.0,835997312.0
HAFG,"Holistic Asset Finance Group Co., Ltd.",,,,,74228185.0,10262047.0,40825504.0
HAFN,Hafnia Limited,Singapore,NYQ,USD,,497989642.0,9232413.0,2692179200.0
HAIL,State Street SPDR S&P Kensho Smart Mobility ETF,,PCX,USD,,,,
HAIN,"The Hain Celestial Group, Inc.",United States,NMS,USD,,90567218.0,88547569.0,105057968.0
HAL,Halliburton Company,United States,NYQ,USD,,841626610.0,836955582.0,23838754816.0
HALL,"Hallmark Financial Services, Inc.",,,,,1818482.0,1188542.0,110927.0
HALO,"Halozyme Therapeutics, Inc.",United States,NMS,USD,,117597000.0,116203476.0,8098905600.0
HAO,Haoxi Health Technology Limited,,,,,13753028.0,2488233.0,14877143.0
HAP,VanEck Natural Resources ETF,,PCX,USD,,,,
HAPI,Harbor Human Capital Factor US Large Cap ETF,,PCX,USD,,,,
HAPS,Harbor Human Capital Factor US Small Cap ETF,,PCX,USD,,,,
HARD,Simplify Commodities Strategy No K-1 ETF,,PCX,USD,,,,
HAS,"Hasbro, Inc.",US,NASDAQ NMS - GLOBAL MARKET,USD,1968-10-10,140337023.0,139610077.0,11586224128.0
HASI,"HA Sustainable Infrastructure Capital, Inc.",United States,NYQ,USD,,126079192.0,123952236.0,4146744576.0
HAUZ,Xtrackers International Real Estate ETF,,,,,,,
HAVA,Harvard Ave Acquisition Corporation,South Korea,NGM,USD,,15859856.0,15627289.0,205069488.0
HAVAR,Harvard Ave Acquisition Corporation,South Korea,NGM,USD,,,15627289.0,
HAVAU,Harvard Ave Acquisition Corporation,South Korea,NGM,USD,,18339964.0,15627289.0,184325808.0
HAVLF,HAVN Life Sciences Inc.,,,,,14738611.0,14222023.0,28003.0
HAWX,iShares Currency Hedged MSCI ACWI ex U.S. ETF,,PCX,USD,,,,
HAYW,"Hayward Holdings, Inc.",United States,NYQ,USD,,216863239.0,211966467.0,3456799744.0
HBAN,Huntington Bancshares Incorporated,United States,NMS,USD,,1574803152.0,1449510682.0,27937007616.0
HBANL,Huntington Bancshares Incorporated,,,,,,1449510682.0,
HBANM,Huntington Bancshares Incorporated,United States,NMS,USD,,,1449510682.0,
HBANP,Huntington Bancshares Incorporated,,,,,,1449510682.0,
HBB,Hamilton Beach Brands Holding Company,United States,NYQ,USD,,9855732.0,6114080.0,218450816.0
HBCP,"Home Bancorp, Inc.",,,,,7828144.0,6728603.0,464835200.0
HBDC,Hilton Bdc Corporate Bond ETF,,NGM,USD,,,,
HBFGF,Happy Belly Food Group Inc.,,,,,130764266.0,123424468.0,218376320.0
HBGRY,Heidelberger Druckmaschinen Aktiengesellschaft,,,,,608672668.0,255374705.0,720305472.0
HBIE,Hai Jia International Limited Company,,,,,1238660350.0,,371598.0
HBM,Hudbay Minerals Inc.,Canada,NYQ,USD,,396148639.0,352611904.0,8010125312.0
HBNB,Hotel101 Global Holdings Corp.,Singapore,NCM,USD,,234152398.0,,1694490624.0
HBNC,"Horizon Bancorp, Inc.",United States,NMS,USD,,51217433.0,50093210.0,894579456.0
HBR,Canary HBAR ETF,,NGM,USD,,,,
HBT,"HBT Financial, Inc.",US,NASDAQ NMS - GLOBAL MARKET,USD,2019-10-11,31431924.0,11393129.0,818487360.0
HBTA,Horizon Expedition Plus ETF,,,,,,,
HBTPF,BetaPro Crude Oil Inverse Leveraged Daily Bear ETF,,,,,,,
HCA,"HCA Healthcare, Inc.",United States,NYQ,USD,,228193900.0,156422355.0,111645319168.0
HCACU,Hall Chadwick Acquisition Corp.,,NGM,USD,,25424639.0,,254754912.0
HCAT,"Health Catalyst, Inc.",United States,NMS,USD,,70730884.0,59894913.0,171168736.0
HCC,"Warrior Met Coal, Inc.",United States,NYQ,USD,,52570156.0,51488262.0,4688732160.0
HCHL,Happy City Holdings Limited,Hong Kong,NCM,USD,,7212000.0,1212085.0,75311040.0
HCI,"HCI Group, Inc.",United States,NYQ,USD,,12960037.0,5193074.0,2489104640.0
HCKT,"The Hackett Group, Inc.",United States,NMS,USD,,25099082.0,24260646.0,541802368.0
HCM,HUTCHMED (China) Limited,Hong Kong,NMS,USD,,171871878.0,509024247.0,2412030464.0
HCMA,HCM III Acquisition Corp.,United States,NGM,USD,,25300000.0,,339694656.0
HCMAU,HCM III Acquisition Corp.,,,,,,,
HCMAW,HCM III Acquisition Corp.,,,,,,,
HCMT,Direxion HCM Tactical Enhanced U.S. Equity Strategy ETF,,PCX,USD,,,,
HCOW,Amplify COWS Covered Call ETF,,NGM,USD,,,,
HCSG,"Healthcare Services Group, Inc.",United States,NMS,USD,,70455509.0,69610043.0,1421461760.0
HCTI,"Healthcare Triangle, Inc.",United States,NCM,USD,,7261344.0,7249508.0,8350546.0
HCWB,HCW Biologics Inc.,US,NASDAQ NMS - GLOBAL MARKET,USD,2021-07-20,2701607.0,1845360.0,3836281.0
HCWC,Healthy Choice Wellness Corp.,United States,ASE,USD,,18165750.0,11473623.0,5451541.0
HCXY,"Hercules Capital, Inc.",US,"NEW YORK STOCK EXCHANGE, INC.",USD,2005-06-09,93792600.0,,1336655872.0
HD,"The Home Depot, Inc.",United States,NYQ,USD,,995511485.0,993908712.0,348210003968.0
HDANS,,,,,,,,
HDB,HDFC Bank Limited,India,NYQ,USD,,5128179269.0,15296322599.0,186973405184.0
HDEF,Xtrackers MSCI EAFE High Dividend Yield Equity ETF,,PCX,USD,,,,
HDG,ProShares Hedge Replication ETF,,PCX,USD,,,,
HDGE,AdvisorShares Ranger Equity Bear ETF,,PCX,USD,,,,
HDL,Super Hi International Holding Ltd.,Singapore,NGM,USD,,58836600.0,325557063.0,959036544.0
HDLB,ETRACS Monthly Pay 2xLeveraged US High Dividend Low Volatility ETN,,PCX,USD,,,,
HDMV,First Trust Horizon Managed Volatility Developed International ETF,,PCX,USD,,,,
HDSN,"Hudson Technologies, Inc.",United States,NCM,USD,,43003185.0,38572201.0,305187392.0
HDUS,Hartford Disciplined US Equity ETF,,PCX,USD,,,,
HDV,iShares Core High Dividend ETF,,PCX,USD,,,,
HDVTY,Henderson Investment Limited,,,,,609465479.0,936443708.0,256490880.0
HE,"Hawaiian Electric Industries, Inc.",United States,NYQ,USD,,172620476.0,161520979.0,2092160256.0
HEAL,Global X HealthTech ETF,,,,,,,
HECA,Hedgeye Capital Allocation ETF,,PCX,USD,,,,
HECO,SPDR Galaxy Hedged Digital Asset Ecosystem ETF,,NGM,USD,,,,
HEDG,Equable Shares Hedged Equity ETF,,,,,,,
HEDJ,WisdomTree Europe Hedged Equity Fund,,PCX,USD,,,,
HEFT,Hedgeye Fourth Turning ETF,,PCX,USD,,,,
HEI,HEICO Corporation,United States,NYQ,USD,,55142805.0,122249151.0,46662148096.0
HEI.A,HEICO Corp,US,"NEW YORK STOCK EXCHANGE, INC.",USD,1980-03-17,,,40333.0
HEJD,VictoryShares Hedged Equity Income ETF,,NGM,USD,,,,
HELE,Helen of Troy Limited,United States,NMS,USD,,23028819.0,22410265.0,486829248.0
HELFY,HelloFresh SE,,,,,630130572.0,126897178.0,1056748416.0
HELO,Jpmorgan Hedged Equity Laddered Overlay ETF,,PCX,USD,,,,
HELS,ETF Opportunities Trust - Hedgeye 130/30 Equity ETF,,,,,,,
HEMP,"Hemp, Inc",,,,,23740499089.0,,1187025.0
HEPS,D-Market Elektronik Hizmetler ve Ticaret A.S.,TR,NASDAQ NMS - GLOBAL MARKET,TRY,2021-07-01,285998290.0,187828043.0,821515712.0
HEQ,John Hancock Diversified Income Fund,United States,NYQ,USD,,12093752.0,,130370640.0
HEQQ,JPMorgan Nasdaq Hedged Equity Laddered Overlay ETF,,NGM,USD,,,,
HEQT,Simplify Hedged Equity ETF,,PCX,USD,,,,
HERD,Pacer Cash Cows Fund of Funds ETF,,,,,,,
HERE,Here Group Limited,China,NGM,USD,,37764932.0,57686685.0,292045376.0
HERO,Global X Video Games & Esports ETF,,NGM,USD,,,,
HERZ,"Herzfeld Credit Income Fund, Inc.",,NCM,USD,,16063219.0,,43531328.0
HESM,Hess Midstream LP,US,"NEW YORK STOCK EXCHANGE, INC.",USD,2017-04-05,129392378.0,128729889.0,7224093184.0
HESV,Home Energy Savings Corp.,,,,,16678000.0,,16.0
HEWJ,iShares Currency Hedged MSCI Japan ETF,,PCX,USD,,,,
HEZU,iShares Currency Hedged MSCI Eurozone ETF,,PCX,USD,,,,
HF,DGA Core Plus Absolute Return ETF,,NYQ,USD,,,,
HFBL,"Home Federal Bancorp, Inc. of Louisiana",United States,NCM,USD,,3088261.0,1672598.0,51234252.0
HFEQ,Unlimited HFEQ Equity Long/Short ETF,,PCX,USD,,,,
HFFG,HF Foods Group Inc.,United States,NCM,USD,,53043832.0,40131372.0,119348624.0
HFGM,Unlimited HFGM Global Macro ETF,,NYQ,USD,,,,
HFMF,Unlimited HFMF Managed Futures ETF,,PCX,USD,,,,
HFND,Unlimited HFND Multi-Strategy Return Tracker ETF,,NYQ,USD,,,,
HFRO,Highland Funds I - Highland Opportunities and Income Fund,United States,NYQ,USD,,55350790.0,,332104768.0
HFSP,TradersAI Large Cap Equity & Cash ETF,,NGM,USD,,,,
HFWA,Heritage Financial Corporation,United States,NMS,USD,,33956738.0,33332613.0,830242304.0
HFXI,NYLI FTSE International Equity Currency Neutral ETF,,PCX,USD,,,,
HG,"Hamilton Insurance Group, Ltd.",Bermuda,NYQ,USD,,64537772.0,46303676.0,2801951232.0
HGBL,Heritage Global Inc.,United States,NCM,USD,,34741553.0,28232028.0,43774356.0
HGER,Harbor Commodity All-Weather Strategy ETF,,NYQ,USD,,,,
HGKGY,Power Assets Holdings Limited,,,,,2131105154.0,1363374522.0,15258712064.0
HGLB,Highland Global Allocation Fund,United States,NYQ,USD,,23380083.0,,214161568.0
HGRO,Hedgeye Quality Growth ETF,,PCX,USD,,,,
HGTY,"Hagerty, Inc.",United States,NYQ,USD,,100511893.0,46133954.0,4744416768.0
HGV,Hilton Grand Vacations Inc.,United States,NYQ,USD,,85543093.0,48101737.0,3984611328.0
HHH,Howard Hughes Holdings Inc.,United States,NYQ,USD,,59390960.0,30368841.0,4686574592.0
HHS,"Harte Hanks, Inc.",United States,NGM,USD,,7414794.0,2446660.0,24617116.0
HI,"Hillenbrand, Inc.",United States,NYQ,USD,,70506819.0,69867322.0,2232245760.0
HIBL,Direxion Daily S&P 500 High Beta Bull 3X Shares,,PCX,USD,,,,
HIBS,Direxion Daily S&P 500 High Beta Bear 3X Shares,,PCX,USD,,,,
HIDE,Alpha Architect High Inflation And Deflation ETF,,NGM,USD,,,,
HIDV,AB US High Dividend ETF,,PCX,USD,,,,
HIFS,Hingham Institution for Savings,,,,,2182150.0,1701310.0,635354816.0
HIG,"The Hartford Insurance Group, Inc.",United States,NYQ,USD,,278900292.0,277282119.0,38675103744.0
HIGH,Simplify Enhanced Income ETF,,PCX,USD,,,,
HIHO,Highway Holdings Limited,Hong Kong,NCM,USD,,4601825.0,2920567.0,7224867.0
HII,"Huntington Ingalls Industries, Inc.",US,"NEW YORK STOCK EXCHANGE, INC.",USD,2011-03-19,39241434.0,38987542.0,13778844672.0
HIMS,"Hims & Hers Health, Inc.",United States,NYQ,USD,,219270891.0,206021905.0,7810620928.0
HIMX,"Himax Technologies, Inc.",Taiwan,NMS,USD,,174300000.0,123628274.0,1460526976.0
HIMY,Defiance Leveraged Long + Income HIMS ETF,,,,,,,
HIMZ,Defiance Daily Target 2X Long HIMS ETF,,NGM,USD,,,,
HIND,"Vyome Holdings, Inc.",United States,NCM,USD,,5644494.0,1543882.0,21053962.0
HINKF,Heineken N.V.,NL,NYSE EURONEXT - EURONEXT AMSTERDAM,EUR,1939-01-01,555506567.0,558740656.0,45612957696.0
HIO,Western Asset High Income Opportunity Fund Inc.,United States,NYQ,USD,,95099215.0,,355671072.0
HIPO,Hippo Holdings Inc.,United States,NYQ,USD,,25335179.0,18431596.0,793244480.0
HIPS,GraniteShares HIPS US High Income ETF,,PCX,USD,,,,
HISF,First Trust High Income Strategic Focus ETF,,,,,,,
HIT,"Health In Tech, Inc.",United States,NCM,USD,,45208808.0,13700226.0,87070472.0
HITI,High Tide Inc.,Canada,NCM,USD,,87111205.0,75965326.0,242169152.0
HIVE,HIVE Digital Technologies Ltd.,United States,NCM,USD,,237966998.0,237267477.0,647270208.0
HIW,"Highwoods Properties, Inc.",United States,NYQ,USD,,109893942.0,107753208.0,2867232512.0
HIX,Western Asset High Income Fund II Inc.,United States,NYQ,USD,,90069708.0,,370186528.0
HIYY,YieldMax HIMS Option Income Strategy ETF,,,,,,,
HKD,AMTD Digital Inc.,France,NYQ,USD,,197023250.0,65475703.0,417991552.0
HKIT,Hitek Global Inc.,China,NCM,USD,,21107364.0,5805376.0,64165608.0
HKPD,Hong Kong Pharma Digital Technology Holdings Limited,Hong Kong,NCM,USD,,11000000.0,3213650.0,8756000.0
HKTTY,HKT Trust and HKT Limited,,,,,758026103.0,3525198199.0,13180751872.0
HL,Hecla Mining Company,United States,NYQ,USD,,670098670.0,631487585.0,13535993856.0
HLAL,Wahed FTSE USA Shariah ETF,,NGM,USD,,,,
HLBYL,,,,,,,,
HLF,Herbalife Ltd.,United States,NYQ,USD,,103310720.0,79184568.0,1377131904.0
HLI,"Houlihan Lokey, Inc.",United States,NYQ,USD,,54515003.0,54128078.0,12547096576.0
HLIO,"Helios Technologies, Inc.",United States,NYQ,USD,,33128494.0,32844914.0,1840038144.0
HLIT,Harmonic Inc.,United States,NMS,USD,,112233082.0,110574277.0,1133044864.0
HLLGY,HELLA GmbH & Co. KGaA,,,,,222222224.0,20513203.0,11032976384.0
HLLXF,Hellix Ventures Inc.,,,,,46543227.0,,4654.0
HLLY,Holley Inc.,United States,NYQ,USD,,119416147.0,79383078.0,502483616.0
HLMAF,Halma plc,,,,,377701673.0,373275096.0,17661329408.0
HLMN,Hillman Solutions Corp.,United States,NGM,USD,,197289638.0,195549543.0,1796540672.0
HLN,Haleon plc,United Kingdom,NYQ,USD,,4452961019.0,8997401700.0,45108494336.0
HLNE,Hamilton Lane Incorporated,United States,NMS,USD,,43967288.0,37783289.0,7774495232.0
HLP,Hongli Group Inc.,China,NCM,USD,,73438750.0,47450980.0,91064056.0
HLT,Hilton Worldwide Holdings Inc.,United States,NYQ,USD,,232435166.0,228218792.0,69024669696.0
HLWYS,,,,,,,,
HLX,"Helix Energy Solutions Group, Inc.",United States,NYQ,USD,,147080917.0,137041174.0,920726528.0
HMC,"Honda Motor Co., Ltd.",Japan,NYQ,USD,,1297516650.0,3555300029.0,38665994240.0
HMLSF,Horizons Marijuana Life Sciences Index ETF,,,,,,,
HMN,Horace Mann Educators Corporation,United States,NYQ,USD,,40684968.0,40440044.0,1891851008.0
HMOP,Hartford Municipal Opportunities ETF,,PCX,USD,,,,
HMR,Heidmar Maritime Holdings Corp.,Greece,NCM,USD,,58396233.0,5843181.0,49496644.0
HMY,Harmony Gold Mining Company Limited,South Africa,NYQ,USD,,624583402.0,542068617.0,13578443776.0
HMYY,GraniteShares YieldBOOST HIMS ETF,,NGM,USD,,,,
HNDL,Strategy Shares Nasdaq 7 Handl Index ETF,,,,,,,
HNGE,"Hinge Health, Inc.",United States,NYQ,USD,,37919155.0,31936466.0,3742321152.0
HNI,HNI Corporation,United States,NYQ,USD,,45843684.0,44855972.0,1940563200.0
HNLGY,Hang Lung Group Limited,,,,,272323648.0,842174499.0,2836242688.0
HNNA,"Hennessy Advisors, Inc.",United States,NGM,USD,,7891917.0,4805388.0,74657536.0
HNNAZ,"Hennessy Advisors, Inc. 4.875% Notes due 2026",,NGM,USD,,,,
HNRG,Hallador Energy Company,US,NASDAQ NMS - GLOBAL MARKET,USD,1981-06-05,43825006.0,32940189.0,846699136.0
HNST,"The Honest Company, Inc.",United States,NMS,USD,,111790674.0,95111505.0,302952736.0
HNVR,"Hanover Bancorp, Inc.",United States,NMS,USD,,7192390.0,3973436.0,168835568.0
HODU,Direxion Daily HOOD Bull 2X ETF,,NGM,USD,,,,
HOFT,Hooker Furnishings Corporation,United States,NMS,USD,,10777720.0,10312991.0,120926024.0
HOG,"Harley-Davidson, Inc.",United States,NYQ,USD,,118141863.0,117101033.0,2552609536.0
HOLA,JPMorgan International Hedged Equity Laddered Overlay ETF,,PCX,USD,,,,
HOLD,Harbor Alpha Layering ETF,,PCX,USD,,,,
HOLO,MicroCloud Hologram Inc.,China,NCM,USD,,14167316.0,13959713.0,41808196.0
HOLOW,MicroCloud Hologram Inc.,China,NCM,USD,,,13959713.0,
HOLX,"Hologic, Inc.",United States,NMS,USD,,223065562.0,220669489.0,16618384384.0
HOMB,"Home Bancshares, Inc. (Conway, AR)",United States,NYQ,USD,,196422380.0,184769491.0,5570539008.0
HOMZ,The Hoya Capital Housing ETF,,PCX,USD,,,,
HON,Honeywell International Inc.,United States,NMS,USD,,634887208.0,603041266.0,133001658368.0
HOOD,"Robinhood Markets, Inc.",United States,NMS,USD,,786356025.0,778886390.0,106221174784.0
HOOG,Leverage Shares 2X Long HOOD Daily ETF,,NGM,USD,,,,
HOOI,Defiance Leveraged Long Income Hood ETF,,NGM,USD,,,,
HOOX,Defiance Daily Target 2X Long HOOD ETF,,NGM,USD,,,,
HOOY,YieldMax HOOD Option Income Strategy ETF,,PCX,USD,,,,
HOOZ,Defiance Daily Target 2X Short HOOD ETF,,PCX,USD,,,,
HOPE,"Hope Bancorp, Inc.",United States,NMS,USD,,128186234.0,122252493.0,1442095104.0
HOTH,"Hoth Therapeutics, Inc.",US,NASDAQ NMS - GLOBAL MARKET,USD,2019-02-15,15514312.0,14960761.0,15669455.0
HOUR,"Hour Loop, Inc.",United States,NCM,USD,,35176320.0,1749318.0,67538536.0
HOUS,Anywhere Real Estate Inc.,United States,NYQ,USD,,112130696.0,105917534.0,1587770624.0
HOV,"Hovnanian Enterprises, Inc.",United States,NYQ,USD,,5167955.0,4400933.0,605803904.0
HOVNP,"Hovnanian Enterprises, Inc. PFD DEP1/1000A",,NGM,USD,,147366000.0,,3006266368.0
HOVR,New Horizon Aircraft Ltd.,Canada,NCM,USD,,43355189.0,26926750.0,67634088.0
HOVRW,New Horizon Aircraft Ltd.,,,,,,26926750.0,
HOWL,"Werewolf Therapeutics, Inc.",United States,NMS,USD,,48540200.0,36293508.0,31759852.0
HOYFF,Huhtamäki Oyj,,,,,104968310.0,91573304.0,3422194176.0
HOYY,GraniteShares YieldBOOST HOOD ETF,,NGM,USD,,,,
HP,"Helmerich & Payne, Inc.",United States,NYQ,USD,,98448373.0,94231829.0,2769399296.0
HPAI,Helport AI Limited,Singapore,NCM,USD,,37430968.0,7416946.0,151969728.0
HPAIW,Helport AI Limited,,,,,,7416946.0,
HPE,Hewlett Packard Enterprise Company,United States,NYQ,USD,,1334533171.0,1327793778.0,32682715136.0
HPE.PRC,,,,,,,,
HPF,John Hancock Preferred Income Fund II,United States,NYQ,USD,,21620541.0,,348090688.0
HPI,John Hancock Preferred Income Fund,United States,NYQ,USD,,26767165.0,,437643136.0
HPK,"HighPeak Energy, Inc.",United States,NGM,USD,,125587093.0,26711119.0,538584896.0
HPP,"Hudson Pacific Properties, Inc.",United States,NYQ,USD,,54217407.0,53730056.0,4604101120.0
HPQ,HP Inc.,United States,NYQ,USD,,917984523.0,914863376.0,21741164544.0
HPS,John Hancock Preferred Income Fund III,United States,NYQ,USD,,32110806.0,,464001152.0
HPTN,Happy Town Holdings Inc.,,,,,56858963.0,,22743.0
HPUMF,,,,,,,,
HQGE,HQ Global Education Inc.,,,,,7739922441.0,,4973954.0
HQGO,Hartford US Quality Growth ETF,,NGM,USD,,,,
HQH,Abrdn Healthcare Investors,,,,,55510323.0,,1068573760.0
HQI,"HireQuest, Inc.",United States,NCM,USD,,14055475.0,5595162.0,146780992.0
HQL,Abrdn Life Sciences Investors,United States,NYQ,USD,,29598692.0,,509985440.0
HQY,"HealthEquity, Inc.",United States,NMS,USD,,86156334.0,83824958.0,8083716096.0
HR,Healthcare Realty Trust Incorporated,US,"NEW YORK STOCK EXCHANGE, INC.",USD,2012-06-06,351628689.0,347968234.0,6016414208.0
HRB,"H&R Block, Inc.",United States,NYQ,USD,,126425305.0,125186337.0,5596779008.0
HRI,Herc Holdings Inc.,United States,NYQ,USD,,33269714.0,28520795.0,5205712384.0
HRL,Hormel Foods Corporation,United States,NYQ,USD,,550107295.0,290528166.0,13345602560.0
HRMY,"Harmony Biosciences Holdings, Inc.",United States,NGM,USD,,57596358.0,50705530.0,2196149248.0
HROW,"Harrow, Inc.",United States,NGM,USD,,37037453.0,27131045.0,1855206016.0
HRTG,"Heritage Insurance Holdings, Inc.",United States,NYQ,USD,,30911435.0,22112393.0,899199360.0
HRTS,Tema Heart & Health ETF,,NGM,USD,,,,
HRTT,"Heart Tronics, Inc.",,,,,,,3923.0
HRTX,"Heron Therapeutics, Inc.",,,,,183362522.0,131910998.0,234704032.0
HRZN,Horizon Technology Finance Corporation,United States,NMS,USD,,44383292.0,,281390080.0
HSAI,Hesai Group,China,NMS,USD,,129143350.0,110021072.0,3516322560.0
HSBC,HSBC Holdings plc,United Kingdom,NYQ,USD,,3433186787.0,16962713940.0,274551947264.0
HSBEF,,,,,,,,
HSBH,HSBC Holdings PLC ADRhedged,,PCX,USD,,,,
HSCS,HeartSciences Inc.,United States,NCM,USD,,3178207.0,3059215.0,9057890.0
HSCSW,HeartSciences Inc.,,,,,,3059215.0,
HSCZ,iShares Currency Hedged MSCI EAFE Small-Cap ETF,,PCX,USD,,,,
HSDT,Solana Company,United States,NCM,USD,,41301400.0,24506599.0,114817888.0
HSEEF,Hill Incorporated,,,,,3282812.0,2324690.0,326910.0
HSHP,Himalaya Shipping Ltd.,Bermuda,NYQ,USD,,46650000.0,29356758.0,425773280.0
HSIC,"Henry Schein, Inc.",United States,NMS,USD,,117724807.0,98184844.0,9232162816.0
HSMV,First Trust Horizon Managed Volatility Small/Mid ETF,,PCX,USD,,,,
HSPT,Horizon Space Acquisition II Corp.,United States,NGM,USD,,9080000.0,5598819.0,95883896.0
HSPTR,Horizon Space Acquisition II Corp.,United States,NGM,USD,,,5598819.0,
HSPTU,Horizon Space Acquisition II Corp.,United States,NGM,USD,,,5598819.0,
HST,"Host Hotels & Resorts, Inc.",,,,,687689481.0,641449240.0,12844869632.0
HSTM,"HealthStream, Inc.",United States,NMS,USD,,29668137.0,23702171.0,700464704.0
HSY,The Hershey Company,United States,NYQ,USD,,148171608.0,145275261.0,37353017344.0
HTAB,Hartford Schroders Tax-Aware Bond ETF,,PCX,USD,,,,
HTAX,Nomura National High-Yield Municipal Bond ETF,,PCX,USD,,,,
HTB,"HomeTrust Bancshares, Inc.",United States,NYQ,USD,,17444032.0,12487159.0,759540992.0
HTBK,Heritage Commerce Corp,US,NASDAQ NMS - GLOBAL MARKET,USD,1998-07-30,61332457.0,59483643.0,769108992.0
HTCO,High-Trend International Group,Singapore,NCM,USD,,7285324.0,2215419.0,66216812.0
HTCR,"HeartCore Enterprises, Inc.",,,,,25419807.0,9770865.0,8800337.0
HTD,John Hancock Tax-Advantaged Dividend Income Fund,United States,NYQ,USD,,35431824.0,,835128064.0
HTEC,Robo Global Healthcare Technology and Innovation ETF,,PCX,USD,,,,
HTFB,Horizon Technology Finance Corporation,United States,NYQ,USD,,,,
HTFC,Horizon Technology Finance Corp,,NYQ,USD,,,,
HTFL,"Heartflow, Inc.",United States,NMS,USD,,85158719.0,54902678.0,2540284672.0
HTGC,"Hercules Capital, Inc.",United States,NYQ,USD,,181718075.0,166857964.0,3396311040.0
HTH,Hilltop Holdings Inc.,US,"NEW YORK STOCK EXCHANGE, INC.",USD,2004-02-12,61328537.0,42000849.0,2180491008.0
HTHL,"Humitech International Group, Inc.",,,,,3871465.0,,2322.0
HTHT,H World Group Limited,China,NMS,USD,,307668117.0,1868160768.0,14915750912.0
HTLD,"Heartland Express, Inc.",United States,NMS,USD,,77447537.0,43872481.0,712517312.0
HTLM,HomesToLife Ltd.,Singapore,NCM,USD,,89687500.0,,225115632.0
HTO,H2O America,United States,NMS,USD,,35805089.0,33080680.0,1748362496.0
HTOO,Fusion Fuel Green PLC,Ireland,NCM,USD,,2013403.0,649865.0,7878043.0
HTRB,Hartford Total Return Bond ETF,,PCX,USD,,14450000.0,,497946976.0
HTROF,Hexatronic Group AB (publ),SE,NASDAQ OMX NORDIC,SEK,2011-06-23,205637228.0,174026288.0,483247488.0
HTT,High Templar Tech Limited,China,NYQ,USD,,101635320.0,96722843.0,744357184.0
HTZ,"Hertz Global Holdings, Inc.",United States,NMS,USD,,311592905.0,124272598.0,1670137984.0
HTZWW,"Hertz Global Holdings, Inc.",United States,NMS,USD,,,124272598.0,
HUATF,"Huatai Securities Co., Ltd.",,,,,1719045680.0,7415222037.0,26070382592.0
HUBB,Hubbell Incorporated,United States,NYQ,USD,,53144752.0,52885937.0,24177674240.0
HUBC,HUB Cyber Security Ltd.,Israel,NCM,USD,,32756017.0,9953354.0,14114568.0
HUBCW,HUB Cyber Security Ltd.,,NCM,USD,,,,
HUBCZ,HUB Cyber Security Ltd.,,,,,,9953354.0,
HUBG,"Hub Group, Inc.",United States,NMS,USD,,60578607.0,59165409.0,2691212800.0
HUBS,"HubSpot, Inc.",United States,NYQ,USD,,52385551.0,50513291.0,20980289536.0
HUDI,"Huadi International Group Co., Ltd.",,,,,14279182.0,4237204.0,16563851.0
HUHU,HUHUTECH International Group Inc.,China,NCM,USD,,23173413.0,4633524.0,259542208.0
HUIZ,Huize Holding Limited,China,NGM,USD,,8582664.0,492736140.0,32384330.0
HUM,Humana Inc.,United States,NYQ,USD,,120273068.0,120036130.0,31130277888.0
HUMA,"Humacyte, Inc.",United States,NMS,USD,,187271321.0,154086843.0,200380336.0
HUMAW,"Humacyte, Inc.",United States,NMS,USD,,,154086843.0,
HUN,Huntsman Corporation,United States,NYQ,USD,,173751026.0,151808009.0,1751421440.0
HUNCY,,,,,,,,
HUPOF,Hub Power Co Ltd,,,,,,,
HURA,"TuHURA Biosciences, Inc.",United States,NCM,USD,,56478084.0,32396135.0,44945256.0
HURC,"Hurco Companies, Inc.",United States,NMS,USD,,6402396.0,5319745.0,98084704.0
HURN,Huron Consulting Group Inc.,United States,NMS,USD,,17241468.0,15661422.0,3126662400.0
HUSV,First Trust Horizon Managed Volatility Domestic ETF,,,,,,,
HUT,Hut 8 Corp.,United States,NMS,USD,,108036632.0,87995837.0,5362938368.0
HUYA,HUYA Inc.,CN,"NEW YORK STOCK EXCHANGE, INC.",CNY,2018-05-11,73019089.0,74930275.0,663514624.0
HVAC,AdvisorShares HVAC and Industrials ETF,,PCX,USD,,,,
HVII,Hennessy Capital Investment Corp. VII,US,NASDAQ NMS - GLOBAL MARKET,USD,2025-01-17,19690000.0,15023530.0,270642656.0
HVIIR,Hennessy Capital Investment Corp. VII,,,,,1514580.0,15023530.0,454374.0
HVIIU,Hennessy Capital Investment Corp. VII,United States,NGM,USD,,24008300.0,15023530.0,256648720.0
HVMC,Highview Merger Corp.,,NGM,USD,,23660000.0,,294394112.0
HVMCU,Highview Merger Corp.,United States,NGM,USD,,,,
HVMCW,Highview Merger Corp.,,NGM,USD,,,,
HVT,"Haverty Furniture Companies, Inc.",US,"NEW YORK STOCK EXCHANGE, INC.",USD,1980-03-17,15046851.0,13728877.0,392030528.0
HWAY,Themes US Infrastructure ETF,,NGM,USD,,,,
HWBK,"Hawthorn Bancshares, Inc.",United States,NMS,USD,,6897646.0,5676280.0,222441248.0
HWC,Hancock Whitney Corporation,United States,NMS,USD,,83613122.0,82714281.0,5526872064.0
HWCPZ,Hancock Whitney Corporation - 6,,NMS,USD,,,,
HWH,HWH International Inc.,United States,NCM,USD,,6476400.0,409049.0,9649836.0
HWKN,"Hawkins, Inc.",United States,NMS,USD,,20890239.0,19128147.0,3067105280.0
HWM,Howmet Aerospace Inc.,United States,NYQ,USD,,402500000.0,397949165.0,85016051712.0
HWSM,Hotchkis & Wiley SMID Cap Diversified Value Fund,,NGM,USD,,,,
HXGCF,Hexagon Composites ASA,,,,,249767333.0,170187433.0,195143216.0
HXL,Hexcel Corporation,United States,NYQ,USD,,79605875.0,78895791.0,6060395008.0
HXPN,"Harris Exploration, Inc.",,,,,408817505.0,,40881.0
HY,"Hyster-Yale, Inc.",US,"NEW YORK STOCK EXCHANGE, INC.",USD,1999-02-26,14283983.0,11674334.0,549747584.0
HYAC,Haymaker Acquisition Corp. 4,United States,NYQ,USD,,23425499.0,21088342.0,331871328.0
HYBB,iShares BB Rated Corporate Bond ETF,,PCX,USD,,,,
HYBI,NEOS Enhanced Income Credit Select ETF,,NGM,USD,,,,
HYBX,TCW High Yield Bond ETF,,,,,,,
HYDR,Global X Hydrogen ETF,,NGM,USD,,,,
HYDW,Xtrackers Low Beta High Yield Bond ETF,,PCX,USD,,,,
HYEM,VanEck Emerging Markets High Yield Bond ETF,,PCX,USD,,,,
HYFI,AB High Yield ETF,,PCX,USD,,,,
HYFM,"Hydrofarm Holdings Group, Inc.",US,NASDAQ NMS - GLOBAL MARKET,USD,2020-12-10,4667004.0,3515701.0,7933907.0
HYFT,MindWalk Holdings Corp.,US,NASDAQ NMS - GLOBAL MARKET,CAD,1987-01-30,46691281.0,42488599.0,79375176.0
HYG,iShares iBoxx $ High Yield Corporate Bond ETF,,PCX,USD,,195600000.0,,15765359616.0
HYGH,iShares Interest Rate Hedged High Yield Bond ETF,,PCX,USD,,,,
HYGV,FlexShares High Yield Value-Scored Bond Index Fund,,PCX,USD,,,,
HYI,Western Asset High Yield Opportunity Fund Inc.,United States,NYQ,USD,,22666975.0,,252056768.0
HYIN,WisdomTree Private Credit & Alternative Income Fund,,,,,,,
HYLB,Xtrackers USD High Yield Corporate Bond ETF,,PCX,USD,,,,
HYLN,Hyliion Holdings Corp.,US,NYSE MKT LLC,USD,2019-03-04,175974228.0,121235685.0,351948448.0
HYLS,First Trust Tactical High Yield ETF,,,,,,,
HYMB,State Street SPDR Nuveen ICE High Yield Municipal Bond ETF,,PCX,USD,,,,
HYMC,Hycroft Mining Holding Corporation,United States,NCM,USD,,81283600.0,22818589.0,2032902912.0
HYNE,"Hoyne Bancorp, Inc.",United States,NCM,USD,,8096938.0,,112142592.0
HYOR,HyOrc Corporation,,,,,737089956.0,114713472.0,24839932.0
HYP,Golden Eagle Dynamic Hypergrowth ETF,,NGM,USD,,,,
HYPAF,HYPER BIT TECHNOLOGIES LTD.,,,,,,26910872.0,
HYPD,"Hyperion DeFi, Inc.",United States,NCM,USD,,8172659.0,5629778.0,31383010.0
HYPR,"Hyperfine, Inc.",United States,NGM,USD,,82113369.0,77866103.0,102998768.0
HYREQ,HyreCar Inc.,,,,,32105782.0,29170002.0,321.0
HYRM,Xtrackers Risk Managed USD High Yield Strategy ETF,,PCX,USD,,,,
HYS,PIMCO 0-5 Year High Yield Corporate Bond Index Exchange-Traded Fund,,PCX,USD,,,,
HYSA,Bondbloxx USD High Yield Bond Sector Rotation ETF,,,,,,,
HYSD,Columbia Short Duration High Yield ETF,,,,,,,
HYT,"BlackRock Corporate High Yield Fund, Inc.",United States,NYQ,USD,,160169592.0,,1435119616.0
HYTI,FT Vest High Yield & Target Income ETF,,PCX,USD,,,,
HYTR,CounterPoint High Yield Trend ETF,,NYQ,USD,,,,
HYUP,Xtrackers High Beta High Yield Bond ETF,,,,,,,
HYXF,iShares ESG Advanced High Yield Corporate Bond ETF,,NGM,USD,,,,
HYZD,WisdomTree Interest Rate Hedged High Yield Bond Fund,,NGM,USD,,,,
HZHI,"Horizons Holdings International, Corp.",,,,,49730931.0,,4973.0
HZMXF,BetaPro Silver 2x Daily Bull ETF,,,,,,,
HZO,"MarineMax, Inc.",United States,NYQ,USD,,21869518.0,19086184.0,535147104.0
IAC,IAC Inc.,,,,,71643545.0,64140888.0,3214306560.0
IAE,Voya Asia Pacific High Dividend Equity Income Fund,United States,NYQ,USD,,10750335.0,,79498728.0
IAF,Abrdn Australia Equity Fund Inc,Australia,ASE,USD,,9229377.0,,121274032.0
IAG,IAMGOLD Corporation,Canada,NYQ,USD,,593025980.0,574425544.0,10443188224.0
IAI,iShares U.S. Broker-Dealers & Securities Exchanges ETF,,PCX,USD,,,,
IAK,iShares U.S. Insurance ETF,,PCX,USD,,,,
IALT,iShares Systematic Alternatives Active ETF,,NGM,USD,,,,
IAPR,Innovator International Developed Power Buffer ETF - April,,PCX,USD,,,,
IART,Integra LifeSciences Holdings Corporation,United States,NMS,USD,,77892111.0,58997822.0,983234176.0
IAT,iShares U.S. Regional Banks ETF,,PCX,USD,,,,
IAU,iShares Gold Trust,,PCX,USD,,970150016.0,,82792595456.0
IAUG,Innovator International Developed Power Buffer ETF - August,,PCX,USD,,,,
IAUM,iShares Gold Trust Micro,,PCX,USD,,,,
IAUTF,iShares Core S&P/ASX 200 ETF,,,,,,,
IAUX,i-80 Gold Corp.,United States,ASE,USD,,826281972.0,700216132.0,1297262720.0
IBAC,IB Acquisition Corp.,United States,NGM,USD,,15749090.0,11894973.0,164578000.0
IBACR,IB Acquisition Corp.,United States,NGM,USD,,,11894973.0,
IBADF,"Inaba Denki Sangyo Co.,Ltd.",,,,,111949732.0,90842527.0,1150843136.0
IBASF,,,,,,,,
IBAT,iShares Energy Storage & Materials ETF,,NGM,USD,,,,
IBB,iShares Biotechnology ETF,,NGM,USD,,69700000.0,,11990491136.0
IBBCF,INVESCO MARKETS PLC BLOOMBERG C,,,,,,,
IBBJ,Defiance Nasdaq Junior Biotechnology ETF,,,,,,,
IBBQ,Invesco Nasdaq Biotechnology ETF,,,,,,,
IBCA,iShares iBonds Dec 2035 Term Corporate ETF,,PCX,USD,,,,
IBCP,Independent Bank Corporation,US,NASDAQ NMS - GLOBAL MARKET,USD,1984-01-16,20691952.0,20184999.0,685899008.0
IBD,Inspire Corporate Bond ETF,,,,,,,
IBDR,iShares iBonds Dec 2026 Term Corporate ETF,,,,,,,
IBDS,iShares iBonds Dec 2027 Term Corporate ETF,,PCX,USD,,,,
IBDT,iShares iBonds Dec 2028 Term Corporate ETF,,PCX,USD,,,,
IBDU,iShares iBonds Dec 2029 Term Corporate ETF,,PCX,USD,,,,
IBDV,iShares iBonds Dec 2030 Term Corporate ETF,,,,,,,
IBDW,iShares iBonds Dec 2031 Term Corporate ETF,,PCX,USD,,,,
IBDX,iShares iBonds Dec 2032 Term Corporate ETF,,PCX,USD,,,,
IBDY,iShares iBonds Dec 2033 Term Corporate ETF,,PCX,USD,,,,
IBDZ,iShares iBonds Dec 2034 Term Corporate ETF,,,,,,,
IBEX,IBEX Limited,United States,NGM,USD,,13467175.0,11312292.0,518082272.0
IBG,Innovation Beverage Group Limited,Australia,NCM,USD,,20020000.0,1332374.0,46046000.0
IBGA,iShares iBonds Dec 2044 Term Treasury ETF,,NGM,USD,,,,
IBGB,iShares iBonds Dec 2045 Term Treasury ETF,,NGM,USD,,,,
IBGK,iShares iBonds Dec 2054 Term Treasury ETF,,,,,,,
IBGL,iShares iBonds Dec 2055 Term Treasury ETF,,,,,,,
IBHG,iShares iBonds 2027 Term High Yield and Income ETF,,,,,,,
IBIC,iShares iBonds Oct 2026 Term TIPS ETF,,PCX,USD,,,,
IBID,iShares iBonds Oct 2027 Term TIPS ETF,,PCX,USD,,,,
IBIE,iShares iBonds Oct 2028 Term TIPS ETF,,PCX,USD,,,,
IBIF,iShares iBonds Oct 2029 Term TIPS ETF,,PCX,USD,,,,
IBIG,iShares iBonds Oct 2030 Term TIPS ETF,,PCX,USD,,,,
IBIH,iShares iBonds Oct 2031 Term TIPS ETF,,PCX,USD,,,,
IBII,iShares iBonds Oct 2032 Term TIPS ETF,,PCX,USD,,,,
IBIJ,iShares iBonds Oct 2033 Term TIPS ETF,,PCX,USD,,,,
IBIK,iShares iBonds Oct 2034 Term TIPS ETF,,,,,,,
IBIL,iShares iBonds Oct 2035 Term TIPS ETF,,PCX,USD,,,,
IBIO,"iBio, Inc.",United States,NCM,USD,,22487308.0,15259437.0,42501012.0
IBIT,iShares Bitcoin Trust ETF,,NGM,USD,,,,
IBKR,"Interactive Brokers Group, Inc.",United States,NMS,USD,,445363717.0,431673624.0,112467869696.0
IBLC,iShares Blockchain and Tech ETF,,PCX,USD,,,,
IBM,International Business Machines Corporation,United States,NYQ,USD,,934735206.0,932613357.0,285178363904.0
IBMP,iShares iBonds Dec 2027 Term Muni Bond ETF,,,,,,,
IBN,ICICI Bank Limited,India,NYQ,USD,,3575336355.0,7118385873.0,108410306560.0
IBND,SPDR Bloomberg International Corporate Bond ETF,,,,,,,
IBO,Impact BioMedical Inc.,United States,ASE,USD,,104621231.0,104173452.0,52122296.0
IBOC,International Bancshares Corporation,US,NASDAQ NMS - GLOBAL MARKET,USD,1986-09-16,62163887.0,55572028.0,4264442624.0
IBOT,Vaneck Robotics ETF,,NGM,USD,,,,
IBP,"Installed Building Products, Inc.",United States,NYQ,USD,,26975357.0,22831821.0,7207815680.0
IBRLF,IberAmerican Lithium Corp.,,,,,109500488.0,67247535.0,1095.0
IBRN,iShares Neuroscience and Healthcare ETF,,,,,,,
IBRX,"ImmunityBio, Inc.",United States,NMS,USD,,984965179.0,336375458.0,2107825536.0
IBTA,"Ibotta, Inc.",United States,NYQ,USD,,23445382.0,12481425.0,590404096.0
IBTG,iShares iBonds Dec 2026 Term Treasury ETF,,NGM,USD,,,,
IBTH,iShares iBonds Dec 2027 Term Treasury ETF,,NGM,USD,,,,
IBTI,iShares iBonds Dec 2028 Term Treasury ETF,,NGM,USD,,,,
IBTJ,iShares iBonds Dec 2029 Term Treasury ETF,,NGM,USD,,,,
IBTK,iShares iBonds Dec 2030 Term Treasury ETF,,NGM,USD,,,,
IBTL,iShares iBonds Dec 2031 Term Treasury ETF,,,,,,,
IBTM,iShares iBonds Dec 2032 Term Treasury ETF,,NGM,USD,,,,
IBTO,Ishares Ibonds Dec 2033 Term Treasury ETF,,,,,,,
IBTP,iShares iBonds Dec 2034 Term Treasury ETF,,NGM,USD,,,,
IBTQ,iShares iBonds Dec 2035 Term Treasury ETF,,NGM,USD,,,,
IBUF,Innovator International Developed 10 Buffer ETF - Quarterly,,PCX,USD,,,,
IBUY,Amplify Online Retail ETF,,PCX,USD,,7726000.0,,583495296.0
ICAP,Infrastructure Capital Equity Income Fund ETF,,PCX,USD,,,,
ICCC,ImmuCell Corporation,United States,NCM,USD,,9045851.0,6004907.0,55360608.0
ICCO,"InterCare DX, Inc.",,,,,74303902.0,,7580.0
ICCT,iCoreConnect Inc.,US,NASDAQ NMS - GLOBAL MARKET,USD,2022-02-25,4877080.0,4448580.0,14631.0
ICDXF,,,,,,,,
ICE,"Intercontinental Exchange, Inc.",United States,NYQ,USD,,570178585.0,566113212.0,93602627584.0
ICFI,"ICF International, Inc.",United States,NMS,USD,,18435932.0,18156996.0,1588808576.0
ICG,Intchains Group Limited,China,NCM,USD,,28715807.0,25772213.0,111102832.0
ICHR,"Ichor Holdings, Ltd.",United States,NMS,USD,,34384231.0,33734025.0,651581248.0
ICL,ICL Group Ltd,Israel,NYQ,USD,,1290672729.0,723407068.0,7150327296.0
ICLN,iShares Global Clean Energy ETF,,,,,,,
ICLR,ICON Public Limited Company,Ireland,NMS,USD,,76359932.0,75853666.0,14219467776.0
ICMB,"Investcorp Credit Management BDC, Inc.",United States,NMS,USD,,14419762.0,,38933360.0
ICNP,iCoreConnect Inc. New,US,NASDAQ NMS - GLOBAL MARKET,USD,2022-02-25,,4448580.0,0.0
ICON,Icon Energy Corp.,GR,NASDAQ NMS - GLOBAL MARKET,USD,2024-05-14,3460000.0,2225483.0,2418886.0
ICPI,iShares 0-1 Year TIPS Bond ETF,,,,,,,
ICRC,Bitwise CRCL Option Income Strategy ETF,,,,,,,
ICRD,"International Card Establishment, Inc.",,,,,35873703.0,,7174.0
ICUCW,SeaStar Medical Holding Corporation,United States,NCM,USD,,,35756234.0,
ICUI,"ICU Medical, Inc.",United States,NMS,USD,,24686660.0,23905327.0,3650416384.0
ICVT,iShares Convertible Bond ETF,,,,,,,
IDA,"IDACORP, Inc.",United States,NYQ,USD,,54045224.0,53813370.0,6861041152.0
IDAI,T Stamp Inc.,United States,NCM,USD,,5243832.0,4749653.0,19139988.0
IDBFF,,,,,,,,
IDCC,"InterDigital, Inc.",United States,NMS,USD,,25744552.0,25238414.0,8532582400.0
IDDWF,Indutrade AB (publ),SE,NASDAQ OMX NORDIC,SEK,2005-10-05,364323000.0,267023256.0,9636343808.0
IDE,"Voya Infrastructure, Industrials and Materials Fund",United States,NYQ,USD,,15156320.0,,187028992.0
IDEC,Innovator International Developed Power Buffer ETF - December,,PCX,USD,,,,
IDEF,iShares Defense Industrials Act,,NGM,USD,,,,
IDEQ,Lazard Active ETF Trust - Lazard International Dynamic Equity ETF,United States,PCX,USD,,,,
IDEV,iShares Core MSCI International Developed Markets ETF,,PCX,USD,,,,
IDGT,iShares U.S. Digital Infrastructure and Real Estate ETF,,,,,,,
IDHQ,Invesco S&P International Developed Quality ETF,,PCX,USD,,,,
IDLV,Invesco S&P International Developed Low Volatility ETF,,PCX,USD,,,,
IDMO,Invesco S&P International Developed Momentum ETF,,PCX,USD,,,,
IDN,"Intellicheck, Inc.",United States,NGM,USD,,20204907.0,19206380.0,134564688.0
IDNA,iShares Genomics Immunology and Healthcare ETF,,PCX,USD,,,,
IDOG,ALPS International Sector Dividend Dogs ETF,,PCX,USD,,,,
IDR,"Idaho Strategic Resources, Inc.",United States,ASE,USD,,15592374.0,14680532.0,706646400.0
IDRV,iShares Self-Driving EV and Tech ETF,,PCX,USD,,,,
IDT,IDT Corporation,United States,NYQ,USD,,23499021.0,20444807.0,1303312640.0
IDTA,IDenta Corp.,,,,,4045589.0,3525084.0,707978.0
IDU,iShares U.S. Utilities ETF,,,,,5850000.0,,635777984.0
IDVO,Amplify CWP International Enhanced Dividend Income ETF,,PCX,USD,,,,
IDX,VanEck Indonesia Index ETF,,PCX,USD,,1950000.0,,32409002.0
IDXX,"IDEXX Laboratories, Inc.",United States,NMS,USD,,79851330.0,78992130.0,55081631744.0
IDYA,"IDEAYA Biosciences, Inc.",US,NASDAQ NMS - GLOBAL MARKET,USD,2019-05-23,87666408.0,86873904.0,3085857536.0
IDYLF,Imaging Dynamics Company Ltd.,,,,,10334550.0,4929890.0,294696.0
IDYN,iShares International Equity Factor Rotation Active ETF,,PCX,USD,,,,
IE,Ivanhoe Electric Inc.,US,NYSE MKT LLC,USD,2022-06-24,144714777.0,110358042.0,2438444288.0
IEDI,iShares U.S. Consumer Focused ETF,,,,,,,
IEF,iShares 7-10 Year Treasury Bond ETF,,NGM,USD,,146000000.0,,14080240640.0
IEI,iShares 3-7 Year Treasury Bond ETF,,,,,,,
IEMG,iShares Core MSCI Emerging Markets ETF,,PCX,USD,,1150800000.0,,77552410624.0
IEO,iShares U.S. Oil & Gas Exploration & Production ETF,,,,,,,
IEP,Icahn Enterprises L.P.,United States,NMS,USD,,600208517.0,80986135.0,4561584640.0
IESC,"IES Holdings, Inc.",United States,NGM,USD,,19854585.0,9001672.0,8004971008.0
IETC,iShares U.S. Tech Independence Focused ETF,,,,,,,
IETH,Bitwise Ethereum Option Income Strategy ETF,,PCX,USD,,,,
IEUR,iShares Core MSCI Europe ETF,,PCX,USD,,,,
IEUS,iShares MSCI Europe Small-Cap ETF,,NGM,USD,,3000000.0,,205455008.0
IEV,iShares Europe ETF,,PCX,USD,,40200000.0,,2773799936.0
IEX,IDEX Corporation,United States,NYQ,USD,,74849436.0,74642852.0,13575803904.0
IEZ,iShares U.S. Oil Equipment & Services ETF,,PCX,USD,,,,
IFABF,iFabric Corp.,,,,,30299467.0,10168198.0,36359364.0
IFBD,"Infobird Co., Ltd",China,NCM,USD,,8188574.0,8186773.0,8966489.0
IFEB,Innovator International Developed Power Buffer ETF - February,,PCX,USD,,,,
IFED,ETRACS IFED Invest with the Fed TR Index ETN,,,,,,,
IFF,International Flavors & Fragrances Inc.,United States,NYQ,USD,,256096379.0,255532967.0,17291689984.0
IFGL,iShares International Developed Real Estate ETF,,,,,,,
IFIN.WS,,,,,,,,
IFLO,VictoryShares International Free Cash Flow ETF,,NGM,USD,,,,
IFLR,Innovator International Developed Managed Floor ETF,,PCX,USD,,,,
IFN,"The India Fund, Inc.",Singapore,NYQ,USD,,40344569.0,,555544704.0
IFPJF,Informa plc,,,,,1278842173.0,1281258444.0,16426727424.0
IFRX,InflaRx N.V.,Germany,NMS,USD,,67747130.0,56940785.0,74521840.0
IFS,Intercorp Financial Services Inc.,Peru,NYQ,USD,,111351705.0,29811078.0,4781442048.0
IFV,First Trust Dorsey Wright International Focus 5 ETF,,NGM,USD,,,,
IFVEF,,,,,,,,
IG,Principal Investment Grade Corporate Active ETF,,PCX,USD,,,,
IGA,Voya Global Advantage and Premium Opportunity Fund,US,"NEW YORK STOCK EXCHANGE, INC.",USD,2005-10-27,15341392.0,,151726368.0
IGAC,Invest Green Acquisition Corporation,,NGM,USD,,18120000.0,,235119504.0
IGACR,Invest Green Acquisition Corporation,,NGM,USD,,,,
IGACU,Invest Green Acquisition Corporation,,NGM,USD,,,,
IGBH,iShares Interest Rate Hedged Long-Term Corporate Bond ETF,,,,,,,
IGC,"IGC Pharma, Inc.",United States,ASE,USD,,92868241.0,85334769.0,27851184.0
IGCB,TCW Corporate Bond ETF,,,,,,,
IGD,Voya Global Equity Dividend and Premium Opportunity Fund,United States,NYQ,USD,,78868514.0,,462169504.0
IGEN,IGEN Networks Corp.,,,,,3234606010.0,3054017956.0,323460.0
IGF,iShares Global Infrastructure ETF,,NGM,USD,,,,
IGGY,AB International Growth ETF,,PCX,USD,,,,
IGI,Western Asset Investment Grade Opportunity Trust Inc.,US,"NEW YORK STOCK EXCHANGE, INC.",USD,2009-06-26,5993650.0,,99134976.0
IGIB,iShares 5-10 Year Investment Grade Corporate Bond ETF,,NGM,USD,,,,
IGIC,International General Insurance Holdings Ltd.,Jordan,NCM,USD,,43178185.0,15380021.0,1099316480.0
IGLB,iShares 10+ Year Investment Grade Corporate Bond ETF,,PCX,USD,,,,
IGM,iShares Expanded Tech Sector ETF,,PCX,USD,,7700000.0,,1010856000.0
IGME,Bitwise GME Option Income Strategy ETF,,PCX,USD,,,,
IGOV,iShares International Treasury Bond ETF,,NGM,USD,,,,
IGPT,Invesco AI and Next Gen Software ETF,,,,,,,
IGR,CBRE Global Real Estate Income Fund,US,"NEW YORK STOCK EXCHANGE, INC.",USD,2004-02-25,151094091.0,,654237440.0
IGRO,iShares International Dividend Growth ETF,,,,,,,
IGSB,iShares 1-5 Year Investment Grade Corporate Bond ETF,,NGM,USD,,,,
IGTR,Innovator Gradient Tactical Rotation Strategy ETF,,PCX,USD,,,,
IH,iHuman Inc.,CN,"NEW YORK STOCK EXCHANGE, INC.",CNY,2020-10-09,22544951.0,72724989.0,112832264.0
IHAK,iShares Cybersecurity and Tech ETF,,PCX,USD,,,,
IHD,Voya Emerging Markets High Dividend Equity Fund,United States,NYQ,USD,,17735861.0,,112622712.0
IHDG,WisdomTree International Hedged Quality Dividend Growth Fund,,PCX,USD,,,,
IHE,iShares U.S. Pharmaceuticals ETF,,PCX,USD,,,,
IHF,iShares U.S. Healthcare Providers ETF,,,,,,,
IHG,InterContinental Hotels Group PLC,United Kingdom,NYQ,USD,,150484217.0,145818522.0,21580943360.0
IHHFF,iShares II Public Limited Company - iShares US Aggregate Bond UCITS ETF,,,,,,,
IHI,iShares U.S. Medical Devices ETF,,,,,,,
IHRT,"iHeartMedia, Inc.",United States,NMS,USD,,128971188.0,141529549.0,662199104.0
IHS,IHS Holding Limited,United Kingdom,NYQ,USD,,335521222.0,126125699.0,2442594560.0
IHSRF,iShares VI Public Limited Company - iShares Edge S&P 500 Minimum Volatility UCITS ETF,,,,,,,
IHT,InnSuites Hospitality Trust,United States,ASE,USD,,9204834.0,2764304.0,12518576.0
IHY,VanEck International High Yield Bond ETF,,PCX,USD,,,,
IHYF,Invesco High Yield Bond Factor ETF,,NGM,USD,,,,
IIF,"Morgan Stanley India Investment Fund, Inc.",United States,NYQ,USD,,9534799.0,,242729504.0
IIGD,Invesco Investment Grade Defensive ETF,,PCX,USD,,,,
III,"Information Services Group, Inc.",United States,NGM,USD,,47884104.0,34865374.0,285317184.0
IIIN,Insteel Industries Inc.,US,"NEW YORK STOCK EXCHANGE, INC.",USD,1985-04-26,19416462.0,18496898.0,630258368.0
IIIV,"i3 Verticals, Inc.",United States,NMS,USD,,23972102.0,22323541.0,846374976.0
IIM,Invesco Value Municipal Income Trust,United States,NYQ,USD,,47068439.0,,567174720.0
IINN,Inspira Technologies Oxy B.H.N. Ltd.,Israel,NCM,USD,,35949247.0,27252254.0,34874364.0
IINNW,Inspira Technologies Oxy B.H.N. Ltd.,Israel,NCM,USD,,,27252254.0,
IIPR,"Innovative Industrial Properties, Inc.",,,,,28022975.0,27564239.0,1425809024.0
IIREF,iShares Public Limited Company - iShares MSCI World UCITS ETF,,,,,,,
IJAN,Innovator International Developed Power Buffer ETF - January,,PCX,USD,,,,
IJH,iShares Core S&P Mid-Cap ETF,,PCX,USD,,257400000.0,,17330743296.0
IJJ,iShares S&P Mid-Cap 400 Value ETF,,PCX,USD,,39950000.0,,5342513152.0
IJK,iShares S&P Mid-Cap 400 Growth ETF,,PCX,USD,,33850000.0,,3354873600.0
IJR,iShares Core S&P Small-Cap ETF,,PCX,USD,,565750016.0,,69660794880.0
IJS,iShares S&P Small-Cap 600 Value ETF,,PCX,USD,,41250000.0,,4773862400.0
IJT,iShares S&P Small-Cap 600 Growth ETF,,NGM,USD,,30150000.0,,4384714240.0
IJUL,Innovator International Developed Power Buffer ETF - July,,PCX,USD,,,,
IJUN,Innovator International Developed Power Buffer ETF - June,,,,,,,
IKT,"Inhibikase Therapeutics, Inc.",United States,NCM,USD,,121267045.0,49093919.0,242534096.0
ILCB,iShares Morningstar U.S. Equity ETF,,,,,,,
ILCG,iShares Morningstar Growth ETF,,,,,,,
ILCV,iShares Morningstar Value ETF,,PCX,USD,,,,
ILDO,International Daleco Corp.,,,,,46528817.0,,451329.0
ILDR,First Trust Innovation Leaders ETF,,PCX,USD,,,,
ILF,iShares Latin America 40 ETF,,PCX,USD,,47750000.0,,1476907520.0
ILIM,IL2M International Corp,,,,,1710676587.0,,684270.0
ILIT,Ishares Lithium Miners And Producers ETF,,NGM,USD,,,,
ILLRW,Triller Group Inc.,,,,,,47076389.0,
ILMN,"Illumina, Inc.",US,NASDAQ NMS - GLOBAL MARKET,USD,2000-06-28,152800000.0,148550632.0,20741814272.0
ILOW,AB International Low Volatility Equity ETF,,PCX,USD,,,,
ILPT,Industrial Logistics Properties Trust,,,,,66659235.0,62431706.0,367292416.0
ILQCF,,,,,,,,
ILS,Brookmont Catastrophic Bond ETF,,PCX,USD,,,,
ILTB,iShares Core 10+ Year USD Bond ETF,,PCX,USD,,,,
IMA,"ImageneBio, Inc.",United States,NCM,USD,,11181672.0,6327520.0,64853724.0
IMAQW,,,,,,,539681.0,
IMAR,Innovator International Developed Power Buffer ETF - March,,PCX,USD,,,,
IMAX,IMAX Corporation,Canada,NYQ,USD,,53798934.0,43366783.0,2026605824.0
IMAY,Innovator International Developed Power Buffer ETF - May,,PCX,USD,,,,
IMCB,iShares Morningstar Mid-Cap ETF,,PCX,USD,,,,
IMCC,IM Cannabis Corp.,Israel,NCM,USD,,5246812.0,2204973.0,7502941.0
IMCG,iShares Morningstar Mid-Cap Growth ETF,,PCX,USD,,,,
IMCR,Immunocore Holdings plc,United Kingdom,NMS,USD,,50530419.0,37718937.0,1825664128.0
IMCV,iShares Morningstar Mid-Cap Value ETF,,NGM,USD,,,,
IMDX,Insight Molecular Diagnostics Inc.,United States,NCM,USD,,28664437.0,7782395.0,182592448.0
IMDZF,IMCD N.V.,NL,NYSE EURONEXT - EURONEXT AMSTERDAM,EUR,2014-06-27,59032832.0,55877527.0,5383099904.0
IMFL,Invesco International Developed Dynamic Multifactor ETF,,,,,,,
IMKTA,"Ingles Markets, Incorporated",United States,NMS,USD,,14548611.0,13554957.0,1334544896.0
IMLP,iPath S&P MLP ETN,,,,,,,
IMMP,Immutep Limited,Australia,NGM,USD,,147192034.0,1222085504.0,460711072.0
IMMX,"Immix Biopharma, Inc.",United States,NCM,USD,,52695519.0,26750148.0,297202720.0
IMNM,"Immunome, Inc.",US,NASDAQ NMS - GLOBAL MARKET,USD,2020-10-02,110335277.0,75310645.0,2395378944.0
IMNN,"Imunon, Inc.",United States,NCM,USD,,3070354.0,3036427.0,9671615.0
IMO,Imperial Oil Limited,Canada,ASE,USD,,496861000.0,160163152.0,43525386240.0
IMOM,Alpha Architect International Quantitative Momentum ETF,,NGM,USD,,,,
IMOS,ChipMOS TECHNOLOGIES INC.,Taiwan,NMS,USD,,34770906.0,551149378.0,1054915584.0
IMPM,"Impac Mortgage Holdings, Inc.",,,,,36568876.0,,1462755.0
IMPP,Imperial Petroleum Inc.,Greece,NCM,USD,,36224837.0,10887544.0,134756384.0
IMPPF,Invesco Markets II plc - Invesco Preferred Shares UCITS ETF,,,,,,,
IMPPP,Imperial Petroleum Inc.,Greece,NCM,USD,,,10887544.0,
IMRA,Bitwise MARA Option Income Strategy ETF,,PCX,USD,,,,
IMRN,Immuron Limited,Australia,NCM,USD,,8083022.0,264928914.0,7760741.0
IMRTF,iomart Group plc,,,,,113515516.0,52668969.0,215679488.0
IMRX,Immuneering Corporation,United States,NGM,USD,,64569967.0,45260318.0,434555872.0
IMSCF,iShares VII Public Limited Company - iShares MSCI Japan UCITS ETF USD (Acc),,,,,,,
IMSR,Terrestrial Energy Inc.,United States,NMS,USD,,81771423.0,92941520.0,560952000.0
IMSRW,Terrestrial Energy Inc.,United States,NMS,USD,,,92941520.0,
IMST,Bitwise MSTR Option Income Strategy ETF,,PCX,USD,,,,
IMSXF,iShares V Public Limited Company - iShares S&P 500 Industrials Sector UCITS ETF,,,,,,,
IMTB,iShares Core 5-10 Year USD Bond ETF,,PCX,USD,,,,
IMTH,"AnTix Holdings, Inc.",,,,,59838963.0,38658986.0,3051787.0
IMTL,"Image Protect, Inc.",,,,,7702842754.0,252306633.0,770284.0
IMTM,iShares MSCI Intl Momentum Factor ETF,,PCX,USD,,,,
IMTX,Immatics N.V.,Germany,NCM,USD,,134063829.0,50023516.0,1370132352.0
IMVT,"Immunovant, Inc.",United States,NMS,USD,,201476526.0,76250547.0,5270625792.0
IMXI,"International Money Express, Inc.",,,,,29718731.0,26317719.0,458262848.0
INAB,"IN8bio, Inc.",United States,NCM,USD,,9761425.0,2220803.0,21767980.0
INAC,Indigo Acquisition Corp.,United States,NGM,USD,,14755000.0,11743357.0,148140192.0
INACR,Indigo Acquisition Corp.,United States,NGM,USD,,,11743357.0,
INACU,Indigo Acquisition Corp.,United States,NGM,USD,,,11743357.0,
INBK,First Internet Bancorp,United States,NMS,USD,,8706094.0,8037379.0,178357056.0
INBKZ,First Internet Bancorp - Fixed-,,NMS,USD,,,,
INBX,"Inhibrx Biosciences, Inc.",United States,NMS,USD,,14543738.0,7866999.0,1166553216.0
INCAU,,,,,,,,
INCE,Franklin Income Equity Focus ETF,,PCX,USD,,,,
INCM,Franklin Income Focus ETF,,PCX,USD,,,,
INCO,Columbia India Consumer ETF,,PCX,USD,,,,
INCR,InterCure Ltd.,Israel,NGM,USD,,54681335.0,36163424.0,61516504.0
INCY,Incyte Corporation,United States,NMS,USD,,196322703.0,164322102.0,19653865472.0
IND,Xtrackers Nifty 500 India ETF,,NGM,USD,,,,
INDB,Independent Bank Corp.,United States,NMS,USD,,49577265.0,48773122.0,3758140416.0
INDE,Matthews India Active ETF,,,,,,,
INDH,WisdomTree India Hedged Equity Fund ETF,,NGM,USD,,,,
INDI,"indie Semiconductor, Inc.",United States,NCM,USD,,202611253.0,199928680.0,757766080.0
INDL,Direxion Daily MSCI India Bull 2x Shares,,,,,,,
INDO,Indonesia Energy Corporation Limited,Indonesia,ASE,USD,,14987474.0,9523041.0,44962424.0
INDP,"Indaptus Therapeutics, Inc.",United States,NCM,USD,,1751163.0,1533861.0,4465465.0
INDS,Pacer Benchmark Industrial Real Estate SCTR ETF,,PCX,USD,,,,
INDV,Indivior PLC,United States,NMS,USD,,125024430.0,105371695.0,4527134720.0
INDY,iShares India 50 ETF,,NGM,USD,,,,
INEOF,INEO Tech Corp.,,,,,162345684.0,75258589.0,1623456.0
INEQ,Columbia International Equity Income ETF,,,,,,,
INFL,Horizon Kinetics Inflation Beneficiaries ETF,,PCX,USD,,,,
INFO,Harbor PanAgora Dynamic Large Cap Core ETF,,PCX,USD,,,,
INFR,ClearBridge Sustainable Infrastructure ETF,,NGM,USD,,,,
INFU,"InfuSystem Holdings, Inc.",US,NYSE MKT LLC,USD,2006-06-15,20336183.0,19259179.0,183016640.0
INFY,Infosys Limited,India,NYQ,USD,,4045576496.0,3528653638.0,76016386048.0
ING,ING Groep N.V.,Netherlands,NYQ,USD,,2896768738.0,2935547692.0,82585034752.0
INGM,Ingram Micro Holding Corporation,United States,NYQ,USD,,235072655.0,21983995.0,5202157568.0
INGN,"Inogen, Inc.",US,NASDAQ NMS - GLOBAL MARKET,USD,2014-02-14,27148482.0,24019619.0,184609680.0
INGR,Ingredion Incorporated,United States,NYQ,USD,,63530137.0,63141968.0,7149750784.0
INHD,Inno Holdings Inc.,Hong Kong,NCM,USD,,4081224.0,4039276.0,5591278.0
INIKF,Ionik Corporation,,,,,357585044.0,235162228.0,20435986.0
INJJF,Intrum AB,,,,,135180813.0,106002784.0,689422144.0
INKM,State Street Income Allocation ETF,,,,,,,
INKT,"MiNK Therapeutics, Inc.",United States,NCM,USD,,4694155.0,1698439.0,56095152.0
INLF,INLIF Limited,CN,NASDAQ NMS - GLOBAL MARKET,USD,2025-01-02,6400000.0,3400056.0,9661680.0
INLX,"Intellinetics, Inc.",United States,ASE,USD,,4479123.0,2905249.0,36460064.0
INM,InMed Pharmaceuticals Inc.,Canada,NCM,USD,,2804186.0,2799465.0,3421107.0
INMB,"INmune Bio, Inc.",United States,NCM,USD,,26585258.0,20608626.0,45992500.0
INMD,InMode Ltd.,Israel,NMS,USD,,63209152.0,56478357.0,992241600.0
INMU,iShares Intermediate Muni Income Active ETF,,,,,,,
INN,"Summit Hotel Properties, Inc.",United States,NYQ,USD,,108803025.0,82621817.0,529898752.0
INN.PRE,Summit Hotel Properties Inc,US,"NEW YORK STOCK EXCHANGE, INC.",USD,2011-02-09,,,598.0
INNMF,Amplia Therapeutics Limited,,,,,513071629.0,421360075.0,56926508.0
INNV,InnovAge Holding Corp.,United States,NMS,USD,,135681431.0,21415957.0,751675072.0
INO,"Inovio Pharmaceuticals, Inc.",United States,NCM,USD,,68703375.0,53348281.0,157330736.0
INOD,Innodata Inc.,United States,NGM,USD,,31860951.0,30502719.0,1673018496.0
INOV,Innovator International Developed Power Buffer ETF - November,,PCX,USD,,,,
INPCF,,,,,,,,
INPOF,InPost S.A.,LU,NYSE EURONEXT - EURONEXT AMSTERDAM,PLN,2021-01-27,499490877.0,262134953.0,6068813824.0
INQQ,INQQ The India Internet ETF,,PCX,USD,,,,
INR,"Infinity Natural Resources, Inc.",United States,NYQ,USD,,15629653.0,13501676.0,228974416.0
INREF,InRetail Perú Corp.,,,,,106256142.0,30481699.0,2922043648.0
INRO,iShares U.S. Industry Rotation Active ETF,,,,,,,
INSCF,,,,,,,,
INSE,"Inspired Entertainment, Inc.",United States,NCM,USD,,26926868.0,23845896.0,256074528.0
INSG,Inseego Corp.,United States,NMS,USD,,15327475.0,13023296.0,164617072.0
INSM,Insmed Incorporated,United States,NMS,USD,,213273469.0,191357487.0,37937086464.0
INSP,"Inspire Medical Systems, Inc.",United States,NYQ,USD,,29056434.0,25368301.0,2823460096.0
INSW,"International Seaways, Inc.",United States,NYQ,USD,,49394531.0,40308901.0,2397610752.0
INTA,"Intapp, Inc.",United States,NMS,USD,,81926481.0,56582524.0,3905435136.0
INTC,Intel Corporation,United States,NMS,USD,,4770000000.0,4761747900.0,172674007040.0
INTF,iShares International Equity Factor ETF,,PCX,USD,,,,
INTG,The InterGroup Corporation,United States,NCM,USD,,2148812.0,600185.0,58619592.0
INTL,Main International ETF,,,,,,,
INTR,"Inter & Co, Inc.",Brazil,NMS,USD,,323145718.0,204165597.0,3719544832.0
INTT,inTEST Corporation,United States,ASE,USD,,12483433.0,10445787.0,93875416.0
INTU,Intuit Inc.,United States,NMS,USD,,278274077.0,271952256.0,188351512576.0
INTW,GraniteShares 2x Long INTC Daily ETF,,,,,,,
INTZ,Intrusion Inc.,US,NASDAQ NMS - GLOBAL MARKET,USD,1992-05-21,20102939.0,17093730.0,23922500.0
INUMF,Infinitum Copper Corp.,,,,,49031508.0,44901094.0,976217.0
INUV,"Inuvo, Inc.",United States,ASE,USD,,14605575.0,11872580.0,38120548.0
INV,"Innventure, Inc.",,,,,67743847.0,39740295.0,288588800.0
INVA,"Innoviva, Inc.",United States,NMS,USD,,74769062.0,69570369.0,1480427392.0
INVE,"Identiv, Inc.",United States,NCM,USD,,23754389.0,19205424.0,81477552.0
INVG,GMO Systematic Investment Grade Credit ETF,,PCX,USD,,,,
INVH,Invitation Homes Inc.,United States,NYQ,USD,,613020589.0,559258683.0,16827416576.0
INVN,Alger Russell Innovation ETF,,,,,,,
INVX,"Innovex International, Inc.",United States,NYQ,USD,,68927791.0,38048141.0,1519857792.0
INVZ,Innoviz Technologies Ltd.,,,,,208783519.0,192119461.0,199137728.0
INVZW,Innoviz Technologies Ltd.,,,,,,192119461.0,
IOCT,Innovator International Developed Power Buffer ETF- October,,PCX,USD,,,,
ION,Proshares S&P Global Core Battery Metals ETF,,PCX,USD,,,,
IONAF,Iona Energy Inc.,,,,,370580868.0,,3705.0
IONKF,Ionic Brands Corp.,,,,,159213974.0,158921020.0,1592.0
IONL,GraniteShares 2x Long IONQ Daily ETF,,NGM,USD,,,,
IONQ,"IonQ, Inc.",United States,NYQ,USD,,354279591.0,347753761.0,16296860672.0
IONR,ioneer Ltd,,,,,66695241.0,2057601544.0,340145728.0
IONS,"Ionis Pharmaceuticals, Inc.",United States,NMS,USD,,161974393.0,160740148.0,12946614272.0
IONX,Defiance Daily Target 2X Long IONQ ETF,,NGM,USD,,,,
IONZ,Defiance Daily Target 2X Short IONQ ETF,,NGM,USD,,,,
IOO,iShares Global 100 ETF,,PCX,USD,,42750000.0,,5463450112.0
IOOXF,iShares Core Canadian Long Term Bond Index ETF,,,,,,,
IOPP,Simplify Tara India Opportunities ETF,,PCX,USD,,,,
IOR,"Income Opportunity Realty Investors, Inc.",United States,ASE,USD,,4066178.0,628265.0,71361424.0
IOSP,Innospec Inc.,United States,NMS,USD,,24777582.0,24482977.0,1946919808.0
IOT,Samsara Inc.,United States,NYQ,USD,,358191765.0,345821612.0,21049106432.0
IOTR,iOThree Limited,Singapore,NCM,USD,,733326.0,,7164817.0
IOVA,"Iovance Biotherapeutics, Inc.",United States,NGM,USD,,396967970.0,338653375.0,1131358720.0
IOYY,GraniteShares YieldBOOST IONQ ETF,,NGM,USD,,,,
IP,International Paper Company,United States,NYQ,USD,,528038317.0,525825836.0,21063448576.0
IPAC,iShares Core MSCI Pacific ETF,,PCX,USD,,,,
IPAR,"Interparfums, Inc.",US,NASDAQ NMS - GLOBAL MARKET,USD,1984-09-16,32064728.0,18068474.0,2746343936.0
IPAY,Amplify Digital Payments ETF,,PCX,USD,,,,
IPB,Merrill Lynch Depositor Inc.,,NYQ,USD,,,,
IPCMF,,,,,,,,
IPCX,Inflection Point Acquisition Corp. III,United States,NGM,USD,,26040000.0,21841959.0,349559648.0
IPCXR,Inflection Point Acquisition Corp. III,United States,NGM,USD,,,21841959.0,
IPCXU,Inflection Point Acquisition Corp. III,United States,NGM,USD,,,21841959.0,
IPDN,"Professional Diversity Network, Inc.",United States,NCM,USD,,4881963.0,2823630.0,6932387.0
IPEX,Inflection Point Acquisition Corp. V,United States,NGM,USD,,10919375.0,7965585.0,122428368.0
IPEXR,Inflection Point Acquisition Corp. V,United States,NGM,USD,,,7965585.0,
IPEXU,Inflection Point Acquisition Corp. V,United States,NGM,USD,,,7965585.0,
IPGP,IPG Photonics Corporation,United States,NMS,USD,,42124481.0,26811390.0,3174093568.0
IPHA,Innate Pharma S.A.,France,NMS,USD,,92179248.0,60140336.0,167017728.0
IPI,"Intrepid Potash, Inc.",United States,NYQ,USD,,13426932.0,10532590.0,382130464.0
IPITF,,,,,,,,
IPKW,Invesco International BuyBack Achievers ETF,,NGM,USD,,,,
IPM,Intelligent Protection Management Corp.,United States,NCM,USD,,9085729.0,5725917.0,23297096.0
IPO,Renaissance IPO ETF,,PCX,USD,,,,
IPOD,Dune Acquisition Corporation II,United States,NGM,USD,,14482813.0,13382792.0,206172352.0
IPODU,Dune Acquisition Corporation II,,,,,,13382792.0,
IPODW,Dune Acquisition Corporation II,United States,NGM,USD,,,13382792.0,
IPOS,Renaissance International IPO ETF,,PCX,USD,,,,
IPPIF,iShares II Public Limited Company - iShares Listed Private Equity UCITS ETF,,,,,,,
IPST,"Heritage Distilling Holding Company, Inc.",United States,NCM,USD,,9559321.0,8884608.0,19118642.0
IPW,iPower Inc.,United States,NCM,USD,,1049832.0,341699.0,10183380.0
IPWR,Ideal Power Inc.,United States,NCM,USD,,8511403.0,7125406.0,27576946.0
IPX,IperionX Limited,United States,NCM,USD,,33632268.0,266768388.0,1242712320.0
IQ,"iQIYI, Inc.",China,NMS,USD,,528516380.0,3610660956.0,1839251328.0
IQDF,FlexShares International Quality Dividend Index Fund,,PCX,USD,,,,
IQDY,FlexShares International Quality Dividend Dynamic Index Fund,,PCX,USD,,,,
IQHI,NYLI MacKay High Income ETF,,PCX,USD,,,,
IQI,Invesco Quality Municipal Income Trust,United States,NYQ,USD,,52883797.0,,523549568.0
IQLT,iShares MSCI Intl Quality Factor ETF,,PCX,USD,,,,
IQQQ,ProShares Nasdaq-100 High Income ETF,,NGM,USD,,,,
IQRA,NYLI CBRE Real Assets ETF,,PCX,USD,,,,
IQSI,NYLI Candriam International Equity ETF,,PCX,USD,,,,
IQSM,NYLI Candriam U.S. Mid Cap Equity ETF,,PCX,USD,,,,
IQST,iQSTEL Inc.,United States,NCM,USD,,4664306.0,4051166.0,13946275.0
IQSU,NYLI Candriam U.S. Large Cap Equity ETF,,,,,,,
IQSZ,Invesco Global Equity Net Zero ETF,,,,,,,
IQV,IQVIA Holdings Inc.,United States,NYQ,USD,,170300000.0,161737316.0,38644473856.0
IR,Ingersoll Rand Inc.,United States,NYQ,USD,,395110395.0,393774922.0,32304939008.0
IRBTQ,iRobot Corporation,,,,,31826203.0,26579706.0,4455668.0
IRD,"Opus Genetics, Inc.",United States,NCM,USD,,68964208.0,37881350.0,139307696.0
IRDM,Iridium Communications Inc.,United States,NMS,USD,,104745684.0,91591721.0,1826220416.0
IRE,Defiance Daily Target 2X Long IREN ETF,,PCX,USD,,,,
IREG,Themes ETF Trust - Leverage Shares 2x Long IREN Daily ETF,,NGM,USD,,,,
IREN,IREN Limited,Australia,NMS,USD,,328341694.0,257979108.0,13232169984.0
IRET,iREIT - MarketVector Quality REIT Index ETF,,PCX,USD,,,,
IRHOU,Iron Horse Acquisitions Corp. II,,NGM,USD,,,,
IRICF,Isras Investment Company Ltd,,,,,4954470.0,1169931.0,1020620800.0
IRIX,IRIDEX Corporation,United States,NCM,USD,,17189981.0,11299662.0,21143676.0
IRM,Iron Mountain Incorporated,,,,,295589491.0,292994215.0,24235382784.0
IRMD,IRADIMED CORPORATION,US,NASDAQ NMS - GLOBAL MARKET,USD,2014-07-16,12721156.0,7350284.0,1239676672.0
IRNES,,,,,,,,
IROC,Invesco Actively Managed Exchange-Traded Fund Trust - Invesco Rochester High Yield Municipal ETF,,,,,,,
IRON,"Disc Medicine, Inc.",US,NASDAQ NMS - GLOBAL MARKET,USD,2020-08-12,37750162.0,34530828.0,3032470528.0
IROQ,"IF Bancorp, Inc.",United States,NCM,USD,,3240867.0,1634078.0,87276576.0
IRRX,Integrated Rail and Resources Acquisition Corp.,,,,,5775561.0,,86344632.0
IRS,IRSA Inversiones y Representaciones Sociedad Anónima,Argentina,NYQ,USD,,77406923.0,266751375.0,1347643264.0
IRSIF,iShares IV Public Limited Company - iShares Fallen Angels High Yield Corporate Bond UCITS ETF,,,,,,,
IRT,"Independence Realty Trust, Inc.",United States,NYQ,USD,,239112982.0,224859196.0,4293357056.0
IRTC,"iRhythm Technologies, Inc.",United States,NMS,USD,,32219143.0,31902751.0,5689901056.0
IRTR,Ishares Lifepath Retirement ETF,,PCX,USD,,,,
IRVH,Global X Interest Rate Volatility & Inflation Hedge ETF,,PCX,USD,,,,
IRWD,"Ironwood Pharmaceuticals, Inc.",United States,NMS,USD,,162678647.0,118377998.0,520571648.0
ISAGF,iShares III Public Limited Company - iShares Emerging Asia Local Government Bond UCITS ETF,,,,,,,
ISBA,Isabella Bank Corporation,United States,NCM,USD,,7335096.0,6323220.0,379992256.0
ISCB,iShares Morningstar Small-Cap ETF,,PCX,USD,,,,
ISCCF,ISHARES III PLC,,,,,,,
ISCF,iShares MSCI Intl Small-Cap Multifactor ETF,,PCX,USD,,,,
ISCG,iShares Morningstar Small-Cap Growth ETF,,PCX,USD,,,,
ISCRF,iShares Public Limited Company - iShares Global Corp Bond UCITS ETF,,,,,,,
ISCV,iShares Morningstar Small-Cap Value ETF,,,,,,,
ISD,"PGIM High Yield Bond Fund, Inc.",,,,,33295864.0,,481458208.0
ISEP,Innovator International Developed Power Buffer ETF - September,,PCX,USD,,,,
ISFLF,iShares II Public Limited Company - iShares $ Floating Rate Bond UCITS ETF,,,,,,,
ISFTF,ISHARES EURP PROPERTY YLD UCITS,,,,,,,
ISFUF,,,,,,,,
ISGBF,iShares VI Public Limited Company - iShares Global Corporate Bond EUR Hedged UCITS ETF,,,,,,,
ISGPF,iShares V Public Limited Company - iShares Gold Producers UCITS ETF,,,,,,,
ISHAF,iShares Diversified Monthly Income ETF,,,,,,,
ISHDF,iShares IV Public Limited Company - iShares Digital Security UCITS ETF,,,,,,,
ISHG,iShares 1-3 Year International Treasury Bond ETF,,NGM,USD,,,,
ISHJF,,,,,,,,
ISHNF,,,,,,,,
ISHP,First Trust S-Network Global E-Commerce ETF,,,,,,,
ISHQF,,,,,,,,
ISIDF,,,,,,,,
ISJSF,ISHARES JANTZI SOCIAL INDEX ETF,,,,,,,
ISLUF,,,,,,,,
ISMD,Inspire Small/Mid Cap ETF,,PCX,USD,,,,
ISMJF,iShares VII Public Limited Company - iShares Core MSCI Pacific ex Japan UCITS ETF,,,,,,,
ISOU,IsoEnergy Ltd.,Canada,ASE,USD,,54793936.0,34027582.0,502940992.0
ISOUF,iShares Southeast Asia Trust - iShares USD Asia High Yield Bond ETF,,,,,,,
ISPO,Inspirato Incorporated,United States,NGM,USD,,12724272.0,6653852.0,52932968.0
ISPOW,Inspirato Incorporated,,,,,,6653852.0,
ISPR,Ispire Technology Inc.,United States,NCM,USD,,57275264.0,19813127.0,163234496.0
ISRA,VanEck Israel ETF,,PCX,USD,,,,
ISRG,"Intuitive Surgical, Inc.",United States,NMS,USD,,354496073.0,352333647.0,207131312128.0
ISRNF,iShares V Public Limited Company - iShares S&P 500 Consumer Discretionary Sector UCITS ETF,,,,,,,
ISRVF,iShares Public Limited Company - iShares MSCI Japan USD Hedged UCITS ETF (Acc),,,,,,,
ISSC,"Innovative Aerosystems, Inc.",United States,NMS,USD,,17752354.0,15523723.0,344395648.0
ISSEF,,,,,,,,
ISTB,iShares Core 1-5 Year USD Bond ETF,,NGM,USD,,,,
ISTR,Investar Holding Corporation,United States,NGM,USD,,9810435.0,9139990.0,267951856.0
ISTSF,,,,,,,,
ISUL,GraniteShares 2x Long ISRG Daily ETF,,,,,,,
ISUPF,iShares II Public Limited Company - iShares US Property Yield UCITS ETF,,,,,,,
ISUZY,Isuzu Motors Limited,,,,,689919984.0,512971012.0,10790348800.0
ISVAF,iShares VII Public Limited Company -  iShares NASDAQ 100 UCITS ETF,,,,,,,
ISVPF,iShares VII Public Limited Company - iShares MSCI EMU USD Hedged UCITS ETF (Acc),,,,,,,
ISWN,Amplify BlackSwan ISWN ETF,,PCX,USD,,,,
IT,"Gartner, Inc.",United States,NYQ,USD,,72077145.0,69616431.0,19131619328.0
ITAN,Sparkline Intangible Value ETF,,PCX,USD,,,,
ITDB,Ishares Lifepath Target Date 2030 ETF,,PCX,USD,,,,
ITDC,Ishares Lifepath Target Date 2035 ETF,,PCX,USD,,,,
ITDD,Ishares Lifepath Target Date 2040 ETF,,PCX,USD,,,,
ITDE,Ishares Lifepath Target Date 2045 ETF,,PCX,USD,,,,
ITDF,Ishares Lifepath Target Date 2050 ETF,,PCX,USD,,,,
ITDG,Ishares Lifepath Target Date 2055 ETF,,PCX,USD,,,,
ITDH,Ishares Lifepath Target Date 2060 ETF,,PCX,USD,,,,
ITDI,Ishares Lifepath Target Date 2065 ETF,,PCX,USD,,,,
ITDJ,iShares LifePath Target Date 2070 ETF,,PCX,USD,,,,
ITEQ,Amplify Bluestar Israel Technology ETF,,PCX,USD,,,,
ITGR,Integer Holdings Corporation,United States,NYQ,USD,,35038426.0,34690845.0,2763830784.0
ITHAU,ITHAX Acquisition Corp III,,NGM,USD,,,,
ITIC,Investors Title Company,United States,NMS,USD,,1887574.0,1515099.0,472459776.0
ITJTY,Intrum AB,,,,,135180813.0,106002784.0,554241344.0
ITOR,"Redox International Group, Corp.",,,,,54085000.0,,192001744.0
ITOT,iShares Core S&P Total U.S. Stock Market ETF,,PCX,USD,,318649984.0,,47998246912.0
ITP,"IT Tech Packaging, Inc.",China,ASE,USD,,16965420.0,16423714.0,4029287.0
ITRBF,Ishares PLC - Ishares Treasury Bond 0-1 year UCITS ETF,,,,,,,
ITRG,Integra Resources Corp.,Canada,ASE,USD,,181600287.0,158930183.0,815385280.0
ITRI,"Itron, Inc.",United States,NMS,USD,,44858794.0,45176182.0,4418000384.0
ITRN,Ituran Location and Control Ltd.,Israel,NMS,USD,,19893580.0,15970469.0,862983552.0
ITT,ITT Inc.,United States,NYQ,USD,,86040014.0,77698140.0,15305658368.0
ITUB,Itaú Unibanco Holding S.A.,Brazil,NYQ,USD,,11026524529.0,5935892674.0,80603889664.0
ITW,Illinois Tool Works Inc.,United States,NYQ,USD,,290100000.0,263120700.0,73592094720.0
ITXXF,Itaconix plc,,,,,13486122.0,8559642.0,24546442.0
IUAGF,iShares IV Public Limited Company - iShares Ageing Population UCITS ETF,,,,,,,
IUMDF,,,,,,,,
IUS,Invesco RAFI Strategic US ETF,,,,,,,
IUSB,iShares Core Universal USD Bond ETF,,NGM,USD,,,,
IUSG,iShares Core S&P U.S. Growth ETF,,,,,105750000.0,,18012397568.0
IUSHF,ISHARES IV PLC,,,,,,,
IUSV,iShares Core S&P U.S. Value ETF,,NGM,USD,,99500000.0,,10313175040.0
IUSZF,iShares IV Public Limited Company - iShares Edge MSCI USA Size Factor UCITS ETF,,,,,,,
IVA,Inventiva S.A.,France,NGM,USD,,191017947.0,101381444.0,864147008.0
IVAL,Alpha Architect International Quantitative Value ETF,,NGM,USD,,,,
IVCAF,Investcorp AI Acquisition Corp.,,,,,6494771.0,26044.0,77937264.0
IVCUF,Investcorp Europe Acquisition Corp I,,,,,,7805651.0,
IVDA,"Iveda Solutions, Inc.",United States,NCM,USD,,5874741.0,5764002.0,5261193.0
IVDAW,"Iveda Solutions, Inc.",United States,NCM,USD,,,5764002.0,
IVE,iShares S&P 500 Value ETF,,PCX,USD,,132950000.0,,28476561408.0
IVES,Dan IVES Wedbush AI Revolution ETF,,PCX,USD,,,,
IVF,"INVO Fertility, Inc.",United States,NCM,USD,,15130282.0,1520971.0,12673124.0
IVLU,iShares Edge MSCI Intl Value Factor ETF,,PCX,USD,,,,
IVOG,Vanguard S&P Mid-Cap 400 Growth Index Fund ETF Shares,,PCX,USD,,,,
IVOL,Quadratic Interest Rate Volatility and Inflation Hedge ETF New,,PCX,USD,,,,
IVOO,Vanguard S&P Mid-Cap 400 Index Fund ETF Shares,,PCX,USD,,,,
IVOV,Vanguard S&P Mid-Cap 400 Value Index Fund ETF Shares,,,,,,,
IVPEF,ISHARES V PLC,,,,,,,
IVR,Invesco Mortgage Capital Inc.,United States,NYQ,USD,,70945571.0,70690876.0,611550784.0
IVRS,iShares Future Metaverse Tech And Communications ETF,,PCX,USD,,,,
IVSI,Applied Finance IVS International Large ETF,,,,,,,
IVSS,Applied Finance IVS US SMID ETF,,NGM,USD,,,,
IVT,InvenTrust Properties Corp.,United States,NYQ,USD,,77619380.0,77094673.0,2216033024.0
IVTRF,,,,,,,,
IVUSF,Invesco Markets plc - Invesco Financial S&P US Select Sector UCITS ETF,,,,,,,
IVV,iShares Core S&P 500 ETF,,,,,621550016.0,,430901985280.0
IVVD,"Invivyd, Inc.",United States,NGM,USD,,277064852.0,118067391.0,745304512.0
IVW,iShares S&P 500 Growth ETF,,PCX,USD,,130800000.0,,16348691456.0
IVZ,Invesco Ltd.,United States,NYQ,USD,,445092900.0,333922046.0,12023183360.0
IWATF,iShares II Public Limited Company - iShares Global Water UCITS ETF,,,,,,,
IWB,iShares Russell 1000 ETF,,PCX,USD,,125250000.0,,47357026304.0
IWC,iShares Micro-Cap ETF,,PCX,USD,,,,
IWD,iShares Russell 1000 Value ETF,,PCX,USD,,305400000.0,,64882229248.0
IWDL,ETRACS 2x Leveraged US Value Factor TR ETN,,,,,,,
IWF,iShares Russell 1000 Growth ETF,,PCX,USD,,283200000.0,,136029454336.0
IWFG,NYLI Winslow Focused Large Cap Growth ETF,,PCX,USD,,,,
IWFL,ETRACS 2x Leveraged US Growth Factor TR ETN,,,,,,,
IWL,iShares Russell Top 200 ETF,,PCX,USD,,,,
IWLG,NYLI Winslow Large Cap Growth ETF,,,,,,,
IWM,iShares Russell 2000 ETF,,PCX,USD,,281049984.0,,70661586944.0
IWML,ETRACS 2x Leveraged US Size Factor TR ETN,,PCX,USD,,,,
IWMY,Defiance R2000 Target 30 Income ETF,,PCX,USD,,,,
IWN,iShares Russell 2000 Value ETF,,PCX,USD,,73500000.0,,13562220544.0
IWO,iShares Russell 2000 Growth ETF,,PCX,USD,,44750000.0,,14814935040.0
IWP,iShares Russell Mid-Cap Growth ETF,,PCX,USD,,76450000.0,,10677007360.0
IWR,iShares Russell Mid-Cap ETF,,PCX,USD,,349649984.0,,34209753088.0
IWS,iShares Russell Mid-Cap Value ETF,,PCX,USD,,120350000.0,,17214863360.0
IWSY,"ImageWare Systems, Inc.",,,,,347962742.0,284048946.0,34796.0
IWV,iShares Russell 3000 ETF,,PCX,USD,,54950000.0,,21530509312.0
IWX,iShares Russell Top 200 Value ETF,,PCX,USD,,,,
IWY,iShares Russell Top 200 Growth ETF,,PCX,USD,,,,
IX,ORIX Corporation,Japan,NYQ,USD,,1111009245.0,1118464153.0,32608122880.0
IXC,iShares Global Energy ETF,,PCX,USD,,25950000.0,,1075627520.0
IXDVF,,,,,,,,
IXG,iShares Global Financials ETF,,PCX,USD,,5450000.0,,667243520.0
IXJ,iShares Global Healthcare ETF,,PCX,USD,,35850000.0,,3520111616.0
IXN,iShares Global Tech ETF,,PCX,USD,,14900000.0,,1585360000.0
IXP,iShares Global Comm Services ETF,,PCX,USD,,4250000.0,,515397472.0
IXQUF,,,,,,,701035.0,
IXUAF,,,,,,,,
IXUS,iShares Core MSCI Total International Stock ETF,,NGM,USD,,,,
IYC,iShares US Consumer Discretionary ETF,,PCX,USD,,4500000.0,,471329984.0
IYE,iShares U.S. Energy ETF,,,,,20850000.0,,980367040.0
IYF,iShares U.S. Financials ETF,,,,,13650000.0,,1786102528.0
IYG,iShares U.S. Financial Services ETF,,PCX,USD,,10400000.0,,975935936.0
IYH,iShares U.S. Healthcare ETF,,PCX,USD,,11000000.0,,722809984.0
IYK,iShares US Consumer Staples ETF,,PCX,USD,,3750000.0,,252450000.0
IYM,iShares U.S. Basic Materials ETF,,PCX,USD,,4200000.0,,661920000.0
IYR,iShares U.S. Real Estate ETF,,PCX,USD,,49350000.0,,4654691840.0
IYT,iShares Transportation Average ETF,,,,,2800000.0,,211092000.0
IYW,iShares U.S. Technology ETF,,PCX,USD,,20650000.0,,4190297856.0
IYY,iShares Dow Jones U.S. ETF,,PCX,USD,,8250000.0,,1385174912.0
IZEA,"IZEA Worldwide, Inc.",,,,,17125752.0,13045370.0,76894624.0
IZIZF,iShares III Public Limited Company - iShares MSCI EM UCITS ETF USD (Acc),,,,,,,
IZM,ICZOOM Group Inc.,China,NCM,USD,,8188610.0,8021367.0,23194954.0
J,Jacobs Solutions Inc.,United States,NYQ,USD,,118088311.0,117197110.0,16064386048.0
JAAA,Janus Henderson AAA CLO ETF,,PCX,USD,,,,
JABS,Janus Henderson Asset-Backed Securities ETF,,PCX,USD,,,,
JACK,Jack in the Box Inc.,United States,NMS,USD,,18896824.0,14116116.0,388896640.0
JACS,Jackson Acquisition Company II,United States,NYQ,USD,,23840000.0,22264700.0,308031904.0
JACS.U,Jackson Acquisition Co II,US,"NEW YORK STOCK EXCHANGE, INC.",USD,2024-12-10,,,279.0
JADE,JPMorgan Active Developing Markets Equity ETF,,PCX,USD,,,,
JAGX,"Jaguar Health, Inc.",United States,NCM,USD,,4175837.0,2596257.0,4551662.0
JAKK,"JAKKS Pacific, Inc.",United States,NMS,USD,,11269529.0,8985872.0,188990000.0
JAMF,Jamf Holding Corp.,,,,,134062830.0,85939140.0,1742816768.0
JANX,"Janux Therapeutics, Inc.",US,NASDAQ NMS - GLOBAL MARKET,USD,2021-06-11,60147807.0,45018228.0,857106240.0
JAPN,Horizon Kinetics Japan Owner Operator ETF,,NGM,USD,,,,
JAVA,JPMorgan Active Value ETF,,PCX,USD,,,,
JAZZ,Jazz Pharmaceuticals plc,IE,NASDAQ NMS - GLOBAL MARKET,USD,2012-01-18,60765116.0,58869244.0,10359236608.0
JBBB,Janus Henderson B-BBB CLO ETF,,,,,,,
JBDI,JBDI Holdings Limited,Singapore,NCM,USD,,19254471.0,4471830.0,16354748.0
JBGS,JBG SMITH Properties,,,,,59181298.0,55542240.0,1091328640.0
JBHIF,JB Hi-Fi Limited,,,,,109333981.0,108415576.0,6916524032.0
JBHT,"J.B. Hunt Transport Services, Inc.",,,,,95218346.0,75694776.0,19193360384.0
JBI,"Janus International Group, Inc.",United States,NYQ,USD,,138825392.0,132708745.0,940296896.0
JBIO,"Jade Biosciences, Inc.",United States,NCM,USD,,49314337.0,29440391.0,811220864.0
JBK,"Corporate Backed Trust Certificates, Goldman Sachs Capital I Securities-Backed Series 2004-6 04-6 A1 3.50",,NYQ,USD,,,,
JBL,Jabil Inc.,,,,,106822960.0,105083630.0,25225363456.0
JBLU,JetBlue Airways Corporation,United States,NMS,USD,,363710720.0,327506955.0,1705803264.0
JBND,Jpmorgan Active Bond ETF,,NYQ,USD,,,,
JBS,JBS N.V.,Netherlands,NYQ,USD,,814216001.0,371301590.0,16147887104.0
JBSS,"John B. Sanfilippo & Son, Inc.",United States,NMS,USD,,9046833.0,8907625.0,835359104.0
JBTM,JBT Marel Corporation,United States,NYQ,USD,,51971372.0,51394490.0,8058161152.0
JCAP,"Jefferson Capital, Inc.",US,NASDAQ NMS - GLOBAL MARKET,USD,2025-06-26,58290473.0,6073284.0,1338932096.0
JCE,Nuveen Core Equity Alpha Fund,United States,NYQ,USD,,17002678.0,,273403072.0
JCHI,JPMorgan Active China ETF,,PCX,USD,,,,
JCI,Johnson Controls International plc,Ireland,NYQ,USD,,611135655.0,608685001.0,79874285568.0
JCSE,JE Cleantech Holdings Limited,Singapore,NCM,USD,,5260260.0,1806654.0,5733683.0
JCTC,Jewett-Cameron Trading Company Ltd.,United States,NCM,USD,,3518119.0,3474389.0,8162036.0
JD,"JD.com, Inc.",China,NMS,USD,,1419000000.0,2555630986.0,43376939008.0
JDIV,JPMorgan Dividend Leaders ETF,,PCX,USD,,,,
JDLGF,"JD Logistics, Inc.",,,,,6151296699.0,1871460040.0,14464994304.0
JDOC,Jpmorgan Healthcare Leaders ETF,,NGM,USD,,,,
JDST,Direxion Daily Junior Gold Miners Index Bear 2X Shares,,PCX,USD,,,,
JDVI,John Hancock Disciplined Value International Select ETF,,,,,,,
JDVL,John Hancock Disciplined Value Select ETF,,,,,,,
JDZG,JIADE Limited,China,NCM,USD,,2317123.0,38337.0,2863808.0
JEDI,Defiance Drone and Modern Warfare ETF,,PCX,USD,,,,
JEF,Jefferies Financial Group Inc.,United States,NYQ,USD,,206280296.0,163285294.0,13183373312.0
JELD,"JELD-WEN Holding, Inc.",United States,NYQ,USD,,85429710.0,84282389.0,210157088.0
JEMB,Janus Henderson Emerging Market,,PCX,USD,,,,
JENA,Jena Acquisition Corporation II,,NYQ,USD,,23225000.0,,294675744.0
JEPI,JPMorgan Equity Premium Income ETF,,,,,,,
JEPQ,JPMorgan Nasdaq Equity Premium Income ETF,,NGM,USD,,,,
JETD,MAX Airlines -3X Inverse Leveraged ETN,,PCX,USD,,,,
JETS,U.S. Global Jets ETF,,PCX,USD,,,,
JETU,MAX Airlines 3X Leveraged ETN,,PCX,USD,,,,
JEWL,Adamas One Corp.,,,,,38047648.0,28320386.0,190238.0
JFB,JFB Construction Holdings,United States,NCM,USD,,6115524.0,5096372.0,94607160.0
JFBR,Jeffs' Brands Ltd,Israel,NCM,USD,,3168809.0,545571.0,2768588.0
JFBRW,Jeffs' Brands Ltd,Israel,NCM,USD,,,545571.0,
JFIN,Jiayin Group Inc.,China,NGM,USD,,26369546.0,48110466.0,330891168.0
JFLI,JPMorgan Flexible Income ETF,,,,,,,
JFLX,JPMorgan Flexible Debt ETF,,PCX,USD,,,,
JFR,Nuveen Floating Rate Income Fund,United States,NYQ,USD,,160967425.0,,1260374912.0
JFU,9F Inc.,China,NGM,USD,,8715213.0,92451275.0,87122672.0
JG,Aurora Mobile Limited,CN,NASDAQ NMS - GLOBAL MARKET,CNY,2018-07-26,4698424.0,34629919.0,37987884.0
JGH,Nuveen Global High Income Fund,United States,NYQ,USD,,23405566.0,,294207968.0
JGLO,Jpmorgan Global Select Equity ETF,,NGM,USD,,,,
JGRO,JPMorgan Active Growth ETF,,PCX,USD,,,,
JGRW,Jensen Quality Growth ETF,,PCX,USD,,,,
JHAC,John Hancock Fundamental All Cap Core ETF,,PCX,USD,,,,
JHAI,Janus Henderson Global Artificial Intelligence ETF,,NGM,USD,,,,
JHCB,John Hancock Corporate Bond ETF,,PCX,USD,,,,
JHCP,JHancock Core Plus Bond ETF,,PCX,USD,,,,
JHCR,JHancock Core Bond ETF,,PCX,USD,,,,
JHDV,John Hancock U.S. High Dividend ETF,,PCX,USD,,,,
JHEM,John Hancock Multifactor Emerging Markets ETF,,PCX,USD,,,,
JHG,Janus Henderson Group plc,United Kingdom,NYQ,USD,,149399212.0,88695948.0,7362345984.0
JHHY,John Hancock High Yield ETF,,,,,,,
JHI,John Hancock Investors Trust,United States,NYQ,USD,,8744547.0,,119162832.0
JHID,John Hancock International High Dividend ETF,,PCX,USD,,,,
JHLN,JHancock Global Senior Loan ETF,,,,,,,
JHMB,John Hancock Mortgage Backed Securities ETF,,PCX,USD,,,,
JHMD,John Hancock Multifactor Developed International ETF,,PCX,USD,,,,
JHML,John Hancock Multifactor Large Cap ETF,,PCX,USD,,,,
JHMM,John Hancock Multifactor Mid Cap ETF,,PCX,USD,,,,
JHMU,John Hancock Dynamic Municipal Bond ETF,,PCX,USD,,,,
JHPI,John Hancock Preferred Income ETF,,PCX,USD,,,,
JHS,John Hancock Income Securities Trust,United States,NYQ,USD,,11646585.0,,134518064.0
JHSC,John Hancock Multifactor Small Cap ETF,,,,,,,
JHX,James Hardie Industries plc,Ireland,NYQ,USD,,579655119.0,575363133.0,12195943424.0
JIAXF,Jiangxi Copper Company Limited,,,,,1387482000.0,1849977376.0,27986966528.0
JIG,JPMorgan International Growth ETF,,PCX,USD,,,,
JIII,Janus Henderson Income ETF,,PCX,USD,,,,
JILL,"J.Jill, Inc.",US,"NEW YORK STOCK EXCHANGE, INC.",USD,2017-03-09,15115353.0,6052338.0,220040560.0
JIRE,JPMorgan International Research Enhanced Equity ETF,,PCX,USD,,,,
JIVE,Jpmorgan International Value ETF,,NGM,USD,,,,
JJSF,J&J Snack Foods Corp.,US,NASDAQ NMS - GLOBAL MARKET,USD,1986-02-04,19343158.0,15410501.0,1749368960.0
JKHY,"Jack Henry & Associates, Inc.",United States,NMS,USD,,72377132.0,71885691.0,13525174272.0
JKS,"JinkoSolar Holding Co., Ltd.",China,NYQ,USD,,51652441.0,125322524.0,1417342976.0
JL,J-Long Group Limited,Hong Kong,NCM,USD,,1652701.0,1652703.0,23585872.0
JLHL,Julong Holding Limited,China,NCM,USD,,11448632.0,1351552.0,93087064.0
JLL,Jones Lang LaSalle Incorporated,United States,NYQ,USD,,47194630.0,46683512.0,16439392256.0
JLQD,Janus Henderson Corporate Bond ETF,,PCX,USD,,,,
JLS,Nuveen Mortgage and Income Fund,United States,NYQ,USD,,5476626.0,,99838888.0
JMBS,Janus Henderson Mortgage-Backed Securities ETF,,PCX,USD,,,,
JMEE,JPMorgan Small & Mid Cap Enhanced Equity ETF,,PCX,USD,,,,
JMG,JM Group Limited,Hong Kong,ASE,USD,,19750000.0,,110600000.0
JMHI,J P Morgan Exchange-Traded Fund Trust - High Yield Municipal Etf Fund,,PCX,USD,,,,
JMIA,Jumia Technologies AG,Germany,NYQ,USD,,122462825.0,180128120.0,1463430784.0
JMID,Janus Henderson Mid Cap Growth Alpha ETF,,NGM,USD,,,,
JMM,Nuveen Multi-Market Income Fund,United States,NYQ,USD,,9462350.0,,57152592.0
JMMF,J.P. Morgan Exchange-Traded Fund Trust - JPMorgan 100% U.S. Treasury Securities Money Market ETF,United States,PCX,USD,,,,
JMOM,JPMorgan U.S. Momentum Factor ETF,,PCX,USD,,,,
JMSB,"John Marshall Bancorp, Inc.",United States,NCM,USD,,14175540.0,12155506.0,289748032.0
JMSI,J P Morgan Exchange-Traded Fund Trust - Sustainable Municipal Income Etf Fund,,PCX,USD,,,,
JMTG,JPMorgan Mortgage-Backed Securities ETF,,PCX,USD,,,,
JNJ,Johnson & Johnson,United States,NYQ,USD,,2409295102.0,2405512509.0,500241956864.0
JNK,State Street SPDR Bloomberg High Yield Bond ETF,,PCX,USD,,89274600.0,,8673920000.0
JNUG,Direxion Daily Junior Gold Miners Index Bull 2X Shares,,PCX,USD,,,,
JOB,GEE Group Inc.,United States,ASE,USD,,110005722.0,83568047.0,21275106.0
JOBY,"Joby Aviation, Inc.",United States,NYQ,USD,,911783173.0,592075521.0,12655550464.0
JOBY.WS,,,,,,,,
JOE,The St. Joe Company,United States,NYQ,USD,,57744530.0,56940149.0,3406161152.0
JOET,Virtus Terranova U.S. Quality Momentum ETF,,,,,,,
JOF,"Japan Smaller Capitalization Fund, Inc.",Japan,NYQ,USD,,28333893.0,,306856064.0
JOJO,ATAC Credit Rotation ETF,,PCX,USD,,,,
JOUT,Johnson Outdoors Inc.,United States,NMS,USD,,9203034.0,5812533.0,455820800.0
JOYY,JOYY Inc.,Singapore,NMS,USD,,34653056.0,536722397.0,3388412160.0
JPAN,Matthews Japan Active ETF,,PCX,USD,,,,
JPC,Nuveen Preferred & Income Opportunities Fund,United States,NYQ,USD,,356958950.0,,2891367680.0
JPEF,JPMorgan Equity Focus ETF,,,,,,,
JPEM,JPMorgan Diversified Return Emerging Markets Equity ETF,,PCX,USD,,,,
JPIB,JPMorgan International Bond Opportunities ETF,,,,,,,
JPIE,JPMorgan Income ETF,,PCX,USD,,,,
JPIN,JPMorgan Diversified Return International Equity ETF,,PCX,USD,,,,
JPLD,J P Morgan Exchange-Traded Fund Trust - Limited Duration Bond ETF,,,,,,,
JPM,JPMorgan Chase & Co.,United States,NYQ,USD,,2722262295.0,2707970418.0,901671813120.0
JPMB,JPMorgan USD Emerging Markets Sovereign Bond ETF,,PCX,USD,,,,
JPME,JPMorgan Diversified Return U.S. Mid Cap Equity ETF,,PCX,USD,,,,
JPMIF,JPMorgan ETFs (Ireland) ICAV - BetaBuilders US Treasury Bond 0-1 Year UCITS ETF Fund,,,,,,,
JPMO,YieldMax JPM Option Income Strategy ETF,,PCX,USD,,,,
JPRE,JPMorgan Realty Income ETF,,PCX,USD,,,,
JPSE,JPMorgan Diversified Return U.S. Small Cap Equity ETF,,PCX,USD,,,,
JPST,JPMorgan Ultra-Short Income ETF,,PCX,USD,,148400000.0,,7531299840.0
JPSV,Jpmorgan Active Small Cap Value ETF,,,,,,,
JPUS,JPMorgan Diversified Return U.S. Equity ETF,,,,,,,
JPXN,iShares JPX-Nikkei 400 ETF,,PCX,USD,,1950000.0,,169298992.0
JPY,Lazard Japanese Equity ETF,,NGM,USD,,,,
JQC,Nuveen Credit Strategies Income Fund,United States,NYQ,USD,,147816679.0,,746474240.0
JQUA,JPMorgan U.S. Quality Factor ETF,,PCX,USD,,,,
JRE,Janus Henderson U.S. Real Estate ETF,,PCX,USD,,,,
JRI,Nuveen Real Asset Income and Growth Fund,United States,NYQ,USD,,27416679.0,,369302688.0
JRONF,"Jerónimo Martins, SGPS, S.A.",,,,,628434220.0,274877128.0,14812194816.0
JRONY,"Jerónimo Martins, SGPS, S.A.",,,,,314217110.0,274877128.0,14846758912.0
JRS,Nuveen Real Estate Income Fund,United States,NYQ,USD,,28892471.0,,221605264.0
JRSH,"Jerash Holdings (US), Inc.",United States,NCM,USD,,12699940.0,6149565.0,38480816.0
JRUDF,,,,,,,,
JRVR,"James River Group Holdings, Inc.",US,NASDAQ NMS - GLOBAL MARKET,USD,2014-12-12,45965839.0,40483953.0,293721696.0
JSCP,JPMorgan Short Duration Core Plus ETF,,PCX,USD,,,,
JSI,Janus Henderson Securitized Income ETF,,PCX,USD,,,,
JSM,Navient Corporation SR NT 6% 121543,,NMS,USD,,274104000.0,,5495784960.0
JSMD,Janus Henderson Small/Mid Cap Growth Alpha ETF,,NGM,USD,,,,
JSML,Janus Henderson Small Cap Growth Alpha ETF,,NGM,USD,,,,
JSPR,"Jasper Therapeutics, Inc.",United States,NCM,USD,,27984039.0,21701342.0,49251912.0
JSPRW,"Jasper Therapeutics, Inc.",United States,NCM,USD,,,21701342.0,
JSTC,Adasina Social Justice All Cap Global ETF,,PCX,USD,,,,
JTAI,Jet.AI Inc.,United States,NCM,USD,,4237256.0,3897330.0,3087688.0
JTEK,JPMorgan U.S. Tech Leaders ETF,,NGM,USD,,,,
JUCY,Aptus Enhanced Yield ETF,,,,,,,
JULB,Aptus July Buffer ETF,,,,,,,
JULZ,Trueshares Structured Outcome (July) ETF,,,,,,,
JUNS,"Jupiter Neurosciences, Inc.",United States,NCM,USD,,34426355.0,16475421.0,39246044.0
JUNW,AllianzIM U.S. Large Cap Buffer20 Jun ETF,,,,,,,
JUSA,JPMorgan U.S. Research Enhanced Large Cap ETF,,PCX,USD,,,,
JUST,Goldman Sachs JUST U.S. Large Cap Equity ETF,,PCX,USD,,,,
JVA,"Coffee Holding Co., Inc.",United States,NCM,USD,,5708599.0,4601702.0,23519432.0
JVAL,JPMorgan U.S. Value Factor ETF,,,,,,,
JWCTF,JW (Cayman) Therapeutics Co. Ltd,,,,,416232634.0,319035978.0,218315936.0
JWEL,Jowell Global Ltd.,China,NCM,USD,,2170475.0,1829168.0,4861864.0
JWGJ,Guangdong Jiangwang International Holdings Inc.,,,,,1525342.0,,1220274.0
JWSUF,Jaws Mustang Acquisition Corp.,,,,,,89577.0,
JXG,JX Luxventure Group Inc.,China,NCM,USD,,1206262.0,204508.0,9806918.0
JXI,iShares Global Utilities ETF,,PCX,USD,,,,
JXN,Jackson Financial Inc.,United States,NYQ,USD,,67969862.0,66819812.0,7536984064.0
JYD,Jayud Global Logistics Limited,China,NCM,USD,,2625676.0,643830.0,11536927.0
JYNT,The Joint Corp.,United States,NCM,USD,,14866192.0,7954453.0,133050928.0
JZ,Jianzhi Education Technology Group Company Limited,China,NCM,USD,,7705333.0,102559581.0,10083645.0
JZXN,"Jiuzi Holdings, Inc.",CN,NASDAQ NMS - GLOBAL MARKET,USD,2021-05-18,1392834.0,1375034.0,2493172.0
KAI,Kadant Inc.,United States,NYQ,USD,,11778135.0,11649871.0,3461829632.0
KALU,Kaiser Aluminum Corporation,United States,NMS,USD,,16206255.0,15745344.0,1905045376.0
KALV,"KalVista Pharmaceuticals, Inc.",United States,NGM,USD,,50546293.0,30381355.0,766787264.0
KALY,"Kali, Inc.",,,,,1018240706.0,,50912.0
KAPA,"Kairos Pharma, Ltd.",,,,,20821353.0,11835690.0,14741517.0
KAPR,Innovator Russell 2000 Power Buffer ETF - April,,,,,,,
KARO,Karooooo Ltd.,Singapore,NCM,USD,,30893300.0,7512633.0,1463724544.0
KARS,KraneShares Electric Vehicles and Future Mobility Index ETF,,PCX,USD,,,,
KAT,Scharf ETF,,,,,,,
KB,KB Financial Group Inc.,South Korea,NYQ,USD,,361281975.0,352627378.0,31883292672.0
KBA,KraneShares Bosera MSCI China A 50 Connect Index ETF,,PCX,USD,,,,
KBAB,KraneShares 2x Long BABA Daily ETF,,NGM,USD,,,,
KBCSF,KBC Group NV,,,,,396681930.0,250588348.0,52114210816.0
KBDC,"Kayne Anderson BDC, Inc.",United States,NYQ,USD,,68395751.0,,1043127680.0
KBDU,KraneShares 2x Long BIDU Daily ETF,,NGM,USD,,,,
KBE,State Street SPDR S&P Bank ETF,,PCX,USD,,,,
KBH,KB Home,United States,NYQ,USD,,63200000.0,60596792.0,3621992192.0
KBONU,Karbon Capital Partners Corp.,United States,NGM,USD,,,,
KBR,"KBR, Inc.",United States,NYQ,USD,,126989628.0,125366701.0,5182010368.0
KBSX,FST Corp.,Taiwan,NGM,USD,,44766003.0,9254923.0,61777084.0
KBUF,KraneShares 90% KWEB Defined Outcome January 2027 ETF,,PCX,USD,,,,
KBWB,Invesco KBW Bank ETF,,NGM,USD,,,,
KBWD,Invesco KBW High Dividend Yield Financial ETF,,,,,,,
KBWP,Invesco KBW Property & Casualty Insurance ETF,,NGM,USD,,,,
KBWR,Invesco KBW Regional Banking ETF,,NGM,USD,,,,
KBWY,Invesco KBW Premium Yield Equity REIT ETF,,NGM,USD,,,,
KC,Kingsoft Cloud Holdings Limited,,,,,295818557.0,2345109015.0,3174132992.0
KCAI,KraneShares Trust - KraneShares China Alpha Index ETF,,PCX,USD,,,,
KCCA,KraneShares California Carbon Allowance ETF,,PCX,USD,,,,
KCE,State Street SPDR S&P Capital Markets ETF,,PCX,USD,,700000.0,,107204992.0
KCHV,Kochav Defense Acquisition Corp.,,NGM,USD,,25824050.0,,347027296.0
KCHVR,Kochav Defense Acquisition Corp.,,NGM,USD,,,,
KCHVU,Kochav Defense Acquisition Corp.,US,NASDAQ NMS - GLOBAL MARKET,USD,2025-05-28,,,346.0
KCSH,Kraneshares Sustainable Ultra Short Duration Index ETF,,PCX,USD,,,,
KD,"Kyndryl Holdings, Inc.",United States,NYQ,USD,,228564347.0,225115311.0,6291738624.0
KDEF,PLUS Korea Defense Industry Index ETF,,PCX,USD,,,,
KDK,"Kodiak AI, Inc.",United States,NGM,USD,,181207392.0,81706852.0,1866436224.0
KDKRW,"Kodiak AI, Inc.",,,,,,81706852.0,
KDP,Keurig Dr Pepper Inc.,United States,NMS,USD,,1358583125.0,1210049232.0,38176186368.0
KDRN,Kingsbarn Tactical Bond ETF,,PCX,USD,,,,
KDVD,Keeley Dividend ETF,,PCX,USD,,,,
KE,"Kimball Electronics, Inc.",United States,NMS,USD,,24338363.0,23869119.0,712352192.0
KEAT,Keating Active ETF,,NGM,USD,,,,
KELYA,"Kelly Services, Inc.",United States,NMS,USD,,32043065.0,30529367.0,304268832.0
KELYB,"Kelly Services, Inc.",United States,NMS,USD,,3295941.0,30529367.0,299710112.0
KEMQ,KraneShares FTSE Emerging Markets Consumer Technology Index ETF,,PCX,USD,,,,
KEMX,KraneShares MSCI Emerging Markets ex China Index ETF,,,,,,,
KEN,Kenon Holdings Ltd.,Singapore,NYQ,USD,,52150242.0,20905000.0,3352739072.0
KEP,Korea Electric Power Corporation,South Korea,NYQ,USD,,1283928154.0,304297392.0,21942333440.0
KEQU,Kewaunee Scientific Corporation,United States,NGM,USD,,2866384.0,2157269.0,108922592.0
KEUA,KraneShares European Carbon Allowance Strategy ETF,,PCX,USD,,,,
KEX,Kirby Corporation,United States,NYQ,USD,,54200000.0,59544266.0,6187661824.0
KEY,KeyCorp,United States,NYQ,USD,,1085908470.0,1088668132.0,23158966272.0
KEY.PRL,,,,,,,,
KEYS,"Keysight Technologies, Inc.",United States,NYQ,USD,,171817127.0,170672825.0,35401199616.0
KF,"The Korea Fund, Inc.",United States,NYQ,USD,,4158348.0,,150030480.0
KFFB,Kentucky First Federal Bancorp,United States,NGM,USD,,8086715.0,3030335.0,36390216.0
KFII,K&F Growth Acquisition Corp. II,United States,NGM,USD,,29672727.0,27176185.0,405122528.0
KFIIR,K&F Growth Acquisition Corp. II,United States,NGM,USD,,,27176185.0,
KFIIU,K&F Growth Acquisition Corp. II,United States,NGM,USD,,25829000.0,27176185.0,277661760.0
KFRC,Kforce Inc.,United States,NYQ,USD,,18141000.0,16095722.0,584194560.0
KFS,Kingsway Financial Services Inc.,United States,NYQ,USD,,28612850.0,15735931.0,397718592.0
KFY,Korn Ferry,United States,NYQ,USD,,52194944.0,51696482.0,3515435008.0
KG,Kestrel Group Ltd,Bermuda,NCM,USD,,7741943.0,4415772.0,78890408.0
KGC,Kinross Gold Corporation,Canada,NYQ,USD,,1207100000.0,1199471128.0,36308955136.0
KGEI,Kolibri Global Energy Inc.,United States,NCM,USD,,35357258.0,17971741.0,148875488.0
KGFTY,,,,,,,,
KGRI,"The Kiley Group, Inc.",,,,,3029349888.0,,302933.0
KGRN,KraneShares MSCI China Clean Technology ETF,,,,,,,
KGRO,KraneShares China Innovation ETF,,,,,,,
KGS,"Kodiak Gas Services, Inc.",US,"NEW YORK STOCK EXCHANGE, INC.",USD,2023-06-29,85683860.0,86388268.0,3114608128.0
KHC,The Kraft Heinz Company,United States,NMS,USD,,1183655579.0,852362219.0,28561606656.0
KHOB,,,,,,8092000.0,2092025.0,20230000.0
KHYB,KraneShares Asia Pacific High Income USD Bond ETF,,PCX,USD,,,,
KIDS,OrthoPediatrics Corp.,United States,NGM,USD,,25077330.0,15480988.0,434840896.0
KIDZW,"Classover Holdings, Inc.",United States,NCM,USD,,,21493399.0,
KIE,State Street SPDR S&P Insurance ETF,,PCX,USD,,,,
KIGRY,KION GROUP AG,,,,,524499084.0,70103103.0,10411307008.0
KIM,Kimco Realty Corporation,,,,,677194052.0,661159142.0,13787693056.0
KINS,"Kingstone Companies, Inc.",United States,NCM,USD,,14147428.0,11444137.0,244891968.0
KIO,KKR Income Opportunities Fund,United States,NYQ,USD,,40985165.0,,478706720.0
KJD,Kraneshares 2x Long JD Daily ETF,,NGM,USD,,,,
KKOYY,Kesko Oyj,FI,NASDAQ OMX HELSINKI LTD.,EUR,1960-01-01,542341598.0,327046654.0,8853630976.0
KKR,KKR & Co. Inc.,United States,NYQ,USD,,891353410.0,684488111.0,120749490176.0
KKRS,KKR Group Finance Co. IX LLC 4.,,,,,,,
KKRT,KKR & Co. Inc. 6.875% Subordina,,NYQ,USD,,,,
KLAC,KLA Corporation,United States,NMS,USD,,131392338.0,131075682.0,168503525376.0
KLAG,Themes ETF Trust - Leverage Shares 2X Long KLAC Daily ETF,,NGM,USD,,,,
KLAR,Klarna Group plc,United Kingdom,NYQ,USD,,377255045.0,218547620.0,11162976256.0
KLC,"KinderCare Learning Companies, Inc.",United States,NYQ,USD,,118318554.0,31802844.0,506403424.0
KLIC,"Kulicke and Soffa Industries, Inc.",Singapore,NMS,USD,,52363000.0,50428711.0,2447970304.0
KLIP,KraneShares KWEB Covered Call Strategy ETF,,PCX,USD,,,,
KLMN,Invesco MSCI North America Climate ETF,,PCX,USD,,,,
KLMR,KLM Royal Dutch Airlines,NL,NYSE EURONEXT - EURONEXT BRUSSELS,EUR,2014-12-05,46809698.0,8191697.0,32766.0
KLMT,Invesco MSCI Global Climate 500 ETF,,PCX,USD,,,,
KLRS,"Kalaris Therapeutics, Inc.",United States,NGM,USD,,18702418.0,3127044.0,173090880.0
KLTOW,"Klotho Neurosciences, Inc.",,,,,,58983961.0,
KLTR,"Kaltura, Inc.",United States,NMS,USD,,141890418.0,85585134.0,256455872.0
KLXE,"KLX Energy Services Holdings, Inc.",US,NASDAQ NMS - GLOBAL MARKET,USD,2018-08-29,17838125.0,11602095.0,28187922.0
KLXY,Kraneshares Global Luxury Index ETF,,PCX,USD,,,,
KMB,Kimberly-Clark Corporation,United States,NMS,USD,,331893116.0,330713509.0,33521205248.0
KMDA,Kamada Ltd.,Israel,NMS,USD,,57681590.0,9549865.0,408369056.0
KMI,"Kinder Morgan, Inc.",United States,NYQ,USD,,2224760390.0,1938455975.0,60491235328.0
KMID,Virtus KAR Mid-Cap ETF,,PCX,USD,,,,
KMLI,KraneShares 2x Long MELI Daily ETF,,NGM,USD,,,,
KMLM,KraneShares Mount Lucas Managed Futures Index Strategy ETF,,,,,,,
KMPB,Kemper Corporation 5.875% Fixed,,NYQ,USD,,,,
KMPR,Kemper Corporation,United States,NYQ,USD,,58546860.0,57863618.0,2567434496.0
KMRK,K-TECH Solutions Company Limited,Hong Kong,NCM,USD,,16600000.0,4251195.0,23421000.0
KMT,Kennametal Inc.,United States,NYQ,USD,,76021577.0,74906844.0,2232119040.0
KMTS,"Kestra Medical Technologies, Ltd.",US,NASDAQ NMS - GLOBAL MARKET,USD,2025-03-06,58349053.0,30837475.0,1583009792.0
KMX,"CarMax, Inc.",,,,,141796641.0,140921756.0,5766604800.0
KN,Knowles Corporation,United States,NYQ,USD,,85151884.0,83606377.0,1880938624.0
KNCRY,Konecranes Plc,FI,NASDAQ OMX HELSINKI LTD.,EUR,1996-03-27,396071345.0,63578957.0,8210558976.0
KNCT,Invesco Next Gen Connectivity E,,,,,,,
KNDI,"Kandi Technologies Group, Inc.",China,NMS,USD,,82044298.0,70234626.0,72752464.0
KNF,Knife River Corporation,United States,NYQ,USD,,56664165.0,56456774.0,4175015680.0
KNGZ,First Trust S&P 500 Diversified Dividend Aristocrats ETF,,,,,,,
KNKT,Kunekt Corporation,,,,,62000000.0,,6200.0
KNO,AXS Knowledge Leaders ETF,,PCX,USD,,,,
KNOP,KNOT Offshore Partners LP,United Kingdom,NYQ,USD,,34045081.0,22076629.0,370689664.0
KNOW,Fundamentals First ETF,,,,,,,
KNRG,Simplify Kayne Anderson Energy and Infrastructure Credit ETF,,PCX,USD,,,,
KNRX,Knorex Ltd.,SG,NYSE MKT LLC,USD,2025-09-29,25642538.0,15944256.0,46851596.0
KNSA,"Kiniksa Pharmaceuticals International, plc",United Kingdom,NMS,USD,,45161019.0,35166200.0,3183421952.0
KNSL,"Kinsale Capital Group, Inc.",United States,NYQ,USD,,23263426.0,22033954.0,9165987840.0
KNTK,Kinetik Holdings Inc.,United States,NYQ,USD,,64027442.0,46627344.0,2270413056.0
KNX,Knight-Swift Transportation Holdings Inc.,United States,NYQ,USD,,162339000.0,157614935.0,8651045888.0
KO,The Coca-Cola Company,United States,NYQ,USD,,4301608845.0,3868823979.0,300697223168.0
KOCT,Innovator U.S. Small Cap Power Buffer ETF - October,,,,,,,
KOD,Kodiak Sciences Inc.,United States,NGM,USD,,61048428.0,27193797.0,1824737536.0
KODK,Eastman Kodak Company,United States,NYQ,USD,,96400000.0,70502140.0,842536000.0
KOF,"Coca-Cola FEMSA, S.A.B. de C.V.",Mexico,NYQ,USD,,210083226.0,525208068.0,20304543744.0
KOID,KraneShares Global Humanoid and Embodied Intelligence Index ETF,,NGM,USD,,,,
KOKU,Xtrackers MSCI Kokusai Equity ETF,,PCX,USD,,,,
KOLD,ProShares UltraShort Bloomberg Natural Gas,,,,,,,
KOMP,State Street SPDR S&P Kensho New Economies Composite ETF,,PCX,USD,,,,
KONEF,Wellbeing Digital Sciences Inc.,,,,,129971885.0,129201152.0,1299.0
KOOL,North Shore Equity Rotation ETF,,PCX,USD,,,,
KOP,Koppers Holdings Inc.,US,"NEW YORK STOCK EXCHANGE, INC.",USD,2006-02-01,19613926.0,18634407.0,531333504.0
KOPN,Kopin Corporation,United States,NCM,USD,,176359687.0,149689452.0,419736064.0
KORE,"KORE Group Holdings, Inc.",United States,NYQ,USD,,17539937.0,7252413.0,77000320.0
KORP,American Century Diversified Corporate Bond ETF,,PCX,USD,,,,
KORU,Direxion Daily South Korea Bull 3X Shares,,PCX,USD,,,,
KOS,Kosmos Energy Ltd.,United States,NYQ,USD,,478326954.0,461078484.0,416479264.0
KOSS,Koss Corporation,United States,NCM,USD,,9456438.0,5476412.0,42459404.0
KOYN,"CSLM Digital Asset Acquisition Corp III, Ltd",United States,NGM,USD,,23891250.0,23854629.0,314001248.0
KOYNU,"CSLM Digital Asset Acquisition Corp III, Ltd",,,,,,23854629.0,
KOYNW,"CSLM Digital Asset Acquisition Corp III, Ltd",,,,,,23854629.0,
KPDD,KraneShares 2x Long PDD Daily ETF,,,,,,,
KPHO,KraneShares Dragon Capital Viet,,PCX,USD,,,,
KPLT,"Katapult Holdings, Inc.",United States,NGM,USD,,4720466.0,3901051.0,32335192.0
KPLTW,"Katapult Holdings, Inc.",,,,,,3901051.0,
KPRO,KraneShares 100% KWEB Defined Outcome January 2027 ETF,,,,,,,
KPRX,"Kiora Pharmaceuticals, Inc.",United States,NCM,USD,,3677935.0,3558300.0,7245532.0
KPTI,Karyopharm Therapeutics Inc.,United States,NMS,USD,,17050876.0,16000542.0,126858520.0
KQQQ,Kurv Technology Titans Select ETF,,NGM,USD,,,,
KR,The Kroger Co.,United States,NYQ,USD,,632849160.0,739988920.0,41914396672.0
KRBN,KraneShares Global Carbon ETF,,PCX,USD,,,,
KRC,Kilroy Realty Corporation,United States,NYQ,USD,,118305702.0,99128348.0,4547700224.0
KRE,State Street SPDR S&P Regional Banking ETF,,PCX,USD,,,,
KREF,KKR Real Estate Finance Trust Inc.,United States,NYQ,USD,,65488680.0,54186644.0,559560704.0
KRG,Kite Realty Group Trust,,,,,216505973.0,214778255.0,5415457280.0
KRKR,36Kr Holdings Inc.,China,NCM,USD,,1778607.0,756341693.0,8868474.0
KRMA,Global X Conscious Companies ETF,,,,,,,
KRMD,"KORU Medical Systems, Inc.",United States,NCM,USD,,46322655.0,33985079.0,288590144.0
KRMN,Karman Holdings Inc.,United States,NYQ,USD,,132322435.0,102134395.0,10261605376.0
KRNT,Kornit Digital Ltd.,Israel,NMS,USD,,45972712.0,41015006.0,666144576.0
KRNVF,Karnov Group AB (publ),SE,NASDAQ OMX NORDIC,SEK,2019-04-11,,,10733.0
KRNY,Kearny Financial Corp.,United States,NMS,USD,,62832521.0,59367307.0,476270496.0
KRO,"Kronos Worldwide, Inc.",US,"NEW YORK STOCK EXCHANGE, INC.",USD,2003-12-04,115053116.0,21510331.0,528093824.0
KROP,Global X AgTech & Food Innovation ETF,,NGM,USD,,,,
KROS,"Keros Therapeutics, Inc.",United States,NGM,USD,,30466069.0,21668382.0,640701440.0
KRP,"Kimbell Royalty Partners, LP",,,,,93396488.0,88351210.0,1249343360.0
KRRO,"Korro Bio, Inc.",United States,NCM,USD,,9417295.0,5778546.0,76468432.0
KRSOF,Karsan Otomotiv Sanayii ve Ticaret A.S.,,,,,900000000.0,307827000.0,444600000.0
KRSP,Rice Acquisition Corporation 3,,NYQ,USD,,34502500.0,,472906720.0
KRSP.WS,,,,,,,,
KRT,Karat Packaging Inc.,United States,NMS,USD,,20099505.0,8662485.0,458469664.0
KRUS,"Kura Sushi USA, Inc.",United States,NGM,USD,,11111427.0,5878790.0,683571776.0
KRYAF,Kerry Group plc,,,,,161104286.0,163764696.0,14481390592.0
KRYS,"Krystal Biotech, Inc.",United States,NMS,USD,,28997519.0,22881362.0,7312304640.0
KSA,iShares MSCI Saudi Arabia ETF,,PCX,USD,,,,
KSCP,"Knightscope, Inc.",United States,NCM,USD,,11172438.0,11169811.0,45575092.0
KSMMF,,,,,,,,
KSPI,Joint Stock Company Kaspi.kz,Kazakhstan,NMS,USD,,190784522.0,80488174.0,15824950272.0
KSPY,Kraneshares Hedgeye Hedged Equity Index ETF,,PCX,USD,,,,
KSS,Kohl's Corporation,,,,,112189191.0,110973060.0,2419920896.0
KSTR,KraneShares SSE STAR Market 50 Index ETF,,PCX,USD,,,,
KT,KT Corporation,South Korea,NYQ,USD,,482190126.0,213521021.0,9233940480.0
KTB,"Kontoor Brands, Inc.",United States,NYQ,USD,,55593612.0,54695775.0,3496838400.0
KTBA,Corts Trust for BellSouth Debentures,,,,,,,
KTCC,Key Tronic Corporation,United States,NGM,USD,,10859269.0,10007577.0,28016914.0
KTEC,KraneShares Hang Seng TECH Index ETF,,PCX,USD,,,,
KTF,DWS Municipal Income Trust,United States,NYQ,USD,,39172838.0,,354122464.0
KTH,Corts Trust Peco Energy Capital Trust III,US,"NEW YORK STOCK EXCHANGE, INC.",,,,,28.0
KTN,Credit-Enhanced Corts Trust Aon,,NYQ,USD,,,,
KTOS,"Kratos Defense & Security Solutions, Inc.",United States,NMS,USD,,168840708.0,166277706.0,13118921728.0
KTTA,Pasithea Therapeutics Corp.,United States,NCM,USD,,22398920.0,5924120.0,25086790.0
KTTAW,Pasithea Therapeutics Corp.,,,,,,5924120.0,
KULR,"KULR Technology Group, Inc.",United States,ASE,USD,,45682027.0,42851717.0,156232544.0
KURA,"Kura Oncology, Inc.",United States,NMS,USD,,87017518.0,64200655.0,924996224.0
KURE,KraneShares MSCI All China Health Care Index ETF,,PCX,USD,,,,
KVAC,Keen Vision Acquisition Corporation,United States,NGM,USD,,9238421.0,4822363.0,108920984.0
KVACU,Keen Vision Acquisition Corporation,United States,NGM,USD,,,4822363.0,
KVACW,Keen Vision Acquisition Corporation,,,,,,4822363.0,
KVHI,"KVH Industries, Inc.",United States,NMS,USD,,19573251.0,12491062.0,132902384.0
KVLE,KraneShares Value Line Dynamic Dividend Equity Index ETF,,PCX,USD,,,,
KVMD,"Kelvin Medical, Inc.",,,,,67297500.0,62797316.0,6729.0
KVUE,Kenvue Inc.,United States,NYQ,USD,,1915904828.0,1913464891.0,32934404096.0
KVYO,"Klaviyo, Inc.",United States,NYQ,USD,,137856147.0,136521539.0,9840396288.0
KW,"Kennedy-Wilson Holdings, Inc.",United States,NYQ,USD,,137904394.0,120583602.0,1340430848.0
KWEB,KraneShares CSI China Internet ETF,,,,,,,
KWIK,"KwikClick, Inc.",,,,,3892960.0,1625700.0,8369864.0
KWIN,KraneShares Trust - KraneShares Wahed Alternative Income Index ETF,,PCX,USD,,,,
KWM,K Wave Media Ltd.,Cayman Islands,NGM,USD,,63598074.0,,24803248.0
KWMWW,K Wave Media Ltd.,,,,,,,
KWPCF,Kewpie Corporation,,,,,135019498.0,103867918.0,3442997248.0
KWR,Quaker Chemical Corporation,United States,NYQ,USD,,17340035.0,13530256.0,2514392320.0
KXI,iShares Global Consumer Staples ETF,,PCX,USD,,14600000.0,,949000000.0
KXIN,Kaixin Holdings,China,NCM,USD,,738607.0,308248.0,5451642.0
KYIV,Kyivstar Group Ltd.,AE,NASDAQ NMS - GLOBAL MARKET,USD,2025-08-15,230863524.0,,3114348800.0
KYIVW,Kyivstar Group Ltd.,United Arab Emirates,NCM,USD,,,,
KYMR,"Kymera Therapeutics, Inc.",United States,NGM,USD,,79999027.0,48455511.0,6505520640.0
KYN,"Kayne Anderson Energy Infrastructure Fund, Inc.",United States,NYQ,USD,,169126038.0,,2044733696.0
KYTX,"Kyverna Therapeutics, Inc.",United States,NMS,USD,,59606603.0,19830468.0,560302080.0
KZIA,Kazia Therapeutics Limited,AU,NASDAQ NMS - GLOBAL MARKET,AUD,1994-09-01,11335991.0,842852391.0,85813456.0
KZR,"Kezar Life Sciences, Inc.",United States,NCM,USD,,7323156.0,4725413.0,46428812.0
L,Loews Corporation,US,"NEW YORK STOCK EXCHANGE, INC.",USD,1959-03-13,206659567.0,169500110.0,22070169600.0
LAB,Standard BioTools Inc.,United States,NMS,USD,,384565414.0,46147570.0,530700256.0
LABD,Direxion Daily S&P Biotech Bear 3X Shares,,PCX,USD,,,,
LABU,Direxion Daily S&P Biotech Bull 3X Shares,,PCX,USD,,,,
LAC,Lithium Americas Corp.,Canada,NYQ,USD,,303488288.0,278611353.0,1423360128.0
LACG,Leverage Shares 2X Long LAC Daily ETF,,NGM,USD,,,,
LAD,"Lithia Motors, Inc.",US,"NEW YORK STOCK EXCHANGE, INC.",USD,1996-12-18,24250030.0,21397984.0,8351952896.0
LADR,Ladder Capital Corp,United States,NYQ,USD,,127321390.0,112144680.0,1444132864.0
LAES,SEALSQ Corp,Switzerland,NMS,USD,,177400997.0,121581333.0,717392256.0
LAFA,LaFayette Acquisition Corp.,France,NGM,USD,,15713333.0,12040027.0,155719120.0
LAFAR,LaFayette Acquisition Corp.,France,NGM,USD,,,12040027.0,
LAFAU,LaFayette Acquisition Corp.,France,NGM,USD,,13683333.0,12040027.0,137585920.0
LAKE,"Lakeland Industries, Inc.",US,NASDAQ NMS - GLOBAL MARKET,USD,1986-09-09,9806128.0,8493774.0,84724952.0
LALT,First Trust Multi-Strategy Alternative ETF,,PCX,USD,,,,
LAMR,Lamar Advertising Company,United States,NMS,USD,,86863497.0,84895898.0,12817437696.0
LAND,Gladstone Land Corporation,United States,NGM,USD,,37266833.0,34725608.0,328320800.0
LANDM,Gladstone Land Corporation,United States,NGM,USD,,2415000.0,34725608.0,409700768.0
LANDO,Gladstone Land Corporation,United States,NGM,USD,,,34725608.0,
LANDP,Gladstone Land Corporation,US,NASDAQ NMS - GLOBAL MARKET,USD,2013-01-29,,34725608.0,330.0
LANV,Lanvin Group Holdings Limited,China,NYQ,USD,,116944667.0,26188589.0,266971792.0
LANZ,"Lancer Orthodontics, Inc.",,,,,,,28906490.0
LAR,Lithium Argentina AG,Switzerland,NYQ,USD,,162362000.0,121765575.0,899485504.0
LARK,"Landmark Bancorp, Inc.",United States,NGM,USD,,6074231.0,4896858.0,167385344.0
LASE,Laser Photonics Corporation,US,NASDAQ NMS - GLOBAL MARKET,USD,2022-09-30,22332826.0,18142965.0,59565556.0
LASR,"nLIGHT, Inc.",US,NASDAQ NMS - GLOBAL MARKET,USD,2018-04-26,50786007.0,48991737.0,1990811520.0
LATA,Galata Acquisition Corp. II,United States,NGM,USD,,17250000.0,,229080000.0
LATAU,Galata Acquisition Corp. II,United States,NGM,USD,,,,
LATAW,Galata Acquisition Corp. II,United States,NGM,USD,,,,
LAUR,"Laureate Education, Inc.",United States,NMS,USD,,147369162.0,133047827.0,5062130688.0
LAW,"CS Disco, Inc.",,,,,62491594.0,24006771.0,499307808.0
LAWR,"Robot Consulting Co., Ltd.",Japan,NCM,USD,,45960000.0,18050684.0,172350000.0
LAYS,STKd 150% NVDA & 150% AMD ETF,,NGM,USD,,,,
LAZ,"Lazard, Inc.",United States,NYQ,USD,,94877814.0,93056160.0,4747685888.0
LAZRQ,"Luminar Technologies, Inc.",,,,,72986496.0,,13422904.0
LB,LandBridge Company LLC,United States,NYQ,USD,,27838199.0,25195292.0,4135450112.0
LBAY,Leatherback Long/Short Alternative Yield ETF,,PCX,USD,,,,
LBRDA,Liberty Broadband Corporation,United States,NMS,USD,,18254690.0,130664484.0,6937613312.0
LBRDK,Liberty Broadband Corporation,United States,NMS,USD,,124847905.0,130664484.0,6923372544.0
LBRDP,Liberty Broadband Corporation,United States,NMS,USD,,,130664484.0,
LBRT,Liberty Energy Inc.,United States,NYQ,USD,,161966952.0,156335361.0,2963994880.0
LBRX,LB Pharmaceuticals Inc,US,NASDAQ NMS - GLOBAL MARKET,USD,2025-09-11,25299102.0,13611423.0,544689664.0
LBTD,Lotus Bio-Technology Development Corp.,,,,,806283694.0,249079005.0,8062837.0
LBTYA,Liberty Global Ltd.,Bermuda,NMS,USD,,174444278.0,269480484.0,3798348032.0
LBTYB,Liberty Global Ltd.,Bermuda,NMS,USD,,12968658.0,269480484.0,3746498560.0
LBTYK,Liberty Global Ltd.,BM,NASDAQ NMS - GLOBAL MARKET,USD,2004-06-02,149366104.0,269480484.0,3740497408.0
LC,LendingClub Corporation,United States,NYQ,USD,,115301440.0,111886211.0,2264520192.0
LCCC,Lakeshore Acquisition III Corp.,United States,NGM,USD,,8905000.0,6900039.0,90831000.0
LCCCR,Lakeshore Acquisition III Corp.,United States,NGM,USD,,,6900039.0,
LCCCU,Lakeshore Acquisition III Corp.,United States,NGM,USD,,,6900039.0,
LCDL,GraniteShares 2x Long LCID Daily ETF,,NGM,USD,,,,
LCDS,JPMorgan Fundamental Data Science Large Core ETF,,NGM,USD,,,,
LCFY,Locafy Limited,Australia,NCM,USD,,1799055.0,1425571.0,5613051.0
LCFYW,Locafy Limited,Australia,NCM,USD,,,1425571.0,
LCHTF,Text S.A.,,,,,25750000.0,15789900.0,362817504.0
LCID,"Lucid Group, Inc.",United States,NMS,USD,,324168457.0,130299511.0,3698761984.0
LCII,LCI Industries,United States,NYQ,USD,,24198010.0,23269774.0,2999260416.0
LCLG,Logan Capital Broad Innovative Growth ETF,,,,,,,
LCNB,LCNB Corp.,United States,NCM,USD,,14186645.0,13335446.0,233654032.0
LCOW,Pacer S&P 500 Quality FCF Aristocrats ETF,,,,,,,
LCR,Leuthold Core ETF,,PCX,USD,,,,
LCRXF,Lacroix Group SA,FR,NYSE EURONEXT - EURONEXT PARIS,EUR,1992-11-05,4696437.0,1685035.0,47434016.0
LCTD,iShares World ex U.S. Carbon Transition Readiness Aware Active ETF,,PCX,USD,,,,
LCTU,iShares U.S. Carbon Transition Readiness Aware Active ETF,,,,,,,
LCTX,"Lineage Cell Therapeutics, Inc.",United States,ASE,USD,,230327537.0,171414360.0,380040416.0
LCUT,"Lifetime Brands, Inc.",United States,NMS,USD,,22655990.0,11307831.0,91989192.0
LDDFF,"Liberty Defense Holdings, Ltd.",,,,,77398773.0,76430514.0,12383804.0
LDEM,iShares ESG MSCI EM Leaders ETF,,NGM,USD,,,,
LDI,"loanDepot, Inc.",United States,NYQ,USD,,126394171.0,102284296.0,731334272.0
LDOS,"Leidos Holdings, Inc.",United States,NYQ,USD,,127855172.0,126877080.0,23845343232.0
LDP,"Cohen & Steers Limited Duration Preferred and Income Fund, Inc.",United States,NYQ,USD,,29079221.0,,613571584.0
LDRC,iShares iBonds 1-5 Year Corporate Ladder ETF,,PCX,USD,,,,
LDRH,iShares iBonds 1-5 Year High Yield and Income Ladder ETF,,PCX,USD,,,,
LDRI,iShares iBonds 1-5 Year TIPS Ladder ETF,,PCX,USD,,,,
LDRT,iShares iBonds 1-5 Year Treasury Ladder ETF,,PCX,USD,,,,
LDRX,SGI Enhanced Market Leaders ETF,,NGM,USD,,,,
LDSF,First Trust Low Duration Strategic Focus ETF,,NGM,USD,,,,
LDSVF,Chocoladefabriken Lindt & Sprüngli AG,,,,,969010.0,225200.0,33591222272.0
LDUR,PIMCO Enhanced Low Duration Active Exchange-Traded Fund,,PCX,USD,,,,
LDWY,"Lendway, Inc.",US,NASDAQ NMS - GLOBAL MARKET,USD,1991-06-25,1769599.0,1054309.0,6016637.0
LE,"Lands' End, Inc.",United States,NCM,USD,,30551068.0,8484643.0,446962144.0
LEA,Lear Corporation,,,,,51870171.0,51628456.0,6219792896.0
LEAD,Siren DIVCON Leaders Dividend ETF,,,,,,,
LECO,"Lincoln Electric Holdings, Inc.",United States,NMS,USD,,55026176.0,53919600.0,13601755136.0
LEDS,SemiLEDs Corporation,Taiwan,NCM,USD,,8226153.0,3425535.0,13984460.0
LEE,"Lee Enterprises, Incorporated",United States,NMS,USD,,6261825.0,3605121.0,23419226.0
LEG,"Leggett & Platt, Incorporated",US,"NEW YORK STOCK EXCHANGE, INC.",USD,1979-06-25,135436282.0,132555552.0,1496571008.0
LEGH,Legacy Housing Corporation,United States,NMS,USD,,23868727.0,10913498.0,472839488.0
LEGN,Legend Biotech Corporation,United States,NMS,USD,,184689565.0,364580895.0,4161056000.0
LEGR,First Trust Indxx Innovative Transaction & Process ETF,,NGM,USD,,,,
LEGT,Legato Merger Corp. III,United States,ASE,USD,,25799375.0,19330182.0,279923232.0
LEMB,iShares J.P. Morgan EM Local Currency Bond ETF,,PCX,USD,,,,
LEN,Lennar Corporation,US,"NEW YORK STOCK EXCHANGE, INC.",USD,1972-07-27,215753936.0,218089581.0,25907253248.0
LENZ,"LENZ Therapeutics, Inc.",United States,NMS,USD,,31289969.0,20052177.0,527861792.0
LEO,"BNY Mellon Strategic Municipals, Inc.",US,"NEW YORK STOCK EXCHANGE, INC.",USD,1987-09-28,62290854.0,,397674080.0
LEOPF,,,,,,317703694.0,192091041.0,1328001280.0
LESL,"Leslie's, Inc.",United States,NMS,USD,,9290311.0,9092985.0,15514819.0
LEU,Centrus Energy Corp.,United States,NYQ,USD,,17492832.0,16839027.0,4631319552.0
LEVI,Levi Strauss & Co.,United States,NYQ,USD,,103091513.0,96249595.0,8352265216.0
LEVWQ,,,,,,,123055556.0,
LEXI,Alexis Practical Tactical ETF,,NGM,USD,,,,
LEXX,Lexaria Bioscience Corp.,Canada,NCM,USD,,24887446.0,21021427.0,13212746.0
LEXXW,Lexaria Bioscience Corp.,Canada,NCM,USD,,,21021427.0,
LFABF,Lifco AB (publ),SE,NASDAQ OMX NORDIC,SEK,2014-11-21,423836450.0,221630301.0,16351785984.0
LFACU,Leapfrog Acquisition Corporation,,NGM,USD,,,,
LFAW,LifeX 2060 Longevity Income ETF,,,,,,,
LFCR,"Lifecore Biomedical, Inc.",United States,NMS,USD,,37466352.0,19780933.0,310970720.0
LFEQ,VanEck Long/Flat Trend ETF,,,,,,,
LFGY,YieldMax Crypto Industry & Tech Portfolio Option Income ETF,,PCX,USD,,,,
LFHLF,,,,,,331033443.0,51154598.0,41328572.0
LFIN,Longfin Corp.,,,,,44540989.0,44541223.0,745.0
LFLRF,LaFleur Minerals Inc.,,,,,73784225.0,30856563.0,28499156.0
LFMD,"LifeMD, Inc.",US,NASDAQ NMS - GLOBAL MARKET,USD,2001-07-11,48135885.0,39176353.0,168475600.0
LFMDP,"LifeMD, Inc.",United States,NGM,USD,,,39176353.0,
LFS,"Leifras Co., Ltd.",Japan,NCM,USD,,26160619.0,6278971.0,80051496.0
LFSC,F/m Emerald Life Sciences Innovation ETF,,,,,,,
LFST,"LifeStance Health Group, Inc.",United States,NMS,USD,,389000281.0,164807749.0,2773572096.0
LFT,"Lument Finance Trust, Inc.",United States,NYQ,USD,,52364930.0,27228716.0,76452800.0
LFT.PRA,Lument Finance Trust Inc,US,"NEW YORK STOCK EXCHANGE, INC.",USD,2013-03-22,,,76.0
LFUS,"Littelfuse, Inc.",United States,NMS,USD,,24901687.0,24616065.0,6526981120.0
LFVN,LifeVantage Corporation,United States,NCM,USD,,12701187.0,8363986.0,77096208.0
LGBI,"Cannabiz Mobile, Inc.",,,,,648118117.0,,6481.0
LGCB,Linkage Global Inc,Japan,NCM,USD,,10162522.0,545127.0,21208792.0
LGCF,Themes US Cash Flow Champions ETF,,,,,,,
LGCL,Lucas GC Limited,China,NCM,USD,,2792810.0,,6227966.0
LGCY,Legacy Education Inc.,United States,ASE,USD,,12566988.0,8121919.0,132330384.0
LGDX,Intech S&P Large Cap Diversified Alpha ETF,,PCX,USD,,,,
LGH,HCM Defender 500 Index ETF,,PCX,USD,,,,
LGHL,Lion Group Holding Ltd.,Singapore,NCM,USD,,505059.0,6127806118.0,1518677.0
LGHT,Langar Global Healthtech ETF,,PCX,USD,,,,
LGI,"Lazard Global Total Return and Income Fund, Inc.",United States,NYQ,USD,,13012942.0,,228637408.0
LGIH,"LGI Homes, Inc.",United States,NMS,USD,,23079100.0,20115974.0,996786304.0
LGIN,,,,,,96055.0,,28816500.0
LGL,"The LGL Group, Inc.",United States,ASE,USD,,5531537.0,3975108.0,31916968.0
LGLV,State Street SPDR US Large Cap Low Volatility Index ETF,,PCX,USD,,,,
LGMMY,LEG Immobilien SE,,,,,297879008.0,72251214.0,6270352896.0
LGN,Legence Corp.,United States,NMS,USD,,58656167.0,32815193.0,4698027008.0
LGND,Ligand Pharmaceuticals Incorporated,United States,NGM,USD,,19681720.0,19256201.0,3854271232.0
LGO,Largo Inc.,,,,,83313022.0,50094441.0,86228976.0
LGOV,First Trust Long Duration Opportunities ETF,,PCX,USD,,,,
LGPS,LogProstyle Inc.,Japan,ASE,USD,,23628452.0,6300763.0,23628452.0
LGRDY,Legrand SA,,,,,1308310545.0,254219020.0,39301648384.0
LGRO,Level Four Large Cap Growth Active ETF,,,,,,,
LGRVF,Legrand SA,FR,NYSE EURONEXT - EURONEXT PARIS,EUR,2006-04-06,261662109.0,254219020.0,39042605056.0
LH,Labcorp Holdings Inc.,United States,NYQ,USD,,82900000.0,82523634.0,21098258432.0
LHAI,Linkhome Holdings Inc.,,,,,16230000.0,6999999.0,117342904.0
LHHMQ,Lehman Brothers Holdings Capital Trust V,,,,,,,
LHSW,Lianhe Sowell International Group Ltd,China,NCM,USD,,52000000.0,17785040.0,31720000.0
LHX,"L3Harris Technologies, Inc.",US,"NEW YORK STOCK EXCHANGE, INC.",USD,1955-07-13,187052847.0,186246649.0,55524122624.0
LI,Li Auto Inc.,China,NMS,USD,,835378221.0,1088936651.0,17671677952.0
LIAE,LifeX 2050 Inflation-Protected Longevity Income ETF,,,,,,,
LIAM,LifeX 2055 Inflation-Protected Longevity Income ETF,,,,,,,
LICN,Lichen International Limited,China,NCM,USD,,16216825.0,756690.0,48440060.0
LICYQ,Li-Cycle Holdings Corp.,,,,,,38826100.0,
LIDR,"AEye, Inc.",United States,NCM,USD,,45054997.0,43761919.0,98219896.0
LIDRW,"AEye, Inc.",United States,NCM,USD,,,43761919.0,
LIEN,"Chicago Atlantic BDC, Inc.",United States,NGM,USD,,22820590.0,,242126448.0
LIF,"Life360, Inc.",United States,NMS,USD,,78400518.0,75011408.0,5203442688.0
LII,Lennox International Inc.,United States,NYQ,USD,,35072782.0,31746479.0,17497511936.0
LILA,Liberty Latin America Ltd.,Bermuda,NMS,USD,,38900000.0,153571418.0,1519116800.0
LILAK,Liberty Latin America Ltd.,Bermuda,NMS,USD,,158900000.0,153571418.0,1520020608.0
LILIF,Argentina Lithium & Energy Corp.,,,,,137566270.0,88281778.0,13756627.0
LILMF,Lilium N.V.,,,,,610760884.0,487124297.0,1455074.0
LIMI,Themes Lithium & Battery Metal Miners ETF,,,,,,,
LIMNW,"Liminatus Pharma, Inc.",United States,NCM,USD,,,5555287.0,
LIN,Linde plc,United Kingdom,NMS,USD,,466948930.0,465272583.0,199178698752.0
LINC,Lincoln Educational Services Corporation,United States,NMS,USD,,31623795.0,27127840.0,785218880.0
LIND,"Lindblad Expeditions Holdings, Inc.",United States,NCM,USD,,55400743.0,38260910.0,799986752.0
LINE,"Lineage, Inc.",US,NASDAQ NMS - GLOBAL MARKET,USD,2024-07-25,228289625.0,58289190.0,8660469760.0
LINK,"Interlink Electronics, Inc.",United States,NCM,USD,,15750007.0,5639763.0,60558776.0
LINT,Direxion Daily INTC Bull 2X ETF,,NGM,USD,,,,
LION,Lionsgate Studios Corp.,,NYQ,USD,,289729314.0,,2697380096.0
LIOPY,Lion Corporation,,,,,138326476.0,272735357.0,2268554240.0
LIQT,"LiqTech International, Inc.",Denmark,NCM,USD,,9627064.0,7397725.0,15114493.0
LIT,Global X Lithium & Battery Tech ETF,,,,,,,
LITB,"LightInTheBox Holding Co., Ltd.",Singapore,NYQ,USD,,18277819.0,64460605.0,44869316.0
LITE,Lumentum Holdings Inc.,US,NASDAQ NMS - GLOBAL MARKET,USD,2015-07-23,70912590.0,70274662.0,27710513152.0
LITL,Simplify Piper Sandler US Small-Cap PLUS Income ETF,,PCX,USD,,,,
LITM,Snow Lake Resources Ltd.,Canada,NCM,USD,,18026269.0,8720610.0,61469584.0
LITP,Sprott Lithium Miners ETF,,NGM,USD,,,,
LITS,"Lite Strategy, Inc.",United States,NCM,USD,,36785397.0,57658903.0,49660284.0
LIVE,Live Ventures Incorporated,United States,NCM,USD,,3071656.0,867804.0,48225016.0
LIVN,LivaNova PLC,United Kingdom,NMS,USD,,54605527.0,51442229.0,3433049600.0
LIXT,"Lixte Biotechnology Holdings, Inc.",United States,NCM,USD,,8003077.0,5693191.0,32572524.0
LKFN,Lakeland Financial Corporation,United States,NMS,USD,,25528732.0,24733001.0,1499896320.0
LKQ,LKQ Corporation,United States,NMS,USD,,255966006.0,254179363.0,7875744768.0
LKSP,Lake Superior Acquisition Corp.,United States,NGM,USD,,15693333.0,11543970.0,193899824.0
LKSPR,Lake Superior Acquisition Corp.,United States,NGM,USD,,,11543970.0,
LKSPU,Lake Superior Acquisition Corp.,United States,NGM,USD,,,11543970.0,
LLDR,Global X Long-Term Treasury Ladder ETF,,,,,,,
LLY,Eli Lilly and Company,US,"NEW YORK STOCK EXCHANGE, INC.",USD,1970-07-09,895018757.0,893127390.0,966156288000.0
LLYVA,"Liberty Live Holdings, Inc.",US,NASDAQ NMS - GLOBAL MARKET,USD,2016-04-18,25573685.0,56743052.0,7705736192.0
LLYVK,"Liberty Live Holdings, Inc.",United States,NMS,USD,,63797970.0,56743052.0,7758417920.0
LLYX,Defiance Daily Target 2X Long LLY ETF,,PCX,USD,,,,
LLYZ,Defiance Daily Target 2X Short LLY ETF,,,,,,,
LMAT,"LeMaitre Vascular, Inc.",United States,NGM,USD,,22685994.0,20852739.0,1900632576.0
LMB,"Limbach Holdings, Inc.",United States,NCM,USD,,11626814.0,10902696.0,921657536.0
LMBO,Direxion Daily Crypto Industry Bull 2X Shares ETF,,,,,,,
LMBS,First Trust Low Duration Opportunities ETF,,NGM,USD,,,,
LMFA,"LM Funding America, Inc.",,,,,14031948.0,8827284.0,6440664.0
LMND,"Lemonade, Inc.",United States,NYQ,USD,,74731027.0,68990190.0,5581660160.0
LMND.WS,,,,,,,,
LMNR,Limoneira Company,,,,,18119117.0,16470277.0,232287056.0
LMNX,Defiance Daily Target 2X Long LMND ETF,,NGM,USD,,,,
LMRI,"Lumexa Imaging Holdings, Inc.",United States,NMS,USD,,94565652.0,,1702181760.0
LMT,Lockheed Martin Corporation,United States,NYQ,USD,,231397796.0,196833907.0,112770629632.0
LMTL,Direxion Daily LMT Bull 2X ETF,,NGM,USD,,,,
LMTS,Direxion Daily LMT Bear 1X ETF,,NGM,USD,,,,
LMUB,Ishares Long-Term National Muni Bd ETF,,PCX,USD,,,,
LN,,,,,,,,
LNC,Lincoln National Corporation,United States,NYQ,USD,,189939050.0,170297453.0,8687812608.0
LND,BrasilAgro - Companhia Brasileira de Propriedades Agrícolas,Brazil,NYQ,USD,,99615457.0,48847541.0,355627168.0
LNG,"Cheniere Energy, Inc.",,,,,215234776.0,213738894.0,41604296704.0
LNGX,Global X U.S. Natural Gas ETF,,PCX,USD,,,,
LNKB,"LINKBANCORP, Inc.",United States,NCM,USD,,37457914.0,22690632.0,312398976.0
LNN,Lindsay Corporation,,,,,10591980.0,10701580.0,1285378048.0
LNSR,"LENSAR, Inc.",United States,NCM,USD,,11944546.0,8591712.0,142737328.0
LNT,Alliant Energy Corporation,US,NASDAQ NMS - GLOBAL MARKET,USD,1976-03-30,257053689.0,256344221.0,16770182144.0
LNTH,"Lantheus Holdings, Inc.",US,NASDAQ NMS - GLOBAL MARKET,USD,2015-06-25,66311779.0,61476987.0,4535889920.0
LNZA,"LanzaTech Global, Inc.",United States,NCM,USD,,2320216.0,1159621.0,30371628.0
LNZAW,"LanzaTech Global, Inc.",,NCM,USD,,,,
LOAN,"Manhattan Bridge Capital, Inc.",United States,NCM,USD,,11438651.0,8626001.0,55820624.0
LOAR,Loar Holdings Inc.,US,"NEW YORK STOCK EXCHANGE, INC.",USD,2024-04-25,93622471.0,36753373.0,6468376064.0
LOB,"Live Oak Bancshares, Inc.",US,"NEW YORK STOCK EXCHANGE, INC.",USD,2015-07-23,45857617.0,35369521.0,1614646656.0
LOB.PRA,Live Oak Bancshares Inc,US,"NEW YORK STOCK EXCHANGE, INC.",USD,2015-07-23,,,1610.0
LOCL,Local Bounti Corporation,United States,NYQ,USD,,22271082.0,4653988.0,48773672.0
LOCO,"El Pollo Loco Holdings, Inc.",United States,NMS,USD,,29954935.0,23097352.0,326050560.0
LODE,Comstock Inc.,United States,ASE,USD,,51264247.0,50057487.0,201981136.0
LODI,AAM SLC Low Duration Income ETF,,PCX,USD,,,,
LOGI,Logitech International S.A.,Switzerland,NMS,USD,,146857663.0,146505205.0,15458238464.0
LOGO,Alpha Brands Consumption Leaders ETF,,NGM,USD,,,,
LOKV,Live Oak Acquisition Corp. V,United States,NGM,USD,,23000000.0,19499975.0,295621888.0
LOKVU,Live Oak Acquisition Corp. V,United States,NGM,USD,,,19499975.0,
LOKVW,Live Oak Acquisition Corp. V,United States,NGM,USD,,,19499975.0,
LOMA,Loma Negra Compañía Industrial Argentina Sociedad Anónima,Argentina,NYQ,USD,,116696630.0,249048113.0,1701121664.0
LONZ,PIMCO Senior Loan Active Exchange-Traded Fund,,PCX,USD,,,,
LOOP,"Loop Industries, Inc.",Canada,NGM,USD,,48043068.0,22559103.0,48523500.0
LOPE,"Grand Canyon Education, Inc.",United States,NMS,USD,,27968476.0,26990978.0,4728201216.0
LOPP,Gabelli Love Our Planet & People ETF,,PCX,USD,,,,
LOT,Lotus Technology Inc.,China,NMS,USD,,678705338.0,125259826.0,889103936.0
LOTI,Liberty One Tactical Income ETF,,NGM,USD,,,,
LOTWW,Lotus Technology Inc.,China,NCM,USD,,,125259826.0,
LOUP,Innovator Deepwater Frontier Tech ETF,,PCX,USD,,,,
LOVE,The Lovesac Company,United States,NGM,USD,,14617106.0,10738311.0,223203216.0
LOW,"Lowe's Companies, Inc.",United States,NYQ,USD,,560951457.0,559784678.0,137147031552.0
LOWV,AB US Low Volatility Equity ETF,,PCX,USD,,,,
LPA,Logistic Properties of the Americas,United States,ASE,USD,,31617815.0,3165402.0,90110776.0
LPAA,Launch One Acquisition Corp.,United States,NGM,USD,,23000000.0,16020938.0,304462496.0
LPAAU,Launch One Acquisition Corp.,United States,NGM,USD,,23000000.0,16020938.0,245180000.0
LPAAW,Launch One Acquisition Corp.,United States,NGM,USD,,,16020938.0,
LPBB,Launch Two Acquisition Corp.,United States,NGM,USD,,23000000.0,19445063.0,301300000.0
LPBBU,Launch Two Acquisition Corp.,United States,NGM,USD,,20000000.0,19445063.0,212000000.0
LPBBW,Launch Two Acquisition Corp.,United States,NGM,USD,,,19445063.0,
LPCN,Lipocine Inc.,United States,NCM,USD,,5551931.0,4894138.0,29036600.0
LPCVU,Launchpad Cadenza Acquisition Corp I,,NGM,USD,,,,
LPG,Dorian LPG Ltd.,United States,NYQ,USD,,42838114.0,36886186.0,1043964800.0
LPIX,LogiPix International Corp.,,,,,19853985.0,,21243764.0
LPL,"LG Display Co., Ltd.",South Korea,NYQ,USD,,1000000000.0,302945000.0,4219999744.0
LPLA,LPL Financial Holdings Inc.,United States,NMS,USD,,80037622.0,79499374.0,29786802176.0
LPRE,Long Pond Real Estate Select ETF,,PCX,USD,,,,
LPRO,Open Lending Corporation,United States,NGM,USD,,118189443.0,101533005.0,197376352.0
LPSN,"LivePerson, Inc.",US,NASDAQ NMS - GLOBAL MARKET,USD,2000-04-07,11672614.0,9480634.0,47974444.0
LPTH,"LightPath Technologies, Inc.",United States,NCM,USD,,45530177.0,44827743.0,410682208.0
LPTVQ,Loop Media Inc.,,,,,147691416.0,98517559.0,29538.0
LPX,Louisiana-Pacific Corporation,United States,NYQ,USD,,69643461.0,59173960.0,5778318336.0
LQAI,LG QRAFT AI-Powered U.S. Large Cap Core ETF,,PCX,USD,,,,
LQD,iShares iBoxx $ Investment Grade Corporate Bond ETF,,PCX,USD,,293500000.0,,32472840192.0
LQDA,Liquidia Corporation,United States,NCM,USD,,86995483.0,60654991.0,2993514496.0
LQDB,iShares BBB Rated Corporate Bond ETF,,PCX,USD,,,,
LQDH,iShares Interest Rate Hedged Corporate Bond ETF,,PCX,USD,,,,
LQDT,"Liquidity Services, Inc.",US,NASDAQ NMS - GLOBAL MARKET,USD,2006-02-23,30639767.0,21278399.0,973030656.0
LQDW,iShares Investment Grade Corporate Bond Buywrite Strategy ETF,,,,,,,
LQIG,State Street SPDR MarketAxess Investment Grade 400 Corporate Bond ETF,,,,,,,
LQPE,PEO AlphaQuest Thematic PE ETF,,PCX,USD,,,,
LQTI,FT Vest Investment Grade & Target Income ETF,,PCX,USD,,,,
LRCX,Lam Research Corporation,United States,NMS,USD,,1256030000.0,1251169164.0,224552042496.0
LRE,"Lead Real Estate Co., Ltd",Japan,NCM,USD,,13641900.0,1176750.0,17598052.0
LRGC,AB US Large Cap Strategic Equities ETF,,PCX,USD,,,,
LRGE,ClearBridge Large Cap Growth Select ETF,,NGM,USD,,,,
LRGF,iShares U.S. Equity Factor ETF,,PCX,USD,,,,
LRGG,Nomura Focused Large Growth ETF,,PCX,USD,,,,
LRHC,La Rosa Holdings Corp.,United States,NCM,USD,,1625329.0,1233852.0,1124727.0
LRMR,"Larimar Therapeutics, Inc.",,,,,83090392.0,37318267.0,336370240.0
LRN,"Stride, Inc.",United States,NYQ,USD,,43858627.0,41937008.0,2903959552.0
LRND,NYLI U.S. Large Cap R&D Leaders ETF,,NGM,USD,,,,
LRNZ,"TrueShares Technology, AI and Deep Learning ETF",,PCX,USD,,,,
LSAF,LeaderSharesTM AlphaFactor US Core Equity ETF,,PCX,USD,,,,
LSAK,"Lesaka Technologies, Inc.",,,,,84086399.0,47691399.0,366616704.0
LSAT,LeaderShares AlphaFactor Tactical Focused ETF,,PCX,USD,,,,
LSBK,"Lake Shore Bancorp, Inc.",United States,NGM,USD,,7311205.0,5342663.0,114216088.0
LSBWF,"LakeShore Biopharma Co., Ltd",,,,,,5062567.0,
LSCC,Lattice Semiconductor Corporation,United States,NMS,USD,,136786394.0,134759220.0,10428704768.0
LSDAF,Lassonde Industries Inc.,,,,,3069000.0,3030914.0,1051279872.0
LSE,"Leishen Energy Holding Co., Ltd.",China,NCM,USD,,17025000.0,1524929.0,74399248.0
LSEGY,London Stock Exchange Group plc,,,,,2035967768.0,470191070.0,61934137344.0
LSEQ,Harbor Long-Short Equity ETF,,,,,,,
LSF,"Laird Superfood, Inc.",United States,ASE,USD,,10687056.0,7124922.0,27251992.0
LSGOF,Land Securities Group Plc,,,,,744999903.0,733695600.0,6419225600.0
LSGR,Natixis Loomis Sayles Focused Growth ETF,,PCX,USD,,,,
LSH,Lakeside Holding Limited,United States,NCM,USD,,17427559.0,10816589.0,15801569.0
LSPD,Lightspeed Commerce Inc.,Canada,NYQ,USD,,135983621.0,97497537.0,1683477120.0
LST,Leuthold Select Industries ETF,,,,,,,
LSTA,"Lisata Therapeutics, Inc.",United States,NCM,USD,,8820733.0,7324472.0,17376846.0
LSTR,"Landstar System, Inc.",United States,NMS,USD,,34344702.0,34030791.0,5060109312.0
LSVD,LSV Disciplined Value ETF,,,,,,,
LTBR,Lightbridge Corporation,United States,NCM,USD,,32371338.0,28470642.0,445105888.0
LTC,"LTC Properties, Inc.",United States,NYQ,USD,,47614192.0,46529065.0,1626976896.0
LTCC,Canary Litecoin ETF,,NGM,USD,,,,
LTESF,LEET Inc.,,,,,151096262.0,35478913.0,1813155.0
LTGHY,Life Healthcare Group Holdings Limited,,,,,357757291.0,1331715738.0,973099840.0
LTH,"Life Time Group Holdings, Inc.",United States,NYQ,USD,,220512238.0,161679573.0,5900907520.0
LTHUQ,Lithium Technology Corporation,,,,,2032371256.0,,20323.0
LTL,ProShares Ultra Communication Services,,PCX,USD,,,,
LTM,LATAM Airlines Group S.A.,Chile,NYQ,USD,,287107992.0,349728868138.0,16519715840.0
LTPZ,PIMCO 15+ Year U.S. TIPS Index Exchange-Traded Fund,,PCX,USD,,,,
LTRBF,Latrobe Magnesium Limited,,,,,3127816808.0,2122694989.0,109574656.0
LTRN,Lantern Pharma Inc.,United States,NCM,USD,,11184423.0,8587400.0,38921792.0
LTRX,"Lantronix, Inc.",United States,NCM,USD,,39358610.0,32253200.0,228279936.0
LTRYW,Lottery.com Inc.,,,,,,,
LTSSF,Lotus Bakeries NV,BE,NYSE EURONEXT - EURONEXT BRUSSELS,EUR,1988-12-20,812053.0,404199.0,7721358848.0
LTTI,FT Vest 20+ Year Treasury & Target Income ETF,,PCX,USD,,,,
LTUS,"Lotus Pharmaceuticals, Inc.",,,,,2644515543.0,,10313610.0
LU,Lufax Holding Ltd,China,NYQ,USD,,866688892.0,444713878.0,2296725760.0
LUCD,Lucid Diagnostics Inc.,United States,NCM,USD,,131098762.0,88373675.0,142897648.0
LUCK,Lucky Strike Entertainment Corporation,US,"NEW YORK STOCK EXCHANGE, INC.",USD,2021-04-23,81117156.0,13986001.0,1246730112.0
LUCMF,Luca Mining Corp.,,,,,269667032.0,226644354.0,303325024.0
LUCN,"Lucent, Inc.",,,,,15800000.0,2600052.0,142042000.0
LUCY,"Lucyd, Inc",United States,NCM,USD,,5350183.0,4150404.0,6527223.0
LUCYW,"Lucyd, Inc",United States,NCM,,,,4150404.0,
LUD,Luda Technology Group Limited,HK,NYSE MKT LLC,USD,2025-02-27,22690000.0,2689900.0,155199600.0
LUDG,"Ludwig Enterprises, Inc.",,,,,162569807.0,83479596.0,10892177.0
LULG,Leverage Shares 2X Long LULU Daily ETF,,NGM,USD,,,,
LULU,lululemon athletica inc.,Canada,NMS,USD,,112190041.0,107770197.0,24781576192.0
LUMN,"Lumen Technologies, Inc.",United States,NYQ,USD,,1025643740.0,944464038.0,7891023872.0
LUNG,Pulmonx Corporation,United States,NMS,USD,,41247034.0,39438764.0,91568416.0
LUNR,"Intuitive Machines, Inc.",United States,NGM,USD,,119319784.0,112463669.0,1819626752.0
LUV,Southwest Airlines Co.,United States,NYQ,USD,,517155080.0,459812925.0,21679749120.0
LUXE,LuxExperience B.V.,Germany,NYQ,USD,,137261608.0,17997551.0,1161233152.0
LVHD,Franklin U.S. Low Volatility High Dividend Index ETF,,NGM,USD,,,,
LVLN,State Street SPDR S&P Leveraged Ln ETF,,PCX,USD,,,,
LVLU,"Lulu's Fashion Lounge Holdings, Inc.",United States,NCM,USD,,2771846.0,1086176.0,15064983.0
LVPA,Lvpai Group Limited,,,,,100103103.0,103106.0,101104136.0
LVS,Las Vegas Sands Corp.,United States,NYQ,USD,,676134487.0,321275519.0,45443227648.0
LVWR,"LiveWire Group, Inc.",US,"NEW YORK STOCK EXCHANGE, INC.",USD,2020-11-23,203988736.0,12151609.0,936308352.0
LW,"Lamb Weston Holdings, Inc.",United States,NYQ,USD,,138879884.0,137942445.0,5873707008.0
LWAC,LightWave Acquisition Corp.,,NGM,USD,,22168750.0,,301652256.0
LWACU,LightWave Acquisition Corp.,,NGM,USD,,,,
LWACW,LightWave Acquisition Corp.,,NGM,USD,,,,
LWAY,"Lifeway Foods, Inc.",United States,NGM,USD,,15228763.0,4308674.0,361683136.0
LWLDF,MULTI UNITS FRANCE LYXOR MSCI W,,,,,,,
LWLG,"Lightwave Logic, Inc.",United States,NCM,USD,,145430625.0,132210726.0,479921056.0
LX,LexinFintech Holdings Ltd.,CN,NASDAQ NMS - GLOBAL MARKET,CNY,2017-12-21,132592387.0,221596780.0,580509120.0
LXEO,"Lexeo Therapeutics, Inc.",United States,NGM,USD,,72987327.0,48178205.0,748120128.0
LXFR,Luxfer Holdings PLC,US,"NEW YORK STOCK EXCHANGE, INC.",USD,2012-10-03,26721510.0,26372794.0,375971648.0
LXP,LXP Industrial Trust,United States,NYQ,USD,,59158845.0,57589361.0,2999944960.0
LXRX,"Lexicon Pharmaceuticals, Inc.",United States,NCM,USD,,363398860.0,184050529.0,446980576.0
LXU,"LSB Industries, Inc.",United States,NYQ,USD,,71944499.0,53655488.0,612247680.0
LYB,LyondellBasell Industries N.V.,United States,NYQ,USD,,321872964.0,255734507.0,13921005568.0
LYEL,"Lyell Immunopharma, Inc.",United States,NMS,USD,,21243954.0,12170981.0,745450368.0
LYFT,"Lyft, Inc.",United States,NMS,USD,,399353398.0,337920865.0,7994704384.0
LYFX,Tradr 2X Long LYFT Daily ETF,,,,,,,
LYG,Lloyds Banking Group plc,United Kingdom,NYQ,USD,,14688282397.0,56248376800.0,78748246016.0
LYTS,LSI Industries Inc.,United States,NMS,USD,,31092786.0,26733438.0,583922560.0
LYUXF,,,,,,,,
LYV,"Live Nation Entertainment, Inc.",United States,NYQ,USD,,232209247.0,156195550.0,33858428928.0
LZ,"LegalZoom.com, Inc.",United States,NMS,USD,,177270258.0,122788017.0,1816913664.0
LZB,La-Z-Boy Incorporated,United States,NYQ,USD,,41248970.0,40463177.0,1557973504.0
LZM,Lifezone Metals Limited,,,,,83784302.0,23940162.0,372840128.0
LZMH,LZ Technology Holdings Limited,China,NCM,USD,,129570000.0,4931630.0,211377296.0
M,"Macy's, Inc.",United States,NYQ,USD,,265883109.0,263851762.0,5974393344.0
MA,Mastercard Incorporated,United States,NYQ,USD,,891258183.0,890111444.0,523965235200.0
MAA,"Mid-America Apartment Communities, Inc.",United States,NYQ,USD,,117081742.0,115980003.0,16540326912.0
MAAS,Maase Inc.,China,NGM,USD,,313147356.0,,1525027584.0
MAAY,GraniteShares YieldBOOST MARA ETF,,NGM,USD,,,,
MAC,The Macerich Company,United States,NYQ,USD,,256118084.0,255370219.0,5080983552.0
MACI,Melar Acquisition Corp. I,United States,NGM,USD,,16000000.0,13030054.0,229405408.0
MACIU,Melar Acquisition Corp. I,United States,NGM,USD,,17250000.0,13030054.0,186127504.0
MACIW,Melar Acquisition Corp. I,United States,NGM,USD,,17250000.0,13030054.0,2432250.0
MADE,iShares U.S. Manufacturing ETF,,PCX,USD,,,,
MAGG,Madison Aggregate Bond ETF,,PCX,USD,,,,
MAGH,Magnitude International Ltd,Singapore,NCM,USD,,33350000.0,12519257.0,225446000.0
MAGN,Magnera Corporation,United States,NYQ,USD,,35600000.0,23362500.0,536848000.0
MAGX,Roundhill Daily 2X Long Magnificent Seven ETF,,,,,,,
MAIA,"MAIA Biotechnology, Inc.",United States,ASE,USD,,37032307.0,31984063.0,58140724.0
MAIN,Main Street Capital Corporation,United States,NYQ,USD,,89587543.0,86075711.0,5444235264.0
MAKX,ProShares S&P Kensho Smart Factories ETF,,PCX,USD,,,,
MALRY,Mineral Resources Limited,,,,,197631816.0,163939863.0,7474435072.0
MAMA,"Mama's Creations, Inc.",,,,,40653333.0,34683798.0,552072320.0
MAMK,MaxsMaking Inc.,China,NCM,USD,,9200000.0,1601550.0,218784992.0
MAMO,Massimo Group,United States,NCM,USD,,41640950.0,4940699.0,170311504.0
MAN,ManpowerGroup Inc.,United States,NYQ,USD,,46297180.0,41854040.0,1381044864.0
MANH,"Manhattan Associates, Inc.",United States,NMS,USD,,60258247.0,59662896.0,10663636992.0
MANI,Man Active Income ETF,,PCX,USD,,,,
MANU,Manchester United plc,United Kingdom,NYQ,USD,,56086184.0,38185588.0,2734808832.0
MAPP,Harbor Multi-Asset Explorer ETF,,PCX,USD,,,,
MAPS,"WM Technology, Inc.",US,NASDAQ NMS - GLOBAL MARKET,USD,2021-01-13,107897133.0,95457673.0,148907472.0
MAPSW,"WM Technology, Inc.",United States,NMS,USD,,,95457673.0,
MAQCW,,,,,,,64362.0,
MAR,"Marriott International, Inc.",United States,NMS,USD,,268351795.0,234324787.0,85666660352.0
MARA,"MARA Holdings, Inc.",,,,,378184353.0,372504024.0,3626788096.0
MARB,First Trust Merger Arbitrage ETF,,PCX,USD,,,,
MARKP,,,,,,,,
MARO,YieldMax MARA Option Income Strategy ETF,,PCX,USD,,,,
MARPS,Marine Petroleum Trust,United States,NCM,USD,,2000000.0,1299020.0,8720000.0
MAS,Masco Corporation,United States,NYQ,USD,,207695621.0,206898070.0,13554201600.0
MASDS,,,,,,,,
MASI,Masimo Corporation,,,,,53713949.0,46018889.0,7131063296.0
MASS,908 Devices Inc.,United States,NGM,USD,,36192978.0,22252167.0,195804000.0
MAT,"Mattel, Inc.",United States,NMS,USD,,310800000.0,262694376.0,6527772160.0
MATE,Man ETF Series Trust - Man Active Trend Enhanced ETF,,NGM,USD,,,,
MATH,Metalpha Technology Holding Limited,Hong Kong,NCM,USD,,39498371.0,19450311.0,94006128.0
MATV,"Mativ Holdings, Inc.",United States,NYQ,USD,,54681114.0,49796450.0,680233024.0
MATW,Matthews International Corporation,United States,NMS,USD,,30795844.0,29104228.0,827176384.0
MATX,"Matson, Inc.",United States,NYQ,USD,,31180035.0,30474431.0,3974581248.0
MAVF,Matrix Advisors Value ETF,,PCX,USD,,,,
MAWHY,Man Wah Holdings Limited,,,,,193904160.0,1445012581.0,2185323264.0
MAX,"MediaAlpha, Inc.",United States,NYQ,USD,,46228000.0,22313522.0,832654336.0
MAXI,Simplify Bitcoin Strategy PLUS Income ETF,,,,,,,
MAXN,"Maxeon Solar Technologies, Ltd.",Singapore,NMS,USD,,16932760.0,6806123.0,54184832.0
MAYS,"J.W. Mays, Inc.",United States,NCM,USD,,2015780.0,493423.0,79202216.0
MAYU,AllianzIM U.S. Equity Buffer15 Uncapped May ETF,,,,,,,
MAZE,"Maze Therapeutics, Inc.",United States,NGM,USD,,48119444.0,27046977.0,2025828480.0
MB,MasterBeef Group,Hong Kong,NCM,USD,,17155000.0,4690005.0,120599656.0
MBAI,Check-Cap Ltd.,IL,NASDAQ NMS - GLOBAL MARKET,USD,2015-02-19,6118763.0,4389584.0,10279522.0
MBAV,M3-Brigade Acquisition V Corp.,United States,NGM,USD,,28750000.0,23396391.0,383812512.0
MBAVU,M3-Brigade Acquisition V Corp.,United States,NGM,USD,,25000000.0,23396391.0,255000000.0
MBAVW,M3-Brigade Acquisition V Corp.,United States,NGM,USD,,28750000.0,23396391.0,24440374.0
MBB,iShares MBS ETF,,NGM,USD,,,,
MBBC,"Marathon Bancorp, Inc.",United States,NCM,USD,,2938620.0,2409492.0,35969676.0
MBC,"MasterBrand, Inc.",United States,NYQ,USD,,126779371.0,107411286.0,1428803584.0
MBCN,Middlefield Banc Corp.,United States,NCM,USD,,8090067.0,7166356.0,284608544.0
MBDC,Massachusetts Business Development Corp.,,,,,,,3247681.0
MBI,MBIA Inc.,United States,NYQ,USD,,50493626.0,45229665.0,359514592.0
MBIN,Merchants Bancorp,United States,NCM,USD,,45889238.0,29282382.0,1547385216.0
MBINL,Merchants Bancorp,United States,NCM,USD,,,29282382.0,
MBINM,Merchants Bancorp,United States,NCM,USD,,,29282382.0,
MBINN,Merchants Bancorp,United States,NCM,USD,,,29282382.0,
MBIO,"Mustang Bio, Inc.",United States,NCM,USD,,6453701.0,5347002.0,7445068.0
MBLV,"MobiVentures, Inc.",,,,,1000000000.0,,100000.0
MBLY,Mobileye Global Inc.,Israel,NMS,USD,,216005938.0,104456025.0,8479524864.0
MBND,State Street Nuveen Municipal Bond ETF,,,,,,,
MBNKO,Medallion Bank,US,NASDAQ NMS - GLOBAL MARKET,,,,,72.0
MBOT,Microbot Medical Inc.,,,,,67158044.0,67158044.0,144389808.0
MBOX,Freedom Day Dividend ETF,,PCX,USD,,,,
MBS,Angel Oak Mortgage-Backed Securities ETF,,NGM,USD,,,,
MBSD,FlexShares Disciplined Duration MBS Index Fund,,PCX,USD,,,,
MBSF,Regan Floating Rate MBS ETF,,PCX,USD,,,,
MBSRY,Orange Belgium NV,BE,NYSE EURONEXT - EURONEXT BRUSSELS,EUR,1998-10-06,,,1297.0
MBSX,Regan Fixed Rate MBS ETF,,PCX,USD,,,,
MBUU,"Malibu Boats, Inc.",United States,NGM,USD,,19226584.0,17982047.0,564071168.0
MBVI,M3-Brigade Acquisition Vi Corp.,,,,,34500000.0,,432112512.0
MBVIU,M3-Brigade Acquisition Vi Corp.,US,NASDAQ NMS - GLOBAL MARKET,USD,2025-08-27,,,432.0
MBVIW,M3-Brigade Acquisition Vi Corp.,,NGM,USD,,,,
MBWM,Mercantile Bank Corporation,United States,NMS,USD,,16253544.0,15728609.0,791875392.0
MBX,"MBX Biosciences, Inc.",United States,NMS,USD,,44902302.0,26204085.0,1387481216.0
MC,Moelis & Company,United States,NYQ,USD,,73996339.0,73235790.0,5309833728.0
MCB,Metropolitan Bank Holding Corp.,US,"NEW YORK STOCK EXCHANGE, INC.",USD,2017-11-08,10298002.0,9087781.0,816098624.0
MCBS,"MetroCity Bankshares, Inc.",United States,NMS,USD,,28818282.0,18825877.0,773194560.0
MCD,McDonald's Corporation,United States,NYQ,USD,,712154350.0,711064754.0,221702619136.0
MCDS,JPMorgan Fundamental Data Science Mid Core ETF,,NGM,USD,,,,
MCFT,"MasterCraft Boat Holdings, Inc.",United States,NGM,USD,,16288798.0,9596382.0,317402400.0
MCGA,Yorkville Acquisition Corp.,,NGM,USD,,17831250.0,,238642272.0
MCGAU,Yorkville Acquisition Corp.,,NGM,USD,,,,
MCGAW,Yorkville Acquisition Corp.,,NGM,USD,,,,
MCH,Matthews China Active ETF,,PCX,USD,,,,
MCHB,Mechanics Bancorp,United States,NMS,USD,,220099202.0,47616238.0,3245204224.0
MCHI,iShares MSCI China ETF,,NGM,USD,,,,
MCHP,Microchip Technology Incorporated,United States,NMS,USD,,540446834.0,528794800.0,35096621056.0
MCHPP,Microchip Technology Incorporated,United States,NMS,USD,,,528794800.0,
MCHS,Matthews China Discovery Active ETF,,NGM,USD,,,,
MCHX,"Marchex, Inc.",US,NASDAQ NMS - GLOBAL MARKET,USD,2004-03-31,39245334.0,17328118.0,73323456.0
MCI,Barings Corporate Investors,US,"NEW YORK STOCK EXCHANGE, INC.",,1980-03-17,20472265.0,,401665824.0
MCJCF,Majestic Corporation PLC,GB,,USD,2022-03-10,,,35.0
MCK,McKesson Corporation,United States,NYQ,USD,,123426650.0,123257555.0,103022616576.0
MCLWF,,,,,,,,
MCN,XAI Madison Equity Premium Income Fund,United States,NYQ,USD,,21116722.0,,125222168.0
MCO,Moody's Corporation,United States,NYQ,USD,,178400000.0,164751558.0,93273661440.0
MCOMW,micromobility.com Inc.,,,,,,,
MCR,MFS Charter Income Trust,United States,NYQ,USD,,41688435.0,,264304688.0
MCRB,"Seres Therapeutics, Inc.",United States,NMS,USD,,9046519.0,6753679.0,132531496.0
MCRI,"Monarch Casino & Resort, Inc.",US,NASDAQ NMS - GLOBAL MARKET,USD,1993-08-06,18250291.0,12493237.0,1796238592.0
MCRP,Micropolis AI Robotics,United Arab Emirates,ASE,USD,,34888447.0,8787353.0,42563908.0
MCS,The Marcus Corporation,United States,NYQ,USD,,23729171.0,22153524.0,482190560.0
MCSE,Franklin Sustainable International Equity ETF,,NGM,USD,,,,
MCTA,Charming Medical Limited,Hong Kong,NCM,USD,,15178000.0,4310592.0,504260192.0
MCW,"Mister Car Wash, Inc.",United States,NMS,USD,,327568371.0,83893535.0,1883518208.0
MCY,Mercury General Corporation,United States,NYQ,USD,,55388627.0,26555523.0,5203761664.0
MD,"Pediatrix Medical Group, Inc.",United States,NYQ,USD,,85877386.0,83073297.0,1904531328.0
MDAA,Series Portfolios Trust - Myriad Dynamic Asset Allocation ETF,United States,PCX,USD,,,,
MDAI,"Spectral AI, Inc.",US,NASDAQ NMS - GLOBAL MARKET,USD,2021-02-12,30688895.0,22865682.0,43578232.0
MDAIW,"Spectral AI, Inc.",United States,NCM,USD,,,22865682.0,
MDALF,MDA Space Ltd.,,,,,126301472.0,112135499.0,2652331008.0
MDB,"MongoDB, Inc.",,,,,81391760.0,79162440.0,35474599936.0
MDBH,"MDB Capital Holdings, LLC",United States,NCM,USD,,5138632.0,4556301.0,35485212.0
MDBIF,TrivarX Limited,,,,,1153693464.0,401393340.0,18112986.0
MDBX,Tradr 2X Long MDB Daily ETF,,,,,,,
MDCX,Medicus Pharma Ltd.,United States,NCM,USD,,24709144.0,15485166.0,38669812.0
MDCXW,Medicus Pharma Ltd.,United States,NCM,USD,,,15485166.0,
MDEV,First Trust Indxx Global Medical Devices ETF,,,,,,,
MDGEF,Medigene AG,,,,,14737594.0,14318753.0,38170368.0
MDGL,"Madrigal Pharmaceuticals, Inc.",United States,NMS,USD,,22711420.0,12837403.0,13602096128.0
MDIA,MediaCo Holding Inc.,United States,NCM,USD,,76435287.0,40361124.0,53928432.0
MDIV,Multi-Asset Diversified Income Index Fund,,NGM,USD,,,,
MDLN,Medline Inc.,United States,NMS,USD,,787118025.0,5570351600.0,34735517696.0
MDLZ,"Mondelez International, Inc.",United States,NMS,USD,,1290358492.0,1286771295.0,70701178880.0
MDRR,"Medalist Diversified REIT, Inc.",United States,NCM,USD,,1112405.0,604492.0,13359984.0
MDST,Westwood Salient Enhanced Midstream Income ETF,,NYQ,USD,,,,
MDT,Medtronic plc,Ireland,NYQ,USD,,1282014208.0,1279693762.0,123798102016.0
MDU,"MDU Resources Group, Inc.",US,"NEW YORK STOCK EXCHANGE, INC.",USD,1981-05-22,204382821.0,202841596.0,4022253824.0
MDV,"Modiv Industrial, Inc.",United States,NYQ,USD,,10274997.0,9395046.0,151761712.0
MDWD,MediWound Ltd.,Israel,NGM,USD,,12821433.0,9715825.0,240914736.0
MDWK,"MDwerks, Inc.",,,,,227574910.0,157723067.0,25033240.0
MDXG,"MiMedx Group, Inc.",United States,NCM,USD,,148102159.0,109663725.0,1021904896.0
MDXH,MDxHealth SA,Belgium,NCM,USD,,49497334.0,36213711.0,168785920.0
MDY,SPDR S&P MIDCAP 400 ETF Trust,,PCX,USD,,55415100.0,,34098575360.0
MDYG,State Street SPDR S&P 400 Mid Cap Growth ETF,,PCX,USD,,,,
MDYV,State Street SPDR S&P 400 Mid Cap Value ETF,,PCX,USD,,,,
MEC,"Mayville Engineering Company, Inc.",,,,,20318370.0,12980594.0,388284064.0
MECSF,,,,,,,1431978547.0,
MED,"Medifast, Inc.",United States,NYQ,USD,,10991273.0,9167019.0,121343656.0
MEDAF,Medaro Mining Corp.,,,,,4331859.0,,479536.0
MEDI,Harbor Health Care ETF,,PCX,USD,,,,
MEDP,"Medpace Holdings, Inc.",United States,NMS,USD,,28168223.0,22646970.0,15987156992.0
MEDX,Horizon Kinetics Medical ETF,,NGM,USD,,,,
MEG,"Montrose Environmental Group, Inc.",United States,NYQ,USD,,35337667.0,32731161.0,920192896.0
MEGI,NYLI CBRE Global Infrastructure Megatrends Term Fund,United States,NYQ,USD,,52047534.0,,715133120.0
MEGL,Magic Empire Global Limited,Hong Kong,NCM,USD,,4064050.0,3173944.0,6076861.0
MEHA,Functional Brands Inc.,United States,NCM,USD,,16323524.0,14475701.0,3754410.0
MEI,"Methode Electronics, Inc.",United States,NYQ,USD,,35408249.0,34910409.0,239359760.0
MEJHF,"Meiji Holdings Co., Ltd.",,,,,271103939.0,259853126.0,5490342912.0
MELHF,Buffalo Inc.,,,,,,,
MELI,"MercadoLibre, Inc.",Uruguay,NMS,USD,,50697182.0,47022143.0,101683847168.0
MEM,Matthews Emerging Markets Equity Active ETF,,PCX,USD,,,,
MEMA,Man ETF Series Trust - Man Active Emerging Markets Alternative ETF,,NGM,USD,,,,
MEME,Roundhill ETF Trust - Roundhill Meme Stock ETF,,,,,,,
MEMS,Matthews Emerging Markets Discovery Active ETF,,NGM,USD,,,,
MEMX,Matthews Emerging Markets Ex China Active ETF,,PCX,USD,,,,
MENS,Jyong Biotech Ltd.,Taiwan,NGM,USD,,76027667.0,28587286.0,244809088.0
MEOH,Methanex Corporation,Canada,NMS,USD,,77339520.0,66860015.0,3108275200.0
MERC,Mercer International Inc.,Canada,NMS,USD,,66982506.0,52868703.0,137314144.0
MESHU,Meshflow Acquisition Corp.,United States,NGM,USD,,,,
MESO,Mesoblast Limited,Australia,NMS,USD,,128293480.0,850647883.0,2510542080.0
MET,"MetLife, Inc.",United States,NYQ,USD,,658891656.0,550326078.0,53401591808.0
META,"Meta Platforms, Inc.",United States,NMS,USD,,2177889269.0,2173375331.0,1671840661504.0
METC,"Ramaco Resources, Inc.",US,NASDAQ NMS - GLOBAL MARKET,USD,2017-02-03,55159985.0,42145669.0,1183577216.0
METCB,"Ramaco Resources, Inc.",United States,NMS,USD,,10998605.0,42145669.0,1562385408.0
METCI,"Ramaco Resources, Inc.",United States,NGM,USD,,,42145669.0,
METCZ,"Ramaco Resources, Inc.",,,,,,42145669.0,
METD,Direxion Daily META Bear 1X ETF,,NGM,USD,,,,
METL,Sprott Active Metals & Miners ETF,,NGM,USD,,,,
METU,Direxion Daily META Bull 2X ETF,,,,,,,
METV,Roundhill Ball Metaverse ETF,,PCX,USD,,,,
MEXX,Direxion Daily MSCI Mexico Bull 3X Shares,,,,,,,
MFA,"MFA Financial, Inc.",United States,NYQ,USD,,102195703.0,100738392.0,996913088.0
MFAN,"MFA Financial, Inc. 8.875% Seni",,NYQ,USD,,,,
MFAO,"MFA Financial, Inc. 9.000% Seni",,NYQ,USD,,,,
MFBP,"M&F Bancorp, Inc.",,,,,1941565.0,,37278068.0
MFC,Manulife Financial Corporation,Canada,NYQ,USD,,1681302307.0,1682880527.0,61502042112.0
MFDX,PIMCO RAFI Dynamic Multi-Factor International Equity ETF,,PCX,USD,,,,
MFEM,PIMCO RAFI Dynamic Multi-Factor Emerging Markets Equity ETF,,PCX,USD,,,,
MFG,"Mizuho Financial Group, Inc.",Japan,NYQ,USD,,12398074320.0,2262086563.0,90753900544.0
MFI,mF International Limited,Hong Kong,NCM,USD,,50525597.0,525594.0,951512000.0
MFIC,MidCap Financial Investment Corporation,United States,NMS,USD,,93303622.0,,1071125568.0
MFICL,MidCap Financial Investment Corporation,United States,NMS,USD,,,,
MFIG,Motley Fool Innovative Growth ETF,,NGM,USD,,,,
MFIN,Medallion Financial Corp.,United States,NMS,USD,,23279435.0,15067230.0,246063632.0
MFLX,First Trust Flexible Municipal High Income ETF,,NGM,USD,,,,
MFM,MFS Municipal Income Trust,United States,NYQ,USD,,41187631.0,,220765712.0
MFMO,Motley Fool Momentum Factor ETF,,NGM,USD,,,,
MFSB,MFS Active Core Plus Bond ETF,,NYQ,USD,,,,
MFSG,MFS Active Growth ETF,,,,,,,
MFSI,MFS Active International ETF,,,,,,,
MFSM,MFS Active Intermediate Muni Bond ETF,,NYQ,USD,,,,
MFSV,MFS Active Value ETF,,,,,,,
MFUS,PIMCO RAFI Dynamic Multi-Factor U.S. Equity ETF,,PCX,USD,,,,
MFUT,Cambria Chesapeake Pure Trend E,,,,,,,
MFVL,Motley Fool Value Factor ETF,,NGM,USD,,,,
MG,"Mistras Group, Inc.",United States,NYQ,USD,,31548153.0,14757280.0,415173664.0
MGA,Magna International Inc.,Canada,NYQ,USD,,281814257.0,281242174.0,15272674304.0
MGC,Vanguard Mega Cap Index Fund,,,,,,,
MGDDY,Compagnie Générale des Établissements Michelin Société en commandite par actions,,,,,892291008.0,,14631516160.0
MGEE,"MGE Energy, Inc.",United States,NMS,USD,,36541849.0,36459630.0,2863053824.0
MGF,MFS Government Markets Income Trust,United States,NYQ,USD,,32590193.0,,98422376.0
MGIC,Magic Software Enterprises Ltd.,Israel,NMS,USD,,49099305.0,25972389.0,1288856704.0
MGIH,Millennium Group International Holdings Limited,Hong Kong,NCM,USD,,11250000.0,1249988.0,14850001.0
MGK,Vanguard Mega Cap Growth Index Fund,,PCX,USD,,,,
MGLD,"The Marygold Companies, Inc.",United States,ASE,USD,,42817687.0,16063483.0,41360376.0
MGM,MGM Resorts International,United States,NYQ,USD,,273506440.0,204268285.0,10305722368.0
MGMT,Ballast Small/Mid Cap ETF,,PCX,USD,,,,
MGN,Megan Holdings Limited,Malaysia,NCM,USD,,16250000.0,4989300.0,27137500.0
MGNI,"Magnite, Inc.",United States,NMS,USD,,143647869.0,141720115.0,2363007488.0
MGNR,American Beacon GLG Natural Resources ETF,,PCX,USD,,,,
MGNX,"MacroGenics, Inc.",United States,NMS,USD,,63258532.0,52619080.0,101846240.0
MGOV,First Trust Intermediate Government Opportunities ETF,,PCX,USD,,,,
MGPI,"MGP Ingredients, Inc.",United States,NMS,USD,,21294315.0,14500151.0,515109504.0
MGR,"Affiliated Managers Group, Inc.",,NYQ,USD,,,,
MGRB,"Affiliated Managers Group, Inc.",,NYQ,USD,,,,
MGRC,McGrath RentCorp,United States,NMS,USD,,24611657.0,24337483.0,2659289600.0
MGRD,"Affiliated Managers Group, Inc.",,NYQ,USD,,,,
MGRE,"Affiliated Managers Group, Inc.",US,"NEW YORK STOCK EXCHANGE, INC.",USD,1997-11-21,,,8328.0
MGRLF,,,,,,,,
MGRT,Mega Fortune Company Limited,,,,,13750000.0,2727300.0,123337504.0
MGRX,"Mangoceuticals, Inc.",United States,NCM,USD,,15388797.0,10167093.0,10967596.0
MGTEW,Marblegate Capital Corporation,,,,,,49626869.0,
MGTX,MeiraGTx Holdings plc,United States,NMS,USD,,80490889.0,34169187.0,641512384.0
MGV,Vanguard Mega Cap Value Index Fund,,PCX,USD,,,,
MGX,"Metagenomi, Inc.",United States,NMS,USD,,37546751.0,27055062.0,63829480.0
MGY,Magnolia Oil & Gas Corporation,United States,NYQ,USD,,183152540.0,173037025.0,4142583808.0
MGYR,"Magyar Bancorp, Inc.",United States,NGM,USD,,6477991.0,5799551.0,113040944.0
MH,"McGraw Hill, Inc.",United States,NYQ,USD,,191001519.0,24996369.0,3245115904.0
MHD,"BlackRock MuniHoldings Fund, Inc.",United States,NYQ,USD,,52141616.0,,602757120.0
MHF,Western Asset Municipal High Income Fund Inc.,United States,NYQ,USD,,21689855.0,,148141712.0
MHGUP,Meritage Hospitality Group Inc. PFD CV SER B,,,,,,,
MHH,"Mastech Digital, Inc.",United States,ASE,USD,,11697331.0,3350116.0,85788864.0
MHK,"Mohawk Industries, Inc.",United States,NYQ,USD,,61821362.0,51127503.0,6848800768.0
MHLA,"Maiden Holdings, Ltd. 6.625 NT 2046",,NYQ,USD,,86620496.0,,1120003072.0
MHN,"BlackRock MuniHoldings New York Quality Fund, Inc.",United States,NYQ,USD,,30241637.0,,309674368.0
MHNC,"Maiden Holdings North America, Ltd.",,NYQ,USD,,,,
MHO,"M/I Homes, Inc.",United States,NYQ,USD,,26148509.0,25541341.0,3403873280.0
MHY,Man Active High Yield ETF,,PCX,USD,,,,
MI,NFT Limited,Hong Kong,ASE,USD,,14318410.0,4333286.0,57212068.0
MIAX,"Miami International Holdings, Inc.",United States,NYQ,USD,,85420903.0,75358348.0,3986593536.0
MICC,The Magnum Ice Cream Company N.V.,Netherlands,NYQ,USD,,612259739.0,489924121.0,9738235904.0
MID,American Century Mid Cap Growth Impact ETF,,PCX,USD,,,,
MIDD,The Middleby Corporation,United States,NMS,USD,,50371250.0,38855879.0,7658615296.0
MIDE,Xtrackers S&P MidCap 400 Scored & Screened ETF,,PCX,USD,,,,
MIDLF,Midland Exploration Inc.,,,,,107450577.0,94081576.0,35458692.0
MIDU,Direxion Daily Mid Cap Bull 3X Shares,,PCX,USD,,,,
MIELF,Mitsubishi Electric Corporation,,,,,2046348564.0,1955459226.0,61390454784.0
MIELY,Mitsubishi Electric Corporation,,,,,1023174282.0,1955459226.0,60653768704.0
MIGI,Mawson Infrastructure Group Inc.,United States,NCM,USD,,1143259.0,787077.0,5144670.0
MILN,Global X Millennials Consumer ETF,,NGM,USD,,,,
MIMI,Mint Incorporation Limited,Hong Kong,NCM,USD,,20112500.0,11100798.0,8044020.0
MIN,MFS Intermediate Income Trust,United States,NYQ,USD,,113798238.0,,299289376.0
MIND,"MIND Technology, Inc.",United States,NCM,USD,,9038082.0,8869883.0,83421496.0
MINN,Mairs & Power Minnesota Municipal Bond ETF,,,,,,,
MINO,PIMCO Municipal Income Opportunities Active Exchange-Traded Fund,,PCX,USD,,,,
MINT,PIMCO Enhanced Short Maturity Active Exchange-Traded Fund,,PCX,USD,,,,
MINV,Matthews Asia Innovators Active ETF,,PCX,USD,,,,
MIR,"Mirion Technologies, Inc.",US,"NEW YORK STOCK EXCHANGE, INC.",USD,2020-06-29,244370206.0,211703424.0,5803792384.0
MIRA,"MIRA Pharmaceuticals, Inc.",US,NASDAQ NMS - GLOBAL MARKET,USD,2023-08-03,41876087.0,34944338.0,63232892.0
MIRM,"Mirum Pharmaceuticals, Inc.",United States,NGM,USD,,51683837.0,43874694.0,4096461056.0
MISL,First Trust Indxx Aerospace & Defense ETF,,PCX,USD,,,,
MIST,Milestone Pharmaceuticals Inc.,Canada,NMS,USD,,85169344.0,77372167.0,177152224.0
MITK,"Mitek Systems, Inc.",United States,NCM,USD,,45742350.0,44752486.0,482124384.0
MITN,"AG Mortgage Investment Trust, I",,NYQ,USD,,,,
MITP,"AG Mortgage Investment Trust, I",,NYQ,USD,,,,
MITQ,"Moving iMage Technologies, Inc.",United States,ASE,USD,,9939732.0,6689937.0,6827602.0
MITT,"TPG Mortgage Investment Trust, Inc.",United States,NYQ,USD,,31744449.0,30595935.0,280303488.0
MITT.PRC,,,,,,,,
MIY,"BlackRock MuniYield Michigan Quality Fund, Inc.",United States,NYQ,USD,,28964750.0,,334253216.0
MJ,Amplify Alternative Harvest ETF,,PCX,USD,,,,
MJARF,"MJardin Group, Inc.",,,,,90140474.0,83145574.0,9014.0
MJSC,MUFG Japan Small Cap Active ETF,,,,,,,
MKAM,MKAM ETF,,NGM,USD,,,,
MKC,"McCormick & Company, Incorporated",United States,NYQ,USD,,253239902.0,264766006.0,18499135488.0
MKC.V,McCormick & Company Inc,US,"NEW YORK STOCK EXCHANGE, INC.",USD,1980-03-17,,,18491.0
MKDWW,MKDWELL Tech Inc.,,NCM,USD,,,,
MKL,Markel Group Inc.,United States,NYQ,USD,,12610250.0,12312270.0,27600846848.0
MKLY,McKinley Acquisition Corporation,,,,,17790000.0,,308144544.0
MKLYR,McKinley Acquisition Corporation,United States,NGM,USD,,,,
MKLYU,McKinley Acquisition Corporation,United States,NGM,USD,,,,
MKOR,Matthews Korea Active ETF,,PCX,USD,,,,
MKSI,MKS Inc.,United States,NMS,USD,,67169474.0,66709363.0,11028555776.0
MKSKS,,,,,,,,
MKSZS,,,,,,,,
MKTN,Federated Hermes MDT Market Neutral ETF,,PCX,USD,,,,
MKTW,"MarketWise, Inc.",United States,NGM,USD,,2416640.0,1549646.0,39177656.0
MKTX,MarketAxess Holdings Inc.,,,,,37171508.0,36422874.0,6832339456.0
MKZR,"MacKenzie Realty Capital, Inc.",US,NASDAQ NMS - GLOBAL MARKET,USD,2023-09-22,1852481.0,1709581.0,7206155.0
MLAB,"Mesa Laboratories, Inc.",United States,NMS,USD,,5522299.0,5349009.0,444379392.0
MLAC,Mountain Lake Acquisition Corp.,,NGM,USD,,23805000.0,,322321984.0
MLACR,Mountain Lake Acquisition Corp.,United States,NGM,USD,,28330000.0,14831771.0,7082500.0
MLACU,Mountain Lake Acquisition Corp.,US,NASDAQ NMS - GLOBAL MARKET,USD,2024-12-13,26995000.0,,286416928.0
MLCI,Mount Logan Capital Inc.,United States,NCM,USD,,12786792.0,12170980.0,105618904.0
MLCMF,Millicom International Cellular S.A.,LU,NASDAQ NMS - GLOBAL MARKET,USD,2004-01-01,167085000.0,96560092.0,5012549632.0
MLCO,Melco Resorts & Entertainment Limited,Hong Kong,NMS,USD,,390662021.0,1088681294.0,3129202944.0
MLDR,Global X Intermediate-Term Treasury Ladder ETF,,PCX,USD,,,,
MLGO,MicroAlgo Inc.,China,NCM,USD,,10941565.0,10879809.0,69136032.0
MLGRF,,,,,,,,
MLHHF,Mainland Headwear Holdings Ltd,,,,,,,
MLI,"Mueller Industries, Inc.",United States,NYQ,USD,,111013631.0,108484740.0,13114040320.0
MLIZY,,,,,,,80469725.0,
MLKN,"MillerKnoll, Inc.",United States,NMS,USD,,68514774.0,67427593.0,1238747136.0
MLM,"Martin Marietta Materials, Inc.",United States,NYQ,USD,,60307143.0,59822274.0,38898712576.0
MLP,"Maui Land & Pineapple Company, Inc.",United States,NYQ,USD,,19741709.0,7460194.0,342537248.0
MLPA,Global X MLP ETF,,PCX,USD,,,,
MLPB,UBS ETRACS Alerian MLP Infrastructure Index ETN Series B,,PCX,USD,,,,
MLPD,Global X MLP & Energy Infrastructure Covered Call ETF,,PCX,USD,,,,
MLPR,ETRACS Quarterly Pay 1.5X Leveraged Alerian MLP Index ETN,,,,,,,
MLPX,Global X MLP & Energy Infrastructure ETF,,PCX,USD,,,,
MLR,"Miller Industries, Inc.",United States,NYQ,USD,,11431416.0,10881222.0,437127424.0
MLSS,Milestone Scientific Inc.,United States,ASE,USD,,78628913.0,61175653.0,22786658.0
MLTX,MoonLake Immunotherapeutics,Switzerland,NCM,USD,,70847401.0,35552232.0,979819520.0
MLUEF,,,,,,,,
MLULF,,,,,,,,
MLXSY,Melexis NV,BE,NYSE EURONEXT - EURONEXT BRUSSELS,EUR,1997-10-10,,,2290.0
MLYS,"Mineralys Therapeutics, Inc.",United States,NMS,USD,,79139956.0,56903211.0,2939257856.0
MLYXF,MULTI UNITS LUXEMBOURG,,,,,,,
MMA,Mixed Martial Arts Group Limited,Australia,ASE,USD,,13041209.0,7940401.0,15910275.0
MMC,"Marsh & McLennan Companies, Inc.",United States,NYQ,USD,,489909683.0,489047442.0,91933696000.0
MMCA,NYLI MacKay California Muni Intermediate ETF,,PCX,USD,,,,
MMCP,"Mag Mile Capital, Inc.",,,,,100055935.0,5833261.0,22512586.0
MMD,NYLI MacKay DefinedTerm Muni Opportunities Fund,United States,NYQ,USD,,18779453.0,,277935904.0
MMGRF,Momentum Group AB,SE,NASDAQ OMX NORDIC,SEK,2022-03-31,48872557.0,18629205.0,852781888.0
MMI,"Marcus & Millichap, Inc.",United States,NYQ,USD,,38922604.0,24227642.0,1073976704.0
MMID,MFS Active Mid Cap ETF,,NYQ,USD,,,,
MMIN,NYLI MacKay Muni Insured ETF,,,,,,,
MMIT,NYLI MacKay Muni Intermediate ETF,,,,,,,
MMKT,Texas Capital Government Money Market ETF,,NYQ,USD,,,,
MMLG,First Trust Multi-Manager Large Growth ETF,,PCX,USD,,,,
MMLP,Martin Midstream Partners L.P.,United States,NMS,USD,,39055086.0,31538544.0,102324328.0
MMM,3M Company,,,,,531225048.0,530433523.0,86328623104.0
MMMA,New York Life Investments Active ETF Trust - NYLI MacKay Muni Allocation ETF,United States,PCX,USD,,,,
MMNGF,Metallic Minerals Corp.,,,,,212484978.0,160663775.0,70120048.0
MMS,"Maximus, Inc.",United States,NYQ,USD,,54461507.0,53732812.0,4895092224.0
MMSC,First Trust Multi-Manager Small Cap Opportunities ETF,,PCX,USD,,,,
MMSD,NYLI MacKay Muni Short Duration ETF,,PCX,USD,,,,
MMSI,"Merit Medical Systems, Inc.",United States,NMS,USD,,59290248.0,57991199.0,5181374976.0
MMSMY,"Mitsui Kinzoku Company, Limited",,,,,286064815.0,53043854.0,6816686080.0
MMT,MFS Multimarket Income Trust,United States,NYQ,USD,,54939439.0,,257148976.0
MMTM,State Street SPDR S&P 1500 Momentum Tilt ETF,,PCX,USD,,,,
MMTOY,Mitsubishi Motors Corporation,,,,,133835291.0,630779112.0,3264242688.0
MMTX,Miluna Acquisition Corp,,NGM,USD,,8828100.0,,87398184.0
MMTXU,Miluna Acquisition Corp,Taiwan,NGM,USD,,7694100.0,,76710176.0
MMTXW,Miluna Acquisition Corp,,NGM,USD,,,,
MMU,Western Asset Managed Municipals Fund Inc.,United States,NYQ,USD,,54618848.0,,558750784.0
MMYT,MakeMyTrip Limited,India,NMS,USD,,89851697.0,24163533.0,7921020416.0
MNA,NYLI Merger Arbitrage ETF,,PCX,USD,,,,
MNBD,ALPS Intermediate Municipal Bond ETF,,PCX,USD,,,,
MNDO,MIND C.T.I. Ltd,Israel,NGM,USD,,20366326.0,19255089.0,23828600.0
MNDR,Mobile-health Network Solutions,Singapore,NCM,USD,,2365752.0,723245.0,2949980.0
MNDY,monday.com Ltd.,Israel,NMS,USD,,51551462.0,42433373.0,7515172352.0
MNKD,MannKind Corporation,US,NASDAQ NMS - GLOBAL MARKET,USD,2004-07-28,307070281.0,301515380.0,1777936896.0
MNMD,Mind Medicine (MindMed) Inc.,United States,NMS,USD,,97219193.0,97624666.0,1269682688.0
MNOV,"MediciNova, Inc.",United States,NGM,USD,,49146246.0,42094922.0,62415736.0
MNPP,"Merchants' National Properties, Inc.",,,,,90879.0,69222.0,184486400.0
MNPR,Monopar Therapeutics Inc.,United States,NCM,USD,,6682584.0,4229474.0,459561280.0
MNR,Mach Natural Resources LP,United States,NYQ,USD,,168422811.0,40790321.0,1877914368.0
MNRO,"Monro, Inc.",United States,NMS,USD,,30019660.0,25075122.0,624408896.0
MNRS,Grayscale Bitcoin Miners ETF,,,,,,,
MNSB,"MainStreet Bancshares, Inc.",United States,NCM,USD,,7496571.0,5594889.0,157502976.0
MNSBP,"MainStreet Bancshares, Inc.",United States,NCM,USD,,,5594889.0,
MNSKY,MONY Group plc,,,,,130920902.0,478575265.0,1657458688.0
MNSO,MINISO Group Holding Limited,China,NYQ,USD,,303614949.0,370481062.0,5959961088.0
MNST,Monster Beverage Corporation,United States,NMS,USD,,977021216.0,696879923.0,75533508608.0
MNTHF,Minth Group Limited,,,,,1169564799.0,698498361.0,5146085376.0
MNTK,"Montauk Renewables, Inc.",United States,NCM,USD,,142256617.0,64795044.0,261752192.0
MNTN,"MNTN, Inc.",US,"NEW YORK STOCK EXCHANGE, INC.",USD,2025-05-22,44231894.0,21865935.0,868428096.0
MNTS,Momentus Inc.,United States,NCM,USD,,1669562.0,1340974.0,10384682.0
MNTSW,Momentus Inc.,United States,NCM,USD,,,1340974.0,
MNY,MoneyHero Limited,Singapore,NGM,USD,,29999712.0,18605857.0,56230916.0
MNYWW,MoneyHero Limited,Singapore,NGM,USD,,,18605857.0,
MNZL,Manzil Russell Halal USA Broad Market ETF,,NGM,USD,,,,
MO,"Altria Group, Inc.",United States,NYQ,USD,,1678671552.0,1675465289.0,96761716736.0
MOB,Mobilicom Limited,AU,NASDAQ NMS - GLOBAL MARKET,USD,2022-08-25,11961698.0,6861596.0,76554872.0
MOBBW,Mobilicom Limited,Israel,NCM,USD,,321936716.0,6861596.0,964200384.0
MOBXW,"Mobix Labs, Inc.",United States,NCM,USD,,,29377014.0,
MOD,Modine Manufacturing Company,United States,NYQ,USD,,52648568.0,51830936.0,7247074816.0
MODG,Topgolf Callaway Brands Corp.,United States,NYQ,USD,,183883637.0,139369086.0,2158793728.0
MODL,Victoryshares Westend U.S. Sector ETF,,NGM,USD,,,,
MOFG,"MidWestOne Financial Group, Inc.",US,NASDAQ NMS - GLOBAL MARKET,USD,2008-03-17,20634267.0,16006689.0,805974528.0
MOG.B,,,,,,,,
MOGO,Mogo Inc.,Canada,NCM,USD,,23777844.0,19889215.0,25208508.0
MOGU,MOGU Inc.,China,NYQ,USD,,7162861.0,787661089.0,20434102.0
MOH,"Molina Healthcare, Inc.",United States,NYQ,USD,,51400000.0,47933070.0,8934327296.0
MOLN,Molecular Partners AG,Switzerland,NMS,USD,,37399152.0,17489339.0,158198416.0
MOMO,Hello Group Inc.,China,NMS,USD,,119258612.0,217419806.0,1044351552.0
MONSF,Montea Comm. VA,BE,NYSE EURONEXT - EURONEXT BRUSSELS,EUR,2006-10-17,23282053.0,22123282.0,1658380672.0
MOO,VanEck Agribusiness ETF,,PCX,USD,,11200000.0,,817936000.0
MOOD,Relative Sentiment Tactical Allocation ETF,,NGM,USD,,,,
MOOOD,,,,,,3146108.0,,84315.0
MOPHY,Monadelphous Group Limited,,,,,100026003.0,92901103.0,945245696.0
MORN,"Morningstar, Inc.",US,NASDAQ NMS - GLOBAL MARKET,USD,2005-05-03,41129198.0,20643567.0,9239454720.0
MORT,VanEck Mortgage REIT Income ETF,,PCX,USD,,,,
MOS,The Mosaic Company,United States,NYQ,USD,,317407877.0,315728789.0,7716185088.0
MOTG,VanEck Morningstar Global Wide Moat ETF,,,,,,,
MOTO,Guinness Atkinson Smart Transportation & Technology ETF,,PCX,USD,,,,
MOV,"Movado Group, Inc.",,,,,15682352.0,16020573.0,462240448.0
MP,MP Materials Corp.,United States,NYQ,USD,,177230483.0,141841100.0,9460562944.0
MPA,BlackRock MuniYield Pennsylvania Quality Fund,United States,NYQ,USD,,12949630.0,,142834432.0
MPAA,"Motorcar Parts of America, Inc.",United States,NMS,USD,,19558015.0,16090575.0,244084032.0
MPB,"Mid Penn Bancorp, Inc.",,,,,23042389.0,19956771.0,730674176.0
MPC,Marathon Petroleum Corporation,US,"NEW YORK STOCK EXCHANGE, INC.",USD,2011-06-23,300602479.0,299760792.0,49765085184.0
MPG,Leverage Shares 2X Long MP Daily ETF,,,,,,,
MPL,Defiance Daily Target 2X Long MP ETF,,PCX,USD,,,,
MPLT,"MapLight Therapeutics, Inc.",United States,NMS,USD,,45373033.0,231643924.0,817168320.0
MPLX,MPLX LP,US,"NEW YORK STOCK EXCHANGE, INC.",USD,2012-10-26,1017065152.0,368075879.0,54958223360.0
MPTI,"M-tron Industries, Inc.",US,NYSE MKT LLC,USD,2022-09-29,2929798.0,2600840.0,150005664.0
MPU,Mega Matrix Inc.,SG,NYSE MKT LLC,USD,1998-01-16,61881433.0,59366405.0,74485792.0
MPV,Barings Participation Investors,United States,NYQ,USD,,10722277.0,,195038224.0
MPVDF,Mountain Province Diamonds Inc.,,,,,212360343.0,135513506.0,8688121.0
MPW,"Medical Properties Trust, Inc.",United States,NYQ,USD,,601500000.0,496393890.0,3055620096.0
MPWR,"Monolithic Power Systems, Inc.",United States,NMS,USD,,47907000.0,46041501.0,45335351296.0
MPX,Marine Products Corporation,United States,NYQ,USD,,34999034.0,10207118.0,310791424.0
MQ,"Marqeta, Inc.",US,NASDAQ NMS - GLOBAL MARKET,USD,2021-06-09,407234623.0,384879994.0,2178411264.0
MQQQ,Tradr 2X Long Innovation 100 Monthly ETF,,NGM,USD,,,,
MQT,"BlackRock MuniYield Quality Fund II, Inc.",United States,NYQ,USD,,22154712.0,,219996304.0
MQY,"BlackRock MuniYield Quality Fund, Inc.",United States,NYQ,USD,,71833617.0,,810283200.0
MRAL,GraniteShares 2x Long MARA Daily ETF,,NGM,USD,,,,
MRAM,"Everspin Technologies, Inc.",United States,NGM,USD,,22856514.0,14845992.0,214394096.0
MRBK,Meridian Corporation,United States,NMS,USD,,11517456.0,8016610.0,202937584.0
MRCC,Monroe Capital Corporation,US,NASDAQ NMS - GLOBAL MARKET,USD,2012-10-25,21666340.0,,134331296.0
MRCY,"Mercury Systems, Inc.",United States,NMS,USD,,60100136.0,54743411.0,4460632064.0
MREO,Mereo BioPharma Group plc,United Kingdom,NCM,USD,,159131701.0,497016042.0,367594208.0
MRGIF,,,,,,,,
MRK,"Merck & Co., Inc.",,,,,2482022536.0,2478026480.0,266713300992.0
MRKR,"Marker Therapeutics, Inc.",United States,NCM,USD,,16673127.0,13676466.0,23925936.0
MRLLF,Minera IRL Limited,,,,,231135028.0,182663701.0,1617945.0
MRM,MEDIROM Healthcare Technologies Inc.,Japan,NCM,USD,,7901950.0,5821999.0,17463312.0
MRNA,"Moderna, Inc.",United States,NMS,USD,,390733636.0,364152373.0,12190889984.0
MRNO,Murano Global Investments Plc,United Kingdom,NCM,USD,,79315662.0,1349131.0,50777888.0
MRNOW,Murano Global Investments Plc,United Kingdom,NCM,USD,,,1349131.0,
MRNY,YieldMax MRNA Option Income Strategy ETF,,PCX,USD,,,,
MROFS,,,,,,,,
MROMF,,,,,,,,
MRP,"Millrose Properties, Inc.",United States,NYQ,USD,,154183686.0,153345730.0,5044846592.0
MRSK,Toews Agility Shares Managed Risk ETF,,PCX,USD,,,,
MRSN,"Mersana Therapeutics, Inc.",United States,NMS,USD,,4998750.0,3519620.0,145338656.0
MRT,"Marti Technologies, Inc.",Turkey,ASE,USD,,78708475.0,29576648.0,181816560.0
MRTI,"Maxus Realty Trust, Inc.",,,,,1188000.0,,89100000.0
MRTN,"Marten Transport, Ltd.",United States,NMS,USD,,81520424.0,57555865.0,931778496.0
MRUS,Merus N.V.,Netherlands,NGM,USD,,75847175.0,70009856.0,7351108096.0
MRVI,"Maravai LifeSciences Holdings, Inc.",United States,NMS,USD,,145022751.0,91754444.0,1198098304.0
MRVL,"Marvell Technology, Inc.",United States,NMS,USD,,848100000.0,845114688.0,74433708032.0
MRWAS,,,,,,,,
MRWXS,,,,,,,,
MRX,Marex Group plc,United Kingdom,NMS,USD,,71699922.0,51367330.0,2884616448.0
MS,Morgan Stanley,United States,NYQ,USD,,1589309311.0,1207795611.0,290325561344.0
MSA,MSA Safety Incorporated,United States,NYQ,USD,,39152061.0,36710538.0,6415456768.0
MSADF,"MS&AD Insurance Group Holdings, Inc.",,,,,1485362686.0,1416847527.0,33123586048.0
MSAI,"MultiSensor AI Holdings, Inc.",,,,,80133381.0,16081846.0,34841996.0
MSAIW,"MultiSensor AI Holdings, Inc.",United States,NCM,USD,,,16081846.0,
MSB,Mesabi Trust,US,"NEW YORK STOCK EXCHANGE, INC.",USD,1980-03-17,13120010.0,13109908.0,486358752.0
MSBI,"Midland States Bancorp, Inc.",United States,NMS,USD,,21551721.0,20278876.0,456896480.0
MSBIP,"Midland States Bancorp, Inc.",,,,,,20278876.0,
MSC,Studio City International Holdings Limited,Hong Kong,NYQ,USD,,192588175.0,68045254.0,565246272.0
MSCI,MSCI Inc.,US,"NEW YORK STOCK EXCHANGE, INC.",USD,2007-11-15,75139539.0,71140613.0,45257887744.0
MSCMS,,,,,,,,
MSD,"Morgan Stanley Emerging Markets Debt Fund, Inc.",United States,NYQ,USD,,20221593.0,,150246432.0
MSDD,GraniteShares 2x Short MSTR Daily ETF,,NGM,USD,,,,
MSDL,Morgan Stanley Direct Lending Fund,United States,NYQ,USD,,86811205.0,,1473590016.0
MSEX,Middlesex Water Company,United States,NMS,USD,,18337819.0,18060551.0,943480832.0
MSFD,Direxion Daily MSFT Bear 1X Shares,,NGM,USD,,,,
MSFL,GraniteShares 2x Long MSFT Daily ETF,,NGM,USD,,,,
MSFO,YieldMax MSFT Option Income Strategy ETF,,PCX,USD,,,,
MSFT,Microsoft Corporation,United States,NMS,USD,,7432377655.0,7421526384.0,3625229484032.0
MSFU,Direxion Daily MSFT Bull 2X Shares,,NGM,USD,,,,
MSGE,Madison Square Garden Entertainment Corp.,US,"NEW YORK STOCK EXCHANGE, INC.",USD,2023-04-17,40364953.0,36148315.0,2550984448.0
MSGM,Motorsport Games Inc.,United States,NCM,USD,,5078450.0,2244929.0,16047906.0
MSGS,Madison Square Garden Sports Corp.,US,"NEW YORK STOCK EXCHANGE, INC.",USD,2015-09-17,19529890.0,17168071.0,6257611264.0
MSGY,Masonglory Limited,Hong Kong,NCM,USD,,14225000.0,2394500.0,38123000.0
MSHRF,,,,,,,,
MSI,"Motorola Solutions, Inc.",United States,NYQ,USD,,166554998.0,165825487.0,62816329728.0
MSIF,"MSC Income Fund, Inc.",United States,NYQ,USD,,46910723.0,,647088512.0
MSKCS,,,,,,,,
MSKIS,,,,,,,,
MSKNS,,,,,,,,
MSKQS,,,,,,,,
MSLC,Morgan Stanley Pathway Large Cap Equity ETF,,PCX,USD,,,,
MSM,"MSC Industrial Direct Co., Inc.",United States,NYQ,USD,,55791582.0,45150412.0,4877300224.0
MSN,Emerson Radio Corp.,,,,,21042652.0,5799355.0,8522274.0
MSOO,,,,,,,,
MSOS,AdvisorShares Pure US Cannabis ETF,,,,,,,
MSOX,AdvisorShares MSOS Daily Leveraged ETF,,PCX,USD,,,,
MSPRW,"MSP Recovery, Inc.",,,,,,13515578.0,
MSRWS,,,,,,,,
MSSM,Morgan Stanley Pathway Small-Mid Cap Equity ETF,,PCX,USD,,,,
MST,Defiance Leveraged Long + Income MSTR ETF,,NGM,USD,,,,
MSTI,Madison Short-Term Strategic Income ETF,,PCX,USD,,,,
MSTP,GraniteShares 2x Long MSTR Daily ETF,,,,,,,
MSTR,Strategy Inc,United States,NMS,USD,,267713485.0,267029205.0,45634646016.0
MSTTS,,,,,,,,
MSTX,Defiance Daily Target 2X Long MSTR ETF,,NGM,USD,,,,
MSTY,Yieldmax MSTR Option Income Strategy ETF,,,,,,,
MSW,Ming Shing Group Holdings Limited,Hong Kong,NCM,USD,,12975000.0,3167976.0,11664525.0
MSWHS,,,,,,,,
MSWRS,,,,,,,,
MSWZS,,,,,,,,
MT,ArcelorMittal S.A.,Luxembourg,NYQ,USD,,760600000.0,419813260.0,35177750528.0
MTA,Metalla Royalty & Streaming Ltd.,Canada,ASE,USD,,92561386.0,72600523.0,769185152.0
MTAVF,,,,,,,,
MTB,M&T Bank Corporation,United States,NYQ,USD,,153690781.0,152914643.0,32391499776.0
MTBA,Simplify MBS ETF,,PCX,USD,,,,
MTC,"MMTec, Inc.",Hong Kong,NCM,USD,,25186864.0,25141528.0,80346176.0
MTCH,"Match Group, Inc.",United States,NMS,USD,,236070189.0,234339795.0,7829844992.0
MTD,Mettler-Toledo International Inc.,United States,NYQ,USD,,20428445.0,20317723.0,29252696064.0
MTDR,Matador Resources Company,United States,NYQ,USD,,124270672.0,115392775.0,5172743168.0
MTEK,Maris-Tech Ltd.,Israel,NCM,USD,,8072591.0,4658328.0,9848561.0
MTEKW,Maris-Tech Ltd.,Israel,NCM,USD,,,4658328.0,
MTEN,Mingteng International Corporation Inc.,China,NCM,USD,,19766054.0,4902283.0,16803124.0
MTEST.A,,,,,,,,
MTEX,"Mannatech, Incorporated",US,NASDAQ NMS - GLOBAL MARKET,USD,1999-02-16,1900930.0,815005.0,14561131.0
MTG,MGIC Investment Corporation,United States,NYQ,USD,,223740981.0,220552672.0,6867280384.0
MTGP,WisdomTree Mortgage Plus Bond Fund,,PCX,USD,,,,
MTH,Meritage Homes Corporation,US,"NEW YORK STOCK EXCHANGE, INC.",USD,1988-07-21,70406707.0,68786649.0,4753230336.0
MTKRS,,,,,,,,
MTLS,Materialise NV,Belgium,NMS,USD,,59067186.0,24177895.0,347188768.0
MTN,"Vail Resorts, Inc.",United States,NYQ,USD,,35775575.0,35262553.0,5042437632.0
MTNB,"Matinas BioPharma Holdings, Inc.",United States,ASE,USD,,6406191.0,5232897.0,3968635.0
MTPOF,Metropolitan Bank & Trust Company,,,,,4497415555.0,3861840789.0,5585789952.0
MTR,Mesa Royalty Trust,United States,NYQ,USD,,1863590.0,1863590.0,7920262.0
MTRN,Materion Corporation,United States,NYQ,USD,,20732741.0,20487265.0,2672450048.0
MTRPF,Metro Systems Corporation Public Company Limited,,,,,,,
MTRWS,,,,,,,,
MTRX,Matrix Service Company,United States,NMS,USD,,28124527.0,26686801.0,330463200.0
MTSFY,"Mitsui Fudosan Co., Ltd.",,,,,915946166.0,2577728080.0,31343679488.0
MTSI,"MACOM Technology Solutions Holdings, Inc.",United States,NMS,USD,,74932978.0,66634151.0,13114019840.0
MTSKF,,,,,,,,
MTTCF,Steakholder Foods Ltd.,,,,,5424956659.0,659966301.0,8679930.0
MTUL,ETRACS 2x Leveraged MSCI US Momentum Factor TR ETN,,PCX,USD,,,,
MTUS,Metallus Inc.,United States,NYQ,USD,,41648794.0,36207796.0,744092864.0
MTVA,MetaVia Inc.,United States,NCM,USD,,2309090.0,725431.0,21220536.0
MTW,"The Manitowoc Company, Inc.",United States,NYQ,USD,,35470942.0,34233006.0,447643296.0
MTWPS,,,,,,,,
MTWRS,,,,,,,,
MTWYS,,,,,,,,
MTX,Minerals Technologies Inc.,,,,,31134308.0,30706211.0,1949711872.0
MTYMF,,,,,,,,
MTYY,GraniteShares YieldBoost MSTR ETF,,NGM,USD,,,,
MTZ,"MasTec, Inc.",United States,NYQ,USD,,78900930.0,60723345.0,17706944512.0
MU,"Micron Technology, Inc.",United States,NMS,USD,,1125509261.0,1121108520.0,320533790720.0
MUA,"BlackRock MuniAssets Fund, Inc.",United States,NYQ,USD,,38478279.0,,409024128.0
MUB,iShares National Muni Bond ETF,,PCX,USD,,,,
MUC,"BlackRock MuniHoldings California Quality Fund, Inc.",United States,NYQ,USD,,94183923.0,,995524032.0
MUD,Direxion Daily MU Bear 1X Shares,,NGM,USD,,,,
MUE,"BlackRock MuniHoldings Quality Fund II, Inc.",United States,NYQ,USD,,21918068.0,,217427232.0
MUFG,"Mitsubishi UFJ Financial Group, Inc.",Japan,NYQ,USD,,11369813931.0,11278424276.0,180666351616.0
MUJ,"BlackRock MuniHoldings New Jersey Quality Fund, Inc.",US,"NEW YORK STOCK EXCHANGE, INC.",USD,1998-03-18,53185098.0,,636625600.0
MULL,GraniteShares 2x Long MU Daily ETF,,NGM,USD,,,,
MULT,Franklin Multisector Income ETF,,NGM,USD,,,,
MUNA,Northern Trust 2030 Tax-Exempt Distributing Ladder ETF,,PCX,USD,,,,
MUNB,Northern Trust 2035 Tax-Exempt Distributing Ladder ETF,,,,,,,
MUNC,Northern Trust 2045 Tax-Exempt Distributing Ladder ETF,,PCX,USD,,,,
MUND,Northern Trust 2055 Tax-Exempt Distributing Ladder ETF,,PCX,USD,,,,
MUNI,PIMCO Intermediate Municipal Bond Active Exchange-Traded Fund,,PCX,USD,,,,
MUNX,AMG GW&K Muni Income ETF,,PCX,USD,,,,
MUNY,Vanguard New York Tax-Exempt Bond ETF Shares,,,,,,,
MUR,Murphy Oil Corporation,US,"NEW YORK STOCK EXCHANGE, INC.",USD,1961-12-04,142738809.0,134053152.0,4447741440.0
MUSA,Murphy USA Inc.,United States,NYQ,USD,,18734447.0,16898659.0,7813404160.0
MUSE,TCW Multisector Credit Income ETF,,NYQ,USD,,,,
MUSI,American Century Multisector Income ETF,,PCX,USD,,,,
MUSLF,Promino Nutritional Sciences Inc.,,,,,137201647.0,135040876.0,4083205.0
MUSQ,MUSQ Global Music Industry Index ETF,,PCX,USD,,,,
MUST,Columbia Multi-Sector Municipal Income ETF,,,,,,,
MUU,Direxion Daily MU Bull 2X Shares,,NGM,USD,,,,
MUX,McEwen Inc.,Canada,NYQ,USD,,54480457.0,45898695.0,1095057152.0
MVAWS,,,,,,,,
MVBF,MVB Financial Corp.,United States,NCM,USD,,12584334.0,11413865.0,330759840.0
MVF,"BlackRock MuniVest Fund, Inc.",United States,NYQ,USD,,57335699.0,,391602816.0
MVFFS,,,,,,,,
MVIS,"MicroVision, Inc.",United States,NGM,USD,,305397269.0,301970712.0,278155840.0
MVLL,GraniteShares 2x Long MRVL Daily ETF,,,,,,,
MVO,MV Oil Trust,United States,NYQ,USD,,11500000.0,7608860.0,13915000.0
MVOTS,,,,,,,,
MVPA,Miller Value Partners Appreciat,,PCX,USD,,,,
MVPL,Miller Value Ptnrs Leverage ETF,,PCX,USD,,,,
MVRL,ETRACS Monthly Pay 1.5X Leveraged Mortgage REIT ETN,,PCX,USD,,,,
MVST,"Microvast Holdings, Inc.",US,NASDAQ NMS - GLOBAL MARKET,USD,2017-01-04,328182834.0,196351029.0,955012096.0
MVSTW,"Microvast Holdings, Inc.",,,,,,196351029.0,
MVT,"BlackRock MuniVest Fund II, Inc.",,,,,20861423.0,,223217232.0
MVTCS,,,,,,,,
MVTKS,,,,,,,,
MVTOS,,,,,,,,
MVTPS,,,,,,,,
MVV,ProShares Ultra MidCap400,,,,,,,
MWA,"Mueller Water Products, Inc.",United States,NYQ,USD,,156360152.0,154460462.0,3876168448.0
MWG,Multi Ways Holdings Limited,Singapore,ASE,USD,,51330000.0,18470153.0,19428406.0
MWKLS,,,,,,,,
MWKOS,,,,,,,,
MWKPS,,,,,,,,
MWKRS,,,,,,,,
MWKVS,,,,,,,,
MWLCS,,,,,,,,
MWMBS,,,,,,,,
MWOFS,,,,,,,,
MWOMS,,,,,,,,
MWQAS,,,,,,,,
MWQBS,,,,,,,,
MWQCS,,,,,,,,
MWQGS,,,,,,,,
MWQHS,,,,,,,,
MWQKS,,,,,,,,
MWQYS,,,,,,,,
MWQZS,,,,,,,,
MWRAS,,,,,,,,
MWRHS,,,,,,,,
MWRWS,,,,,,,,
MWSSS,,,,,,,,
MWSXS,,,,,,,,
MWTES,,,,,,,,
MWVDS,,,,,,,,
MWVLS,,,,,,,,
MWVSS,,,,,,,,
MWXAS,,,,,,,,
MWXOS,,,,,,,,
MWXSS,,,,,,,,
MWXTS,,,,,,,,
MWXYS,,,,,,,,
MWYN,"Marwynn Holdings, Inc.",United States,NCM,USD,,20194804.0,14201592.0,17892596.0
MWZVS,,,,,,,,
MX,Magnachip Semiconductor Corporation,South Korea,NYQ,USD,,35981823.0,26443042.0,94992016.0
MXC,Mexco Energy Corporation,United States,ASE,USD,,2046000.0,839146.0,21836140.0
MXCT,"MaxCyte, Inc.",,,,,106674011.0,96938941.0,171745152.0
MXE,Mexico Equity & Income Fund Inc.,Mexico,NYQ,USD,,4400209.0,,54387464.0
MXF,"The Mexico Fund, Inc.",Mexico,NYQ,USD,,14420065.0,,297485920.0
MXI,iShares Global Materials ETF,,PCX,USD,,,,
MXKSS,,,,,,,,
MXL,"MaxLinear, Inc.",United States,NMS,USD,,87372834.0,81397406.0,1549120256.0
MXLLF,"Maxell, Ltd.",,,,,43125594.0,38163788.0,653352704.0
MXSTS,,,,,,,,
MXTTS,,,,,,,,
MXUBY,MIXUE BINGCHENG CO LTD.,,,,,,40266166.0,
MXWVS,,,,,,,,
MXZFS,,,,,,,,
MYCF,SPDR SSGA My2026 Corporate Bond ETF,,,,,,,
MYCG,SPDR SSGA My2027 Corporate Bond ETF,,NGM,USD,,,,
MYCH,SPDR SSGA My2028 Corporate Bond ETF,,NGM,USD,,,,
MYCI,SPDR SSGA My2029 Corporate Bond ETF,,,,,,,
MYCJ,SPDR SSGA My2030 Corporate Bond ETF,,NGM,USD,,,,
MYCK,SPDR SSGA My2031 Corporate Bond ETF,,NGM,USD,,,,
MYCL,SPDR SSGA My2032 Corporate Bond ETF,,NGM,USD,,,,
MYCM,SPDR SSGA My2033 Corporate Bond ETF,,NGM,USD,,,,
MYCN,SPDR SSGA My2034 Corporate Bond ETF,,NGM,USD,,,,
MYCO,SPDR SSGA My2035 Corporate Bond ETF,,NGM,USD,,,,
MYD,"BlackRock MuniYield Fund, Inc.",United States,NYQ,USD,,45733511.0,,471512512.0
MYE,"Myers Industries, Inc.",United States,NYQ,USD,,37407915.0,36688187.0,721633664.0
MYFW,"First Western Financial, Inc.",United States,NMS,USD,,9714711.0,7639746.0,255095472.0
MYGN,"Myriad Genetics, Inc.",United States,NMS,USD,,93213722.0,85958898.0,604024896.0
MYI,"BlackRock MuniYield Quality Fund III, Inc.",US,"NEW YORK STOCK EXCHANGE, INC.",USD,1992-04-13,66467251.0,,713858240.0
MYMF,SPDR SSGA My2026 Municipal Bond ETF,,NGM,USD,,,,
MYMG,SPDR SSGA My2027 Municipal Bond ETF,,NGM,USD,,,,
MYMH,SPDR SSGA My2028 Municipal Bond ETF,,NGM,USD,,,,
MYMI,SPDR SSGA My2029 Municipal Bond ETF,,,,,,,
MYMJ,SPDR SSGA My2030 Municipal Bond ETF,,,,,,,
MYMK,SPDR SSGA My2031 Municipal Bond ETF,,NGM,USD,,,,
MYN,"BlackRock MuniYield New York Quality Fund, Inc.",United States,NYQ,USD,,38313208.0,,380450176.0
MYND,"Mynd.ai, Inc.",United States,ASE,USD,,45644686.0,44225136.0,22553040.0
MYNZ,Mainz Biomed N.V.,DE,NASDAQ NMS - GLOBAL MARKET,USD,2021-11-04,8583939.0,4067384.0,10901604.0
MYO,"Myomo, Inc.",United States,ASE,USD,,38435524.0,33461967.0,39204232.0
MYPSW,"PLAYSTUDIOS, Inc.",United States,NGM,USD,,,89888168.0,
MYRG,MYR Group Inc.,United States,NMS,USD,,15522834.0,15228987.0,3493413888.0
MYSE,"Myseum, Inc.",United States,NCM,USD,,4264329.0,3969792.0,7974297.0
MYSEW,"Myseum, Inc.",United States,NCM,USD,,,3969792.0,
MYSZ,"My Size, Inc.",Israel,NCM,USD,,3848979.0,3230833.0,3166171.0
MYY,ProShares Short MidCap400,,PCX,USD,,,,
MZTI,The Marzetti Company,US,NASDAQ NMS - GLOBAL MARKET,USD,1980-03-17,27486000.0,19711585.0,4566514176.0
MZZ,ProShares UltraShort MidCap400,,PCX,USD,,,,
NAAS,NaaS Technology Inc.,CN,NASDAQ NMS - GLOBAL MARKET,CNY,2017-10-20,10138722.0,2811199575.0,36915656.0
NABL,"N-able, Inc.",United States,NYQ,USD,,186329603.0,71895277.0,1384511104.0
NAC,Nuveen California Quality Municipal Income Fund,United States,NYQ,USD,,147023383.0,,1730465152.0
NACP,Impact Shares NAACP Minority Empowerment ETF,,PCX,USD,,,,
NAD,Nuveen Quality Municipal Income Fund,United States,NYQ,USD,,233404655.0,,2784517632.0
NAGE,"Niagen Bioscience, Inc.",United States,NCM,USD,,79806139.0,52706662.0,529912736.0
NAII,"Natural Alternatives International, Inc.",United States,NGM,USD,,6176778.0,4893985.0,21124582.0
NAIL,Direxion Daily Homebuilders & Supplies Bull 3X Shares,,PCX,USD,,,,
NAK,Northern Dynasty Minerals Ltd.,Canada,ASE,USD,,552533662.0,542770392.0,1205864576.0
NAKA,"Kindly MD, Inc.",US,NASDAQ NMS - GLOBAL MARKET,USD,2024-05-31,672951662.0,417101801.0,257269424.0
NAKAW,"Kindly MD, Inc.",,,,,,417101801.0,
NAMI,Jinxin Technology Holding Company,,,,,68367188.0,152091014.0,50400288.0
NAMM,Namib Minerals,KY,NASDAQ NMS - GLOBAL MARKET,USD,2025-06-06,53677429.0,6811129.0,52603884.0
NAMMW,Namib Minerals,Cayman Islands,NCM,USD,,,6811129.0,
NAMS,NewAmsterdam Pharma Company N.V.,,,,,113390804.0,62481735.0,3999293440.0
NAMSW,NewAmsterdam Pharma Company N.V.,Netherlands,NGM,USD,,,62481735.0,
NAN,Nuveen New York Quality Municipal Income Fund,United States,NYQ,USD,,31043504.0,,346135072.0
NANC,Unusual Whales Subversive Democratic Trading ETF,,,,,,,
NANR,SPDR S&P North American Natural Resources ETF,,PCX,USD,,,,
NASC,"Nascent Pharma Holdings, Inc.",,,,,77984157.0,73553551.0,1247746.0
NASO,"Naples Soap Company, Inc.",,,,,2238002.0,,612899.0
NAT,Nordic American Tankers Limited,Bermuda,NYQ,USD,,211750663.0,202550097.0,726304768.0
NATH,"Nathan's Famous, Inc.",United States,NMS,USD,,4089510.0,2843763.0,385559008.0
NATL,NCR Atleos Corporation,United States,NYQ,USD,,73904136.0,73406761.0,2882261248.0
NATO,Themes Transatlantic Defense ETF,,NGM,USD,,,,
NATR,"Nature's Sunshine Products, Inc.",United States,NCM,USD,,17495563.0,12186359.0,381104288.0
NAUT,"Nautilus Biotechnology, Inc.",United States,NCM,USD,,126305122.0,45999062.0,250084144.0
NAVI,Navient Corporation,,,,,97506705.0,65923308.0,1286637568.0
NAVN,"Navan, Inc.",United States,NMS,USD,,233339369.0,118667866.0,3861442304.0
NAZ,Nuveen Arizona Quality Municipal Income Fund,United States,NYQ,USD,,12276463.0,,146089904.0
NB,NioCorp Developments Ltd.,United States,NGM,USD,,119360725.0,108076362.0,679162560.0
NBB,Nuveen Taxable Municipal Income Fund,United States,NYQ,USD,,29394752.0,,463849184.0
NBBK,"NB Bancorp, Inc.",United States,NCM,USD,,45770800.0,32293636.0,942878528.0
NBCE,Neuberger Berman China Equity ETF,,,,,,,
NBCM,Neuberger Berman Commodity Strategy ETF,,PCX,USD,,,,
NBCR,Neuberger Berman Core Equity ETF,,PCX,USD,,,,
NBDS,Neuberger Berman Disrupters ETF,,,,,,,
NBET,Neuberger Berman Energy Transition & Infrastructure ETF,,PCX,USD,,,,
NBFC,Neuberger Berman Flexible Credit Income ETF,,PCX,USD,,,,
NBGX,Neuberger Berman Growth ETF,,PCX,USD,,,,
NBH,Neuberger Municipal Fund Inc.,United States,ASE,USD,,29618059.0,,301808032.0
NBHC,National Bank Holdings Corporation,United States,NYQ,USD,,37829912.0,36918287.0,1468178944.0
NBIG,Leverage Shares 2X Long NBIS Daily ETF,,NGM,USD,,,,
NBIL,GraniteShares 2x Long NBIS Daily ETF,,NGM,USD,,,,
NBIS,Nebius Group N.V.,Netherlands,NMS,USD,,218158548.0,210729910.0,22055792640.0
NBIX,"Neurocrine Biosciences, Inc.",United States,NMS,USD,,99705698.0,98532162.0,14483249152.0
NBJP,Neuberger Berman Japan Equity ETF,,,,,,,
NBKAY,,,,,,,,
NBN,Northeast Bank,United States,NGM,USD,,8562960.0,7426227.0,909040960.0
NBOS,Neuberger Berman Option Strategy ETF,,PCX,USD,,,,
NBP,NovaBridge Biosciences,US,NASDAQ NMS - GLOBAL MARKET,USD,2020-01-17,115291032.0,137922546.0,500363104.0
NBR,Nabors Industries Ltd.,,,,,14561171.0,11634376.0,767263168.0
NBSD,Neuberger Berman Short Duration Income ETF,,PCX,USD,,,,
NBSM,Neuberger Berman Small-Mid Cap ETF,,PCX,USD,,,,
NBTB,NBT Bancorp Inc.,United States,NMS,USD,,52315193.0,50952382.0,2237751552.0
NBTR,Neuberger Berman Total Return Bond ETF,,,,,,,
NBTX,Nanobiotix S.A.,FR,NYSE EURONEXT - EURONEXT PARIS,EUR,2012-10-29,48379000.0,30854903.0,1114652160.0
NBVB,Nationwide Beverage Bottling Corp.,,,,,48750000.0,,4875.0
NBXG,Neuberger Next Generation Connectivity Fund Inc.,United States,NYQ,USD,,78761496.0,,1146767360.0
NBY,"NovaBay Pharmaceuticals, Inc.",United States,ASE,USD,,126010749.0,12393157.0,611152128.0
NC,"NACCO Industries, Inc.",United States,NYQ,USD,,5897002.0,4215695.0,363225184.0
NCA,Nuveen California Municipal Value Fund,United States,NYQ,USD,,33108195.0,,292014272.0
NCDL,Nuveen Churchill Direct Lending Corp.,United States,NYQ,USD,,49387065.0,,680553728.0
NCEL,NewcelX Ltd.,Switzerland,NCM,USD,,4558378.0,2056548.0,11395948.0
NCEN,Nacel Energy Corporation,,,,,69741124.0,,6974.0
NCEW,New Century Logistics (BVI) Limited,Hong Kong,NCM,USD,,2687500.0,418739.0,15023125.0
NCI,Neo-Concept International Group Holdings Limited,Hong Kong,NCM,USD,,3464000.0,1260734.0,4958080.0
NCIQ,Hashdex Nasdaq Crypto Index US ETF,,NGM,USD,,,,
NCL,Northann Corp.,United States,ASE,USD,,22743104.0,12109356.0,7164077.0
NCLH,Norwegian Cruise Line Holdings Ltd.,United States,NYQ,USD,,455257489.0,451633639.0,10384422912.0
NCLO,Nuveen AA-BBB CLO ETF,,PCX,USD,,,,
NCMI,"National CineMedia, Inc.",United States,NMS,USD,,93831167.0,65614258.0,367818176.0
NCNA,NuCana plc,United Kingdom,NCM,USD,,4161871.0,20807690252.0,13775793.0
NCNO,"nCino, Inc.",United States,NMS,USD,,114684968.0,104694760.0,3044769024.0
NCPB,Nuveen Core Plus Bond ETF,,NGM,USD,,,,
NCPL,Netcapital Inc.,United States,NCM,USD,,6867899.0,6308715.0,5271800.0
NCPLW,Netcapital Inc.,United States,NCM,USD,,,6308715.0,
NCRA,"Nocera, Inc.",Taiwan,NCM,USD,,14373617.0,6153920.0,11973223.0
NCRBF,"Nippon Carbon Co., Ltd.",,,,,11057297.0,10269113.0,315132960.0
NCSM,"NCS Multistage Holdings, Inc.",United States,NCM,USD,,2540920.0,803769.0,102678576.0
NCTY,The9 Limited,China,NCM,USD,,14913261.0,747366291.0,106482008.0
NCV,Virtus Convertible & Income Fund,United States,NYQ,USD,,22593393.0,,349067936.0
NCZ,Virtus Convertible & Income Fund II,United States,NYQ,USD,,19028938.0,,267927472.0
NDAA,Ned Davis Research 360 Dynamic Allocation ETF,,NGM,USD,,,,
NDAQ,"Nasdaq, Inc.",United States,NMS,USD,,570995433.0,508825450.0,57006559232.0
NDATF,nDatalyze Corp.,,,,,41327425.0,40495091.0,450468.0
NDIA,Global X Funds - Global X India Active ETF,,PCX,USD,,,,
NDIV,Amplify Natural Resources Dividend Income ETF,,PCX,USD,,,,
NDMCF,New Destiny Mining Corp.,,,,,22605669.0,22010688.0,372993.0
NDMO,Nuveen Dynamic Municipal Opportunities Fund,United States,NYQ,USD,,59562212.0,,596813376.0
NDRA,ENDRA Life Sciences Inc.,United States,NCM,USD,,1166441.0,1095533.0,5925525.0
NDSN,Nordson Corporation,United States,NMS,USD,,55823516.0,49763315.0,13620379648.0
NDVG,Nuveen Dividend Growth ETF,,PCX,USD,,,,
NE,Noble Corporation plc,United States,NYQ,USD,,158846719.0,155925528.0,4454062080.0
NE.WS,,,,,,,,
NE.WSA,,,,,,,,
NEA,Nuveen AMT-Free Quality Municipal Income Fund,US,"NEW YORK STOCK EXCHANGE, INC.",USD,2002-11-22,298992392.0,,3453362176.0
NECB,"Northeast Community Bancorp, Inc.",United States,NCM,USD,,13483693.0,13413969.0,309585600.0
NECPY,NEC Corp.,,,,,2666291420.0,1248970890.0,43940483072.0
NEE,"NextEra Energy, Inc.",United States,NYQ,USD,,2082609684.0,2078298682.0,167462649856.0
NEGG,"Newegg Commerce, Inc.",United States,NCM,USD,,20966480.0,782495.0,1110804096.0
NEHI,NEOS Ethereum High Income ETF,,,,,,,
NELS,Nelson Select ETF,,,,,,,
NEM,Newmont Corporation,United States,NYQ,USD,,1091262981.0,1088905853.0,116194000896.0
NEMCL,NEWMONT CORPORATION CDI 1:1,US,"NEW YORK STOCK EXCHANGE, INC.",USD,1940-01-27,1091262981.0,1088905853.0,106874044416.0
NEMD,Neuberger Berman Emerging Markets Debt Hard Currency ETF,,PCX,USD,,,,
NEMG,Leverage Shares 2X Long Nem Daily ETF,,NGM,USD,,,,
NEN,New England Realty Associates Limited Partnership,United States,ASE,USD,,2822424.0,64948.0,223305984.0
NEO,"NeoGenomics, Inc.",,,,,129387801.0,112965901.0,1588882176.0
NEOG,Neogen Corporation,United States,NMS,USD,,217298626.0,205227687.0,1549339264.0
NEON,Neonode Inc.,Sweden,NCM,USD,,16782922.0,13052582.0,32391038.0
NEOV,NeoVolta Inc.,,,,,34737923.0,29679387.0,103171632.0
NEOVW,NeoVolta Inc.,United States,NCM,USD,,,29679387.0,
NEPH,"Nephros, Inc.",United States,NCM,USD,,10626683.0,8659471.0,52389544.0
NEPTF,Neptune Wellness Solutions Inc.,,,,,4532038.0,3567575.0,453.0
NERV,"Minerva Neurosciences, Inc.",United States,NCM,USD,,43274398.0,5437023.0,181319744.0
NESR,National Energy Services Reunited Corp.,United States,NCM,USD,,100777759.0,51896515.0,1520736384.0
NET,"Cloudflare, Inc.",United States,NYQ,USD,,315250214.0,313091814.0,70893404160.0
NETG,Leverage Shares 2X Long NET Daily ETF,,NGM,USD,,,,
NETL,Colterpoint Net Lease Real Estate ETF,,,,,,,
NEU,NewMarket Corporation,United States,NYQ,USD,,9397122.0,7831561.0,6663875072.0
NEUP,Neuphoria Therapeutics Inc.,United States,NGM,USD,,5377329.0,4159472.0,20003664.0
NEWEN,New England Power Company PFD 6%,,,,,,,
NEWP,New Pacific Metals Corp.,Canada,ASE,USD,,183736205.0,109054787.0,709168448.0
NEWT,"NewtekOne, Inc.",United States,NGM,USD,,28887295.0,24913559.0,331626144.0
NEWTG,"NewtekOne, Inc. 8.50% Fixed Rate Senior Notes due 2029",,NGM,USD,,,,
NEWTH,"NewtekOne, Inc.",United States,NGM,USD,,,24392442.0,
NEWTI,"NewtekOne, Inc. 8.00% Fixed Rate Senior Notes due 2028",,NGM,USD,,,,
NEWTP,"NewtekOne, Inc.",United States,NGM,USD,,,24913559.0,
NEWTZ,Newtek Business Services Corp. 5.50% Notes Due 2026,,NGM,USD,,,,
NEWZ,Stocksnips AI-Powered Sentiment US ALL Cap ETF,,NGM,USD,,,,
NEXA,Nexa Resources S.A.,Luxembourg,NYQ,USD,,132438611.0,46783939.0,1244922880.0
NEXHY,"Nippon Express Holdings, Inc.",,,,,242486714.0,,3889487104.0
NEXM,NexMetals Mining Corp.,,,,,35490708.0,17099905.0,146221712.0
NEXN,Nexxen International Ltd.,Israel,NGM,USD,,56748622.0,46381177.0,424893856.0
NEXT,NextDecade Corporation,United States,NCM,USD,,264801408.0,128582268.0,1424631552.0
NFBK,"Northfield Bancorp, Inc. (Staten Island, NY)",United States,NMS,USD,,41801495.0,39670873.0,490437472.0
NFE,New Fortress Energy Inc.,United States,NMS,USD,,284552811.0,128339009.0,332926752.0
NFG,National Fuel Gas Company,United States,NYQ,USD,,90604875.0,89053263.0,7332652544.0
NFGC,New Found Gold Corp.,Canada,ASE,USD,,342202494.0,173951729.0,1108736128.0
NFJ,"Virtus Dividend, Interest & Premium Strategy Fund",United States,NYQ,USD,,94101764.0,,1223888384.0
NFLT,Virtus Newfleet Multi-Sector Bond ETF,,PCX,USD,,,,
NFLU,T-REX 2X Long NFLX Daily Target ETF,,,,,,,
NFLX,"Netflix, Inc.",US,NASDAQ NMS - GLOBAL MARKET,USD,2002-05-23,4237323340.0,4210246844.0,400299950080.0
NFLY,YieldMax NFLX Option Income Strategy ETF,,PCX,USD,,,,
NFRA,FlexShares STOXX Global Broad Infrastructure Index Fund,,,,,,,
NFTY,First Trust India NIFTY 50 Equal Weight ETF,,NGM,USD,,,,
NFXL,Direxion Daily NFLX Bull 2X Shares,,NGM,USD,,,,
NFXS,Direxion Daily NFLX Bear 1X Shares,,NGM,USD,,,,
NG,NovaGold Resources Inc.,Canada,ASE,USD,,406926988.0,371280184.0,4142516736.0
NGCRF,NagaCorp Ltd.,,,,,4422990160.0,1047098690.0,2680546560.0
NGD,New Gold Inc.,Canada,ASE,USD,,791726904.0,761932080.0,7412536320.0
NGG,National Grid plc,United Kingdom,NYQ,USD,,992308977.0,4867085040.0,77042868224.0
NGL,NGL Energy Partners LP,United States,NYQ,USD,,125722503.0,112146987.0,1200487296.0
NGL.PRB,NGL Energy Partners LP,US,"NEW YORK STOCK EXCHANGE, INC.",USD,2011-05-12,,,1180.0
NGNE,Neurogene Inc.,United States,NGM,USD,,15489800.0,5210149.0,309950912.0
NGS,"Natural Gas Services Group, Inc.",United States,NYQ,USD,,12568917.0,10392986.0,419173376.0
NGVC,"Natural Grocers by Vitamin Cottage, Inc.",United States,NYQ,USD,,23033093.0,13782542.0,594253760.0
NGVT,Ingevity Corporation,United States,NYQ,USD,,35964032.0,35759397.0,2193446912.0
NHC,National HealthCare Corporation,United States,ASE,USD,,15515253.0,12481400.0,2151655168.0
NHI,"National Health Investors, Inc.",United States,NYQ,USD,,47638502.0,43907451.0,3674357760.0
NHIC,NewHold Investment Corp III,,,,,20905100.0,,286068224.0
NHICU,NewHold Investment Corp III,,NGM,USD,,,,
NHICW,NewHold Investment Corp III,United States,PNK,USD,,,20352539.0,
NHPAP,"National Healthcare Properties, Inc.",United States,NGM,USD,,,28181087.0,
NHPBP,"National Healthcare Properties, Inc.",United States,NGM,USD,,,28181087.0,
NHS,Neuberger High Yield Strategies Fund Inc.,United States,ASE,USD,,30641100.0,,219696688.0
NHTC,Natural Health Trends Corp.,United States,NCM,USD,,11513075.0,6846129.0,38223408.0
NHYB,Nuveen High Yield Corporate Bond ETF,,PCX,USD,,,,
NHYM,Nuveen High Yield Municipal Income ETF,,PCX,USD,,,,
NI,NiSource Inc.,United States,NYQ,USD,,473232529.0,475682819.0,19743262720.0
NIC,"Nicolet Bankshares, Inc.",United States,NYQ,USD,,14811409.0,13056495.0,1831578880.0
NICE,NICE Ltd.,,,,,61741703.0,61693561.0,6957672960.0
NIE,Virtus Equity & Convertible Income Fund,US,"NEW YORK STOCK EXCHANGE, INC.",USD,2007-02-23,27708965.0,,707687040.0
NIKL,Sprott Nickel Miners ETF,,NGM,USD,,,,
NIM,Nuveen Select Maturities Municipal Fund,,,,,12446597.0,,115006552.0
NINE,"Nine Energy Service, Inc.",United States,NYQ,USD,,43361339.0,33550836.0,14408974.0
NIO,NIO Inc.,China,NYQ,USD,,2370675188.0,1808012916.0,12896161792.0
NIOBW,NioCorp Developments Ltd.,,NCM,USD,,,,
NIOG,Themes ETF Trust - Leverage Shares 2x Long NIO Daily ETF,,,,,,,
NIPG,NIP Group Inc.,Sweden,NGM,USD,,98681578.0,26276879.0,124744752.0
NIQ,NIQ Global Intelligence plc,,NYQ,USD,,295000000.0,,4832099840.0
NISN,"Nisun International Enterprise Development Group Co., Ltd",China,NCM,USD,,4798358.0,3278032.0,6477783.0
NITE,The Nightview ETF,,PCX,USD,,,,
NITO,"N2OFF, Inc.",US,NASDAQ NMS - GLOBAL MARKET,USD,2010-05-26,2712883.0,1389810.0,6022602.0
NIU,Niu Technologies,China,NGM,USD,,69692962.0,90118626.0,264297856.0
NIVF,NewGenIvf Group Limited,Thailand,NCM,USD,,1317135.0,429967.0,1055814.0
NIVFW,NewGenIvf Group Limited,Thailand,NCM,USD,,,429967.0,
NIXT,Research Affiliates Deletions ETF,,NGM,USD,,,,
NIXX,"Nixxy, Inc.",United States,NCM,USD,,24875575.0,22373841.0,26865624.0
NIXXW,"Nixxy, Inc.",United States,NCM,USD,,,22373841.0,
NJNK,Columbia U.S. High Yield ETF,,PCX,USD,,,,
NJR,New Jersey Resources Corporation,United States,NYQ,USD,,100745880.0,95760277.0,4639347712.0
NKE,"NIKE, Inc.",United States,NYQ,USD,,1189313611.0,1172651700.0,90066804736.0
NKLR,Terra Innovatum Global N.V.,Italy,NGM,USD,,70300948.0,22828124.0,312839200.0
NKRKF,Nokian Renkaat Oyj,FI,NASDAQ OMX HELSINKI LTD.,EUR,1995-06-01,137872287.0,123026079.0,1414569728.0
NKSH,"National Bankshares, Inc.",United States,NCM,USD,,6366001.0,6099537.0,215616448.0
NKTR,Nektar Therapeutics,United States,NCM,USD,,20341589.0,18881673.0,904997312.0
NKTX,"Nkarta, Inc.",United States,NMS,USD,,71029512.0,56363338.0,130694304.0
NKX,Nuveen California AMT-Free Quality Municipal Income Fund,United States,NYQ,USD,,50669466.0,,631594880.0
NL,"NL Industries, Inc.",United States,NYQ,USD,,48862734.0,8310574.0,266790544.0
NLLGF,Nilörngruppen AB,SE,NASDAQ OMX NORDIC,SEK,2015-06-12,10441988.0,6228678.0,65721060.0
NLOP,Net Lease Office Properties,United States,NYQ,USD,,14814075.0,14716450.0,383092000.0
NLR,VanEck Uranium and Nuclear ETF,,,,,,,
NLY,"Annaly Capital Management, Inc.",United States,NYQ,USD,,683031214.0,681835909.0,15805342720.0
NMAI,Nuveen Multi-Asset Income Fund,United States,NYQ,USD,,33425645.0,,435536128.0
NMAX,"Newsmax, Inc.",United States,NYQ,USD,,89889822.0,30913511.0,1119549440.0
NMB,Simplify National Muni Bond ETF,,PCX,USD,,,,
NMBL,NovaTide Flexible Allocation ETF,,PCX,USD,,,,
NMCO,Nuveen Municipal Credit Opportunities Fund,,,,,54801890.0,,560075328.0
NMFC,New Mountain Finance Corporation,United States,NMS,USD,,103155812.0,,945938752.0
NMFCZ,New Mountain Finance Corporation 8.250% Notes due 2028,,NGM,USD,,,,
NMG,Nouveau Monde Graphite Inc.,Canada,NYQ,USD,,160761539.0,72991770.0,429500128.0
NMI,"Nuveen Municipal Income Fund, Inc.",,,,,10290126.0,,102623424.0
NMIH,"NMI Holdings, Inc.",United States,NGM,USD,,76867928.0,75694923.0,3212344320.0
NML,Neuberger Energy Infrastructure and Income Fund Inc.,United States,ASE,USD,,56658928.0,,475934976.0
NMM,Navios Maritime Partners L.P.,Greece,NYQ,USD,,28866658.0,14583820.0,1515461376.0
NMP,NMP Acquisition Corp.,,NGM,USD,,12137500.0,,160187456.0
NMPAR,NMP Acquisition Corp.,,NGM,USD,,,,
NMPAU,NMP Acquisition Corp.,,NGM,USD,,,,
NMR,"Nomura Holdings, Inc.",Japan,NYQ,USD,,2934227595.0,2766746679.0,24676853760.0
NMRA,"Neumora Therapeutics, Inc.",United States,NMS,USD,,169938441.0,90973339.0,302490432.0
NMRK,"Newmark Group, Inc.",United States,NMS,USD,,159448532.0,152848999.0,4455136256.0
NMS,Nuveen Minnesota Quality Municipal Income Fund,United States,NYQ,USD,,6059103.0,,71558008.0
NMT,Nuveen Massachusetts Quality Municipal Income Fund,US,"NEW YORK STOCK EXCHANGE, INC.",USD,1993-03-18,9760126.0,,110094216.0
NMTLF,New Age Metals Inc.,,,,,66420940.0,36089628.0,25107114.0
NMXS,"Net Medical Xpress Solutions, Inc.",,,,,37667581.0,11779390.0,11300.0
NMYSF,NamSys Inc.,,,,,26933898.0,10639698.0,24819588.0
NMZ,Nuveen Municipal High Income Opportunity Fund,United States,NYQ,USD,,116447843.0,,1176123264.0
NN,NextNav Inc.,United States,NCM,USD,,134829088.0,91020056.0,2301532416.0
NNAVW,NextNav Inc.,United States,NCM,USD,,,91020056.0,
NNBR,"NN, Inc.",US,NASDAQ NMS - GLOBAL MARKET,USD,1994-03-15,50195810.0,35170196.0,68405976.0
NNDM,Nano Dimension Ltd.,United States,NCM,USD,,210334767.0,212499230.0,351563232.0
NNE,NANO Nuclear Energy Inc.,United States,NCM,USD,,50474294.0,34960010.0,1438012672.0
NNEX,Tradr 2X Long NNE Daily ETF,,,,,,,
NNI,"Nelnet, Inc.",US,"NEW YORK STOCK EXCHANGE, INC.",USD,2003-12-11,25316448.0,14579146.0,4909506048.0
NNN,"NNN REIT, Inc.",United States,NYQ,USD,,189920815.0,187753819.0,7503771136.0
NNNN,Anbio Biotechnology,Germany,NGM,USD,,43891200.0,39691251.0,1470355200.0
NNOMF,Nano One Materials Corp.,,,,,118463721.0,110610440.0,97411288.0
NNOX,Nano-X Imaging Ltd.,,,,,65382892.0,62753846.0,186995072.0
NNVC,"NanoViricides, Inc.",,,,,21568429.0,17396620.0,25666432.0
NNY,Nuveen New York Municipal Value Fund,United States,NYQ,USD,,18886052.0,,164119776.0
NOA,North American Construction Group Ltd.,Canada,NYQ,USD,,29074539.0,25292241.0,401228672.0
NOAH,Noah Holdings Limited,China,NYQ,USD,,66157280.0,181480090.0,695308480.0
NOC,Northrop Grumman Corporation,US,"NEW YORK STOCK EXCHANGE, INC.",USD,1951-12-10,142720067.0,142334723.0,82669551616.0
NOCT,Innovator Growth-100 Power Buffer ETF - October,,,,,,,
NODK,"NI Holdings, Inc.",US,NASDAQ NMS - GLOBAL MARKET,USD,2017-03-16,20605747.0,5202333.0,279737280.0
NOEM,CO2 Energy Transition Corp.,United States,NGM,USD,,9585750.0,5267657.0,98829088.0
NOEMR,CO2 Energy Transition Corp.,,,,,,5267657.0,
NOEMU,CO2 Energy Transition Corp.,United States,NGM,USD,,8370000.0,5267657.0,93409200.0
NOEMW,CO2 Energy Transition Corp.,United States,NGM,USD,,,5267657.0,
NOG,"Northern Oil and Gas, Inc.",,,,,97602978.0,94174260.0,2088703616.0
NOK,Nokia Oyj,Finland,NYQ,USD,,5545484600.0,4219104977.0,37517918208.0
NOKBF,Nokia Oyj,,,,,5545484600.0,4219104977.0,36629676032.0
NOM,Nuveen Missouri Quality Municipal Income Fund,United States,NYQ,USD,,2352067.0,,27989596.0
NOMA,Nomadar Corp.,United States,NCM,USD,,12673401.0,3959651.0,82998504.0
NOMD,Nomad Foods Limited,United Kingdom,NYQ,USD,,146646115.0,118111714.0,1870432000.0
NORD,Nordicus Partners Corporation,,,,,18566360.0,2522033.0,93760120.0
NORW,Global X MSCI Norway ETF,,,,,,,
NOTE,"FiscalNote Holdings, Inc.",US,"NEW YORK STOCK EXCHANGE, INC.",USD,2020-10-29,15018986.0,9343931.0,24664536.0
NOTV,"Inotiv, Inc.",United States,NCM,USD,,34367251.0,31272136.0,20939968.0
NOV,NOV Inc.,United States,NYQ,USD,,364752877.0,361495634.0,5800717312.0
NOVM,FT Vest U.S. Equity Max Buffer ETF – November,,,,,,,
NOVT,Novanta Inc.,United States,NMS,USD,,35775123.0,35454936.0,4414684160.0
NOVTU,Novanta Inc.,United States,NMS,USD,,,35454936.0,
NOW,"ServiceNow, Inc.",United States,NYQ,USD,,1038390695.0,1035028264.0,159797952512.0
NOWL,GraniteShares 2x Long NOW Daily ETF,,NGM,USD,,,,
NP,Neptune Insurance Holdings Inc.,United States,NYQ,USD,,94600000.0,43130416.0,4127246592.0
NPAC,New Providence Acquisition Corp. III,United States,NGM,USD,,30887075.0,28075978.0,394166272.0
NPACU,New Providence Acquisition Corp. III,United States,NGM,USD,,,28075978.0,
NPACW,New Providence Acquisition Corp. III,United States,NGM,USD,,,28075978.0,
NPB,"Northpointe Bancshares, Inc.",United States,NYQ,USD,,34364659.0,14152054.0,590728512.0
NPCE,"NeuroPace, Inc.",US,NASDAQ NMS - GLOBAL MARKET,USD,2021-04-22,33307734.0,22087691.0,533589920.0
NPCT,Nuveen Core Plus Impact Fund,United States,NYQ,USD,,28755000.0,,295313856.0
NPFD,Nuveen Variable Rate Preferred & Income Fund,United States,NYQ,USD,,24164141.0,,462743264.0
NPFI,Nuveen Preferred And Income ETF,,NGM,USD,,,,
NPK,"National Presto Industries, Inc.",US,"NEW YORK STOCK EXCHANGE, INC.",USD,1980-03-17,7151940.0,4928974.0,775627968.0
NPKI,NPK International Inc.,United States,NYQ,USD,,84494699.0,80605408.0,1024075712.0
NPNYY,Nippon Yusen Kabushiki Kaisha,,,,,2064489190.0,419976778.0,13150795776.0
NPO,Enpro Inc.,United States,NYQ,USD,,21065729.0,20891937.0,4716616192.0
NPPXF,"NTT, Inc.",,,,,81927061401.0,50477035464.0,79469248512.0
NPT,Texxon Holding Limited,China,NCM,USD,,22185000.0,3508114.0,114474600.0
NPV,Nuveen Virginia Quality Municipal Income Fund,United States,NYQ,USD,,18461554.0,,204738640.0
NPWR,NET Power Inc.,United States,NYQ,USD,,83919757.0,38291746.0,183784272.0
NQP,Nuveen Pennsylvania Quality Municipal Income Fund,United States,NYQ,USD,,37217802.0,,442147456.0
NRC,National Research Corporation,United States,NMS,USD,,22657421.0,12979757.0,430365216.0
NRDS,"NerdWallet, Inc.",US,NASDAQ NMS - GLOBAL MARKET,USD,2021-11-04,41027578.0,30349775.0,1059441408.0
NRDY,"Nerdy, Inc.",United States,NYQ,USD,,122938630.0,62693784.0,209814128.0
NREF,"NexPoint Real Estate Finance, Inc.",United States,NYQ,USD,,17721828.0,8911598.0,319780960.0
NRES,Xtrackers RREEF Global Natural Resources ETF,,,,,,,
NRG,"NRG Energy, Inc.",United States,NYQ,USD,,191639408.0,190654381.0,31119149056.0
NRGD,MicroSectors U.S. Big Oil -3x Inverse Leveraged ETNs,,PCX,USD,,,,
NRGU,Microsectors U.S. Big Oil 3x Leveraged ETNs,,PCX,USD,,,,
NRGV,"Energy Vault Holdings, Inc.",United States,NYQ,USD,,167790003.0,116479820.0,817137280.0
NRIM,"Northrim BanCorp, Inc.",United States,NMS,USD,,22090668.0,21453573.0,599319808.0
NRIX,"Nurix Therapeutics, Inc.",US,NASDAQ NMS - GLOBAL MARKET,USD,2020-07-24,101369235.0,71441626.0,1956426112.0
NRK,Nuveen New York AMT-Free Quality Municipal Income Fund,United States,NYQ,USD,,87235304.0,,874097792.0
NRO,Neuberger Real Estate Securities Income Fund Inc.,United States,ASE,USD,,63361833.0,,191352736.0
NRP,Natural Resource Partners L.P.,United States,NYQ,USD,,13138097.0,9958809.0,1352567040.0
NRSH,Aztlan North America Nearshoring Stock Selection ETF,,PCX,USD,,,,
NRSN,NeuroSense Therapeutics Ltd.,Israel,NCM,USD,,29699319.0,13767752.0,23759456.0
NRSNW,NeuroSense Therapeutics Ltd.,,,,,,13767752.0,
NRT,North European Oil Royalty Trust,United States,NYQ,USD,,9190590.0,8872320.0,57716908.0
NRUC,National Rural Utilities Cooper,,,,,,,
NRXP,"NRx Pharmaceuticals, Inc.",United States,NCM,USD,,29605150.0,20326385.0,75789184.0
NRXPW,"NRx Pharmaceuticals, Inc.",United States,NCM,USD,,,20326385.0,
NRXS,"NeurAxis, Inc.",United States,ASE,USD,,10652812.0,7486690.0,41759024.0
NSA,National Storage Affiliates Trust,US,"NEW YORK STOCK EXCHANGE, INC.",USD,2015-04-23,76960767.0,70813279.0,4112803072.0
NSA.PRA,National Storage Affiliates Trust,US,"NEW YORK STOCK EXCHANGE, INC.",USD,2015-04-23,,,3729.0
NSC,Norfolk Southern Corporation,United States,NYQ,USD,,224386617.0,224007404.0,65287528448.0
NSCI,Nuveen Securitized Income ETF,,PCX,USD,,,,
NSCR,Nuveen Sustainable Core ETF,,NGM,USD,,,,
NSHRF,Northern Shield Resources Inc.,,,,,135325601.0,122962254.0,7088568.0
NSI,National Security Emerging Markets Index ETF,,NGM,USD,,,,
NSIT,"Insight Enterprises, Inc.",United States,NMS,USD,,30979597.0,30509327.0,2598813440.0
NSP,"Insperity, Inc.",United States,NYQ,USD,,37704152.0,35799338.0,1454249088.0
NSPR,"InspireMD, Inc.",United States,NCM,USD,,42370995.0,22863389.0,82623448.0
NSRCF,NextSource Materials Inc.,,,,,184911107.0,182072722.0,50172180.0
NSRX,Nasus Pharma Ltd.,Israel,ASE,USD,,9059634.0,2389042.0,68898528.0
NSSC,"Napco Security Technologies, Inc.",United States,NMS,USD,,35664324.0,34097947.0,1525006464.0
NSTS,"NSTS Bancorp, Inc.",United States,NCM,USD,,4887961.0,4440419.0,63025624.0
NSVGF,Nass Valley Gateway Ltd.,,,,,328732777.0,,3287327.0
NSYS,Nortech Systems Incorporated,United States,NCM,USD,,2786134.0,938649.0,20589538.0
NTAP,"NetApp, Inc.",United States,NMS,USD,,198060348.0,196943288.0,22059827200.0
NTB,The Bank of N.T. Butterfield & Son Limited,Bermuda,NYQ,USD,,41201173.0,42356102.0,2107900544.0
NTBP,"New Tripoli Bancorp, Inc.",,,,,63093.0,,74954480.0
NTCL,NetClass Technology Inc,China,NCM,USD,,19992031.0,9071657.0,12095618.0
NTCT,"NetScout Systems, Inc.",United States,NMS,USD,,72193673.0,68267781.0,2010593792.0
NTES,"NetEase, Inc.",China,NMS,USD,,633198284.0,1708329779.0,88808284160.0
NTGR,"NETGEAR, Inc.",United States,NMS,USD,,28402755.0,25269363.0,714480704.0
NTHD,"NetImpact Holdings, Inc.",,,,,,,
NTHI,"NeOnc Technologies Holdings, Inc.",US,NASDAQ NMS - GLOBAL MARKET,USD,2025-03-26,23970791.0,3769836.0,205429680.0
NTIC,Northern Technologies International Corporation,United States,NGM,USD,,9480689.0,7583034.0,71768816.0
NTIP,"Network-1 Technologies, Inc.",United States,ASE,USD,,22819661.0,14649994.0,30350148.0
NTLA,"Intellia Therapeutics, Inc.",United States,NGM,USD,,115829926.0,110195958.0,1093434496.0
NTNX,"Nutanix, Inc.",United States,NMS,USD,,270399924.0,268791044.0,14287932416.0
NTR,Nutrien Ltd.,Canada,NYQ,USD,,483340553.0,482871713.0,30571476992.0
NTRA,"Natera, Inc.",United States,NMS,USD,,139449120.0,133879552.0,32594837504.0
NTRB,Nutriband Inc.,United States,NCM,USD,,12174883.0,4122823.0,58439444.0
NTRBW,Nutriband Inc.,United States,NCM,USD,,,4122823.0,
NTRP,"NextTrip, Inc.",US,NASDAQ NMS - GLOBAL MARKET,USD,2002-05-17,12632816.0,4032053.0,46488764.0
NTRS,Northern Trust Corporation,United States,NMS,USD,,189117369.0,186225764.0,26719174656.0
NTRSO,Northern Trust Corporation,,,,,,186225764.0,
NTSE,WisdomTree Emerging Markets Efficient Core Fund,,PCX,USD,,,,
NTSI,WisdomTree International Efficient Core Fund,,PCX,USD,,,,
NTSK,"Netskope, Inc.",United States,NMS,USD,,85188411.0,2174722.0,7192704512.0
NTST,NETSTREIT Corp.,United States,NYQ,USD,,83561676.0,83066991.0,1697032576.0
NTSX,WisdomTree U.S. Efficient Core Fund,,PCX,USD,,,,
NTTMF,"Nittetsu Mining Co., Ltd.",,,,,78682200.0,58588340.0,2499292928.0
NTTYY,"NTT, Inc.",,,,,3277082456.0,50477035464.0,83205120000.0
NTWK,"NetSol Technologies, Inc.",,,,,11796775.0,9994582.0,36334068.0
NTWO,Newbury Street II Acquisition Corp,United States,NGM,USD,,17998375.0,14613800.0,251292640.0
NTWOU,Newbury Street II Acquisition Corp,United States,NGM,USD,,,14613800.0,
NTWOW,Newbury Street II Acquisition Corp,United States,NGM,USD,,,14613800.0,
NTZ,Natuzzi S.p.A.,IT,"NEW YORK STOCK EXCHANGE, INC.",EUR,1993-05-13,11014609.0,21305558.0,26324916.0
NU,Nu Holdings Ltd.,Brazil,NYQ,USD,,3822975011.0,3660250979.0,81211850752.0
NUAG,Nuveen Enhanced Yield U.S. Aggregate Bond ETF,,PCX,USD,,,,
NUAI,"New Era Energy & Digital, Inc.",United States,NGM,USD,,53449171.0,42386796.0,243728224.0
NUAIW,"New Era Energy & Digital, Inc.",United States,NCM,USD,,,42386796.0,
NUBD,Nuveen ESG U.S. Aggregate Bond ETF,,PCX,USD,,,,
NUE,Nucor Corporation,United States,NYQ,USD,,228858659.0,220814277.0,38070640640.0
NUG,Leverage Shares 2X Long NU Daily ETF,,NGM,USD,,,,
NUGO,Nuveen Growth Opportunities ETF,,PCX,USD,,,,
NUGT,Direxion Daily Gold Miners Index Bull 2X Shares,,PCX,USD,,,,
NUGY,Graniteshares YieldBOOST Gold Miners ETF,,NGM,USD,,,,
NUHY,Nuveen ESG High Yield Corporate Bond ETF,,PCX,USD,,,,
NUKK,Nukkleus Inc.,United States,NGM,USD,,16645766.0,13969626.0,70411592.0
NUKKW,Nukkleus Inc.,United States,NCM,USD,,0.0,13969626.0,1537015296.0
NUKZ,Range Nuclear Renaissance ETF,,PCX,USD,,,,
NULV,Nuveen ESG Large-Cap Value ETF,,,,,,,
NUMI,Nuveen Municipal Income ETF,,PCX,USD,,,,
NUMV,Nuveen ESG Mid-Cap Value ETF,,,,,,,
NUS,"Nu Skin Enterprises, Inc.",United States,NYQ,USD,,48750076.0,47594212.0,479700768.0
NUSA,Nuveen ESG 1-5 Year U.S. Aggregate Bond ETF,,PCX,USD,,,,
NUSB,Nuveen Ultra Short Income ETF,,,,,,,
NUTR,NusaTrip Incorporated,ID,NASDAQ NMS - GLOBAL MARKET,USD,2025-08-15,19379168.0,5304206.0,174412512.0
NUTX,Nutex Health Inc.,United States,NCM,USD,,7071916.0,4544201.0,1249430784.0
NUUU,"Rejuvel Bio-Sciences, Inc.",,,,,51841723.0,36948633.0,5184.0
NUV,"Nuveen Municipal Value Fund, Inc.",United States,NYQ,USD,,207541595.0,,1857497344.0
NUVB,Nuvation Bio Inc.,US,"NEW YORK STOCK EXCHANGE, INC.",USD,2020-07-01,341833433.0,231594269.0,3222634240.0
NUVL,"Nuvalent, Inc.",United States,NMS,USD,,72221957.0,44742985.0,8083727872.0
NUW,Nuveen AMT-Free Municipal Value Fund,US,"NEW YORK STOCK EXCHANGE, INC.",USD,2009-02-25,17951336.0,,258140208.0
NUWE,"Nuwellis, Inc.",United States,NCM,USD,,902665.0,1632275.0,1841436.0
NVA,Nova Minerals Limited,Australia,NCM,USD,,37585684.0,384036105.0,283638336.0
NVAWW,Nova Minerals Limited,Australia,NCM,USD,,,384036105.0,
NVAX,"Novavax, Inc.",United States,NMS,USD,,162498995.0,134875791.0,1109868160.0
NVBU,AllianzIM U.S. Equity Buffer15 Uncapped Nov ETF,,,,,,,
NVCR,NovoCure Limited,Switzerland,NMS,USD,,111981981.0,91497117.0,1509517056.0
NVCT,"Nuvectis Pharma, Inc.",United States,NCM,USD,,25614896.0,15243937.0,198515440.0
NVD,Graniteshares 2x Short NVDA Daily ETF,,NGM,USD,,,,
NVDA,NVIDIA Corporation,United States,NMS,USD,,24305000000.0,23330430000.0,4638834163712.0
NVDB,ProShares Ultra NVDA,,,,,,,
NVDD,Direxion Daily NVDA Bear 1X Shares,,NGM,USD,,,,
NVDG,Leverage Shares 2X Long NVDA Daily ETF,,NGM,USD,,,,
NVDL,GraniteShares 2x Long NVDA Daily ETF,,NGM,USD,,,,
NVDO,Leverage Shares 2x Capped Accelerated NVDA Monthly ETF,,,,,,,
NVDS,Tradr 1.5X Short NVDA Daily ETF,,NGM,USD,,,,
NVDU,Direxion Daily Nvda Bull 2X Shares,,NGM,USD,,,,
NVDY,YieldMax NVDA Option Income Strategy ETF,,PCX,USD,,,,
NVEC,NVE Corporation,United States,NCM,USD,,4837166.0,4773799.0,295502528.0
NVG,Nuveen AMT-Free Municipal Credit Income Fund,United States,NYQ,USD,,213522362.0,,2675435264.0
NVGS,Navigator Holdings Ltd.,United Kingdom,NYQ,USD,,65537859.0,28006293.0,1151327232.0
NVIR,Horizon Kinetics Energy Remediation ETF,,PCX,USD,,,,
NVMI,Nova Ltd.,IL,NASDAQ NMS - GLOBAL MARKET,USD,2000-04-11,29652464.0,29907860.0,9812593664.0
NVNBW,ENVVENO MED CORP,,,,,,14921964.0,
NVNI,Nvni Group Limited,Brazil,NCM,USD,,10032668.0,,28894088.0
NVNIW,Nvni Group Limited,,,,,,,
NVO,Novo Nordisk A/S,Denmark,NYQ,USD,,3368607341.0,3187974253.0,232838332416.0
NVOH,Precidian ETFs Trust - Novo Nordisk A/S (B Shares) ADRhedged,,PCX,USD,,,,
NVOX,Defiance Daily Target 2X Long NVO ETF,,PCX,USD,,,,
NVR,"NVR, Inc.",,,,,2732735.0,2794995.0,20397676544.0
NVRI,Enviri Corporation,United States,NYQ,USD,,80698491.0,65672236.0,1446923904.0
NVS,Novartis AG,Switzerland,NYQ,USD,,1918792119.0,1826824413.0,267057463296.0
NVST,Envista Holdings Corporation,United States,NYQ,USD,,164426233.0,163768528.0,3654336256.0
NVT,nVent Electric plc,United Kingdom,NYQ,USD,,161359550.0,160644727.0,16810438656.0
NVTS,Navitas Semiconductor Corporation,United States,NGM,USD,,230496182.0,188654228.0,1705671680.0
NVX,NOVONIX Limited,Australia,NGM,USD,,210018450.0,486946913.0,242642112.0
NVYTF,Novacyt S.A.,FR,NYSE EURONEXT - EURONEXT PARIS,GBP,2012-10-12,70626248.0,70583166.0,36019384.0
NVYY,GraniteShares YieldBOOST NVDA ETF,,NGM,USD,,,,
NWBI,"Northwest Bancshares, Inc.",United States,NMS,USD,,146099971.0,144576148.0,1791093248.0
NWE,"NorthWestern Energy Group, Inc.",United States,NMS,USD,,61407029.0,60940336.0,3948472064.0
NWFL,Norwood Financial Corp.,,,,,9264200.0,8384409.0,262825360.0
NWG,NatWest Group plc,United Kingdom,NYQ,USD,,3997658395.0,7993254300.0,70798524416.0
NWGL,Nature Wood Group Limited,Macau,NCM,USD,,16553165.0,34492823.0,23008900.0
NWL,Newell Brands Inc.,United States,NMS,USD,,419200000.0,391650176.0,1588768000.0
NWLG,Nuveen Winslow Large-Cap Growth ESG ETF,,PCX,USD,,,,
NWN,Northwest Natural Holding Company,United States,NYQ,USD,,41507042.0,41301582.0,1944189696.0
NWPX,"NWPX Infrastructure, Inc.",United States,NMS,USD,,9609651.0,9322322.0,618331264.0
NWRLY,New World Department Store China Limited,,,,,67445800.0,467062165.0,64634952.0
NWRV,"Nationwide RV & Resorts, Inc.",,,,,531436257.0,118665914.0,2970728.0
NWS,News Corporation,United States,NMS,USD,,185945348.0,496553837.0,16665508864.0
NWSA,News Corporation,United States,NMS,USD,,371989279.0,496553837.0,15303630848.0
NWTG,"Newton Golf Company, Inc.",US,NASDAQ NMS - GLOBAL MARKET,USD,2023-08-15,4752463.0,4125262.0,7508891.0
NX,Quanex Building Products Corporation,US,"NEW YORK STOCK EXCHANGE, INC.",USD,1980-03-17,45674726.0,40394106.0,702833152.0
NXC,Nuveen California Select Tax-Free Income Portfolio,United States,NYQ,USD,,6454025.0,,85322216.0
NXDR,"Nextdoor Holdings, Inc.",,,,,244464136.0,224384127.0,839112384.0
NXDT,NexPoint Diversified Real Estate Trust,United States,NYQ,USD,,49020409.0,40593310.0,190199184.0
NXE,NexGen Energy Ltd.,Canada,NYQ,USD,,654561078.0,613284456.0,6054690304.0
NXG,NXG NextGen Infrastructure Income Fund,United States,NYQ,USD,,4600000.0,,232668016.0
NXGL,"NEXGEL, Inc.",United States,NCM,USD,,8143133.0,6913683.0,12458995.0
NXGLW,"NEXGEL, Inc.",United States,NCM,USD,,,6913683.0,
NXJ,Nuveen New Jersey Quality Municipal Income Fund,United States,NYQ,USD,,41232935.0,,521184320.0
NXL,"Nexalin Technology, Inc.",United States,NCM,USD,,18651939.0,15931554.0,11750722.0
NXLLF,Nuix Limited,,,,,334657188.0,211262530.0,334657184.0
NXMR,"NextMart, Inc.",,,,,220817677.0,,22081.0
NXN,Nuveen New York Select Tax-Free Income Portfolio,United States,NYQ,USD,,3924894.0,,47412720.0
NXNT,,,,,,,9100387.0,
NXP,Nuveen Select Tax-Free Income Portfolio,US,"NEW YORK STOCK EXCHANGE, INC.",USD,1992-03-19,52006586.0,,732252672.0
NXPI,NXP Semiconductors N.V.,Netherlands,NMS,USD,,251674471.0,251226490.0,56188776448.0
NXPLW,NextPlat Corp,United States,NCM,USD,,,14350686.0,
NXRT,"NexPoint Residential Trust, Inc.",United States,NYQ,USD,,25364470.0,22027013.0,1488564352.0
NXST,"Nexstar Media Group, Inc.",United States,NMS,USD,,30326192.0,28273412.0,6215352832.0
NXT,Nextpower Inc.,United States,NMS,USD,,148386780.0,147612201.0,13848555520.0
NXTBF,,,,,,,,
NXTC,"NextCure, Inc.",US,NASDAQ NMS - GLOBAL MARKET,USD,2019-05-09,3505621.0,1911731.0,44766780.0
NXTE,Axs Green Alpha ETF,,PCX,USD,,,,
NXTG,First Trust IndXX NextG ETF,,,,,,,
NXTT,Next Technology Holding Inc.,China,NCM,USD,,4082556.0,1442809.0,27148998.0
NXUS,Nuveen International Aggregate Bond ETF,,PCX,USD,,,,
NXXT,NextNRG Inc.,United States,NCM,USD,,135406340.0,43776845.0,213942016.0
NYAX,Nayax Ltd.,Israel,NMS,USD,,36938171.0,14851863.0,1813227136.0
NYC,American Strategic Investment Co.,US,"NEW YORK STOCK EXCHANGE, INC.",USD,2020-05-28,2672943.0,928286.0,22345802.0
NYF,iShares New York Muni Bond ETF,,PCX,USD,,,,
NYM,AB New York Intermediate Municipal ETF,,PCX,USD,,,,
NYT,The New York Times Company,United States,NYQ,USD,,161568285.0,151664821.0,11423369216.0
NYXH,Nyxoah SA,Belgium,NGM,USD,,43026460.0,21035215.0,192328272.0
NZAC,SPDR MSCI ACWI Climate Paris Aligned ETF,,NGM,USD,,,,
NZF,Nuveen Municipal Credit Income Fund,United States,NYQ,USD,,193729050.0,,2409989376.0
NZUS,State Street SPDR MSCI USA Climate Paris Aligned ETF,,,,,,,
O,Realty Income Corporation,United States,NYQ,USD,,919905765.0,917863574.0,52149456896.0
OABI,"OmniAb, Inc.",United States,NGM,USD,,143955400.0,96545129.0,277833888.0
OABIW,"OmniAb, Inc.",United States,NCM,USD,,,96545129.0,
OACC,Oaktree Acquisition Corp. III Life Sciences,United States,NGM,USD,,19783010.0,18370211.0,260577344.0
OACCU,Oaktree Acquisition Corp. III Life Sciences,US,NASDAQ NMS - GLOBAL MARKET,USD,2024-10-24,,18370211.0,260.0
OACCW,Oaktree Acquisition Corp. III Life Sciences,United States,NGM,USD,,,18370211.0,
OACP,OneAscent Core Plus Bond ETF,,PCX,USD,,,,
OAEM,OneAscent Emerging Markets ETF,,PCX,USD,,,,
OAIM,OneAscent International Equity ETF,,PCX,USD,,,,
OAKG,Harris Oakmark ETF Trust - Oakmark Global Large Cap ETF,,PCX,USD,,,,
OAKI,Harris Oakmark ETF Trust - Oakmark International Large Cap ETF,,,,,,,
OAKM,Oakmark U.S. Large Cap ETF,,PCX,USD,,,,
OAKU,Oak Woods Acquisition Corporation,CA,NASDAQ NMS - GLOBAL MARKET,USD,2023-03-24,3920550.0,3274626.0,64671672.0
OAKUU,Oak Woods Acquisition Corporation,,,,,,3274626.0,
OALC,OneAscent Large Cap Core ETF,,PCX,USD,,,,
OARK,YieldMax ARKK Option Income Strategy ETF,,PCX,USD,,,,
OASC,OneAscent Enhanced Small and Mid Cap ETF,,PCX,USD,,,,
OBA,Oxley Bridge Acquisition Limited,Canada,NGM,USD,,25300000.0,25300000.0,316876192.0
OBAWU,Oxley Bridge Acquisition Limited,Canada,NGM,USD,,,25300000.0,
OBAWW,Oxley Bridge Acquisition Limited,Canada,NGM,USD,,,25300000.0,
OBDC,Blue Owl Capital Corporation,United States,NYQ,USD,,511048237.0,,6505643520.0
OBE,Obsidian Energy Ltd.,Canada,ASE,USD,,67116222.0,56564210.0,398670368.0
OBIL,F/m US Treasury 12 Month Bill ETF,,NGM,USD,,,,
OBIO,"Orchestra BioMed Holdings, Inc.",United States,NGM,USD,,56464731.0,32525944.0,243927648.0
OBK,"Origin Bancorp, Inc.",United States,NYQ,USD,,30972121.0,29015922.0,1188710016.0
OBOR,KraneShares MSCI One Belt One Road Index ETF,,PCX,USD,,,,
OBT,"Orange County Bancorp, Inc.",,,,,13366740.0,10572156.0,383358112.0
OBTC,Osprey Bitcoin Trust Common Units of Beneficial Interest,,NGM,USD,,,,
OC,Owens Corning,United States,NYQ,USD,,82191739.0,81534205.0,9511798784.0
OCC,Optical Cable Corporation,United States,NGM,USD,,8870070.0,5717292.0,39207364.0
OCCI,"OFS Credit Company, Inc.",United States,NGM,USD,,28025822.0,,135084464.0
OCCIM,"OFS Credit Company, Inc. - 7.87",United States,NCM,USD,,,,
OCCIN,"OFS Credit Company, Inc.",United States,NCM,USD,,,,
OCCIO,"OFS Credit Company, Inc.",United States,NCM,USD,,,,
OCFC,OceanFirst Financial Corp.,United States,NMS,USD,,57388784.0,55468954.0,1134002432.0
OCG,Oriental Culture Holding LTD,Hong Kong,NCM,USD,,21226992.0,12904282.0,1825521.0
OCGN,"Ocugen, Inc.",United States,NCM,USD,,312320112.0,307654050.0,440371360.0
OCIO,ClearShares OCIO ETF,,PCX,USD,,,,
OCPNF,Olympus Corporation,,,,,1101674820.0,1085762014.0,13770936320.0
OCS,Oculis Holding AG,Switzerland,NGM,USD,,57806909.0,39934746.0,1185041664.0
OCSAW,Oculis Holding AG,,NGM,USD,,,,
OCSL,Oaktree Specialty Lending Corporation,United States,NMS,USD,,88085523.0,,1126613760.0
OCUL,"Ocular Therapeutix, Inc.",US,NASDAQ NMS - GLOBAL MARKET,USD,2014-07-25,213047472.0,185962747.0,2675876352.0
ODC,Oil-Dri Corporation of America,United States,NYQ,USD,,10342807.0,9819771.0,718196352.0
ODD,Oddity Tech Ltd.,Israel,NGM,USD,,45891873.0,40744544.0,2407837440.0
ODDS,Pacer BlueStar Digital Entertainment ETF,,NGM,USD,,,,
ODFL,"Old Dominion Freight Line, Inc.",United States,NMS,USD,,209098439.0,192079917.0,33519718400.0
ODHY,Obra Defensive High Yield ETF,,,,,,,
ODV,Osisko Development Corp.,Canada,NYQ,USD,,255066116.0,135770029.0,941193984.0
ODVWZ,Osisko Development Corp.,Canada,NCM,USD,,,135770029.0,
ODYS,Odysight.ai Inc.,Israel,NCM,USD,,16355243.0,10487145.0,55771380.0
OEC,Orion S.A.,Luxembourg,NYQ,USD,,56149706.0,54458477.0,289171008.0
OEF,iShares S&P 100 ETF,,PCX,USD,,39000000.0,,13523640320.0
OEI,Optimized Equity Income ETF,,PCX,USD,,,,
OESX,"Orion Energy Systems, Inc.",,,,,3530870.0,2858981.0,55823056.0
OFG,OFG Bancorp,United States,NYQ,USD,,43955219.0,43477426.0,1858675584.0
OFIX,Orthofix Medical Inc.,United States,NMS,USD,,39599659.0,39113771.0,603498816.0
OFLX,"Omega Flex, Inc.",US,NASDAQ NMS - GLOBAL MARKET,USD,2005-08-01,10094322.0,3508383.0,297782496.0
OFS,OFS Capital Corporation,,,,,13398078.0,,61631164.0
OFSSH,OFS Capital Corporation 4.95% Notes due 2028,US,NASDAQ NMS - GLOBAL MARKET,USD,2012-11-08,,,61.0
OFSSO,OFS Capital Corporation,United States,NGM,USD,,,,
OGCP,"Empire State Realty OP, L.P.",United States,PCX,USD,,4422274.0,23933114.0,1695489792.0
OGE,OGE Energy Corp.,United States,NYQ,USD,,206135563.0,200329748.0,8818479104.0
OGEN,"Oragenics, Inc.",US,NYSE MKT LLC,USD,2003-07-09,4168223.0,4035215.0,3580503.0
OGFGY,Origin Energy Limited,,,,,1722747671.0,1697093027.0,13096415232.0
OGI,Organigram Global Inc.,Canada,NMS,USD,,134461029.0,94520877.0,240685232.0
OGN,Organon & Co.,United States,NYQ,USD,,259982912.0,258669998.0,1866677248.0
OGS,"ONE Gas, Inc.",United States,NYQ,USD,,59999041.0,59222653.0,4659525632.0
OGSP,Obra High Grade Structured Products ETF,,,,,,,
OHI,"Omega Healthcare Investors, Inc.",United States,NYQ,USD,,295529000.0,294249359.0,13504235520.0
OI,"O-I Glass, Inc.",United States,NYQ,USD,,153594510.0,140558944.0,2301854464.0
OIA,Invesco Municipal Income Opportunities Trust,United States,NYQ,USD,,47676824.0,,284630624.0
OIH,VanEck Oil Services ETF,,PCX,USD,,,,
OII,"Oceaneering International, Inc.",US,"NEW YORK STOCK EXCHANGE, INC.",USD,1991-12-17,99775211.0,97989235.0,2421015552.0
OILD,MicroSectorsTM Oil & Gas Exploration & Production -3X Inverse Leveraged ETNs,,PCX,USD,,,,
OILS.WS,,,,,,,,
OILT,Texas Capital Texas Oil Index ETF,,PCX,USD,,,,
OILU,MicroSectorsTM Oil & Gas Exploration & Production 3X Leveraged ETNs,,PCX,USD,,,,
OIS,"Oil States International, Inc.",United States,NYQ,USD,,59745565.0,55378762.0,410818208.0
OKE,"ONEOK, Inc.",United States,NYQ,USD,,629231557.0,627425662.0,45877723136.0
OKLL,Defiance Daily Target 2X Long OKLO ETF,,NGM,USD,,,,
OKLO,Oklo Inc.,United States,NYQ,USD,,156247075.0,127158557.0,12018524160.0
OKLS,Defiance Daily Target 2X Short OKLO ETF,,PCX,USD,,,,
OKTA,"Okta, Inc.",United States,NMS,USD,,169459250.0,168404156.0,15704370176.0
OKTG,Leverage Shares 2X Long OKTA Daily ETF,,NGM,USD,,,,
OKUR,"OnKure Therapeutics, Inc.",,,,,12861672.0,4998744.0,37934960.0
OKYO,OKYO Pharma Limited,United Kingdom,NCM,USD,,37610676.0,22469746.0,74845248.0
OLB,"The OLB Group, Inc.",United States,NCM,USD,,8780749.0,3481036.0,6987720.0
OLED,Universal Display Corporation,United States,NMS,USD,,47542245.0,43810654.0,5686052352.0
OLLI,"Ollie's Bargain Outlet Holdings, Inc.",United States,NGM,USD,,61332549.0,61092739.0,6887645184.0
OLMA,"Olema Pharmaceuticals, Inc.",US,NASDAQ NMS - GLOBAL MARKET,USD,2020-11-19,80159923.0,49836805.0,2102594688.0
OLN,Olin Corporation,United States,NYQ,USD,,114121529.0,113521250.0,2394861568.0
OLP,"One Liberty Properties, Inc.",United States,NYQ,USD,,21645162.0,17117870.0,436799360.0
OLPX,"Olaplex Holdings, Inc.",United States,NMS,USD,,667511905.0,160116081.0,901141120.0
OLYMY,Olympus Corporation,,,,,1101674820.0,1085762014.0,13958220800.0
OM,"Outset Medical, Inc.",United States,NMS,USD,,18153090.0,12086509.0,60994380.0
OMAB,"Grupo Aeroportuario del Centro Norte, S.A.B. de C.V.",Mexico,NMS,USD,,42050428.0,270357214.0,5446436864.0
OMAH,VistaShares Target 15 Berkshire Select Income ETF,,PCX,USD,,,,
OMC,Omnicom Group Inc.,United States,NYQ,USD,,314603664.0,191648126.0,25396656128.0
OMCC,Old Market Capital Corporation,US,NASDAQ NMS - GLOBAL MARKET,USD,1994-08-22,6790097.0,2943711.0,34425792.0
OMCL,"Omnicell, Inc.",,,,,44876522.0,43778394.0,2131349376.0
OMDA,"Omada Health, Inc.",US,NASDAQ NMS - GLOBAL MARKET,USD,2025-06-06,57908047.0,41680475.0,923633344.0
OMER,Omeros Corporation,US,NASDAQ NMS - GLOBAL MARKET,USD,2009-10-08,70900459.0,68200570.0,1113846144.0
OMEX,"Odyssey Marine Exploration, Inc.",United States,NCM,USD,,55738491.0,38336377.0,118722992.0
OMF,"OneMain Holdings, Inc.",United States,NYQ,USD,,117731910.0,117122059.0,8211564032.0
OMFL,Invesco Russell 1000 Dynamic Multifactor ETF,,,,,,,
OMH,Ohmyhome Limited,Singapore,NCM,USD,,25660978.0,24686631.0,20018128.0
OMI,"Owens & Minor, Inc.",United States,NYQ,USD,,77346594.0,61173421.0,214250064.0
OMSE,OMS Energy Technologies Inc.,Singapore,NCM,USD,,42448704.0,14966470.0,172766240.0
ON,ON Semiconductor Corporation,US,NASDAQ NMS - GLOBAL MARKET,USD,2000-04-27,402378412.0,400459067.0,22464942080.0
ONB,Old National Bancorp,United States,NMS,USD,,390773000.0,387865649.0,8979962880.0
ONBPO,Old National Bancorp,United States,NMS,USD,,,387865649.0,
ONBPP,Old National Bancorp,United States,NMS,USD,,,387865649.0,
ONC,BeOne Medicines AG,Switzerland,NMS,USD,,101807539.0,884264311.0,34568437760.0
ONCH,1RT Acquisition Corp.,United States,NGM,USD,,17250000.0,15187410.0,220368752.0
ONCHU,1RT Acquisition Corp.,United States,NGM,USD,,,15187410.0,
ONCHW,1RT Acquisition Corp.,,,,,,15187410.0,
ONCO,"Onconetix, Inc.",United States,NCM,USD,,1555015.0,1256119.0,2223672.0
ONCY,Oncolytics Biotech Inc.,Canada,NCM,USD,,107606376.0,104582846.0,102441272.0
OND,ProShares On-Demand ETF,,PCX,USD,,,,
ONDS,Ondas Holdings Inc.,United States,NCM,USD,,379658425.0,355839921.0,3219503360.0
ONEG,OneConstruction Group Limited,Hong Kong,NCM,USD,,16000000.0,3999970.0,19680000.0
ONEO,State Street SPDR Russell 1000 Momentum Focus ETF,,PCX,USD,,,,
ONEQ,Fidelity Nasdaq Composite Index ETF,,NGM,USD,,6600000.0,,612480000.0
ONEV,State Street SPDR Russell 1000 Low Volatility Focus ETF,,,,,,,
ONEW,OneWater Marine Inc.,United States,NGM,USD,,16527533.0,11910567.0,174365472.0
ONEY,State Street SPDR Russell 1000 Yield Focus ETF,,PCX,USD,,,,
ONFO,"Onfolio Holdings, Inc.",US,NASDAQ NMS - GLOBAL MARKET,USD,2022-08-26,5127396.0,4430031.0,3739557.0
ONFOW,"Onfolio Holdings, Inc.",United States,NCM,USD,,,4430031.0,
ONIT,Onity Group Inc.,US,"NEW YORK STOCK EXCHANGE, INC.",USD,1996-09-25,8521636.0,6105242.0,376571072.0
ONL,Orion Properties Inc.,United States,NYQ,USD,,56314634.0,49323172.0,126707928.0
ONLN,ProShares Online Retail ETF,,PCX,USD,,,,
ONMD,OneMedNet Corporation,United States,NCM,USD,,51005205.0,16403784.0,64969476.0
ONMDW,OneMedNet Corporation,United States,NCM,USD,,,16403784.0,
ONOF,Global X Adaptive U.S. Risk Management ETF,,,,,,,
ONON,On Holding AG,Switzerland,NYQ,USD,,296675361.0,231892217.0,15445214208.0
ONS.U,ONS Acquisition Corp,US,"NEW YORK STOCK EXCHANGE, INC.",USD,2022-02-15,,,
ONTF,"ON24, Inc.",United States,NYQ,USD,,42282395.0,24765222.0,246645680.0
ONTO,Onto Innovation Inc.,United States,NYQ,USD,,49652933.0,48618092.0,7971779072.0
ONXXF,Ontex Group NV,BE,NYSE EURONEXT - EURONEXT BRUSSELS,EUR,2014-06-25,79733512.0,46148608.0,411863456.0
OOGI,"C2E Energy, Inc.",,,,,1994657080.0,154964909.0,199465.0
OOMA,"Ooma, Inc.",United States,NYQ,USD,,27560725.0,22779660.0,318877600.0
OOQB,One+One Nasdaq-100 and Bitcoin ETF,,NGM,USD,,,,
OOSB,One+One S&P 500 and Bitcoin ETF,,NGM,USD,,,,
OOSP,Obra Opportunistic Structured Products ETF,,PCX,USD,,,,
OPAD,Offerpad Solutions Inc.,United States,NYQ,USD,,36859946.0,31747103.0,47180728.0
OPAL,OPAL Fuels Inc.,US,NASDAQ NMS - GLOBAL MARKET,USD,2021-03-25,28996177.0,16800675.0,466433152.0
OPBK,OP Bancorp,United States,NGM,USD,,14885614.0,11576542.0,212268880.0
OPCH,"Option Care Health, Inc.",United States,NMS,USD,,158732706.0,149254776.0,5287572992.0
OPEG,Leverage Shares 2X Long OPEN Daily ETF,,NGM,USD,,,,
OPEN,Opendoor Technologies Inc.,United States,NMS,USD,,953788119.0,627496430.0,5732266496.0
OPENL,Opendoor Technologies Inc.,United States,NMS,USD,,,627496430.0,
OPENW,Opendoor Technologies Inc.,,,,,,627496430.0,
OPENZ,Opendoor Technologies Inc.,United States,NMS,USD,,,627496430.0,
OPER,ClearShares Ultra-Short Maturity ETF,,,,,,,
OPFI,OppFi Inc.,United States,NYQ,USD,,27664310.0,23944290.0,971717184.0
OPHC,"OptimumBank Holdings, Inc.",,,,,11533943.0,9339380.0,48903920.0
OPK,"OPKO Health, Inc.",United States,NMS,USD,,767701280.0,347991313.0,1023979776.0
OPLN,"OPENLANE, Inc.",United States,NYQ,USD,,106263187.0,104230372.0,3297539072.0
OPP,"RiverNorth/DoubleLine Strategic Opportunity Fund, Inc.",US,"NEW YORK STOCK EXCHANGE, INC.",,2016-09-28,24990131.0,,196422448.0
OPP.PRA,Rivernorth/Doubleline Strategic Opportunity Fund Inc,US,"NEW YORK STOCK EXCHANGE, INC.",,2016-09-28,,,205.0
OPPE,WisdomTree European Opportunities Fund,,,,,,,
OPPJ,WisdomTree Japan Opportunities Fund,,,,,,,
OPRA,Opera Limited,Norway,NMS,USD,,89648056.0,28080461.0,1300793344.0
OPRT,Oportun Financial Corporation,United States,NMS,USD,,44129020.0,29985669.0,236972832.0
OPRX,OptimizeRx Corporation,United States,NCM,USD,,18640652.0,14277994.0,232635328.0
OPTT,"Ocean Power Technologies, Inc.",,,,,194959935.0,190185366.0,67183192.0
OPTU,"Optimum Communications, Inc.",United States,NYQ,USD,,,269903663.0,
OPTX,"Syntec Optics Holdings, Inc.",,,,,36920226.0,5982184.0,94146576.0
OPTXW,"Syntec Optics Holdings, Inc.",United States,NCM,USD,,,5982184.0,
OPTZ,Optimize Strategy Index ETF,,,,,,,
OPXS,"Optex Systems Holdings, Inc",United States,NCM,USD,,6937358.0,4192655.0,97608624.0
OPY,Oppenheimer Holdings Inc.,United States,NYQ,USD,,10420884.0,6979648.0,780203968.0
OR,OR Royalties Inc.,Canada,NYQ,USD,,187985880.0,163600776.0,7064509952.0
ORA,"Ormat Technologies, Inc.",United States,NYQ,USD,,60781792.0,57668549.0,6864695808.0
ORBS,Eightco Holdings Inc.,United States,NCM,USD,,197831615.0,100522200.0,329389632.0
ORC,"Orchid Island Capital, Inc.",United States,NYQ,USD,,167762089.0,151501280.0,1228018560.0
ORCL,Oracle Corporation,United States,NYQ,USD,,2873130000.0,1706007131.0,568851038208.0
ORCS,Direxion Daily ORCL Bear 1X ETF,,NGM,USD,,,,
ORCU,Direxion Daily ORCL Bull 2X ETF,,NGM,USD,,,,
ORCX,Defiance Daily Target 2X Long ORCL ETF,,,,,,,
ORGEF,Oregen Energy Corp.,,,,,65712024.0,64343744.0,3653588.0
ORGN,"Origin Materials, Inc.",,,,,151149855.0,144263468.0,31242674.0
ORGNW,"Origin Materials, Inc.",United States,NCM,USD,,,143690610.0,
ORGO,Organogenesis Holdings Inc.,United States,NCM,USD,,126912142.0,55899722.0,669461568.0
ORI,Old Republic International Corporation,United States,NYQ,USD,,246720394.0,244251700.0,11526221824.0
ORIC,"ORIC Pharmaceuticals, Inc.",United States,NMS,USD,,97389279.0,63671163.0,803461568.0
ORIQ,Origin Investment Corp I,Singapore,NGM,USD,,8625000.0,6758636.0,87285008.0
ORIQU,Origin Investment Corp I,Singapore,NGM,USD,,6355000.0,6758636.0,147188400.0
ORIQW,Origin Investment Corp I,Singapore,NGM,USD,,,6758636.0,
ORKA,"Oruka Therapeutics, Inc.",United States,NGM,USD,,48409232.0,31574922.0,1534572672.0
ORKT,Orangekloud Technology Inc.,Singapore,NCM,USD,,2097003.0,1923099.0,4863343.0
ORLA,Orla Mining Ltd.,Canada,ASE,USD,,339896220.0,261805063.0,4962485248.0
ORLNY,,,,,,,581631967.0,
ORLY,"O'Reilly Automotive, Inc.",United States,NMS,USD,,844104092.0,836346775.0,78046478336.0
ORMP,Oramed Pharmaceuticals Inc.,United States,NCM,USD,,39802455.0,31351598.0,117552288.0
ORN,"Orion Group Holdings, Inc.",US,"NEW YORK STOCK EXCHANGE, INC.",USD,2007-12-20,39900978.0,37573953.0,415768160.0
ORPEF,emeis Société anonyme,FR,NYSE EURONEXT - EURONEXT PARIS,EUR,2002-04-16,161151426.0,101489784.0,2291573248.0
ORR,Militia Long/Short Equity ETF,,NGM,USD,,,,
ORRF,"Orrstown Financial Services, Inc.",United States,NCM,USD,,19498770.0,17073903.0,700785792.0
OS,"OneStream, Inc.",United States,NMS,USD,,90268494.0,84653737.0,4614244864.0
OSBC,"Old Second Bancorp, Inc.",United States,NMS,USD,,52669224.0,50662527.0,1048117568.0
OSCG,Leverage Shares 2X Long OSCR Daily ETF,,,,,,,
OSCR,"Oscar Health, Inc.",United States,NYQ,USD,,252283179.0,216052922.0,4293441536.0
OSCX,Defiance Daily Target 2x Long OSCR ETF,,NGM,USD,,,,
OSEA,Harbor International Compounders ETF,,PCX,USD,,,,
OSG,"Octave Specialty Group, Inc.",,,,,43812035.0,38249221.0,371213888.0
OSGSF,"Osaka Gas Co., Ltd.",,,,,387587239.0,365822046.0,12674102272.0
OSIS,"OSI Systems, Inc.",United States,NMS,USD,,16977873.0,16057163.0,4580969472.0
OSK,Oshkosh Corporation,United States,NYQ,USD,,63254319.0,62879853.0,8355240960.0
OSPN,OneSpan Inc.,,,,,38027123.0,37213723.0,495154144.0
OSRHW,"OSR Holdings, Inc.",,,,,,7850482.0,
OSS,"One Stop Systems, Inc.",United States,NCM,USD,,24515491.0,20123786.0,176266384.0
OST,"Ostin Technology Group Co., Ltd.",,,,,5297200.0,99434.0,8978754.0
OSTX,OS Therapies Incorporated,United States,ASE,USD,,35214352.0,26884045.0,53173672.0
OSUR,"OraSure Technologies, Inc.",US,NASDAQ NMS - GLOBAL MARKET,USD,1986-11-17,71733530.0,63667095.0,176991504.0
OSW,OneSpaWorld Holdings Limited,Bahamas,NCM,USD,,101952381.0,98934591.0,2194639872.0
OTEX,Open Text Corporation,Canada,NMS,USD,,252011071.0,243305987.0,8546908160.0
OTF,Blue Owl Technology Finance Corp.,United States,NYQ,USD,,468089392.0,,6621681664.0
OTGA,OTG Acquisition Corp. I,United States,NGM,USD,,23775000.0,,344904736.0
OTGAU,OTG Acquisition Corp. I,United States,NGM,USD,,,,
OTGAW,OTG Acquisition Corp. I,United States,NGM,USD,,,,
OTGL,OTG Latin America ETF,,NGM,USD,,,,
OTH,Off The Hook YS Inc.,United States,ASE,USD,,23750000.0,4648350.0,53437500.0
OTIS,Otis Worldwide Corporation,US,"NEW YORK STOCK EXCHANGE, INC.",USD,2020-03-18,389715851.0,388967597.0,34388680704.0
OTLK,"Outlook Therapeutics, Inc.",United States,NCM,USD,,64114399.0,48780158.0,116688208.0
OTLY,Oatly Group AB,SE,NASDAQ NMS - GLOBAL MARKET,USD,2021-05-20,30326655.0,219122213.0,337232416.0
OTOW,"O2 Secure Wireless, Inc.",,,,,16047147.0,,1604.0
OTPBF,OTP Bank Nyrt.,,,,,255208398.0,242159686.0,27018913792.0
OTTR,Otter Tail Corporation,,,,,41905520.0,41109734.0,3454691072.0
OTTV,Viva Entertainment Group Inc.,,,,,846363391.0,74074726.0,84636.0
OUKPY,Metso Oyj,FI,NASDAQ OMX HELSINKI LTD.,EUR,2006-10-10,1655521514.0,701543797.0,14896621568.0
OUNZ,VanEck Merk Gold Trust,,PCX,USD,,,,
OUSA,ALPS O'Shares U.S. Quality Dividend ETF Shares,,,,,,,
OUST,"Ouster, Inc.",US,NASDAQ NMS - GLOBAL MARKET,USD,2020-10-09,60005219.0,57223977.0,1318314624.0
OUSTZ,"Ouster, Inc.",United States,NCM,USD,,,57223977.0,
OUT,OUTFRONT Media Inc.,United States,NYQ,USD,,167234555.0,153743743.0,4035369728.0
OUTKY,Outokumpu Oyj,FI,NASDAQ OMX HELSINKI LTD.,EUR,1988-08-15,942416842.0,387988302.0,2410236160.0
OVBC,Ohio Valley Banc Corp.,United States,NGM,USD,,4711001.0,3712834.0,189947600.0
OVHGY,OVH Groupe S.A.,,,,,300801560.0,22397684.0,1504007808.0
OVID,Ovid Therapeutics Inc.,United States,NCM,USD,,71212353.0,40555435.0,126757984.0
OVL,Overlay Shares Large Cap Equity ETF,,,,,,,
OVLY,Oak Valley Bancorp,United States,NCM,USD,,8388221.0,7087854.0,251982160.0
OVM,Overlay Shares Municipal Bond ETF,,,,,,,
OVV,Ovintiv Inc.,United States,NYQ,USD,,253258560.0,251868855.0,9616227328.0
OWL,Blue Owl Capital Inc.,United States,NYQ,USD,,664801995.0,630458324.0,23495096320.0
OWLS,Obook Holdings Inc.,Taiwan,NGM,USD,,37869671.0,15544015.0,548825344.0
OWLT,"Owlet, Inc.",United States,NYQ,USD,,27580607.0,16944422.0,428842624.0
OWNB,Bitwise Bitcoin Standard Corporations ETF,,PCX,USD,,,,
OWNS,CCM Affordable Housing MBS ETF,,PCX,USD,,,,
OXBR,Oxbridge Re Holdings Limited,Cayman Islands,NCM,USD,,7676122.0,6196319.0,9441630.0
OXBRW,Oxbridge Re Holdings Limited,Cayman Islands,NCM,USD,,5733590.0,6196319.0,1490733.0
OXIHF,Oxford Investments Holdings Inc.,,,,,719578061.0,,71957.0
OXLC,Oxford Lane Capital Corp.,United States,NGM,USD,,97108984.0,,1388658432.0
OXLCG,Oxford Lane Capital Corp. 7.95% Notes due 2032,United States,NMS,USD,,,,
OXLCI,Oxford Lane Capital Corp.,United States,NMS,USD,,,,
OXLCL,Oxford Lane Capital Corp. 6.75% Notes due 2031,,NMS,USD,,,,
OXLCN,Oxford Lane Capital Corp.,United States,NMS,USD,,,,
OXLCO,Oxford Lane Capital Corp.,United States,NMS,USD,,36357400.0,,434831744.0
OXLCP,Oxford Lane Capital Corp.,United States,NMS,USD,,,,
OXLCZ,Oxford Lane Capital Corp. 5.00% Notes due 2027,,NMS,USD,,,,
OXM,"Oxford Industries, Inc.",United States,NYQ,USD,,14877391.0,14239895.0,510443296.0
OXSQ,Oxford Square Capital Corp.,United States,NMS,USD,,81669408.0,,140471392.0
OXSQG,Oxford Square Capital Corp. 5.50% Notes due 2028,,NMS,USD,,,,
OXSQH,Oxford Square Capital Corp.,United States,NMS,USD,,,,
OXY,Occidental Petroleum Corporation,United States,NYQ,USD,,985210434.0,981663676.0,39260635136.0
OYOCF,OYO CORP,,,,,22787346.0,17804209.0,404475392.0
OYSE,Oyster Enterprises II Acquisition Corp,United States,NGM,USD,,26008000.0,25553031.0,341855648.0
OYSER,Oyster Enterprises II Acquisition Corp,United States,NGM,USD,,,25553031.0,
OYSEU,Oyster Enterprises II Acquisiti,United States,NGM,USD,,,25553031.0,
OZ,"Belpointe PREP, LLC",United States,ASE,USD,,3791177.0,3790941.0,244455168.0
OZEM,Roundhill Glp-1 & Weight Loss ETF,,,,,,,
OZK,Bank OZK,United States,NMS,USD,,111877850.0,104824260.0,5276159488.0
OZKAP,Bank OZK,United States,NMS,USD,,,104824260.0,
PAA,"Plains All American Pipeline, L.P.",United States,NMS,USD,,705497770.0,464972415.0,12452035584.0
PAAA,PGIM AAA CLO ETF,,PCX,USD,,,,
PAAS,Pan American Silver Corp.,Canada,NYQ,USD,,422047000.0,421511000.0,23377182720.0
PAB,PGIM Active Aggregate Bond ETF,,,,,,,
PABD,iShares Paris-Aligned Climate Optimized MSCI World ex USA ETF,,,,,,,
PABU,iShares Paris-Aligned Climate Optimized MSCI USA ETF,,,,,,,
PAC,"Grupo Aeroportuario del Pacífico, S.A.B. de C.V.",Mexico,NYQ,USD,,42948585.0,407859969.0,13785555968.0
PACB,"Pacific Biosciences of California, Inc.",United States,NMS,USD,,301907431.0,296162133.0,534376128.0
PACH,Pioneer Acquisition I Corp,United States,NGM,USD,,25300000.0,25300000.0,318147520.0
PACHU,Pioneer Acquisition I Corp,US,NASDAQ NMS - GLOBAL MARKET,USD,2025-06-18,,25300000.0,318.0
PACHW,Pioneer Acquisition I Corp,United States,NGM,USD,,,25300000.0,
PACK,Ranpak Holdings Corp.,United States,NYQ,USD,,84375870.0,46597418.0,486848768.0
PACS,"PACS Group, Inc.",United States,NYQ,USD,,156615144.0,45490435.0,5968603136.0
PAEXY,,,,,,97591791.0,94642317.0,1321392896.0
PAG,"Penske Automotive Group, Inc.",United States,NYQ,USD,,65858552.0,17677753.0,10936948736.0
PAGP,"Plains GP Holdings, L.P.",United States,NMS,USD,,197888124.0,192428391.0,4385068032.0
PAGS,PagSeguro Digital Ltd.,Brazil,NYQ,USD,,170522036.0,158759530.0,2851585280.0
PAHC,Phibro Animal Health Corporation,United States,NGM,USD,,20447574.0,20297204.0,1547167744.0
PAHGF,Pets at Home Group Plc,,,,,444722348.0,421837875.0,1429877632.0
PAI,Western Asset Investment Grade Income Fund Inc.,United States,NYQ,USD,,9510962.0,,120028352.0
PAII,Pyrophyte Acquisition Corp. II,,NYQ,USD,,20041150.0,,347685312.0
PAII.U,Pyrophyte Acquisition Corp II,US,"NEW YORK STOCK EXCHANGE, INC.",,2025-07-17,,,274.0
PAL,"Proficient Auto Logistics, Inc.",United States,NMS,USD,,27830037.0,20374648.0,278300352.0
PALC,Pacer Lunt Large Cap Multi-Factor Alternator ETF,,PCX,USD,,,,
PALD,Direxion Daily PANW Bear 1X Shares,,NGM,USD,,,,
PALI,"Palisade Bio, Inc.",,,,,149003210.0,102195342.0,320786944.0
PALL,abrdn Physical Palladium Shares ETF,,PCX,USD,,,,
PALU,Direxion Daily PANW Bull 2X Shares,,NGM,USD,,,,
PAM,Pampa Energía S.A.,Argentina,NYQ,USD,,53744000.0,675266488.0,5117339136.0
PAMC,Pacer Lunt MidCap Multi-Factor Alternator ETF,,PCX,USD,,,,
PAMT,Pamt Corp.,United States,NGM,USD,,20926020.0,4767994.0,262412288.0
PANG,Leverage Shares 2X Long PANW Daily ETF,,NGM,USD,,,,
PANL,"Pangaea Logistics Solutions, Ltd.",,,,,64973688.0,28552037.0,450821600.0
PANW,"Palo Alto Networks, Inc.",US,NASDAQ NMS - GLOBAL MARKET,USD,2012-07-20,697000000.0,690239100.0,131349651456.0
PAPI,Parametric Equity Premium Income ETF,,PCX,USD,,,,
PAPL,Pineapple Financial Inc.,Canada,ASE,USD,,1345941.0,1004718.0,2597668.0
PAR,PAR Technology Corporation,United States,NYQ,USD,,40591032.0,37193157.0,1531499648.0
PARD,"Poniard Pharmaceuticals, Inc.",,,,,1499159.0,,149.0
PARK,"Park Dental Partners, Inc.",United States,NCM,USD,,4091636.0,1424511.0,60065216.0
PARR,"Par Pacific Holdings, Inc.",United States,NYQ,USD,,50291043.0,48824556.0,1779022080.0
PASG,"Passage Bio, Inc.",United States,NCM,USD,,3178710.0,2867165.0,34520788.0
PATH,UiPath Inc.,US,"NEW YORK STOCK EXCHANGE, INC.",USD,2021-04-21,460443681.0,417110101.0,9005185024.0
PATK,"Patrick Industries, Inc.",United States,NMS,USD,,33276096.0,31850881.0,3728875776.0
PATN,Pacer Nasdaq International Patent Leaders ETF,,NGM,USD,,,,
PAUIF,Premier American Uranium Inc.,,,,,67658533.0,69804468.0,46646684.0
PAVLF,,,,,,,,
PAX,Patria Investments Limited,Cayman Islands,NMS,USD,,65054570.0,64654299.0,2575391744.0
PAXS,PIMCO Access Income Fund,United States,NYQ,USD,,45569000.0,,701306944.0
PAY,"Paymentus Holdings, Inc.",United States,NYQ,USD,,55578758.0,51514742.0,3948489216.0
PAYC,"Paycom Software, Inc.",,,,,54906117.0,48407978.0,9024119808.0
PAYO,Payoneer Global Inc.,US,NASDAQ NMS - GLOBAL MARKET,USD,2020-10-16,356440304.0,275272072.0,2057401856.0
PAYS,"Paysign, Inc.",United States,NCM,USD,,55042888.0,29620229.0,289525600.0
PAYX,"Paychex, Inc.",United States,NMS,USD,,358967450.0,321390737.0,40990494720.0
PB,"Prosperity Bancshares, Inc.",US,"NEW YORK STOCK EXCHANGE, INC.",USD,1998-11-12,93047490.0,90705801.0,6543099392.0
PBA,Pembina Pipeline Corporation,Canada,NYQ,USD,,580932000.0,580281017.0,22046367744.0
PBAP,PGIM S&P 500 Buffer 20 ETF - April,,,,,,,
PBAU,PGIM S&P 500 Buffer 20 ETF - August,,,,,,,
PBBK,"PB Bankshares, Inc.",United States,NCM,USD,,2374576.0,1499307.0,56240476.0
PBD,Invesco Global Clean Energy ETF,,PCX,USD,,,,
PBDC,Putnam BDC Income ETF,,PCX,USD,,,,
PBE,Invesco Biotechnology & Genome ETF,,PCX,USD,,4550000.0,,381380992.0
PBEU,Portfolio Building Block European Banks Index ETF,,NGM,USD,,,,
PBF,PBF Energy Inc.,United States,NYQ,USD,,115847488.0,82352504.0,3029411840.0
PBFFF,Planet Based Foods Global Inc.,,,,,34985232.0,14392924.0,1682789.0
PBFS,"Pioneer Bancorp, Inc.",United States,NCM,USD,,25080547.0,7741309.0,350762784.0
PBH,Prestige Consumer Healthcare Inc.,United States,NYQ,USD,,48084010.0,47513734.0,3092126464.0
PBHC,"Pathfinder Bancorp, Inc.",US,NASDAQ NMS - GLOBAL MARKET,USD,1954-11-05,4794225.0,3504342.0,84529008.0
PBI,Pitney Bowes Inc.,US,"NEW YORK STOCK EXCHANGE, INC.",USD,1950-09-18,160918164.0,150117337.0,1848600832.0
PBJ,Invesco Food & Beverage ETF,,PCX,USD,,2100000.0,,94839360.0
PBJN,PGIM S&P 500 Buffer 20 ETF - June,,,,,,,
PBL,PGIM Portfolio Ballast ETF,,,,,,,
PBM,Psyence Biomedical Ltd.,Canada,NCM,USD,,1872051.0,1550489.0,1741007.0
PBMRY,PT Bumi Resources Tbk,,,,,1856676960.0,135741652570.0,4548858880.0
PBMWW,Psyence Biomedical Ltd.,Canada,NCM,USD,,,1550489.0,
PBMY,PGIM S&P 500 Buffer 20 ETF - May,,,,,,,
PBOG,Portfolio Building Block Integrated Oil And Gas And Exploration And Production Index ETF,,,,,,,
PBOT,Pictet AI & Automation ETF,,PCX,USD,,,,
PBPH,Portfolio Building Block World Pharma And Biotech Index ETF,,NGM,USD,,,,
PBQQ,PGIM Laddered Nasdaq-100 Buffer 12 ETF,,NGM,USD,,,,
PBR,Petróleo Brasileiro S.A. - Petrobras,Brazil,NYQ,USD,,3721115691.0,8112812836.0,74432430080.0
PBRG,Themes ETF Trust - Leverage Shares 2X Long PBR Daily ETF,,NGM,USD,,,,
PBT,Permian Basin Royalty Trust,United States,NYQ,USD,,46608796.0,35706533.0,790951232.0
PBW,Invesco WilderHill Clean Energy ETF,,PCX,USD,,5718270.0,,183327744.0
PBYEF,PURPOSE BITCOIN YIELD ETF US ET,,,,,,,
PBYI,"Puma Biotechnology, Inc.",United States,NMS,USD,,50391107.0,38615713.0,310409216.0
PC,Premium Catering (Holdings) Limited,,,,,2072528.0,3232765.0,30497782.0
PCAP,ProCap Acquisition Corp,,NGM,USD,,25430000.0,,385368800.0
PCAPU,ProCap Acquisition Corp,United States,NGM,USD,,,,
PCAPW,ProCap Acquisition Corp,,NGM,USD,,,,
PCAR,PACCAR Inc,United States,NMS,USD,,525204359.0,514884093.0,58712596480.0
PCB,PCB Bancorp,United States,NMS,USD,,14260754.0,10863046.0,316660032.0
PCCE,Polen Capital China Growth ETF,,PCX,USD,,,,
PCCOF,,,,,,61172848.0,28171898.0,1838244096.0
PCDVF,Pacific Century Regional Developments Limited,,,,,2646548200.0,234722360.0,906178176.0
PCEF,Invesco CEF Income Composite ETF,,PCX,USD,,,,
PCEM,Polen Capital Emerging Markets ex-China Growth ETF,,PCX,USD,,,,
PCF,High Income Securities Fund,United States,NYQ,USD,,18716450.0,,114357512.0
PCFI,Polen Floating Rate Income ETF,,,,,,,
PCG,PG&E Corporation,,,,,2197910425.0,2191888150.0,34661048320.0
PCG.PRA,,,,,,,,
PCG.PRB,Pacific Gas and Electric Co,US,NYSE MKT LLC,USD,1980-03-17,,,92.0
PCG.PRD,,,,,,,,
PCGG,Polen Capital Global Growth ETF,,PCX,USD,,,,
PCH,PotlatchDeltic Corporation,United States,NMS,USD,,77295607.0,70709671.0,3098008064.0
PCHI,Polen High Income ETF,,PCX,USD,,,,
PCIG,Polen Capital International Gro,,PCX,USD,,,,
PCLG,Polen Focus Growth ETF,,PCX,USD,,,,
PCLN,Pictet Cleaner Planet ETF,,PCX,USD,,,,
PCLO,Virtus SEIX AAA Private Credit CLO ETF,,PCX,USD,,,,
PCM,PCM Fund Inc.,United States,NYQ,USD,,12236000.0,,74027800.0
PCMM,BondBloxx Private Credit CLO ETF,,NGM,USD,,,,
PCN,PIMCO Corporate & Income Strategy Fund,United States,NYQ,USD,,71561948.0,,906689920.0
PCOR,"Procore Technologies, Inc.",United States,NYQ,USD,,155469860.0,141544425.0,11587168256.0
PCPJ,PaperClip Incorporated,,,,,,,
PCPZ,Leeward Group Holdings Inc.,,,,,500000000.0,,5000000.0
PCQ,PIMCO California Municipal Income Fund,United States,NYQ,USD,,18981000.0,,165324512.0
PCR,Simplify VettaFi Private Credit Strategy ETF,,PCX,USD,,,,
PCRB,Putnam ESG Core Bond ETF -,,PCX,USD,,,,
PCRX,"Pacira BioSciences, Inc.",United States,NMS,USD,,43021275.0,42508892.0,1191166464.0
PCS,PGIM Corporate Bond 0-5 Year ETF,,,,,,,
PCSC,Perceptive Capital Solutions Corp,US,NASDAQ NMS - GLOBAL MARKET,USD,2024-06-12,8911250.0,4882538.0,146865728.0
PCSFF,"P.S. Mitsubishi Construction Co., Ltd.",,,,,,,
PCT,"PureCycle Technologies, Inc.",United States,NCM,USD,,180198340.0,141897183.0,1623587072.0
PCTTU,"PureCycle Technologies, Inc.",United States,NCM,USD,,,141897183.0,
PCTTW,"PureCycle Technologies, Inc.",,,,,,141897183.0,
PCTY,Paylocity Holding Corporation,US,NASDAQ NMS - GLOBAL MARKET,USD,2014-03-19,54381607.0,43726075.0,8475584000.0
PCVX,"Vaxcyte, Inc.",United States,NMS,USD,,130906263.0,117926907.0,6148667392.0
PCY,Invesco Emerging Markets Sovereign Debt ETF,,PCX,USD,,,,
PCYO,Pure Cycle Corporation,United States,NCM,USD,,24090605.0,18232389.0,267164800.0
PD,"PagerDuty, Inc.",United States,NYQ,USD,,91776804.0,87010996.0,1227122560.0
PDBA,Invesco Agriculture Commodity Strategy No K-1 ETF,,NGM,USD,,,,
PDBC,Invesco Optimum Yield Diversified Commodity Strategy No K-1 ETF,,NGM,USD,,,,
PDCC,Pearl Diver Credit Company Inc.,United Kingdom,NYQ,USD,,6803959.0,,91989528.0
PDD,PDD Holdings Inc.,Ireland,NMS,USD,,1419646462.0,3055972360.0,163273539584.0
PDDL,GraniteShares 2x Long PDD Daily ETF,,NGM,USD,,,,
PDEX,"Pro-Dex, Inc.",United States,NCM,USD,,3262004.0,1805193.0,129396200.0
PDFS,"PDF Solutions, Inc.",US,NASDAQ NMS - GLOBAL MARKET,USD,2001-07-26,39512959.0,29343114.0,1158124800.0
PDI,PIMCO Dynamic Income Fund,United States,NYQ,USD,,417753553.0,,7406770688.0
PDLB,"Ponce Financial Group, Inc.",United States,NGM,USD,,24001125.0,17188502.0,403698912.0
PDM,"Piedmont Realty Trust, Inc.",United States,NYQ,USD,,124519278.0,123224278.0,1036000384.0
PDN,Invesco RAFI Developed Markets ex-U.S. Small-Mid ETF,,PCX,USD,,,,
PDO,Pimco Dynamic Income Opportunities Fund,United States,NYQ,USD,,137653386.0,,1909252480.0
PDP,Invesco Dorsey Wright Momentum ETF,,,,,,,
PDPA,Pearl Diver Credit Company Inc.,US,"NEW YORK STOCK EXCHANGE, INC.",USD,2024-07-18,,,102.0
PDS,Precision Drilling Corporation,Canada,NYQ,USD,,13173478.0,12858237.0,912922048.0
PDSB,PDS Biotechnology Corporation,United States,NCM,USD,,54721307.0,47717105.0,49479008.0
PDT,John Hancock Premium Dividend Fund,US,"NEW YORK STOCK EXCHANGE, INC.",USD,1989-12-15,49185225.0,,626619712.0
PDX,PIMCO Dynamic Income Strategy Fund,United States,NYQ,USD,,44706949.0,,958070016.0
PDYN,Palladyne AI Corp.,United States,NGM,USD,,44709423.0,30362360.0,201192416.0
PDYNW,Palladyne AI Corp.,United States,NGM,USD,,,30362360.0,
PEB,Pebblebrook Hotel Trust,US,"NEW YORK STOCK EXCHANGE, INC.",USD,2009-12-09,113595629.0,104559097.0,1361232896.0
PEBK,"Peoples Bancorp of North Carolina, Inc.",United States,NGM,USD,,5309018.0,4263407.0,196592928.0
PEBO,Peoples Bancorp Inc.,United States,NMS,USD,,35702963.0,33796313.0,1090011520.0
PECO,"Phillips Edison & Company, Inc.",United States,NMS,USD,,125800000.0,125012492.0,4952642048.0
PED,PEDEVCO Corp.,United States,ASE,USD,,95519352.0,27094064.0,52917724.0
PEG,Public Service Enterprise Group Incorporated,United States,NYQ,USD,,499153976.0,497936040.0,40126988288.0
PEGA,Pegasystems Inc.,United States,NMS,USD,,169722783.0,91153015.0,10680566784.0
PEJ,Invesco Dynamic Leisure and Entertainment ETF,,PCX,USD,,1400000.0,,86898000.0
PELI,Pelican Acquisition Corporation,United States,NGM,USD,,11998750.0,8911232.0,122255272.0
PELIR,Pelican Acquisition Corporation,United States,NGM,USD,,,8911232.0,
PELIU,Pelican Acquisition Corporation,United States,NGM,USD,,,8911232.0,
PEMX,Putnam Emerging Markets Ex-China ETF,,,,,,,
PEN,"Penumbra, Inc.",US,"NEW YORK STOCK EXCHANGE, INC.",USD,2015-09-18,39162177.0,37979871.0,12413235200.0
PENG,"Penguin Solutions, Inc.",United States,NMS,USD,,52560157.0,51182637.0,1072515968.0
PENN,"PENN Entertainment, Inc.",,,,,132870031.0,116648358.0,2204671232.0
PEO,"Adams Natural Resources Fund, Inc.",United States,NYQ,USD,,26888697.0,24076139.0,583215808.0
PEP,"PepsiCo, Inc.",United States,NMS,USD,,1367340122.0,1363798711.0,196845928448.0
PEPG,PepGen Inc.,US,NASDAQ NMS - GLOBAL MARKET,USD,2022-05-06,68748224.0,40177150.0,399427168.0
PEPS,Parametric Equity Plus ETF,,NGM,USD,,,,
PERF,Perfect Corp.,Taiwan,NYQ,USD,,85059953.0,29192800.0,176198208.0
PERI,Perion Network Ltd.,Israel,NMS,USD,,40897448.0,40853222.0,404675968.0
PESI,"Perma-Fix Environmental Services, Inc.",US,NASDAQ NMS - GLOBAL MARKET,USD,2002-01-01,18517662.0,17185316.0,238322304.0
PETS,"PetMed Express, Inc.",,,,,21369521.0,13983148.0,74152232.0
PETZ,"TDH Holdings, Inc.",China,NCM,USD,,10323268.0,6836791.0,10117836.0
PEVC,Pacer PE/VC ETF,,PCX,USD,,,,
PEW,GrabAGun Digital Holdings Inc.,United States,NYQ,USD,,30015922.0,19442513.0,91848720.0
PEXL,Pacer US Export Leaders ETF,,PCX,USD,,,,
PEY,Invesco High Yield Equity Dividend Achievers ETF,,NGM,USD,,46400000.0,,954448000.0
PEZ,Invesco Dorsey Wright Consumer Cyclicals Momentum ETF,,NGM,USD,,,,
PFAI,Pinnacle Food Group Limited,Canada,NCM,USD,,4005000.0,3625011.0,24219000.0
PFBC,Preferred Bank,United States,NMS,USD,,12197415.0,11350289.0,1224991232.0
PFD,Flaherty & Crumrine Preferred Income Fund Inc.,United States,NYQ,USD,,12852556.0,,151891504.0
PFE,Pfizer Inc.,US,"NEW YORK STOCK EXCHANGE, INC.",USD,1944-01-17,5685707552.0,5675928135.0,142654406656.0
PFF,iShares Preferred and Income Securities ETF,,NGM,USD,,418449984.0,,12997056512.0
PFFA,Virtus InfraCap U.S. Preferred Stock ETF,,PCX,USD,,,,
PFFD,Global X U.S. Preferred ETF,,PCX,USD,,,,
PFFL,ETRACS 2xMonthly Pay Leveraged Preferred Stock Index ETN,,PCX,USD,,,,
PFFR,InfraCap REIT Preferred ETF,,PCX,USD,,,,
PFFV,Global X Variable Rate Preferred ETF,,,,,,,
PFG,"Principal Financial Group, Inc.",United States,NMS,USD,,219693843.0,218177955.0,19911043072.0
PFGC,Performance Food Group Company,United States,NYQ,USD,,156812138.0,153442245.0,14389083136.0
PFH,CABCO Trust for JC Penney Debentures,,NYQ,USD,,,,
PFI,Invesco Dorsey Wright Financial Momentum ETF,,NGM,USD,,,,
PFIG,Invesco Fundamental Investment Grade Corporate Bond ETF,,PCX,USD,,,,
PFIS,Peoples Financial Services Corp.,United States,NMS,USD,,9994595.0,9133860.0,495282144.0
PFIX,Simplify Interest Rate Hedge ETF,,PCX,USD,,,,
PFL,PIMCO Income Strategy Fund,United States,NYQ,USD,,45375000.0,,381149984.0
PFLD,AAM Low Duration Preferred and Income Securities ETF,,PCX,USD,,,,
PFLT,PennantPark Floating Rate Capital Ltd.,United States,NYQ,USD,,99217896.0,,907843712.0
PFM,Invesco Dividend Achievers ETF,,NGM,USD,,10400000.0,,541421888.0
PFN,PIMCO Income Strategy Fund II,United States,NYQ,USD,,94274000.0,,709883264.0
PFO,Flaherty & Crumrine Preferred Income Opportunity Fund Inc.,US,"NEW YORK STOCK EXCHANGE, INC.",USD,1992-02-06,13077326.0,,123057632.0
PFRL,PGIM Floating Rate Income ETF,,PCX,USD,,,,
PFRRF,PetroFrontier Corp.,,,,,233685112.0,188247379.0,958109.0
PFS,"Provident Financial Services, Inc.",,,,,130622384.0,126502554.0,2659507712.0
PFSI,"PennyMac Financial Services, Inc.",US,"NEW YORK STOCK EXCHANGE, INC.",USD,2013-05-09,51965474.0,27373853.0,6957657088.0
PFUT,Putnam Sustainable Future ETF,,PCX,USD,,,,
PFX,PhenixFIN Corporation,United States,NGM,USD,,2000560.0,1461649.0,90174152.0
PFXF,VanEck Preferred Securities ex Financials ETF,,PCX,USD,,,,
PFXNZ,PhenixFIN Corporation  5.25% Notes due 2028,,NGM,USD,,,,
PG,The Procter & Gamble Company,US,"NEW YORK STOCK EXCHANGE, INC.",USD,1950-03-22,2336733549.0,2332574163.0,338761875456.0
PGABF,Prostatype Genomics AB (publ),,,,,,35036661.0,
PGAC,Pantages Capital Acquisition Corporation.,,,,,8869250.0,6334922.0,114224176.0
PGACR,Pantages Capital Acquisition Corporation.,United States,NGM,USD,,,6334922.0,
PGACU,Pantages Capital Acquisition Corporation.,United States,NGM,USD,,,6334922.0,
PGC,Peapack-Gladstone Financial Corporation,United States,NMS,USD,,17558019.0,15165573.0,497342656.0
PGEN,"Precigen, Inc.",United States,NMS,USD,,353824499.0,183574765.0,1471909888.0
PGF,Invesco Financial Preferred ETF,,PCX,USD,,,,
PGFF,PIONEER GREEN FARMS INC,,,,,28911300.0,,14744763.0
PGHIF,,,,,,,,
PGHY,Invesco Global ex-US High Yield Corporate Bond ETF,,PCX,USD,,,,
PGINF,Prestige International Inc.,,,,,125825177.0,78423870.0,523432704.0
PGJ,Invesco Golden Dragon China ETF,,NGM,USD,,5250000.0,,154494368.0
PGNY,"Progyny, Inc.",United States,NMS,USD,,86211654.0,79570770.0,2224260608.0
PGNYF,Hartshead Resources NL,,,,,2808682127.0,2119909010.0,21626854.0
PGP,PIMCO Global StocksPLUS & Income Fund,United States,NYQ,USD,,11553000.0,,104265824.0
PGR,The Progressive Corporation,United States,NYQ,USD,,586200000.0,584157199.0,133143609344.0
PGRI,Putnam International Stock ETF,,PCX,USD,,,,
PGRO,Putnam Focused Large Cap Growth ETF,,PCX,USD,,,,
PGUUF,"Prosegur Cash, S.A.",,,,,1462636450.0,328612899.0,896449856.0
PGX,Invesco Preferred ETF,,PCX,USD,,,,
PGY,Pagaya Technologies Ltd.,IL,NASDAQ NMS - GLOBAL MARKET,USD,2022-06-23,69107363.0,60625774.0,1756249216.0
PGYWW,Pagaya Technologies Ltd.,United States,NCM,USD,,,60625774.0,
PGZ,Principal Real Estate Income Fund,United States,NYQ,USD,,6694109.0,,66354696.0
PH,Parker-Hannifin Corporation,United States,NYQ,USD,,126186699.0,125762712.0,112381263872.0
PHAR,Pharming Group N.V.,Netherlands,NGM,USD,,69668824.0,491681298.0,1240104960.0
PHAT,"Phathom Pharmaceuticals, Inc.",United States,NMS,USD,,71138440.0,50254315.0,1249190912.0
PHB,Invesco Fundamental High Yield Corporate Bond ETF,,,,,,,
PHDG,Invesco S&P 500 Downside Hedged ETF,,PCX,USD,,,,
PHEQ,Parametric Hedged Equity ETF,,PCX,USD,,,,
PHG,Koninklijke Philips N.V.,Netherlands,NYQ,USD,,950979000.0,768029660.0,25781041152.0
PHGE,BiomX Inc.,Israel,ASE,USD,,1526640.0,1076892.0,2946415.0
PHI,PLDT Inc.,Philippines,NYQ,USD,,216055775.0,80011935.0,4739187712.0
PHIN,PHINIA Inc.,United States,NYQ,USD,,38442674.0,37647680.0,2388734976.0
PHIO,Phio Pharmaceuticals Corp.,United States,NCM,USD,,10764428.0,10705331.0,11923128.0
PHK,PIMCO High Income Fund,US,"NEW YORK STOCK EXCHANGE, INC.",USD,2003-04-24,174038000.0,,842343936.0
PHM,"PulteGroup, Inc.",US,"NEW YORK STOCK EXCHANGE, INC.",USD,1983-06-29,194916877.0,193258134.0,23517870080.0
PHMMF,"Pharma Mar, S.A.",,,,,17161826.0,13463781.0,1497313920.0
PHMNF,,,,,,,,
PHO,Invesco Water Resources ETF,,NGM,USD,,,,
PHOE,Phoenix Asia Holdings Limited,Hong Kong,NCM,USD,,21600000.0,5500008.0,345384000.0
PHR,"Phreesia, Inc.",United States,NYQ,USD,,60287003.0,53174342.0,1026084864.0
PHUN,"Phunware, Inc.",United States,NCM,USD,,20187326.0,20107586.0,38759668.0
PHVS,Pharvaris N.V.,,,,,64959454.0,33470359.0,1673355648.0
PHYD,Putnam ESG High Yield ETF -,,,,,,,
PHYL,PGIM Active High Yield Bond ETF,,PCX,USD,,,,
PHYPF,,,,,,,,
PHYS,Sprott Physical Gold Trust,,ASE,USD,,480371393.0,,16683297792.0
PI,"Impinj, Inc.",United States,NMS,USD,,30109132.0,29165211.0,5239289856.0
PICB,Invesco International Corporate Bond ETF,,PCX,USD,,,,
PID,Invesco International Dividend Achievers ETF,,NGM,USD,,,,
PIE,Invesco Dorsey Wright Emerging Markets Momentum ETF,,NGM,USD,,,,
PIEQ,Principal International Equity ETF,,,,,,,
PIFI,ClearShares Piton Intermediate Fixed Income ETF,,,,,,,
PII,Polaris Inc.,United States,NYQ,USD,,56248333.0,52985367.0,3726451968.0
PILL,Direxion Daily Pharmaceutical & Medical Bull 3X Shares ETF,,PCX,USD,,,,
PIM,Putnam Master Intermediate Income Trust,US,"NEW YORK STOCK EXCHANGE, INC.",USD,1988-04-29,48184341.0,,162381216.0
PIN,Invesco India ETF,,PCX,USD,,,,
PINE,"Alpine Income Property Trust, Inc.",United States,NYQ,USD,,14164662.0,12777800.0,253141104.0
PINK,Simplify Health Care ETF,,PCX,USD,,,,
PINS,"Pinterest, Inc.",United States,NYQ,USD,,595837793.0,591322494.0,17773361152.0
PINVF,,,,,,,,
PIO,Invesco Global Water ETF,,,,,,,
PIPR,Piper Sandler Companies,United States,NYQ,USD,,16636315.0,17158202.0,5823875072.0
PITWF,,,,,,,,
PIZ,Invesco Dorsey Wright Developed Markets Momentum ETF,,NGM,USD,,,,
PJFG,PGIM Jennison Focused Growth ETF,,PCX,USD,,,,
PJFV,PGIM Jennison Focused Value ETF,,PCX,USD,,,,
PJIO,PGIM Jennison International Opportunities ETF,,,,,,,
PJP,Invesco Pharmaceuticals ETF,,PCX,USD,,6300000.0,,679454976.0
PJT,PJT Partners Inc.,United States,NYQ,USD,,24307171.0,22511114.0,6845906432.0
PK,Park Hotels & Resorts Inc.,United States,NYQ,USD,,199898278.0,185221746.0,2167062528.0
PKB,Invesco Building & Construction ETF,,,,,3750000.0,,358462496.0
PKBK,"Parke Bancorp, Inc.",United States,NCM,USD,,11595553.0,10069926.0,293928960.0
PKE,Park Aerospace Corp.,United States,NYQ,USD,,19905823.0,17990286.0,425387488.0
PKG,Packaging Corporation of America,United States,NYQ,USD,,89977067.0,87816186.0,18797467648.0
PKLE,"NewRegen, Inc.",,,,,124639472.0,,548414.0
PKOH,Park-Ohio Holdings Corp.,United States,NMS,USD,,14404207.0,9217296.0,303784736.0
PKRKY,,,,,,96731984.0,3869279380.0,556208896.0
PKST,Peakstone Realty Trust,United States,NYQ,USD,,36790867.0,33354968.0,531995968.0
PKW,Invesco BuyBack Achievers ETF,,NGM,USD,,,,
PKX,POSCO Holdings Inc.,South Korea,NYQ,USD,,302483116.0,72336569.0,16361859072.0
PL,Planet Labs PBC,United States,NYQ,USD,,292507135.0,256348767.0,6072549376.0
PLAB,"Photronics, Inc.",United States,NMS,USD,,59064641.0,56926501.0,1992250240.0
PLAG,Planet Green Holdings Corp.,United States,ASE,USD,,9382714.0,5188547.0,19516046.0
PLAY,"Dave & Buster's Entertainment, Inc.",United States,NMS,USD,,34680265.0,24416987.0,566675520.0
PLBC,Plumas Bancorp,United States,NCM,USD,,6955514.0,6434268.0,315084768.0
PLBL,Polibeli Group Ltd,Indonesia,NGM,USD,,319108190.0,12015000.0,4077892352.0
PLBY,"Playboy, Inc.",United States,NGM,USD,,107757372.0,54877597.0,201506288.0
PLCE,"The Children's Place, Inc.",United States,NMS,USD,,22167889.0,8204336.0,89336600.0
PLD,"Prologis, Inc.",United States,NYQ,USD,,928867000.0,925225841.0,119554482176.0
PLDGP,"Prologis, Inc.",US,"NEW YORK STOCK EXCHANGE, INC.",USD,1997-11-21,,925225841.0,43202048000.0
PLDR,Putnam Sustainable Leaders ETF,,PCX,USD,,,,
PLG,Platinum Group Metals Ltd.,Canada,ASE,USD,,116743093.0,88622017.0,328048096.0
PLLVF,Palladon Ventures Ltd.,,,,,27395506.0,,273.0
PLMK,Plum Acquisition Corp. IV,United States,NGM,USD,,18492875.0,17457779.0,254065328.0
PLMKU,Plum Acquisition Corp. IV,United States,NGM,USD,,27316000.0,17457779.0,282993760.0
PLMKW,Plum Acquisition Corp. IV,United States,NGM,USD,,,17457779.0,
PLMR,"Palomar Holdings, Inc.",United States,NMS,USD,,26501692.0,25887383.0,3609875456.0
PLNH,Planet 13 Holdings Inc.,,,,,325363800.0,229840242.0,65398128.0
PLNT,"Planet Fitness, Inc.",United States,NYQ,USD,,82983165.0,77942768.0,9187353600.0
PLOW,"Douglas Dynamics, Inc.",United States,NYQ,USD,,23040878.0,22369697.0,769104576.0
PLPC,Preformed Line Products Company,United States,NMS,USD,,4901871.0,2550296.0,1047811904.0
PLRX,"Pliant Therapeutics, Inc.",United States,NMS,USD,,61449385.0,50936624.0,74353760.0
PLRZ,Polyrizon Ltd.,Israel,NCM,USD,,1041677.0,900364.0,8479251.0
PLSE,"Pulse Biosciences, Inc.",United States,NCM,USD,,67767578.0,17572133.0,975853056.0
PLT,Defiance Leveraged Long + Income PLTR ETF,,NGM,USD,,,,
PLTA,ProShares Ultra PLTR,,PCX,USD,,,,
PLTD,Direxion Daily PLTR Bear 1X Shares,,,,,,,
PLTG,Leverage Shares 2X Long PLTR Daily ETF,,NGM,USD,,,,
PLTI,REX PLTR Growth & Income ETF,,,,,,,
PLTK,Playtika Holding Corp.,Israel,NMS,USD,,376055827.0,56039839.0,1489181184.0
PLTM,GraniteShares Platinum Trust,,PCX,USD,,,,
PLTR,Palantir Technologies Inc.,United States,NMS,USD,,2284334012.0,2200054746.0,449778286592.0
PLTS,Platinum Analytics Cayman Limited,,NCM,USD,,11205435.0,,316034400.0
PLTU,Direxion Daily PLTR Bull 2X Shares,,NGM,USD,,,,
PLTXF,JIVA Technologies Inc.,,,,,5240961.0,5239494.0,151987.0
PLTY,YieldMax PLTR Option Income Strategy ETF,,PCX,USD,,,,
PLTZ,Defiance Daily Target 2X Short PLTR ETF,,NGM,USD,,,,
PLUG,Plug Power Inc.,United States,NCM,USD,,1391635243.0,1309264659.0,2880684800.0
PLUR,Pluri Inc.,Israel,NCM,USD,,9253897.0,867368.0,28779618.0
PLUS,ePlus inc.,United States,NMS,USD,,26438876.0,25662851.0,2397100288.0
PLUT,Plutus Financial Group Limited,HK,NASDAQ NMS - GLOBAL MARKET,HKD,2025-02-05,15350000.0,386053.0,52190000.0
PLX,"Protalix BioTherapeutics, Inc.",United States,ASE,USD,,80421181.0,61352515.0,145562336.0
PLXS,Plexus Corp.,United States,NMS,USD,,26759184.0,26341473.0,4129150464.0
PLYM,"Plymouth Industrial REIT, Inc.",United States,NYQ,USD,,44551164.0,41040532.0,985507200.0
PLYY,GraniteShares YieldBoost PLTR ETF,,NGM,USD,,,,
PM,Philip Morris International Inc.,United States,NYQ,USD,,1556638749.0,1552684887.0,250696663040.0
PMAX,Powell Max Limited,HK,NASDAQ NMS - GLOBAL MARKET,HKD,2024-09-05,2194418.0,994683.0,6697708.0
PMBS,PIMCO Mortgage-Backed Securities Active Exchange-Traded Fund,,NGM,USD,,,,
PMEC,Primech Holdings Ltd.,Singapore,NCM,USD,,38417987.0,5044666.0,39378436.0
PMFB,PGIM S&P 500 Max Buffer ETF - February,,,,,,,
PMI,"Picard Medical, Inc.",United States,ASE,USD,,73701176.0,26138859.0,145191312.0
PMIO,PGIM Municipal Income Opportunities ETF,,PCX,USD,,,,
PML,PIMCO Municipal Income Fund II,United States,NYQ,USD,,66493000.0,,498032544.0
PMM,Putnam Managed Municipal Income Trust,US,"NEW YORK STOCK EXCHANGE, INC.",USD,1989-02-17,42985233.0,,277802176.0
PMMF,iShares Prime Money Market ETF,,PCX,USD,,,,
PMMOF,PIMCO ETFS PLC US SHT TR HIG YL,,,,,,,
PMN,"ProMIS Neurosciences, Inc.",Canada,NCM,USD,,2152444.0,990684.0,16487721.0
PMNT,Perfect Moment Ltd. Common Stock,United States,ASE,USD,,35221933.0,18320688.0,14335328.0
PMO,Putnam Municipal Opportunities Trust,United States,NYQ,USD,,28058262.0,,308394912.0
PMPG,"Premier Products Group, Inc.",,,,,367949425.0,,73589.0
PMSLF,,,,,,,,
PMT,PennyMac Mortgage Investment Trust,United States,NYQ,USD,,87016604.0,72092386.0,1090318080.0
PMTR,Perimeter Acquisition Corp. I,United States,NGM,USD,,24788000.0,,316269632.0
PMTRU,Perimeter Acquisition Corp. I,United States,NGM,USD,,,,
PMTRW,Perimeter Acquisition Corp. I,United States,NGM,USD,,,,
PMTS,CPI Card Group Inc.,United States,NGM,USD,,11387538.0,5946914.0,173204448.0
PMTU,PennyMac Mortgage Investment Tr,,NYQ,USD,,,,
PMTV,PennyMac Mortgage Investment Tr,,NYQ,USD,,,,
PMTW,PennyMac Mortgage Investment Trust,United States,NYQ,USD,,,72092386.0,
PMVP,"PMV Pharmaceuticals, Inc.",United States,NMS,USD,,53211507.0,41147926.0,65982272.0
PNBK,"Patriot National Bancorp, Inc.",,,,,107724457.0,75790579.0,203534096.0
PNC,"The PNC Financial Services Group, Inc.",United States,NYQ,USD,,392158451.0,389174125.0,84045291520.0
PNDHF,Pond Technologies Holdings Inc.,,,,,85592225.0,62200726.0,684737.0
PNDXF,Pandox AB (publ),,,,,119603000.0,105673321.0,3905682432.0
PNFP,"Pinnacle Financial Partners, Inc.",United States,NMS,USD,,77575457.0,75578939.0,7819217920.0
PNFPP,"Pinnacle Financial Partners, Inc.",United States,NMS,USD,,,75578939.0,
PNI,PIMCO New York Municipal Income Fund II,United States,NYQ,USD,,11209000.0,,77117920.0
PNNT,PennantPark Investment Corporation,United States,NYQ,USD,,65296094.0,,387205824.0
PNPL,"Pineapple, Inc.",,,,,73103569.0,29708559.0,9503463.0
PNPNF,Power Metallic Mines Inc.,,,,,231866816.0,216834890.0,209839456.0
PNQI,Invesco NASDAQ Internet ETF,,NGM,USD,,,,
PNR,Pentair plc,United Kingdom,NYQ,USD,,163641880.0,162373655.0,17324255232.0
PNRG,PrimeEnergy Resources Corporation,United States,NCM,USD,,1635000.0,650109.0,289630368.0
PNTG,"The Pennant Group, Inc.",,,,,34593720.0,31206995.0,1004947520.0
PNW,Pinnacle West Capital Corporation,United States,NYQ,USD,,119690399.0,118938743.0,10580631552.0
PNYTF,Poynt Corporation,,,,,502894535.0,,50289.0
POAHF,Porsche Automobil Holding SE,,,,,153125000.0,153125000.0,14087499776.0
POAS,Phaos Technology Holdings (Caym,Singapore,ASE,USD,,13301750.0,7777787.0,50546652.0
POCI,"Precision Optics Corporation, Inc.",United States,NCM,USD,,7714701.0,5309412.0,32440322.0
PODC,"PodcastOne, Inc.",United States,NCM,USD,,26910733.0,6566757.0,56512536.0
PODD,Insulet Corporation,United States,NMS,USD,,70346898.0,70072545.0,20317396992.0
POET,POET Technologies Inc.,Canada,NCM,USD,,131769637.0,131570665.0,897351232.0
POFCY,Petrofac Limited,,,,,1044154892.0,433313100.0,5539093.0
POLA,"Polar Power, Inc.",United States,NCM,USD,,2658676.0,1848604.0,4812203.0
POLE,Andretti Acquisition Corp. II,US,NASDAQ NMS - GLOBAL MARKET,USD,2024-09-06,23760000.0,22210111.0,310445216.0
POLEU,Andretti Acquisition Corp. II,United States,NGM,USD,,,22210111.0,
POLEW,Andretti Acquisition Corp. II,United States,NGM,USD,,,22210111.0,
POM,Pomdoctor Limited,China,NGM,USD,,106942308.0,2481973.0,42087600.0
PONGF,Atari SA,FR,NYSE EURONEXT - EURONEXT PARIS,EUR,1993-12-06,555850013.0,315854016.0,86156752.0
PONT,"Pontiac Bancorp, Inc.",,,,,206918.0,,113804896.0
PONX,Tradr 2X Long PONY Daily ETF,,,,,,,
PONY,Pony AI Inc.,China,NMS,USD,,352452783.0,255283287.0,6485782016.0
POOL,Pool Corporation,United States,NMS,USD,,37249484.0,32598141.0,8676064256.0
POR,Portland General Electric Company,United States,NYQ,USD,,112488952.0,111889386.0,5351099392.0
POST,"Post Holdings, Inc.",United States,NYQ,USD,,51603620.0,41678985.0,5275979776.0
POW,VistaShares Electrification Supercycle ETF,,PCX,USD,,,,
POWA,Invesco Bloomberg Pricing Power,,,,,,,
POWI,"Power Integrations, Inc.",United States,NMS,USD,,55336162.0,54175209.0,2092365184.0
POWL,"Powell Industries, Inc.",United States,NMS,USD,,12092083.0,9437871.0,4121707264.0
POWR,iShares U.S. Power Infrastructure ETF,,PCX,USD,,,,
POWW,Outdoor Holding Company,United States,NCM,USD,,117110827.0,87458366.0,214312832.0
POWWP,Outdoor Holding Company,United States,NCM,USD,,,87458366.0,
PPA,Invesco Aerospace & Defense ETF,,PCX,USD,,15150000.0,,2407941120.0
PPC,Pilgrim's Pride Corporation,United States,NMS,USD,,237547447.0,41898619.0,9459139584.0
PPCB,"Propanc Biopharma, Inc.",Australia,NCM,USD,,13364244.0,5006914.0,7828774.0
PPEM,Putnam Panagora ESG Emerging Markets Equity ETF -,,PCX,USD,,,,
PPG,"PPG Industries, Inc.",US,"NEW YORK STOCK EXCHANGE, INC.",USD,1945-12-17,224400000.0,223924272.0,23545024512.0
PPH,VanEck Pharmaceutical ETF,,NGM,USD,,11547000.0,,1205907456.0
PPI,Astoria Real Asset ETF,,NGM,USD,,,,
PPIE,Putnam Panagora ESG International Equity ETF -,,PCX,USD,,,,
PPIH,"Perma-Pipe International Holdings, Inc.",United States,NGM,USD,,8094045.0,7242794.0,266941632.0
PPIKF,,,,,,,,
PPL,PPL Corporation,United States,NYQ,USD,,739739177.0,738037777.0,25950052352.0
PPLT,abrdn Physical Platinum Shares ETF,,PCX,USD,,,,
PPOEF,,,,,,2243712994.0,878121954.0,7987618304.0
PPRG,"Patient Portal Technologies, Inc.",,,,,4999002.0,,499.0
PPSI,"Pioneer Power Solutions, Inc.",US,NASDAQ NMS - GLOBAL MARKET,USD,2013-09-19,11095266.0,8600052.0,51371084.0
PPT,Putnam Premier Income Trust,United States,NYQ,USD,,95567537.0,,340220416.0
PPTA,Perpetua Resources Corp.,United States,NCM,USD,,122011378.0,81130644.0,3163755008.0
PPTY,Vident U.S. Diversified Real Estate ETF,,,,,,,
PQAP,PGIM Nasdaq-100 Buffer 12 ETF - April,,NGM,USD,,,,
PQDI,Principal Spectrum Preferred and Income ETF,,,,,,,
PQEFF,Petroteq Energy Inc.,,,,,796980959.0,655047718.0,79698.0
PQJA,PGIM Nasdaq-100 Buffer 12 ETF - January,,NGM,USD,,,,
PQJL,PGIM Nasdaq-100 Buffer 12 ETF - July,,NGM,USD,,,,
PQNT,Pictet AI Enhanced International Equity ETF,,,,,,,
PQOC,PGIM Nasdaq-100 Buffer 12 ETF - October,,NGM,USD,,,,
PR,Permian Resources Corporation,US,"NEW YORK STOCK EXCHANGE, INC.",USD,2016-03-02,744923609.0,734870503.0,10242699264.0
PRA,ProAssurance Corporation,United States,NYQ,USD,,51413643.0,47509805.0,1237012224.0
PRAA,"PRA Group, Inc.",United States,NMS,USD,,39015442.0,35582863.0,688478528.0
PRAE,PlanRock Alternative Growth ETF,,PCX,USD,,,,
PRAX,"Praxis Precision Medicines, Inc.",United States,NMS,USD,,25007171.0,20522135.0,6725679104.0
PRAY,FIS Christian Stock Fund ETF,,PCX,USD,,,,
PRBEF,PURPOSE BITCOIN ETF USD ETF NON,,,,,,,
PRCH,"Porch Group, Inc.",United States,NCM,USD,,105371353.0,84969352.0,940966208.0
PRCS,Parnassus Core Select ETF,,NYQ,USD,,,,
PRCT,PROCEPT BioRobotics Corporation,United States,NGM,USD,,55878589.0,53806611.0,1811025024.0
PRDO,Perdoceo Education Corporation,United States,NMS,USD,,64322476.0,59908668.0,1933662208.0
PRE,Prenetics Global Limited,Hong Kong,NGM,USD,,15247465.0,10710292.0,284064032.0
PREF,Principal Spectrum Preferred Securities Active ETF,,PCX,USD,,,,
PREJF,PartnerRe Ltd.,,,,,,,
PREM,Premier Air Charter Holdings Inc.,,,,,32803527.0,37459545.0,1049713.0
PRENW,Prenetics Global Limited,Hong Kong,NCM,USD,,,10710292.0,
PRF,Invesco RAFI US 1000 ETF,,,,,,,
PRFD,PIMCO Preferred And Capital Securities Active Exchange-Traded Fund,,,,,,,
PRFX,PainReform Ltd.,Israel,NCM,USD,,3915340.0,1834374.0,3239943.0
PRFZ,Invesco RAFI US 1500 Small-Mid ETF,,NGM,USD,,,,
PRG,"PROG Holdings, Inc.",United States,NYQ,USD,,39545593.0,38365553.0,1205349632.0
PRGO,Perrigo Company plc,Ireland,NYQ,USD,,137624009.0,136821661.0,1901963904.0
PRGS,Progress Software Corporation,United States,NMS,USD,,42907573.0,42372086.0,1876506368.0
PRH,"Prudential Financial, Inc. JR SUB NT 53",,NYQ,USD,,,,
PRHI,"Presurance Holdings, Inc.",United States,NCM,USD,,12222881.0,3376082.0,9387173.0
PRHIZ,"Presurance Holdings, Inc.",United States,NGM,USD,,,3376082.0,
PRI,"Primerica, Inc.",United States,NYQ,USD,,31916058.0,31729349.0,8428548608.0
PRIM,Primoris Services Corporation,US,"NEW YORK STOCK EXCHANGE, INC.",USD,2006-10-04,54032351.0,53571455.0,6978818560.0
PRIV,SPDR SSGA IG Public & Private Credit ETF,,PCX,USD,,,,
PRK,Park National Corporation,United States,ASE,USD,,16078262.0,13255884.0,2532647936.0
PRKS,United Parks & Resorts Inc.,United States,NYQ,USD,,54550611.0,26555237.0,1980335872.0
PRLB,"Proto Labs, Inc.",United States,NYQ,USD,,23678745.0,23427277.0,1258199808.0
PRLD,Prelude Therapeutics Incorporated,United States,NMS,USD,,50015011.0,16354247.0,154019920.0
PRM,"Perimeter Solutions, Inc.",United States,NYQ,USD,,147923716.0,140091155.0,4153697792.0
PRMB,Primo Brands Corporation,United States,NYQ,USD,,365631284.0,224685732.0,6150447616.0
PRME,"Prime Medicine, Inc.",United States,NGM,USD,,180510658.0,104340952.0,631787264.0
PRMKF,Premier Marketing Public Company Limited,,,,,650000000.0,207665290.0,156000000.0
PRMR,PeakShares RMR Prime Equity ETF,,NGM,USD,,,,
PRN,Invesco Dorsey Wright Industrials Momentum ETF,,NGM,USD,,,,
PRNT,The 3D Printing ETF,,,,,,,
PROF,Profound Medical Corp.,Canada,NCM,USD,,35371531.0,28718937.0,260688192.0
PROK,ProKidney Corp.,United States,NCM,USD,,141545448.0,93274204.0,761110912.0
PROP,Prairie Operating Co.,United States,NCM,USD,,59646610.0,38138639.0,93645176.0
PROV,"Provident Financial Holdings, Inc.",United States,NMS,USD,,6474230.0,4286588.0,104641496.0
PRPH,"ProPhase Labs, Inc.",US,NASDAQ NMS - GLOBAL MARKET,USD,1984-01-16,4187902.0,4284582.0,2177709.0
PRPO,"Precipio, Inc.",United States,NCM,USD,,1752007.0,1426484.0,41627688.0
PRQR,ProQR Therapeutics N.V.,NL,NASDAQ NMS - GLOBAL MARKET,EUR,2014-09-18,105345192.0,65453075.0,228599072.0
PRS,"Prudential Financial, Inc. 5.62",,NYQ,USD,,,,
PRSD,State Street Short Duration Ig Public & Private Credit ETF,,PCX,USD,,,,
PRSO,Peraso Inc.,United States,NCM,USD,,9311877.0,8494846.0,9461542.0
PRSU,"Pursuit Attractions and Hospitality, Inc.",United States,NYQ,USD,,28283264.0,21042183.0,968419008.0
PRT,PermRock Royalty Trust,United States,NYQ,USD,,12165732.0,7272066.0,36253884.0
PRTA,Prothena Corporation plc,Ireland,NMS,USD,,53829982.0,43391810.0,513538048.0
PRTC,PureTech Health plc,United States,NGM,USD,,24168404.0,166887948.0,404095712.0
PRTH,"Priority Technology Holdings, Inc.",United States,NCM,USD,,81871568.0,29083237.0,452749792.0
PRU,"Prudential Financial, Inc.",United States,NYQ,USD,,349921578.0,348799500.0,40110936064.0
PRVA,"Privia Health Group, Inc.",United States,NMS,USD,,123001529.0,105088816.0,2968026880.0
PRVS,Parnassus Value Select ETF,,,,,,,
PRWYF,Prodways Group SA,FR,NYSE EURONEXT - EURONEXT PARIS,EUR,2017-05-12,50597688.0,34617926.0,60507896.0
PRXA,,,,,,,,
PRXG,Praxis Impact Large Cap Growth ETF,,PCX,USD,,,,
PRXV,Praxis Impact Large Cap Value ETF,,,,,,,
PRZO,ParaZero Technologies Ltd.,,,,,18763631.0,14641960.0,16797204.0
PSA,Public Storage,United States,NYQ,USD,,175463014.0,157397342.0,45736189952.0
PSA.PRJ,Public Storage,US,"NEW YORK STOCK EXCHANGE, INC.",USD,1984-10-19,,,45985.0
PSA.PRO,Public Storage,US,"NEW YORK STOCK EXCHANGE, INC.",USD,1984-10-19,,,45985.0
PSBD,Palmer Square Capital BDC Inc.,United States,NYQ,USD,,31478948.0,,386460320.0
PSBXP,"Link Parks, Inc.",,,,,,,
PSBYP,"Link Parks, Inc.",,,,,,,
PSC,Principal U.S. Small-Cap ETF,,,,,,,
PSCC,Invesco S&P SmallCap Consumer Staples ETF,,NGM,USD,,,,
PSCD,Invesco S&P SmallCap Consumer Discretionary ETF,,NGM,USD,,,,
PSCE,Invesco S&P SmallCap Energy ETF,,NGM,USD,,,,
PSCF,Invesco S&P SmallCap Financials ETF,,NGM,USD,,,,
PSCH,Invesco S&P SmallCap Health Care ETF,,NGM,USD,,,,
PSCI,Invesco S&P SmallCap Industrials ETF,,NGM,USD,,,,
PSCM,Invesco S&P SmallCap Materials ETF,,NGM,USD,,,,
PSCT,Invesco S&P SmallCap Information Technology ETF,,NGM,USD,,,,
PSCU,Invesco S&P SmallCap Utilities & Communication Services ETF,,,,,,,
PSEC,Prospect Capital Corporation,United States,NMS,USD,,470910990.0,,1181986560.0
PSET,Principal Quality ETF,,NGM,USD,,,,
PSF,"Cohen & Steers Select Preferred and Income Fund, Inc.",United States,NYQ,USD,,12028187.0,,243991776.0
PSFE,Paysafe Limited,United Kingdom,NYQ,USD,,57462927.0,31863768.0,472539232.0
PSFM,Pacer Swan SOS Flex (April) ETF,,,,,,,
PSHG,Performance Shipping Inc.,Greece,NCM,USD,,12432158.0,11397554.0,28718284.0
PSI,Invesco Semiconductors ETF,,PCX,USD,,3200000.0,,258815984.0
PSIG,PS International Group Ltd.,Hong Kong,NCM,USD,,8623102.0,3035340.0,36734416.0
PSIL,AdvisorShares Psychedelics ETF,,PCX,USD,,,,
PSIX,"Power Solutions International, Inc.",United States,NCM,USD,,23040930.0,8426299.0,1508950400.0
PSK,State Street SPDR ICE Preferred Securities ETF,,PCX,USD,,,,
PSKOF,Orlen S.A.,,,,,1160942049.0,581631967.0,32022509568.0
PSKY,Paramount Skydance Corporation,United States,NMS,USD,,1071666977.0,883736280.0,14992040960.0
PSL,Invesco Dorsey Wright Consumer Staples Momentum ETF,,NGM,USD,,,,
PSLV,Sprott Physical Silver Trust,,ASE,USD,,580894213.0,,15126486016.0
PSMT,"PriceSmart, Inc.",United States,NMS,USD,,30816360.0,27693490.0,3859552000.0
PSN,Parsons Corporation,United States,NYQ,USD,,106488582.0,54505116.0,6681022464.0
PSNL,"Personalis, Inc.",United States,NGM,USD,,88804348.0,52638777.0,722867456.0
PSNY,Polestar Automotive Holding UK PLC,Sweden,NGM,USD,,2069399389.0,356422525.0,37172383744.0
PSNYW,Polestar Automotive Holding UK PLC,SE,NASDAQ NMS - GLOBAL MARKET,USD,2022-06-24,70643065.0,356422525.0,110004977664.0
PSO,Pearson plc,United Kingdom,NYQ,USD,,635094279.0,654117660.0,9018338304.0
PSP,Invesco Global Listed Private Equity ETF,,PCX,USD,,,,
PSQ,ProShares Short QQQ,,PCX,USD,,,,
PSQA,Palmer Square CLO Senior Debt ETF,,PCX,USD,,,,
PSQH,"PSQ Holdings, Inc.",United States,NYQ,USD,,46492639.0,31786010.0,54179892.0
PSQO,Palmer Square Credit Opportunities ETF,,,,,,,
PSR,Invesco Active U.S. Real Estate Fund,,PCX,USD,,,,
PST,ProShares UltraShort 7-10 Year Treasury,,PCX,USD,,,,
PSTG,"Pure Storage, Inc.",US,"NEW YORK STOCK EXCHANGE, INC.",USD,2015-10-07,330171649.0,313897488.0,22874292224.0
PSTL,"Postal Realty Trust, Inc.",United States,NYQ,USD,,26062636.0,24622027.0,528536704.0
PSTP,Innovator Power Buffer Step-Up Strategy ETF,,PCX,USD,,,,
PSTR,PeakShares Sector Rotation ETF,,NGM,USD,,,,
PSTV,"Plus Therapeutics, Inc.",US,NASDAQ NMS - GLOBAL MARKET,USD,2000-08-09,137429055.0,137004399.0,79695112.0
PSUD,"PetroSun, Inc.",,,,,636753965.0,,5348733.0
PSWD,Xtrackers Cybersecurity Select Equity ETF,,NGM,USD,,,,
PSWW,"Principal Solar, Inc.",,,,,1891477255.0,,226977.0
PSX,Phillips 66,United States,NYQ,USD,,402921135.0,402091117.0,51626872832.0
PSYGF,Psyence Group Inc.,,,,,15638267.0,15219631.0,1986060.0
PT,Pintec Technology Holdings Limited,China,NGM,USD,,14392790.0,282269210.0,14911343.0
PTA,Cohen & Steers Tax-Advantaged Preferred Securities and Income Fund,,,,,55273457.0,,1068435904.0
PTAIY,PT Astra International Tbk,,,,,2024177657.0,18241484209.0,16395839488.0
PTBBU,"POET, LLC",,,,,,,
PTBD,Pacer Trendpilot US Bond ETF,,PCX,USD,,,,
PTC,PTC Inc.,United States,NMS,USD,,118919711.0,118947773.0,21093367808.0
PTCT,"PTC Therapeutics, Inc.",US,NASDAQ NMS - GLOBAL MARKET,USD,2013-06-20,80288305.0,70574223.0,6307448832.0
PTEL,"Pegasus Tel, Inc.",,,,,3510496677.0,,23520328.0
PTEN,"Patterson-UTI Energy, Inc.",United States,NMS,USD,,379242024.0,343600859.0,2253229824.0
PTF,Invesco Dorsey Wright Technology Momentum ETF,,NGM,USD,,,,
PTGX,"Protagonist Therapeutics, Inc.",United States,NGM,USD,,62515666.0,49893128.0,5550140416.0
PTH,Invesco Dorsey Wright Healthcare Momentum ETF,,NGM,USD,,,,
PTHS,Pelthos Therapeutics Inc.,,,,,3086681.0,1210191.0,79358568.0
PTIN,Pacer Trendpilot International ETF,,PCX,USD,,,,
PTIR,GraniteShares 2x Long PLTR Daily ETF,,NGM,USD,,,,
PTL,Inspire 500 ETF,,,,,,,
PTLO,Portillo's Inc.,United States,NMS,USD,,71932314.0,70005967.0,338801184.0
PTMC,Pacer Trendpilot US Mid Cap ETF,,,,,,,
PTN,"Palatin Technologies, Inc.",US,NYSE MKT LLC,USD,1999-12-21,1702675.0,1285724.0,24876082.0
PTNM,Pitanium Limited,Hong Kong,NCM,USD,,19922500.0,3053190.0,238164784.0
PTNQ,Pacer Trendpilot 100 ETF,,NGM,USD,,,,
PTNYF,ParcelPal Logistics Inc.,,,,,23315273.0,21713515.0,262271.0
PTON,"Peloton Interactive, Inc.",United States,NMS,USD,,401969748.0,392153155.0,2531907072.0
PTRB,PGIM Total Return Bond ETF,,PCX,USD,,,,
PTRN,Pattern Group Inc.,United States,NMS,USD,,154522413.0,36853918.0,2343460864.0
PTUUF,Purepoint Uranium Group Inc.,,,,,79191362.0,68018253.0,28508890.0
PTY,PIMCO Corporate & Income Opportunity Fund,United States,NYQ,USD,,191595000.0,,2465827840.0
PTZH,"Photozou Holdings, Inc.",,,,,8052083.0,1490924.0,4750729.0
PUBM,"PubMatic, Inc.",United States,NGM,USD,,38151563.0,35039926.0,416804896.0
PUI,Invesco Dorsey Wright Utilities Momentum ETF,,NGM,USD,,6200000.0,,271703840.0
PUK,Prudential plc,Hong Kong,NYQ,USD,,1265255805.0,2574404660.0,40032694272.0
PUKPF,Prudential plc,,,,,2530511609.0,2574404660.0,39261798400.0
PULM,"Pulmatrix, Inc.",US,NASDAQ NMS - GLOBAL MARKET,USD,2014-03-21,3652285.0,3628107.0,8546349.0
PULS,PGIM Ultra Short Bond ETF,,PCX,USD,,,,
PULT,Putnam ESG Ultra Short ETF -,,PCX,USD,,,,
PUMP,ProPetro Holding Corp.,United States,NYQ,USD,,103982181.0,73886618.0,962875072.0
PURR,Hyperliquid Strategies Inc.,United States,NCM,USD,,127025563.0,,414103360.0
PUSH,PGIM Ultra Short Municipal Bond ETF,,PCX,USD,,,,
PUSOF,AAPKI Ventures Inc.,,,,,78860986.0,71771383.0,946331.0
PVAL,Putnam Focused Large Cap Value ETF,,PCX,USD,,,,
PVFPF,PARTNERS VALUE INVTS INC PFD SH,,,,,,,
PVH,PVH Corp.,US,"NEW YORK STOCK EXCHANGE, INC.",USD,1920-03-25,45802696.0,45390472.0,3303423232.0
PVI,Invesco Floating Rate Municipal Income ETF,,PCX,USD,,,,
PVL,Permianville Royalty Trust,,,,,33000000.0,23581140.0,59070000.0
PVLA,"Palvella Therapeutics, Inc.",US,NASDAQ NMS - GLOBAL MARKET,USD,2014-12-18,11836490.0,6585941.0,1223538048.0
PW,Power REIT,United States,ASE,USD,,3389661.0,2435607.0,3233397.0
PWB,Invesco Dynamic Large Cap Growth ETF,,,,,15800000.0,,2046573952.0
PWBK,Pacific West Bancorp,,,,,2697153.0,2561432.0,32204006.0
PWCCF,,,,,,,,
PWER,Nomura Energy Transition ETF,,,,,,,
PWNX,Powerlinx Inc.,,,,,,,54148.0
PWP,Perella Weinberg Partners,United States,NMS,USD,,66670735.0,64378231.0,1598383872.0
PWR,"Quanta Services, Inc.",United States,NYQ,USD,,149115887.0,147384652.0,64517971968.0
PWRD,TCW Transform Systems ETF,,NGM,USD,,,,
PWS,Pacer WealthShield ETF,,,,,,,
PWV,Invesco Dynamic Large Cap Value ETF,,PCX,USD,,26350000.0,,1763605504.0
PWZ,Invesco California AMT-Free Municipal Bond ETF,,PCX,USD,,,,
PX,"P10, Inc.",United States,NYQ,USD,,78067335.0,62272942.0,1108952064.0
PXE,Invesco Dynamic Energy Exploration & Production ETF,,PCX,USD,,2000000.0,,55320000.0
PXED,"Phoenix Education Partners, Inc.",United States,NYQ,USD,,35652963.0,5570775.0,1137329536.0
PXF,Invesco RAFI Developed Markets ex-U.S. ETF,,PCX,USD,,,,
PXH,Invesco RAFI Emerging Markets ETF,,PCX,USD,,,,
PXI,Invesco DWA Energy Momentum ETF,,NGM,USD,,,,
PXJ,Invesco Oil & Gas Services ETF,,PCX,USD,,2550000.0,,74189448.0
PXLW,"Pixelworks, Inc.",United States,NCM,USD,,6293545.0,5565885.0,42733176.0
PXS,Pyxis Tankers Inc.,Greece,NCM,USD,,10485865.0,4366629.0,30933302.0
PXSTF,PHOENIX MEDIA INV (HLDGS) LTD,,,,,499365950.0,143213161.0,49936596.0
PXXLF,Poxel S.A.,FR,NYSE EURONEXT - EURONEXT PARIS,EUR,2015-02-06,53690737.0,,13422684.0
PY,Principal Value ETF,,NGM,USD,,,,
PYIYF,,,,,,502291664.0,479103654.0,632887488.0
PYLD,PIMCO ETF Trust - PIMCO Multisector Bond Active Exchange-Traded Fund,,,,,,,
PYNKF,"Perimeter Medical Imaging AI, Inc.",,,,,131120616.0,61919115.0,41958596.0
PYPD,PolyPid Ltd.,Israel,NCM,USD,,16634790.0,9872748.0,67703600.0
PYPG,Leverage Shares 2X Long PYPL Daily ETF,,NGM,USD,,,,
PYPL,"PayPal Holdings, Inc.",United States,NMS,USD,,935651953.0,932545589.0,57294045184.0
PYPT,AXS 1.5X PYPL Bull Daily ETF,,,,,,,
PYPY,Yieldmax PYPL Option Income Strategy ETF,,PCX,USD,,,,
PYT,PPLUS Trust Series GSC-2 GSC 2 CT FL RT,,NYQ,USD,,,,
PYXS,"Pyxis Oncology, Inc.",United States,NMS,USD,,62264215.0,41131118.0,69113280.0
PYZ,Invesco DWA Basic Materials Momentum ETF,,NGM,USD,,,,
PZA,Invesco National AMT-Free Municipal Bond ETF,,PCX,USD,,,,
PZG,Paramount Gold Nevada Corp.,United States,ASE,USD,,78358426.0,66331191.0,97164448.0
PZT,Invesco New York AMT-Free Municipal Bond ETF,,PCX,USD,,,,
PZZA,"Papa John's International, Inc.",United States,NMS,USD,,32789416.0,32472670.0,1288624000.0
Q,"Qnity Electronics, Inc.",US,"NEW YORK STOCK EXCHANGE, INC.",USD,2025-10-27,209463194.0,209234879.0,17638895616.0
QABA,First Trust NASDAQ ABA Community Bank Index Fund,,NGM,USD,,,,
QAI,NYLI Hedge Multi-Strategy Tracker ETF,,,,,,,
QALT,SEI DBi Multi-Strategy Alternative ETF,,NGM,USD,,,,
QARP,Xtrackers Russell 1000 US QARP ETF,,PCX,USD,,,,
QAT,iShares MSCI Qatar ETF,,NGM,USD,,,,
QB,ProShares Nasdaq 100 Dynamic Daily Buffer ETF,,NGM,USD,,,,
QBAK,Qualstar Corporation,,,,,1380853.0,,25752908.0
QBF,Innovator Uncapped Bitcoin 20 Floor ETF - Quarterly,,,,,,,
QBIG,Invesco Top QQQ ETF,,NGM,USD,,,,
QBTS,D-Wave Quantum Inc.,United States,NYQ,USD,,353618581.0,339061455.0,9029081088.0
QBTZ,Defiance Daily Target 2X Short QBTS ETF,,NGM,USD,,,,
QBUF,Innovator Nasdaq-100 10 Buffer ETF - Quarterly,,,,,,,
QBY,GraniteShares YieldBOOST QBTS ETF,,NGM,USD,,,,
QCJL,FT Vest NASDAQ-100 Conservative Buffer ETF - July,,,,,,,
QCLN,First Trust NASDAQ Clean Edge Green Energy Index Fund,,NGM,USD,,,,
QCLR,Global X NASDAQ 100 Collar 95-110 ETF,,NGM,USD,,,,
QCLS,"Q/C Technologies, Inc.",United States,NCM,USD,,4166760.0,3963214.0,19833778.0
QCMD,Direxion Daily QCOM Bear 1X Shares,,NGM,USD,,,,
QCML,GraniteShares 2x Long QCOM Daily ETF,,NGM,USD,,,,
QCMU,Direxion Daily QCOM Bull 2X Shares,,NGM,USD,,,,
QCOM,QUALCOMM Incorporated,United States,NMS,USD,,1071000000.0,1068654510.0,188619997184.0
QCRH,"QCR Holdings, Inc.",United States,NGM,USD,,16838653.0,16199795.0,1427244160.0
QDEF,FlexShares Quality Dividend Defensive Index Fund,,PCX,USD,,,,
QDEL,QuidelOrtho Corporation,United States,NMS,USD,,67931540.0,62632880.0,1990393984.0
QDF,FlexShares Quality Dividend Index Fund,,PCX,USD,,,,
QDIV,Global X S&P 500 Quality Dividend ETF,,PCX,USD,,,,
QDPL,Pacer Metaurus US Large Cap Dividend Multiplier 400 ETF,,PCX,USD,,,,
QDTY,YieldMax Nasdaq 100 0DTE Covered Call Strategy ETF,,,,,,,
QDVO,Amplify CWP Growth & Income ETF,,,,,,,
QEFA,SPDR MSCI EAFE StrategicFactors ETF,,,,,,,
QEMM,SPDR MSCI Emerging Markets StrategicFactors ETF,,PCX,USD,,,,
QFIN,"Qfin Holdings, Inc.",China,NMS,USD,,130185112.0,213849876.0,2762117120.0
QFLR,Innovator Nasdaq-100 Managed Floor ETF,,PCX,USD,,,,
QGEN,Qiagen N.V.,Netherlands,NYQ,USD,,216841000.0,214794021.0,9838075904.0
QGRD,Horizon NASDAQ-100 Defined Risk ETF,,NGM,USD,,,,
QGRO,American Century U.S. Quality Growth ETF,,PCX,USD,,,,
QGRW,Wisdomtree U.S. Quality Growth Fund,,PCX,USD,,,,
QH,Quhuo Limited,China,NGM,USD,,989615.0,880490869.0,1195934.0
QHDG,Innovator Hedged Nasdaq-100 ETF,,NGM,USD,,,,
QID,ProShares UltraShort QQQ,,PCX,USD,,,,
QIDX,Indexperts Quality Earnings Focused ETF,,,,,,,
QINT,American Century Quality Diversified International ETF,,PCX,USD,,,,
QIPT,Quipt Home Medical Corp.,United States,NCM,USD,,44027472.0,30833759.0,155416976.0
QIS,Simplify Multi-Qis Alternative ETF,,PCX,USD,,,,
QJUN,FT Vest Nasdaq-100 Buffer ETF - June,,,,,,,
QLD,ProShares Ultra QQQ,,,,,,,
QLDY,Defiance NASDAQ 100 Lightningspread Income ETF,,NGM,USD,,,,
QLTA,iShares Aaa - A Rated Corporate Bond ETF,,PCX,USD,,,,
QLTI,GMO International Quality ETF,,,,,,,
QLTY,GMO U.S. Quality ETF,,PCX,USD,,,,
QLV,FlexShares US Quality Low Volatility Index Fund,,PCX,USD,,,,
QLVD,FlexShares Developed Markets ex-US Quality Low Volatility Index Fund,,PCX,USD,,,,
QLVE,FlexShares Emerging Markets Quality Low Volatility Index Fund,,,,,,,
QLYS,"Qualys, Inc.",United States,NMS,USD,,35858308.0,35653557.0,4991698944.0
QMAG,FT Vest Nasdaq-100 Moderate Buffer ETF - August,,,,,,,
QMCO,Quantum Corporation,United States,NGM,USD,,16374599.0,13495850.0,113967208.0
QMID,Wisdomtree U.S. Midcap Quality Growth Fund,,NGM,USD,,,,
QMMM,QMMM Holdings Limited,Hong Kong,NCM,USD,,48951842.0,14270596.0,6830437376.0
QMNV,FT Vest Nasdaq-100 Moderate Buffer ETF – November,,,,,,,
QMOM,Alpha Architect U.S. Quantitative Momentum ETF,,NGM,USD,,,,
QNCX,"Quince Therapeutics, Inc.",United States,NMS,USD,,55681490.0,46456738.0,198226096.0
QNRX,"Quoin Pharmaceuticals, Ltd.",,,,,838977.0,14250737.0,11737288.0
QNST,"QuinStreet, Inc.",US,NASDAQ NMS - GLOBAL MARKET,USD,2010-02-11,56751575.0,53889593.0,818925248.0
QNTM,Quantum BioPharma Ltd.,Canada,NCM,USD,,3842935.0,3579839.0,31896710.0
QNXT,iShares Nasdaq-100 ex Top 30 ETF,,NGM,USD,,,,
QOWZ,Invesco Nasdaq Free Cash Flow Achievers ETF,,NGM,USD,,,,
QPUX,Defiance 2X Daily Long Pure Quantum ETF,,NGM,USD,,,,
QPX,AdvisorShares Q Dynamic Growth ETF,,PCX,USD,,,,
QQA,Invesco QQQ Income Advantage ETF,,NGM,USD,,,,
QQDN,ProShares UltraShort QQQ Mega,,NGM,USD,,,,
QQEW,First Trust NASDAQ-100 Equal Weighted Index Fund,,NGM,USD,,,,
QQH,HCM Defender 100 Index ETF,,PCX,USD,,,,
QQHG,Invesco QQQ Hedged Advantage ETF,,NGM,USD,,,,
QQJG,Invesco ESG NASDAQ Next Gen 100 ETF,,NGM,USD,,,,
QQLV,Invesco QQQ Low Volatility ETF,,NGM,USD,,,,
QQMG,Invesco ESG NASDAQ 100 ETF,,,,,,,
QQQ,Invesco QQQ Trust,,NGM,USD,,393100000.0,,245251162112.0
QQQA,ProShares Nasdaq-100 Dorsey Wright Momentum ETF,,,,,,,
QQQD,Direxion Daily Magnificent 7 Bear 1X Shares,,PCX,USD,,,,
QQQE,Direxion NASDAQ-100 Equal Weighted Index Shares,,NGM,USD,,,,
QQQFF,Quizam Media Corporation,,,,,63906845.0,55475615.0,1316481.0
QQQG,Pacer Nasdaq 100 Top 50 Cash Cows Growth Leaders ETF,,,,,,,
QQQH,NEOS Nasdaq-100 Hedged Equity Income ETF,,NGM,USD,,,,
QQQI,NEOS NASDAQ-100(R) High Income ETF,,NGM,USD,,,,
QQQJ,Invesco NASDAQ Next Gen 100 ETF,,NGM,USD,,,,
QQQM,Invesco NASDAQ 100 ETF,,,,,,,
QQQP,Tradr 2X Long Innovation 100 Quarterly ETF,,NGM,USD,,,,
QQQS,Invesco NASDAQ Future Gen 200 ETF,,NGM,USD,,,,
QQQT,Defiance Nasdaq 100 Income Target ETF,,NGM,USD,,,,
QQQU,Direxion Daily Magnificent 7 Bull 2X Shares,,PCX,USD,,,,
QQQX,Nuveen Nasdaq 100 Dynamic Overwrite Fund,United States,NGM,USD,,48826783.0,,1392784000.0
QQQY,Defiance Nasdaq 100 Target 30 Income ETF,,NGM,USD,,,,
QQUP,ProShares Ultra QQQ Mega,,NGM,USD,,,,
QQWZ,Pacer Cash COWZ 100-Nasdaq 100 Rotator ETF,,,,,,,
QQXL,ProShares Ultra QQQ TOP 30,,NGM,USD,,,,
QQXT,First Trust NASDAQ-100 Ex-Technology Sector Index Fund,,NGM,USD,,,,
QRFT,QRAFT AI-Enhanced U.S. Large Cap ETF,,PCX,USD,,,,
QRHC,Quest Resource Holding Corporation,United States,NCM,USD,,20870094.0,14888725.0,41114084.0
QRMI,Global X NASDAQ 100 Risk Managed Income ETF,,NGM,USD,,,,
QRVO,"Qorvo, Inc.",United States,NMS,USD,,92396921.0,84003585.0,7979385344.0
QS,QuantumScape Corporation,United States,NYQ,USD,,562404592.0,471084445.0,6921080832.0
QSEA,Quartzsea Acquisition Corporati,United States,NGM,USD,,11409900.0,7521406.0,116723272.0
QSEAR,Quartzsea Acquisition Corporation,United States,NGM,USD,,,7521406.0,
QSEAU,Quartzsea Acquisition Corporation,United States,NGM,USD,,,7521406.0,
QSI,Quantum-Si incorporated,United States,NGM,USD,,195552165.0,177852240.0,265052288.0
QSIAW,Quantum-Si incorporated,United States,NGM,USD,,,177852240.0,
QSIX,Pacer Metarus Nasdaq 100 Dividend Multiplier 600 ETF,,NGM,USD,,,,
QSML,Wisdomtree U.S. Smallcap Quality Growth Fund,,NGM,USD,,,,
QSPT,FT Vest Nasdaq-100 Buffer ETF – September,,,,,,,
QSR,Restaurant Brands International Inc.,United States,NYQ,USD,,345438657.0,299112139.0,31938727936.0
QSU,Defiance Daily Target 2X Long QS ETF,,PCX,USD,,0.0,,0.0
QSX,Tradr 2X Long QS Daily ETF,,,,,,,
QTAP,Innovator Growth-100 Accelerated Plus ETF – April,,,,,,,
QTEC,First Trust NASDAQ-100-Technology Sector Index Fund,,,,,,,
QTJA,Innovator Growth Accelerated Plus ETF - January,,,,,,,
QTOP,iShares Nasdaq Top 30 Stocks ETF,,NGM,USD,,,,
QTPI,North Square RCIM Tax-Advantaged Preferred and Income Securities ETF,,,,,,,
QTR,Global X NASDAQ 100 Tail Risk ETF,,NGM,USD,,,,
QTRX,Quanterix Corporation,US,NASDAQ NMS - GLOBAL MARKET,USD,2017-12-07,46710797.0,36925819.0,301751744.0
QTTB,Q32 Bio Inc.,United States,NCM,USD,,12304352.0,5527607.0,39373928.0
QTUM,Defiance Quantum ETF,,NGM,USD,,,,
QTWO,"Q2 Holdings, Inc.",United States,NYQ,USD,,62530005.0,60269545.0,4659735552.0
QUAD,"Quad/Graphics, Inc.",United States,NYQ,USD,,37619392.0,18039483.0,324114368.0
QUBT,Quantum Computing Inc.,United States,NCM,USD,,224123304.0,199566114.0,2389154304.0
QUIK,QuickLogic Corporation,US,NASDAQ NMS - GLOBAL MARKET,USD,1999-10-15,17090253.0,14740856.0,109719416.0
QUIZ,Zacks Quality International ETF,,PCX,USD,,,,
QULL,ETRACS 2x Leveraged MSCI US Quality Factor TR ETN,,PCX,USD,,,,
QUMS,Quantumsphere Acquisition Corporation,United States,NGM,USD,,11406650.0,7712492.0,114066512.0
QUMSR,Quantumsphere Acquisition Corporation,United States,NGM,USD,,,7712492.0,
QUMSU,Quantumsphere Acquisition Corporation,US,NASDAQ NMS - GLOBAL MARKET,USD,2025-08-06,,7712492.0,114.0
QURE,uniQure N.V.,Netherlands,NMS,USD,,62291663.0,45909579.0,1545456128.0
QUS,State Street SPDR MSCI USA StrategicFactors? ETF,,PCX,USD,,,,
QUSA,VistaShares Target 15 USA Quality Income ETF,,,,,,,
QVAL,Alpha Architect U.S. Quantitative Value ETF,,,,,,,
QVCC,"QVC, Inc. 6.250% Senior Secured",,NYQ,USD,,,,
QVCD,"QVC, Inc. 6.375% Senior Secured",,NYQ,USD,,,,
QVCGA,QVC Group Inc.,United States,NCM,USD,,7886235.0,6665281.0,95163200.0
QVCGP,QVC Group Inc.,United States,NCM,USD,,,6665281.0,
QVML,Invesco S&P 500 QVM Multi-factor ETF,,PCX,USD,,,,
QVMM,Invesco S&P MidCap 400 QVM Multi-factor ETF,,PCX,USD,,,,
QVMS,Invesco S&P SmallCap 600 QVM Multi-factor ETF,,PCX,USD,,,,
QWLD,SPDR MSCI World StrategicFactors ETF,,,,,,,
QXO,"QXO, Inc.",,,,,674392035.0,635290785.0,14324086784.0
QXQ,SGI Enhanced Nasdaq-100 ETF,,NGM,USD,,,,
QYLD,Global X NASDAQ 100 Covered Call ETF,,NGM,USD,,,,
QYLG,Global X Nasdaq 100 Covered Call & Growth ETF,,NGM,USD,,,,
R,"Ryder System, Inc.",United States,NYQ,USD,,40376534.0,39022709.0,8002306560.0
RA,Brookfield Real Assets Income Fund Inc.,United States,NYQ,USD,,55254696.0,,716100864.0
RAA,SMI 3Fourteen REAL Asset Allocation ETF,,NGM,USD,,,,
RAAA,Reckoner Yield Enhanced AAA CLO ETF,,,,,,,
RAAQ,Real Asset Acquisition Corp.,United States,NGM,USD,,17250000.0,15999950.0,235289984.0
RAAQU,Real Asset Acquisition Corp.,United States,NGM,USD,,,15999950.0,
RAAQW,Real Asset Acquisition Corp.,United States,NGM,USD,,,15999950.0,
RAAX,VanEck Real Assets ETF,,PCX,USD,,,,
RAC,Rithm Acquisition Corp.,United States,NYQ,USD,,23660000.0,4474650.0,305864000.0
RACE,Ferrari N.V.,Italy,NYQ,USD,,177278893.0,118255853.0,67136602112.0
RADX,Radiopharm Theranostics Limited,Australia,NCM,USD,,7883165.0,1798567746.0,43357408.0
RAFE,PIMCO RAFI ESG U.S. ETF PIMCO RAFI ESG U.S. ETF,,PCX,USD,,,,
RAGL,"RA Global Services, Inc.",,,,,92698751.0,,9269.0
RAIFF,Raiffeisen Bank International AG,,,,,328337590.0,127092914.0,15158499328.0
RAIL,"FreightCar America, Inc.",United States,NMS,USD,,19079106.0,12095008.0,219965232.0
RAIN,"Rain Enhancement Technologies Holdco, Inc.",United States,NCM,USD,,8131081.0,1613651.0,53923472.0
RAINW,"Rain Enhancement Technologies Holdco, Inc.",United States,NCM,USD,,,1613651.0,
RAL,Ralliant Corporation,United States,NYQ,USD,,112805827.0,112377165.0,5808372224.0
RAMP,"LiveRamp Holdings, Inc.",United States,NYQ,USD,,63648844.0,61212366.0,1961601920.0
RAND,Rand Capital Corporation,United States,NCM,USD,,2969814.0,,33143124.0
RANG,Range Capital Acquisition Corp.,US,NASDAQ NMS - GLOBAL MARKET,USD,2024-12-20,16037500.0,9264864.0,167110752.0
RANGR,Range Capital Acquisition Corp.,United States,NGM,USD,,,9264864.0,
RANGU,Range Capital Acquisition Corp.,United States,NGM,USD,,,9264864.0,
RANI,"Rani Therapeutics Holdings, Inc.",United States,NGM,USD,,97550981.0,74952625.0,171703744.0
RANJF,Randstad N.V.,NL,NYSE EURONEXT - EURONEXT AMSTERDAM,EUR,1905-06-12,175230542.0,75881834.0,6763898880.0
RANJY,Randstad N.V.,NL,NYSE EURONEXT - EURONEXT AMSTERDAM,EUR,1905-06-12,350461084.0,75881834.0,6423951872.0
RAPP,"Rapport Therapeutics, Inc.",United States,NGM,USD,,47661138.0,30432590.0,1439366400.0
RAPT,"RAPT Therapeutics, Inc.",United States,NGM,USD,,27710871.0,18332404.0,981519040.0
RARE,Ultragenyx Pharmaceutical Inc.,US,NASDAQ NMS - GLOBAL MARKET,USD,2014-01-31,96477569.0,92894391.0,3298567936.0
RARFS,,,,,,,,
RAUS,RACWI US ETF,,NGM,USD,,,,
RAVE,"Rave Restaurant Group, Inc.",US,NASDAQ NMS - GLOBAL MARKET,USD,1993-09-01,14211566.0,7874913.0,46756056.0
RAVFF,Ravensource Fund,,,,,,,
RAVI,FlexShares Ultra-Short Income Fund,,PCX,USD,,,,
RAY,Raytech Holding Limited,Hong Kong,NCM,USD,,2975817.0,1874881.0,6725348.0
RAYA,Erayak Power Solution Group Inc.,China,NCM,USD,,854061.0,45648800.0,3615686.0
RAYJ,Rayliant SMDAM Japan Equity ETF,,PCX,USD,,,,
RBA,"RB Global, Inc.",United States,NYQ,USD,,185692002.0,185432033.0,19624333312.0
RBB,RBB Bancorp,United States,NMS,USD,,17046897.0,14462928.0,363647456.0
RBBN,Ribbon Communications Inc.,United States,NMS,USD,,176599590.0,92117878.0,522391488.0
RBC,RBC Bearings Incorporated,United States,NYQ,USD,,31611442.0,28410408.0,14425248768.0
RBCAA,"Republic Bancorp, Inc.",United States,NMS,USD,,17388491.0,9613752.0,1368201856.0
RBCL,"RBC Life Sciences, Inc.",,,,,2213010.0,,885.0
RBGGF,,,,,,,,
RBIL,F/m Ultrashort Treasury Inflation-Protected Security (TIPS) ETF,,NGM,USD,,,,
RBKB,"Rhinebeck Bancorp, Inc.",United States,NCM,USD,,11145681.0,2835621.0,137426240.0
RBLD,First Trust Alerian U.S. NextGen Infrastructure ETF,,PCX,USD,,,,
RBLK,"Related Blocks, Inc.",,,,,595305.0,603412.0,348848.0
RBLX,Roblox Corporation,US,"NEW YORK STOCK EXCHANGE, INC.",USD,2021-03-10,654855044.0,626686113.0,57712316416.0
RBLY,YieldMax(TM) RBLX Option Income Strategy ETF,,,,,,,
RBNE,Robin Energy Ltd.,Cyprus,NCM,USD,,2805746.0,,8557528.0
RBOHF,Humanoid Global Holdings Corp.,,,,,38160946.0,37777810.0,22896568.0
RBOT,Vicarious Surgical Inc.,US,"NEW YORK STOCK EXCHANGE, INC.",USD,2020-09-04,6463251.0,3247807.0,13878620.0
RBRK,"Rubrik, Inc.",United States,NYQ,USD,,151894462.0,148489015.0,15743134720.0
RBTEF,Robertet SA,FR,NYSE EURONEXT - EURONEXT PARIS,EUR,1985-01-07,1958202.0,1134244.0,2089034752.0
RBZHF,Reebonz Holding Limited,,,,,6221964.0,4753954.0,622.0
RC,Ready Capital Corporation,,,,,162126276.0,144159442.0,369443744.0
RC.PRE,,,,,,,,
RCAT,"Red Cat Holdings, Inc.",United States,NCM,USD,,119371139.0,105459626.0,990780480.0
RCB,Ready Capital Corporation,,NYQ,USD,,,,
RCC,Ready Capital Corporation 5.75%,,NYQ,USD,,,,
RCD,Invesco S&P 500 Equal Weight Consumer Discretionary ETF,US,"NEW YORK STOCK EXCHANGE, INC.",USD,2013-02-08,,,369.0
RCEL,"AVITA Medical, Inc.",United States,NCM,USD,,30493111.0,30198852.0,104896304.0
RCG,"RENN Fund, Inc.",United States,ASE,USD,,7015786.0,,17963218.0
RCGE,RockCreek Global Equality ETF,,NGM,USD,,,,
RCI,Rogers Communications Inc.,Canada,NYQ,USD,,429073267.0,385067176.0,20329508864.0
RCIAF,Rogers Communications Inc.,,,,,111152011.0,385067176.0,20080173056.0
RCIT,"Reelcause, Inc.",,,,,130732697.0,46339668.0,286491541504.0
RCKHF,Rockhopper Exploration plc,,,,,641524264.0,573972398.0,745281216.0
RCKT,"Rocket Pharmaceuticals, Inc.",United States,NGM,USD,,108222228.0,78990322.0,376613344.0
RCKTW,"Rocket Pharmaceuticals, Inc.",,NCM,USD,,,,
RCKY,"Rocky Brands, Inc.",United States,NMS,USD,,7493687.0,7232157.0,224960480.0
RCL,Royal Caribbean Cruises Ltd.,United States,NYQ,USD,,272712972.0,258330090.0,77905911808.0
RCLO,Reckoner BBB-B CLO ETF,,PCX,USD,,,,
RCMT,"RCM Technologies, Inc.",United States,NGM,USD,,7410510.0,4388875.0,150433360.0
RCON,"Recon Technology, Ltd.",China,NCM,USD,,10627426.0,5692720.0,42265852.0
RCPTS,,,,,,,,
RCS,"PIMCO Strategic Income Fund, Inc.",United States,NYQ,USD,,46726000.0,,292972032.0
RCT,RedCloud Holdings plc,United Kingdom,NCM,USD,,44226638.0,15423598.0,63686364.0
RCTR,First Trust Bloomberg Nuclear Power ETF,,PCX,USD,,,,
RCTUF,Reef Casino Trust,,,,,49061036.0,14047876.0,110877944.0
RCUS,"Arcus Biosciences, Inc.",United States,NYQ,USD,,123728536.0,75743436.0,2856891904.0
RCWLY,ROCKWOOL A/S UNSPON ADR EACH RE,,,,,97676112.0,,9355320320.0
RDAC,Rising Dragon Acquisition Corp.,China,NCM,USD,,7499375.0,5307533.0,82268144.0
RDACR,Rising Dragon Acquisition Corp.,,,,,,5307533.0,
RDACU,Rising Dragon Acquisition Corp.,China,NCM,USD,,,5307533.0,
RDAG,Republic Digital Acquisition Company,,,,,30000000.0,,379875008.0
RDAGU,Republic Digital Acquisition Company,United States,NGM,USD,,3960000.0,,41421600.0
RDAGW,Republic Digital Acquisition Company,United States,NGM,USD,,,,
RDCM,RADCOM Ltd.,Israel,NCM,USD,,16405788.0,9036567.0,222954656.0
RDDT,"Reddit, Inc.",United States,NYQ,USD,,137824835.0,133245842.0,42782457856.0
RDGT,"Ridgetech, Inc.",China,NCM,USD,,18285638.0,4618080.0,58879760.0
RDHL,RedHill Biopharma Ltd.,Israel,NCM,USD,,5092326.0,13900777110.0,5805251.0
RDI,"Reading International, Inc.",,,,,21036670.0,15596535.0,37069660.0
RDIB,"Reading International, Inc.",United States,NCM,USD,,1680590.0,15596535.0,261702848.0
RDIV,Invesco S&P Ultra Dividend Revenue ETF,,PCX,USD,,,,
RDN,Radian Group Inc.,United States,NYQ,USD,,135489059.0,133830673.0,4937221120.0
RDNT,"RadNet, Inc.",US,NASDAQ NMS - GLOBAL MARKET,USD,2001-12-12,77282458.0,69329875.0,5653211648.0
RDNW,"RideNow Group, Inc.",United States,NCM,USD,,38017502.0,13548224.0,207848576.0
RDOG,ALPS REIT Dividend Dogs ETF,,PCX,USD,,,,
RDTL,GraniteShares 2x Long RDDT Daily ETF,,,,,,,
RDTY,YieldMax Russell 2000 0DTE Covered Call Strategy ETF,,NGM,USD,,,,
RDVI,FT Vest Rising Dividend Achievers Target Income ETF,,,,,,,
RDVT,"Red Violet, Inc.",United States,NCM,USD,,14088231.0,12728719.0,778092992.0
RDVY,First Trust Rising Dividend Achievers ETF,,NGM,USD,,,,
RDW,Redwire Corporation,United States,NYQ,USD,,165150783.0,77383051.0,1180828160.0
RDWR,Radware Ltd.,Israel,NMS,USD,,43434362.0,33684230.0,1058495360.0
RDY,Dr. Reddy's Laboratories Limited,India,NYQ,USD,,832523765.0,591560422.0,11843644416.0
RDYY,YieldMax RDDT Option Income Str,,PCX,USD,,,,
RDZN,"Roadzen, Inc.",US,NASDAQ NMS - GLOBAL MARKET,USD,2021-11-23,79195068.0,36074937.0,162349888.0
RDZNW,"Roadzen, Inc.",United States,NCM,USD,,,36074937.0,
REAI,Intelligent Real Estate ETF,,,,,,,
REAL,"The RealReal, Inc.",United States,NMS,USD,,116682847.0,106532606.0,1891428864.0
REAX,The Real Brokerage Inc.,United States,NCM,USD,,211800000.0,157674954.0,781542016.0
REBN,"Reborn Coffee, Inc.",,,,,5976322.0,3742731.0,8785195.0
RECAF,Reconnaissance Energy Africa Ltd.,,,,,337708400.0,312920603.0,217484224.0
RECS,Columbia Research Enhanced Core ETF,,PCX,USD,,,,
RECT,Rectitude Holdings Ltd,SG,NASDAQ NMS - GLOBAL MARKET,SGD,2024-06-21,14500000.0,2400040.0,24658700.0
REE,REE Automotive Ltd.,,,,,28656046.0,19059138.0,21678300.0
REED,"Reed's, Inc.",United States,ASE,USD,,11445454.0,3986094.0,29758180.0
REET,iShares Global REIT ETF,,PCX,USD,,,,
REEWF,,,,,,,1826119.0,
REFA,Columbia Research Enhanced International Equity ETF,,PCX,USD,,,,
REFI,"Chicago Atlantic Real Estate Finance, Inc.",United States,NGM,USD,,21075298.0,18037505.0,276718656.0
REFR,Research Frontiers Incorporated,United States,NCM,USD,,33648221.0,26337136.0,46434548.0
REG,Regency Centers Corporation,United States,NMS,USD,,182900978.0,163726417.0,12797035520.0
REGCO,Regency Centers Corporation,United States,NMS,USD,,,163726417.0,
REGCP,Regency Centers Corporation,United States,NMS,USD,,,163726417.0,
REGN,"Regeneron Pharmaceuticals, Inc.",United States,NMS,USD,,103282318.0,98523187.0,83196960768.0
REI,"Ring Energy, Inc.",US,NYSE MKT LLC,USD,2007-03-28,207223177.0,186065691.0,179683216.0
REIT,ALPS Active REIT ETF,,NGM,USD,,,,
REK,ProShares Short Real Estate,,PCX,USD,,,,
REKR,"Rekor Systems, Inc.",United States,NCM,USD,,136156720.0,122514101.0,212404480.0
REKT,Direxion Daily Crypto Industry Bear 1X Shares ETF,,PCX,USD,,,,
RELIW,"Reliance Global Group, Inc.",United States,NCM,USD,,,7943485.0,
RELL,"Richardson Electronics, Ltd.",United States,NMS,USD,,12443851.0,11982541.0,154205760.0
RELM,"Relm Holdings, Inc.",,,,,1307010048.0,,13070.0
RELV,"Reliv' International, Inc.",,,,,1140024.0,1102166.0,2455611.0
RELX,RELX PLC,United Kingdom,NYQ,USD,,1818571317.0,1816834194.0,74761461760.0
RELY,"Remitly Global, Inc.",United States,NMS,USD,,209045931.0,171865022.0,2974723584.0
REMC,Columbia Research Enhanced Mid Cap ETF,,PCX,USD,,,,
REMG,Russell Investments Emerging Markets Equity ETF,,NGM,USD,,,,
REMX,VanEck Rare Earth and Strategic Metals ETF,,PCX,USD,,,,
RENT,"Rent the Runway, Inc.",United States,NGM,USD,,33390904.0,24088198.0,291855456.0
RENU,RenuEn Corporation,,,,,3239184.0,,323.0
RENX,RenX Enterprises Corp.,United States,NCM,USD,,8882672.0,4610685.0,2000377.0
REPL,"Replimune Group, Inc.",United States,NMS,USD,,78443334.0,52846490.0,781295616.0
REPX,"Riley Exploration Permian, Inc.",United States,ASE,USD,,21968906.0,10279031.0,572657472.0
RERE,ATRenew Inc.,China,NYQ,USD,,133369868.0,93440405.0,1187955712.0
RES,"RPC, Inc.",United States,NYQ,USD,,220574475.0,86264141.0,1197949568.0
RESM,Columbia Research Enhanced Small Cap ETF,,PCX,USD,,,,
RETL,Direxion Daily Retail Bull 3X Shares,,PCX,USD,,,,
RETO,"ReTo Eco-Solutions, Inc.",,,,,1858842.0,1286254.0,6089334.0
RETTF,Retail Estates NV,BE,NYSE EURONEXT - EURONEXT BRUSSELS,EUR,1998-03-27,,,955.0
REVB,"Revelation Biosciences, Inc.",United States,NCM,USD,,5924137.0,4488956.0,5094758.0
REVBW,"Revelation Biosciences, Inc.",United States,NCM,USD,,,4488956.0,
REVG,"REV Group, Inc.",United States,NYQ,USD,,48806145.0,48008165.0,3052824320.0
REVS,Columbia Research Enhanced Value ETF,,PCX,USD,,,,
REW,ProShares UltraShort Technology,,PCX,USD,,,,
REX,REX American Resources Corporation,United States,NYQ,USD,,32937718.0,28954560.0,1129907840.0
REXHF,Rex International Holding Limited,,,,,1302320991.0,729143476.0,131534432.0
REXR,"Rexford Industrial Realty, Inc.",United States,NYQ,USD,,232810406.0,230183268.0,9656005632.0
REYN,Reynolds Consumer Products Inc.,,,,,210329618.0,53943237.0,4898576896.0
REZ,iShares Residential and Multisector Real Estate ETF,,,,,,,
REZI,"Resideo Technologies, Inc.",United States,NYQ,USD,,149714944.0,131404806.0,5388240896.0
RF,Regions Financial Corporation,United States,NYQ,USD,,876876496.0,872737639.0,24797249536.0
RF.PRC,,,,,,,,
RFAI,RF Acquisition Corp II,Singapore,NGM,USD,,15012500.0,11164496.0,161234240.0
RFAIR,RF Acquisition Corp II,Singapore,NGM,USD,,,11164496.0,
RFAIU,RF Acquisition Corp II,Singapore,NGM,USD,,10000000.0,11164496.0,108000000.0
RFCI,RiverFront Dynamic Core Income ETF,,PCX,USD,,,,
RFDA,RiverFront Dynamic US Dividend Advantage ETF,,PCX,USD,,,,
RFDI,First Trust RiverFront Dynamic Developed International ETF,,NGM,USD,,,,
RFEM,First Trust RiverFront Dynamic Emerging Markets ETF,,NGM,USD,,,,
RFEU,First Trust RiverFront Dynamic Europe ETF,,,,,,,
RFFC,ALPS Active Equity Opportunity ETF,,PCX,USD,,,,
RFG,Invesco S&P MidCap 400 Pure Growth ETF,,PCX,USD,,,,
RFI,"Cohen & Steers Total Return Realty Fund, Inc.",United States,NYQ,USD,,26722944.0,,293685152.0
RFIL,"RF Industries, Ltd.",United States,NGM,USD,,10667447.0,8468459.0,63791340.0
RFIX,Simplify Bond Bull ETF,,PCX,USD,,,,
RFL,"Rafael Holdings, Inc.",United States,NYQ,USD,,50975638.0,31921602.0,62115364.0
RFLR,Innovator U.S. Small Cap Managed Floor ETF,,PCX,USD,,,,
RFM,"RiverNorth Flexible Municipal Income Fund, Inc.",United States,NYQ,USD,,6114699.0,,85300048.0
RFMZ,"RiverNorth Flexible Municipal Income Fund II, Inc.",United States,NYQ,USD,,24351756.0,,308049696.0
RFV,Invesco S&P MidCap 400 Pure Value ETF,,PCX,USD,,,,
RGA,"Reinsurance Group of America, Incorporated",US,"NEW YORK STOCK EXCHANGE, INC.",USD,1993-05-03,65713833.0,65434549.0,13588213760.0
RGBP,"Regen BioPharma, Inc.",,,,,55234704.0,30457547.0,524729.0
RGBPP,"Regen BioPharma, Inc.",,,,,158726000.0,30457547.0,2426352.0
RGC,Regencell Bioscience Holdings Limited,HK,NASDAQ NMS - GLOBAL MARKET,USD,2021-07-16,494488908.0,18434546.0,10463384576.0
RGCO,"RGC Resources, Inc.",United States,NGM,USD,,10350531.0,8303610.0,225952096.0
RGEF,Rockefeller Global Equity ETF,,PCX,USD,,,,
RGEN,Repligen Corporation,United States,NMS,USD,,56290749.0,52682512.0,9356085248.0
RGGLF,Regional REIT Limited,,,,,,124890797.0,
RGLD,"Royal Gold, Inc.",United States,NMS,USD,,84398063.0,65289649.0,19691757568.0
RGLO,Russell Investments Global Equity ETF,,NGM,USD,,,,
RGNT,Regentis Biomaterials Ltd.,Israel,ASE,USD,,5179378.0,2371812.0,35893088.0
RGNX,REGENXBIO Inc.,United States,NMS,USD,,50623086.0,41907816.0,716822912.0
RGP,"Resources Connection, Inc.",United States,NMS,USD,,33390494.0,30212721.0,175634000.0
RGR,"Sturm, Ruger & Company, Inc.",United States,NYQ,USD,,15944253.0,16345306.0,521387104.0
RGS,Regis Corporation,United States,NGM,USD,,2480493.0,2189085.0,67940704.0
RGT,"Royce Global Trust, Inc.",United States,NYQ,USD,,6519010.0,,86050944.0
RGTI,"Rigetti Computing, Inc.",United States,NCM,USD,,330026078.0,324801765.0,7385983488.0
RGTIW,"Rigetti Computing, Inc.",United States,NCM,USD,,,324801765.0,
RGTLF,Argent BioPharma Limited,,,,,83384867.0,27846817.0,5003091.0
RGTX,Defiance Daily Target 2X Long RGTI ETF,,NGM,USD,,,,
RGTZ,Defiance Daily Target 2X Short RGTI ETF,,NGM,USD,,,,
RGYY,GraniteShares YieldBOOST RGTI ETF,,NGM,USD,,,,
RH,RH,United States,NYQ,USD,,18777699.0,15300445.0,3486080000.0
RHCGF,Ryman Healthcare Limited,,,,,1015729081.0,986930225.0,1866248960.0
RHE.PRB,,,,,,,,
RHEPB,"Regional Health Properties, Inc.",US,NYSE MKT LLC,USD,2017-10-02,,1533433.0,5.0
RHI,Robert Half Inc.,,,,,101161069.0,88990246.0,2820195584.0
RHLD,"Resolute Holdings Management, Inc.",United States,NYQ,USD,,8525998.0,3671124.0,1853296384.0
RHP,"Ryman Hospitality Properties, Inc.",United States,NYQ,USD,,63004074.0,61083502.0,6141006848.0
RHRX,RH Tactical Rotation ETF,,PCX,USD,,,,
RHTX,RH Tactical Outlook ETF,,PCX,USD,,,,
RIBB,Ribbon Acquisition Corp.,Japan,NCM,USD,,5220000.0,2905806.0,67100372.0
RIBBR,Ribbon Acquisition Corp.,Japan,NCM,USD,,5220000.0,2905806.0,1148400.0
RIBBU,Ribbon Acquisition Corp.,Japan,NCM,USD,,6470000.0,2905806.0,67546800.0
RICK,"RCI Hospitality Holdings, Inc.",United States,NGM,USD,,8684061.0,7161330.0,203361152.0
RICOF,"Ricoh Company, Ltd.",,,,,569233910.0,422633409.0,4889719296.0
RIET,Hoya Capital High Dividend Yield ETF,,PCX,USD,,,,
RIFR,Russell Investments Global Infrastructure ETF,,,,,,,
RIG,Transocean Ltd.,Switzerland,NYQ,USD,,1101441205.0,906816544.0,4427793408.0
RIGL,"Rigel Pharmaceuticals, Inc.",United States,NMS,USD,,18151344.0,17898677.0,798840640.0
RIGS,RiverFront Strategic Income Fund,,PCX,USD,,,,
RIINF,Canadian Critical Minerals Inc.,,,,,299061333.0,273168603.0,7057848.0
RILA,Indexperts Gorilla Aggressive Growth ETF,,,,,,,
RILYG,"B. Riley Financial, Inc. 5.00% Senior Notes due 2026",US,NASDAQ NMS - GLOBAL MARKET,USD,2009-08-03,,,146.0
RILYK,"B. Riley Financial, Inc. 5.50% Senior Notes Due 2026",,,,,,,
RINF,ProShares Inflation Expectations ETF,,PCX,USD,,,,
RING,iShares MSCI Global Gold Miners ETF,,NGM,USD,,11500000.0,,904130048.0
RINO,RINO International Corporation,,,,,304639044.0,,30463.0
RINT,Russell Investments International Developed Equity ETF,,NGM,USD,,,,
RIO,Rio Tinto Group,United Kingdom,NYQ,USD,,1624926474.0,1429171332.0,134335250432.0
RIOCF,RioCan Real Estate Investment Trust,,,,,295018000.0,293164856.0,4046219776.0
RIOT,"Riot Platforms, Inc.",United States,NCM,USD,,371807186.0,346542888.0,4997088768.0
RIOX,Defiance Daily Target 2X Long RIOT ETF,,PCX,USD,,,,
RISN,Inspire Tactical Balanced ETF,,PCX,USD,,,,
RISR,FolioBeyond Alternative Income and Interest Rate Hedge ETF,,,,,,,
RITA,ETFB Green SRI REITs ETF,,PCX,USD,,,,
RITM,Rithm Capital Corp.,United States,NYQ,USD,,554196670.0,551896754.0,6184834560.0
RITM.PRD,,,,,,,,
RITR,Reitar Logtech Holdings Limited,Hong Kong,NCM,USD,,45633750.0,17293797.0,81185976.0
RIV,"RiverNorth Opportunities Fund, Inc.",United States,NYQ,USD,,27371263.0,,322121472.0
RIVN,"Rivian Automotive, Inc.",United States,NMS,USD,,1222000615.0,806013355.0,25621583872.0
RJDI,RJ Eagle GCM Dividend Select Income ETF,,,,,,,
RJET,Republic Airways Holdings Inc.,United States,NMS,USD,,46900000.0,480120.0,925336960.0
RJF,"Raymond James Financial, Inc.",United States,NYQ,USD,,196673933.0,174390776.0,32958171136.0
RJF.PRB,Raymond James Financial Inc,US,"NEW YORK STOCK EXCHANGE, INC.",USD,1983-07-01,,,32510.0
RJMG,FT Raymond James Multicap Growth Equity ETF,,PCX,USD,,,,
RJMI,RJ Eagle Municipal Income ETF,,PCX,USD,,,,
RJVI,RJ Eagle Vertical Income ETF,,,,,,,
RKDA,"Arcadia Biosciences, Inc.",United States,NCM,USD,,1373120.0,1361902.0,3570111.0
RKGJS,,,,,,,,
RKLB,Rocket Lab Corporation,United States,NCM,USD,,534156333.0,488197522.0,37738143744.0
RKLX,Defiance Daily Target 2X Long RKLB ETF,,NGM,USD,,,,
RKLZ,Defiance Daily Target 2X Short RKLB ETF,,NGM,USD,,,,
RKT,"Rocket Companies, Inc.",United States,NYQ,USD,,967010557.0,941718097.0,54656421888.0
RL,Ralph Lauren Corporation,United States,NYQ,USD,,38759382.0,38077482.0,21716025344.0
RLAY,"Relay Therapeutics, Inc.",US,NASDAQ NMS - GLOBAL MARKET,USD,2020-07-16,173322385.0,98469647.0,1483639680.0
RLGT,"Radiant Logistics, Inc.",United States,ASE,USD,,46826544.0,34645167.0,305613248.0
RLHPF,"RLH Properties, S.A.B. de C.V.",,,,,1249145002.0,549348989.0,1076413184.0
RLI,RLI Corp.,US,"NEW YORK STOCK EXCHANGE, INC.",USD,1980-03-17,91837835.0,81795368.0,5942825984.0
RLJ,RLJ Lodging Trust,US,"NEW YORK STOCK EXCHANGE, INC.",USD,2011-05-11,151085078.0,120133343.0,1164742528.0
RLMD,"Relmada Therapeutics, Inc.",United States,NCM,USD,,73333622.0,65409924.0,330734656.0
RLTY,Cohen & Steers Real Estate Opportunities & Income Fund,United States,NYQ,USD,,16722406.0,,243812672.0
RLX,RLX Technology Inc.,China,NYQ,USD,,909728619.0,447919847.0,2899251968.0
RLY,State Street Multi-Asset Real Return ETF,,PCX,USD,,,,
RM,Regional Management Corp.,United States,NYQ,USD,,9712805.0,6921442.0,393138528.0
RMAX,"RE/MAX Holdings, Inc.",United States,NYQ,USD,,20056356.0,15708539.0,401147392.0
RMBI,"Richmond Mutual Bancorporation, Inc.",US,NASDAQ NMS - GLOBAL MARKET,USD,2019-07-02,9660972.0,7342257.0,137082912.0
RMBS,Rambus Inc.,United States,NMS,USD,,107650133.0,106947178.0,10130954240.0
RMCA,Rockefeller California Municipal Bond ETF,,PCX,USD,,,,
RMCF,"Rocky Mountain Chocolate Factory, Inc.",,,,,9300508.0,5078521.0,18042986.0
RMCO,Royalty Management Holding Corporation,United States,NCM,USD,,15140734.0,6568353.0,43756724.0
RMCOW,Royalty Management Holding Corporation,,,,,,6568353.0,
RMD,ResMed Inc.,US,"NEW YORK STOCK EXCHANGE, INC.",USD,1995-06-01,145966294.0,145052545.0,35726708736.0
RMESF,Red Metal Resources Ltd.,,,,,40035726.0,31052510.0,468418.0
RMHI,Retrieve Medical Holdings Inc,,,,,25673280.0,,41077248.0
RMI,"RiverNorth Opportunistic Municipal Income Fund, Inc.",United States,NYQ,USD,,6374539.0,,91283408.0
RMM,Rivernorth Managed Duration Municipal Income Fund Inc.,United States,NYQ,USD,,19739628.0,,267471968.0
RMMZ,"RiverNorth Managed Duration Municipal Income Fund II, Inc.",United States,NYQ,USD,,8455000.0,,122851144.0
RMNI,"Rimini Street, Inc.",United States,NGM,USD,,91752000.0,42011406.0,364520928.0
RMNY,Rockefeller New York Municipal Bond ETF,,PCX,USD,,,,
RMOP,Rockefeller Opportunistic Municipal Bond ETF,,PCX,USD,,,,
RMR,The RMR Group Inc.,United States,NCM,USD,,16061399.0,14285851.0,257627152.0
RMSG,Real Messenger Corporation,US,NASDAQ NMS - GLOBAL MARKET,USD,2024-11-20,5071281.0,,13591219.0
RMSGW,Real Messenger Corporation,,NCM,USD,,,,
RMT,"Royce Micro-Cap Trust, Inc.",United States,NYQ,USD,,52592863.0,,557484352.0
RMTI,"Rockwell Medical, Inc.",US,NASDAQ NMS - GLOBAL MARKET,USD,1998-01-27,39405302.0,35237009.0,34069824.0
RNA,"Avidity Biosciences, Inc.",US,NASDAQ NMS - GLOBAL MARKET,USD,2020-06-12,150675742.0,128515861.0,10868241408.0
RNAC,"Cartesian Therapeutics, Inc.",United States,NGM,USD,,26003606.0,9374300.0,173704080.0
RNAZ,"TransCode Therapeutics, Inc.",United States,NCM,USD,,916968.0,832424.0,6382104.0
RND,First Trust Bloomberg R&D Leaders ETF,,PCX,USD,,,,
RNEM,First Trust Emerging Markets Equity Select ETF,,NGM,USD,,,,
RNG,"RingCentral, Inc.",United States,NYQ,USD,,75820797.0,75330346.0,2558853120.0
RNGR,"Ranger Energy Services, Inc.",US,"NEW YORK STOCK EXCHANGE, INC.",USD,2017-08-11,23612088.0,18284099.0,327027424.0
RNGT,Range Capital Acquisition Corp II,,NGM,USD,,23660000.0,,312640128.0
RNGTU,Range Capital Acquisition Corp II,US,NASDAQ NMS - GLOBAL MARKET,USD,2025-10-03,,,312.0
RNGTW,Range Capital Acquisition Corp II,,NGM,USD,,,,
RNIN,Bushido Capital US SMID Cap Equity ETF,,NGM,USD,,,,
RNP,"Cohen & Steers REIT and Preferred Income Fund, Inc.",United States,NYQ,USD,,47949502.0,,947961728.0
RNR,RenaissanceRe Holdings Ltd.,BM,"NEW YORK STOCK EXCHANGE, INC.",USD,1996-07-24,46109518.0,45108019.0,13244432384.0
RNRG,Global X Renewable Energy Producers ETF,,NGM,USD,,,,
RNST,Renasant Corporation,United States,NYQ,USD,,95021382.0,93145660.0,3435973120.0
RNTX,Rein Therapeutics Inc.,United States,NCM,USD,,26286382.0,22628895.0,32595114.0
RNTY,YieldMax Target 12 Real Estate Option Income ETF,,,,,,,
RNUGF,ReNeuron Group plc,,,,,57173760.0,46432526.0,63224.0
RNW,ReNew Energy Global Plc,,,,,245833850.0,70692068.0,2003086976.0
RNWWW,ReNew Energy Global Plc,United Kingdom,NMS,USD,,,70692068.0,
RNWZ,TrueShares Eagle Global Renewable Energy Income ETF,,,,,,,
RNXT,"RenovoRx, Inc.",United States,NCM,USD,,36649916.0,32755496.0,31324684.0
ROAD,"Construction Partners, Inc.",United States,NMS,USD,,47947509.0,47242129.0,6391465984.0
ROAM,Hartford Multifactor Emerging Markets ETF,,PCX,USD,,,,
ROBO,Robo Global Robotics and Automation Index ETF,,PCX,USD,,,,1354941568.0
ROBT,First Trust Nasdaq Artificial Intelligence and Robotics ETF,,NGM,USD,,,,
ROCK,"Gibraltar Industries, Inc.",,,,,29542662.0,29245167.0,1501948928.0
RODM,Hartford Multifactor Developed Markets (ex-US) ETF,,PCX,USD,,,,
ROE,Astoria US Equal Weight Quality Kings ETF,,,,,,,
ROG,Rogers Corporation,United States,NYQ,USD,,17984499.0,15393292.0,1708150144.0
ROIV,Roivant Sciences Ltd.,United Kingdom,NMS,USD,,695491615.0,485926082.0,15460777984.0
ROK,"Rockwell Automation, Inc.",,,,,112433185.0,111909801.0,44949663744.0
ROKT,State Street SPDR S&P Kensho Final Frontiers ETF,,PCX,USD,,,,
ROKU,"Roku, Inc.",United States,NMS,USD,,130797707.0,129820616.0,16560019456.0
ROL,"Rollins, Inc.",United States,NYQ,USD,,481150554.0,311630866.0,29157724160.0
ROLR,"High Roller Technologies, Inc.",United States,ASE,USD,,8497511.0,2244363.0,11981490.0
ROM,ProShares Ultra Technology,,PCX,USD,,,,
ROMA,Roma Green Finance Limited,HK,NASDAQ NMS - GLOBAL MARKET,HKD,2024-01-09,53493467.0,46484787.0,118533496.0
RONB,Baron Etf Trust,,NYQ,USD,,,,
ROOT,"Root, Inc.",US,NASDAQ NMS - GLOBAL MARKET,USD,2020-10-28,13702725.0,12490607.0,1135876224.0
ROP,"Roper Technologies, Inc.",United States,NMS,USD,,107637430.0,107086326.0,48526180352.0
ROPE,Coastal Compass 100 ETF,,PCX,USD,,,,
ROSC,Hartford Multifactor Small Cap ETF,,PCX,USD,,,,
ROSS.U,,,,,,,,
ROST,"Ross Stores, Inc.",US,NASDAQ NMS - GLOBAL MARKET,USD,1985-08-08,323444928.0,315908661.0,58911485952.0
ROUS,Hartford Multifactor US Equity ETF,,PCX,USD,,,,
RPAR,RPAR Risk Parity ETF,,,,,,,
RPAY,Repay Holdings Corporation,United States,NCM,USD,,81584352.0,65448599.0,338858080.0
RPD,"Rapid7, Inc.",United States,NGM,USD,,65480776.0,57530755.0,1008403904.0
RPG,Invesco S&P 500 Pure Growth ETF,,PCX,USD,,,,
RPGL,Republic Power Group Limited,Singapore,NCM,USD,,17250000.0,6309188.0,4568255.0
RPHS,Regents Park Hedged Market Strategy ETF,,,,,,,
RPID,"Rapid Micro Biosystems, Inc.",United States,NCM,USD,,39823026.0,19522756.0,132081216.0
RPM,RPM International Inc.,United States,NYQ,USD,,128218717.0,126424937.0,13620800512.0
RPNMF,Rapala VMC Corporation,FI,NASDAQ OMX HELSINKI LTD.,EUR,1998-12-01,38876109.0,20494318.0,111185664.0
RPRX,Royalty Pharma plc,United States,NMS,USD,,427247489.0,375354009.0,22872094720.0
RPT,Rithm Property Trust Inc.,US,"NEW YORK STOCK EXCHANGE, INC.",USD,1996-05-13,45401123.0,35057597.0,120385424.0
RPTLF,,,,,,,,
RPTX,Repare Therapeutics Inc.,Canada,NMS,USD,,43108362.0,25786295.0,110788480.0
RPV,Invesco S&P 500 Pure Value ETF,,PCX,USD,,,,
RQI,"Cohen & Steers Quality Income Realty Fund, Inc.",United States,NYQ,USD,,134431441.0,,1566126208.0
RR,Richtech Robotics Inc.,United States,NCM,USD,,158402246.0,117244072.0,666412608.0
RRBI,"Red River Bancshares, Inc.",US,NASDAQ NMS - GLOBAL MARKET,USD,2019-05-03,6756609.0,5107794.0,496002688.0
RRC,Range Resources Corporation,United States,NYQ,USD,,236935813.0,234231574.0,8412909056.0
RREE,ResourceTec Corporation,,,,,10494935.0,,1575290.0
RRGB,"Red Robin Gourmet Burgers, Inc.",United States,NMS,USD,,17964459.0,13955510.0,77426824.0
RRHGS,,,,,,,,
RRLTF,,,,,,,,
RRR,"Red Rock Resorts, Inc.",US,NASDAQ NMS - GLOBAL MARKET,USD,2016-04-27,59969558.0,48984257.0,6457219584.0
RRX,Regal Rexnord Corporation,United States,NYQ,USD,,66389673.0,66003949.0,9642436608.0
RS,"Reliance, Inc.",United States,NYQ,USD,,52286963.0,51999385.0,15605029888.0
RSCBS,RSE COLLECTION LLC,,,,,,,
RSDE,FT Vest U.S. Equity Equal Weight Buffer ETF - December,,PCX,USD,,,,
RSEHS,Rse Archive Llc - Membership Interests Series - 2003 Cristiano Ronaldo Rookie Fund,,,,,,,
RSEKS,RSE ARCHIVE LLC,,,,,,,
RSEOS,RSE ARCHIVE LLC,,,,,,,
RSF,"RiverNorth Capital and Income Fund, Inc.",United States,NYQ,USD,,4252062.0,,63610932.0
RSG,"Republic Services, Inc.",United States,NYQ,USD,,309563599.0,308820646.0,66617487360.0
RSHGY,"Resona Holdings, Inc.",,,,,1135159104.0,2272921927.0,21760999424.0
RSHO,Tema American Reshoring ETF,,,,,,,
RSI,"Rush Street Interactive, Inc.",United States,NYQ,USD,,97911941.0,57488035.0,4472619008.0
RSJMS,RSE ARCHIVE LLC,,,,,,,
RSJN,FT Vest U.S. Equity Equal Weight Buffer ETF - June,,PCX,USD,,,,
RSKD,Riskified Ltd.,United States,NYQ,USD,,164055588.0,62888098.0,821918528.0
RSLDS,,,,,,,,
RSLFS,RSE ARCHIVE LLC,,,,,,,
RSLJS,,,,,,,,
RSMBS,,,,,,,,
RSMC,Rockefeller U.S. Small-Mid Cap ETF,,,,,,,
RSMR,FT Vest U.S. Equity Equal Weight Buffer ETF - March,,PCX,USD,,,,
RSMV,Relative Strength Managed Volatility Strategy ETF,,PCX,USD,,,,
RSP,Invesco S&P 500 Equal Weight ETF,,PCX,USD,,155552992.0,,30152390656.0
RSPA,Invesco S&P 500 Equal Weight Income Advantage ETF,,PCX,USD,,,,
RSPC,Invesco S&P 500 Equal Weight Communication Services ETF,,PCX,USD,,,,
RSPD,Invesco S&P 500 Equal Weight Consumer Discretionary ETF,,PCX,USD,,,,
RSPE,Invesco ESG S&P 500 Equal Weight ETF,,,,,,,
RSPF,Invesco S&P 500 Equal Weight Financials ETF,,PCX,USD,,,,
RSPG,Invesco S&P 500 Equal Weight Energy ETF,,PCX,USD,,,,
RSPH,Invesco S&P 500 Equal Weight Health Care ETF,,PCX,USD,,,,
RSPM,Invesco S&P 500 Equal Weight Materials ETF,,PCX,USD,,,,
RSPN,Invesco S&P 500 Equal Weight Industrials ETF,,PCX,USD,,,,
RSPR,Invesco S&P 500 Equal Weight Real Estate ETF,,,,,,,
RSPS,Invesco S&P 500 Equal Weight Consumer Staples ETF,,PCX,USD,,,,
RSPT,Invesco S&P 500 Equal Weight Technology ETF,,PCX,USD,,,,
RSPU,Invesco S&P 500 Equal Weight Utilities ETF,,PCX,USD,,,,
RSSE,FT Vest U.S. Equity Equal Weight Buffer ETF - September,,PCX,USD,,,,
RSSL,Global X Russell 2000 ETF,,PCX,USD,,,,
RSSPS,"RSE Archive, LLC",,,,,,,
RSSS,"Research Solutions, Inc.",US,NASDAQ NMS - GLOBAL MARKET,USD,2009-04-14,32866068.0,25137313.0,95640264.0
RSVR,"Reservoir Media, Inc.",US,NASDAQ NMS - GLOBAL MARKET,USD,2020-12-11,65588223.0,15057088.0,491911680.0
RSVRW,"Reservoir Media, Inc.",United States,NGM,USD,,,15057088.0,
RTAC,Renatus Tactical Acquisition Corp I,United States,NGM,USD,,24150000.0,,406537920.0
RTACU,Renatus Tactical Acquisition Corp I,United States,NGM,USD,,,,
RTACW,Renatus Tactical Acquisition Corp I,United States,NGM,USD,,,,
RTCJF,Baijiayun Group Ltd,CN,NASDAQ NMS - GLOBAL MARKET,USD,2006-11-24,23402800.0,522297.0,29357564.0
RTH,VanEck Retail ETF,,NGM,USD,,,,
RTNB,"root9B Holdings, Inc.",,,,,6100275.0,5983882.0,610.0
RTO,Rentokil Initial plc,United Kingdom,NYQ,USD,,502927977.0,2433376920.0,15183294464.0
RTX,RTX Corporation,United States,NYQ,USD,,1340771942.0,1247078799.0,248270749696.0
RTXG,Leverage Shares 2X Long RTX Daily ETF,,NGM,USD,,,,
RTYY,GraniteShares YieldBOOST RIOT ETF,,NGM,USD,,,,
RUBI,Rubico Inc.,Marshall Islands,NCM,USD,,2456113.0,101546.0,2996458.0
RUM,Rumble Inc.,,,,,215380826.0,110466040.0,2261605632.0
RUMBW,Rumble Inc.,United States,NGM,USD,,,110466040.0,
RUN,Sunrun Inc.,US,NASDAQ NMS - GLOBAL MARKET,USD,2015-08-05,232041826.0,212545672.0,4749896192.0
RUNN,Running Oak Efficient Growth ETF,,,,,,,
RUSC,Russell Investments U.S. Small Cap Equity ETF,,NGM,USD,,,,
RUSHA,"Rush Enterprises, Inc.",United States,NMS,USD,,60643501.0,68001220.0,4386991616.0
RUSHB,"Rush Enterprises, Inc.",United States,NMS,USD,,16437909.0,68001220.0,4430639104.0
RVER,Trenchless Fund ETF,,PCX,USD,,,,
RVLV,"Revolve Group, Inc.",US,"NEW YORK STOCK EXCHANGE, INC.",USD,2019-06-07,40415438.0,40159034.0,2169987328.0
RVMD,"Revolution Medicines, Inc.",United States,NMS,USD,,193319805.0,173962693.0,15610574848.0
RVMDW,"Revolution Medicines, Inc.",United States,NMS,USD,,,173962693.0,
RVNL,GraniteShares 2x Long RIVN Daily ETF,,NGM,USD,,,,
RVNU,Xtrackers Municipal Infrastructure Revenue Bond ETF,,PCX,USD,,,,
RVP,"Retractable Technologies, Inc.",US,NYSE MKT LLC,USD,2001-05-04,29937159.0,12205080.0,24937654.0
RVSB,"Riverview Bancorp, Inc.",United States,NMS,USD,,20750376.0,17750494.0,104374392.0
RVSNW,Rail Vision Ltd.,Israel,NCM,USD,,,52142045.0,
RVT,"Royce Small-Cap Trust, Inc.",United States,NYQ,USD,,119627857.0,,1946345216.0
RVTY,"Revvity, Inc.",United States,NYQ,USD,,113375621.0,104011928.0,11230021632.0
RVVIS,RSE ARCHIVE LLC,,,,,,,
RVVTF,Revive Therapeutics Ltd.,,,,,432323792.0,429297874.0,3822124.0
RW,Rainwater Equity ETF,,PCX,USD,,,,
RWAY,Runway Growth Finance Corp.,United States,NMS,USD,,36134037.0,,322676960.0
RWAYL,Runway Growth Finance Corp. - 7,,NMS,USD,,,,
RWAYZ,Runway Growth Finance Corp. 8.00% Notes due 2027,,NMS,USD,,,,
RWEM,The Advisors' Inner Circle Fund III - Rayliant Wilshire NxtGen Emerging Markets Equity ETF,United States,ASE,USD,,,,
RWJ,Invesco S&P SmallCap 600 Revenue ETF,,PCX,USD,,,,
RWK,Invesco S&P MidCap 400 Revenue ETF,,PCX,USD,,,,
RWL,Invesco S&P 500 Revenue ETF,,PCX,USD,,,,
RWLC,The Advisors' Inner Circle Fund III - Rayliant Wilshire NxtGen US Large Cap Equity ETF,United States,ASE,USD,,,,
RWM,ProShares Short Russell2000,,PCX,USD,,,,
RWO,SPDR Dow Jones Global Real Estate ETF,,PCX,USD,,,,
RWR,State Street SPDR Dow Jones REIT ETF,,PCX,USD,,25981600.0,,2563344640.0
RWT,"Redwood Trust, Inc.",United States,NYQ,USD,,126682210.0,124880789.0,714605760.0
RWTN,"Redwood Trust, Inc. 9.125% Seni",,NYQ,USD,,,,
RWTO,"Redwood Trust, Inc. 9.00% Senio",US,"NEW YORK STOCK EXCHANGE, INC.",USD,1995-08-04,,,703.0
RWTP,"Redwood Trust, Inc.",United States,NYQ,USD,,,124880789.0,
RWTQ,"Redwood Trust, Inc.",United States,NYQ,USD,,,124880789.0,
RWX,SPDR Dow Jones International Real Estate ETF,,PCX,USD,,,,
RXD,ProShares UltraShort Health Care,,,,,,,
RXI,iShares Global Consumer Discretionary ETF,,PCX,USD,,,,
RXL,ProShares Ultra Health Care,,PCX,USD,,,,
RXLSF,Rexel S.A.,,,,,293334172.0,221917837.0,11058698240.0
RXO,"RXO, Inc.",,,,,164111872.0,134466703.0,2085861888.0
RXRSF,,,,,,,5536617.0,
RXRX,"Recursion Pharmaceuticals, Inc.",United States,NMS,USD,,514190251.0,503873430.0,2215366656.0
RXST,"RxSight, Inc.",United States,NGM,USD,,41116640.0,36741830.0,449404896.0
RXT,"Rackspace Technology, Inc.",United States,NMS,USD,,243592120.0,105548466.0,239962592.0
RY,Royal Bank of Canada,Canada,NYQ,USD,,1400211987.0,1398979800.0,240960700416.0
RYAAY,Ryanair Holdings plc,Ireland,NMS,USD,,525296584.0,912491522.0,38724866048.0
RYAM,Rayonier Advanced Materials Inc.,United States,NYQ,USD,,67005593.0,57407712.0,391312672.0
RYAN,"Ryan Specialty Holdings, Inc.",United States,NYQ,USD,,128776025.0,108714008.0,13703208960.0
RYDE,Ryde Group Ltd.,SG,NYSE MKT LLC,SGD,2024-03-06,108964651.0,26417056.0,34607100.0
RYET,Ruanyun Edai Technology Inc.,China,NCM,USD,,34350004.0,12731514.0,41563508.0
RYI,Ryerson Holding Corporation,United States,NYQ,USD,,32209364.0,24795091.0,846140032.0
RYLD,Global X Russell 2000 Covered Call ETF,,PCX,USD,,,,
RYLG,Global X Russell 2000 Covered Call & Growth ETF,,PCX,USD,,,,
RYM,"RYTHM, Inc.",United States,NCM,USD,,2149128.0,1158305.0,51299688.0
RYN,Rayonier Inc.,United States,NYQ,USD,,161425616.0,138726847.0,3550797568.0
RYOJ,"rYojbaba Co., Ltd.",Japan,NCM,USD,,11250000.0,1994700.0,38445748.0
RYTM,"Rhythm Pharmaceuticals, Inc.",US,NASDAQ NMS - GLOBAL MARKET,USD,2017-10-05,66736056.0,54999853.0,7340966400.0
RZB,"Reinsurance Group of America, Incorporated",United States,NYQ,USD,,62774700.0,65434549.0,8755840000.0
RZC,7.125% Fixed-Rate Reset Subordinated Debentures due 2052,,NYQ,USD,,,,
RZG,Invesco S&P SmallCap 600 Pure Growth ETF,,PCX,USD,,,,
RZLT,"Rezolute, Inc.",United States,NCM,USD,,92727532.0,64667254.0,247582528.0
RZLV,Rezolve AI PLC,United Kingdom,NGM,USD,,334934054.0,102191426.0,954561984.0
RZLVW,Rezolve AI PLC,,,,,,102191426.0,
RZV,Invesco S&P SmallCap 600 Pure Value ETF,,PCX,USD,,,,
S,"SentinelOne, Inc.",United States,NYQ,USD,,333302668.0,325339595.0,5101433856.0
SA,Seabridge Gold Inc.,Canada,NYQ,USD,,104346725.0,96909934.0,3249357056.0
SAA,ProShares Ultra SmallCap600,,PCX,USD,,,,
SAAIF,,,,,,,,
SABA,Saba Capital Income & Opportunities Fund II,US,"NEW YORK STOCK EXCHANGE, INC.",USD,1988-03-17,27730511.0,,237462656.0
SABR,Sabre Corporation,United States,NMS,USD,,394884884.0,361165664.0,548889984.0
SABS,"SAB Biotherapeutics, Inc.",United States,NCM,USD,,47606851.0,22587070.0,179953904.0
SABSW,"SAB Biotherapeutics, Inc.",United States,NCM,USD,,,22587070.0,
SACH,Sachem Capital Corp.,United States,ASE,USD,,47691121.0,44999434.0,47457436.0
SAEF,Schwab Ariel Opportunities ETF,,PCX,USD,,,,
SAFE,Safehold Inc.,United States,NYQ,USD,,71756336.0,55668565.0,970863232.0
SAFT,"Safety Insurance Group, Inc.",United States,NMS,USD,,14894054.0,14585598.0,1167703296.0
SAGP,Strategas Global Policy Opportunities ETF,,PCX,USD,,,,
SAGT,Sagtec Global Limited,Malaysia,NCM,USD,,12750000.0,,25627500.0
SAH,"Sonic Automotive, Inc.",United States,NYQ,USD,,22143309.0,14621466.0,2197303808.0
SAIA,"Saia, Inc.",United States,NMS,USD,,26642641.0,25095340.0,8819246080.0
SAIC,Science Applications International Corporation,United States,NMS,USD,,45127414.0,44714498.0,4726919680.0
SAIH,SAIHEAT Limited,US,NASDAQ NMS - GLOBAL MARKET,USD,2021-04-29,1267348.0,1166638.0,17935100.0
SAIHW,SAIHEAT Limited,Singapore,NCM,USD,,,1166638.0,
SAIL,"SailPoint, Inc.",United States,NMS,USD,,561625760.0,68097123.0,11878383616.0
SAJ,Saratoga Investment Corp 8.00% ,,NYQ,USD,,,,
SALQF,Atlas Salt Inc.,,,,,108167367.0,62882339.0,48044732.0
SAM,"The Boston Beer Company, Inc.",US,"NEW YORK STOCK EXCHANGE, INC.",USD,1995-11-21,8590368.0,7035866.0,2145603200.0
SAMG,Silvercrest Asset Management Group Inc.,US,NASDAQ NMS - GLOBAL MARKET,USD,2013-06-27,8121141.0,7801818.0,128549952.0
SAMM,Strategas Macro Momentum ETF,,PCX,USD,,,,
SAMT,Strategas Macro Thematic Opportunities ETF,,PCX,USD,,,,
SANG,Sangoma Technologies Corporation,Canada,NMS,USD,,33139165.0,25506262.0,169401696.0
SANM,Sanmina Corporation,United States,NMS,USD,,54563887.0,52684161.0,8574366720.0
SAOGF,"Seria Co., Ltd.",,,,,62671584.0,47917603.0,1291661440.0
SAP,SAP SE,Germany,NYQ,USD,,1164604232.0,1039405440.0,287684820992.0
SAPH,Precidian ETFs Trust  - SAP SE ADRhedged,,PCX,USD,,,,
SAR,Saratoga Investment Corp.,United States,NYQ,USD,,16103948.0,,373128512.0
SARK,Tradr 1X Short Innovation Daily ETF,,,,,,,
SARO,"StandardAero, Inc.",United States,NYQ,USD,,334470264.0,141882286.0,9753153536.0
SAT,Saratoga Investment Corp 6.00% ,,NYQ,USD,,,,
SATA,"Strive Asset Management, LLC",United States,NGM,USD,,,773747159.0,
SATG,Themes ETF Trust - Leverage Shares 2x Long SATS Daily ETF,,NGM,USD,,,,
SATL,Satellogic Inc.,United States,NCM,USD,,124884514.0,86936047.0,271611648.0
SATLW,Satellogic Inc.,United States,NCM,USD,,,86936047.0,
SATS,EchoStar Corporation,United States,NMS,USD,,156527847.0,135405504.0,30399739904.0
SAVA,"Cassava Sciences, Inc.",United States,NCM,USD,,48307896.0,42984366.0,105311216.0
SAWG,AAM Sawgrass U.S. Large Cap Quality Growth ETF,,PCX,USD,,,,
SAWS,AAM Sawgrass U.S. Small Cap Quality Growth ETF,,,,,,,
SAY,Saratoga Investment Corp 8.125%,,NYQ,USD,,,,
SAZ,Saratoga Investment Corp 8.50% ,,NYQ,USD,,,,
SB,"Safe Bulkers, Inc.",Monaco,NYQ,USD,,102328395.0,50747721.0,493222880.0
SBAC,SBA Communications Corporation,US,NASDAQ NMS - GLOBAL MARKET,USD,1999-06-16,106563000.0,105804235.0,20524034048.0
SBAGY,,,,,,,,
SBAR,Simplify Barrier Income ETF,,PCX,USD,,,,
SBB,ProShares Short SmallCap600,,PCX,USD,,,,
SBC,SBC Medical Group Holdings Incorporated,United States,NGM,USD,,102576943.0,4026145.0,455441632.0
SBCF,Seacoast Banking Corporation of Florida,United States,NMS,USD,,97828149.0,90285669.0,3159849216.0
SBCWW,SBC Medical Group Holdings Incorporated,United States,NCM,USD,,,4026145.0,
SBDS,"Solo Brands, Inc.",,,,,1647827.0,790759.0,10150614.0
SBET,"SharpLink Gaming, Inc.",United States,NCM,USD,,196693191.0,196484696.0,1750569216.0
SBEV,"Splash Beverage Group, Inc.",United States,ASE,USD,,2773106.0,2354877.0,2666062.0
SBFG,"SB Financial Group, Inc.",,,,,6240963.0,5229730.0,136614704.0
SBFM,"Sunshine Biopharma, Inc.",United States,NCM,USD,,4905945.0,4903934.0,6181490.0
SBFMW,"Sunshine Biopharma, Inc.",United States,NCM,USD,,,4903934.0,
SBGI,"Sinclair, Inc.",United States,NMS,USD,,45908531.0,37026374.0,1063371520.0
SBGOF,Standard Bank Group Limited,,,,,1619133551.0,1292229578.0,33978927104.0
SBH,"Sally Beauty Holdings, Inc.",United States,NYQ,USD,,98266491.0,96102472.0,1473014656.0
SBI,Western Asset Intermediate Muni Fund Inc.,United States,NYQ,USD,,14082315.0,,108574648.0
SBIIW,,,,,,,,
SBIL,Simplify Government Money Market ETF,,PCX,USD,,,,
SBIO,ALPS Medical Breakthroughs ETF,,PCX,USD,,,,
SBIT,ProShares UltraShort Bitcoin ETF,,PCX,USD,,,,
SBLK,Star Bulk Carriers Corp.,Greece,NMS,USD,,113847448.0,85779498.0,2221091584.0
SBLX,"StableX Technologies, Inc.",,,,,1455975.0,1221883.0,4702799.0
SBMSF,Danakali Limited,,,,,368334346.0,296504929.0,18416718.0
SBND,Columbia Short Duration Bond ETF,,,,,,,
SBR,Sabine Royalty Trust,United States,NYQ,USD,,14579345.0,14574534.0,1016909312.0
SBRA,"Sabra Health Care REIT, Inc.",United States,NMS,USD,,249349673.0,245447351.0,4685280768.0
SBS,Companhia de Saneamento Básico do Estado de São Paulo - SABESP,Brazil,NYQ,USD,,701895017.0,471521420.0,17927782400.0
SBSI,"Southside Bancshares, Inc.",,,,,30066126.0,28349952.0,940304192.0
SBSW,Sibanye Stillwater Limited,South Africa,NYQ,USD,,707641816.0,2824028654.0,11277604864.0
SBU,Leverage Shares 2X Long SBUX Daily ETF,,,,,,,
SBUX,Starbucks Corporation,United States,NMS,USD,,1137100000.0,1134905397.0,96744472576.0
SBVTF,,,,,,37600000.0,19517135.0,276360000.0
SBXD,SilverBox Corp IV,United States,NYQ,USD,,20455000.0,15628097.0,269059328.0
SCAG,Scage Future,China,NGM,USD,,72609665.0,20616788.0,151754192.0
SCAGW,Scage Future,China,NCM,USD,,,20616788.0,
SCAP,Infrastructure Capital Small Cap Income ETF,,PCX,USD,,,,
SCC,ProShares UltraShort Consumer Discretionary,,PCX,USD,,,,
SCCD,Sachem Capital Corp. 6.00% Note,US,NYSE MKT LLC,USD,2017-02-10,,,47.0
SCCE,Sachem Capital Corp. 6.00% Note,,ASE,USD,,,,
SCCF,Sachem Capital Corp. 7.125% Not,,ASE,USD,,,,
SCCG,Sachem Capital Corp. 8.00% Note,,ASE,USD,,,,
SCCO,Southern Copper Corporation,United States,NYQ,USD,,819095460.0,102477033.0,122471161856.0
SCCR,Schwab Core Bond ETF,,PCX,USD,,,,
SCD,LMP Capital and Income Fund Inc.,United States,NYQ,USD,,17515938.0,,258885584.0
SCDL,ETRACS 2x Leveraged US Dividend Factor TR ETN,,,,,,,
SCDS,JPMorgan Fundamental Data Science Small Core ETF,,NGM,USD,,,,
SCDV,Bahl & Gaynor Small Cap Dividend ETF,,,,,,,
SCEP,Sterling Capital Hedged Equity Premium Income ETF,,,,,,,
SCHA,Schwab U.S. Small-Cap ETF,,,,,,,
SCHB,Schwab U.S. Broad Market ETF,,PCX,USD,,,,
SCHC,Schwab International Small-Cap Equity ETF,,PCX,USD,,,,
SCHD,Schwab U.S. Dividend Equity ETF,,PCX,USD,,,,
SCHE,Schwab Emerging Markets Equity ETF,,,,,,,
SCHF,Schwab International Equity ETF,,PCX,USD,,,,
SCHG,Schwab U.S. Large-Cap Growth ETF,,PCX,USD,,,,
SCHH,Schwab U.S. REIT ETF,,PCX,USD,,,,
SCHI,Schwab 5-10 Year Corporate Bond ETF,,PCX,USD,,,,
SCHJ,Schwab 1-5 Year Corporate Bond ETF,,PCX,USD,,,,
SCHK,Schwab 1000 ETF,,PCX,USD,,,,
SCHL,Scholastic Corporation,United States,NMS,USD,,24613593.0,20556634.0,748494592.0
SCHM,Schwab U.S. Mid-Cap ETF,,PCX,USD,,,,
SCHO,Schwab Short-Term U.S. Treasury ETF,,PCX,USD,,,,
SCHP,Schwab U.S. TIPS ETF,,PCX,USD,,115900000.0,,3072508928.0
SCHQ,Schwab Long-Term U.S. Treasury ETF,,PCX,USD,,,,
SCHR,Schwab Intermediate-Term U.S. Treasury ETF,,PCX,USD,,78600000.0,,1973646080.0
SCHV,Schwab U.S. Large-Cap Value ETF,,PCX,USD,,,,
SCHW,The Charles Schwab Corporation,United States,NYQ,USD,,1776936770.0,1672044192.0,184952700928.0
SCHX,Schwab U.S. Large-Cap ETF,,PCX,USD,,,,
SCHY,Schwab International Dividend Equity ETF,,PCX,USD,,,,
SCHZ,Schwab U.S. Aggregate Bond ETF,,,,,,,
SCI,Service Corporation International,United States,NYQ,USD,,140181355.0,136805788.0,10928538624.0
SCIIU,SC II Acquisition Corp.,,NGM,USD,,15255000.0,,153465312.0
SCIO,First Trust Structured Credit Income Opportunities ETF,,PCX,USD,,,,
SCJ,iShares MSCI Japan Small-Cap ETF,,PCX,USD,,1800000.0,,165780000.0
SCKT,"Socket Mobile, Inc.",United States,NCM,USD,,7976462.0,5039130.0,8375284.0
SCL,Stepan Company,,,,,22619015.0,21462279.0,1064677056.0
SCLS,Stoneport Advisors Commodity Long Short ETF,,NGM,USD,,,,
SCLX,Scilex Holding Company,United States,NCM,USD,,7033004.0,4155474.0,99165360.0
SCLXW,Scilex Holding Company,United States,NCM,USD,,,4155474.0,
SCM,Stellus Capital Investment Corporation,United States,NYQ,USD,,28947254.0,,363866976.0
SCMB,Schwab Municipal Bond ETF,,PCX,USD,,,,
SCNI,Scinai Immunotherapeutics Ltd.,IL,NASDAQ NMS - GLOBAL MARKET,USD,2007-06-07,3468225.0,5284222741.0,2439896.0
SCNM,Sterling Capital National Municipal Bond ETF,,,,,,,
SCNX,"Scienture Holdings, Inc.",US,NASDAQ NMS - GLOBAL MARKET,USD,2020-02-18,40630815.0,33792649.0,20441362.0
SCO,ProShares UltraShort Bloomberg Crude Oil,,PCX,USD,,,,
SCOR,"comScore, Inc.",US,NASDAQ NMS - GLOBAL MARKET,USD,2007-06-27,5015664.0,2728571.0,33956044.0
SCPQU,Social Commerce Partners Corporation,,,,,,,
SCSC,"ScanSource, Inc.",United States,NMS,USD,,21942503.0,21598883.0,876285632.0
SCUS,Schwab Ultra-Short Income ETF,,PCX,USD,,,,
SCVL,"Shoe Carnival, Inc.",,,,,27374968.0,17904324.0,494391904.0
SCYB,Schwab High Yield Bond ETF,,PCX,USD,,,,
SCZ,iShares MSCI EAFE Small-Cap ETF,,NGM,USD,,,,
SD,"SandRidge Energy, Inc.",United States,NYQ,USD,,36773746.0,36061609.0,526232288.0
SDA,SunCar Technology Group Inc.,China,NCM,USD,,55569794.0,33137647.0,211444256.0
SDAD,SH Resources & Development Corp.,,,,,81600000.0,,7711200.0
SDAWW,SunCar Technology Group Inc.,,NCM,USD,,,,
SDCI,USCF SummerHaven Dynamic Commodity Strategy No K-1 Fund,,PCX,USD,,,,
SDCP,Virtus Newfleet Short Duration Core Plus Bond ETF,,PCX,USD,,,,
SDD,ProShares UltraShort SmallCap600,,PCX,USD,,,,
SDEM,Global X MSCI SuperDividend Emerging Markets ETF,,PCX,USD,,,,
SDFI,AB Short Duration Income ETF,,PCX,USD,,,,
SDG,iShares MSCI Global Sustainable Development Goals ETF,,NGM,USD,,,,
SDGR,"Schrödinger, Inc.",United States,NMS,USD,,64500510.0,57612428.0,1348800640.0
SDHC,Smith Douglas Homes Corp.,United States,NYQ,USD,,9017638.0,6702089.0,158620256.0
SDHI,Siddhi Acquisition Corp.,United States,NGM,USD,,27938000.0,26188073.0,356741120.0
SDHIR,Siddhi Acquisition Corp.,United States,NGM,USD,,,26188073.0,
SDHIU,Siddhi Acquisition Corp.,United States,NGM,USD,,,26188073.0,
SDHY,PGIM Short Duration High Yield Opportunities Fund,US,"NEW YORK STOCK EXCHANGE, INC.",USD,2020-11-25,24673056.0,,407105408.0
SDIV,Global X SuperDividend ETF,,PCX,USD,,,,
SDM,Smart Digital Group Limited,Singapore,NCM,USD,,26725000.0,7147750.0,49441252.0
SDOG,ALPS Sector Dividend Dogs ETF,,PCX,USD,,,,
SDOT,Sadot Group Inc.,United States,NCM,USD,,1549080.0,1150055.0,2974233.0
SDOW,ProShares UltraPro Short Dow30,,PCX,USD,,,,
SDP,ProShares UltraShort Utilities,,PCX,USD,,,,
SDRC,Sidney Resources Corp.,,,,,376652467.0,,174013456.0
SDRL,Seadrill Limited,Bermuda,NYQ,USD,,62374171.0,53680459.0,2056476544.0
SDS,ProShares UltraShort S&P500,,PCX,USD,,,,
SDSI,American Century Short Duration Strategic Income ETF,,NGM,USD,,,,
SDST,Stardust Power Inc.,United States,NCM,USD,,9817809.0,6667372.0,31024278.0
SDSTW,Stardust Power Inc.,,,,,,6667372.0,
SDTY,YieldMax S&P 500 0DTE Covered Call Strategy ETF,,NGM,USD,,,,
SDUSF,iShares IV Public Limited Company - iShares MSCI USA ESG Screened UCITS ETF,,,,,,,
SDVY,First Trust SMID Cap Rising Dividend Achievers ETF,,NGM,USD,,,,
SDY,State Street SPDR S&P Dividend ETF,,PCX,USD,,,,
SE,Sea Limited,Singapore,NYQ,USD,,546492141.0,289812154.0,75689746432.0
SEA,U.S. Global Sea to Sky Cargo ETF,,PCX,USD,,,,
SEAT,Vivid Seats Inc.,United States,NMS,USD,,10725316.0,3602097.0,96377432.0
SEATW,Vivid Seats Inc.,United States,NMS,USD,,,3602097.0,
SEB,Seaboard Corporation,United States,ASE,USD,,957951.0,245446.0,4190718464.0
SECR,NYLI MacKay Securitized Income ETF,,PCX,USD,,,,
SEDG,"SolarEdge Technologies, Inc.",Israel,NMS,USD,,59800051.0,58933548.0,1820911616.0
SEE,Sealed Air Corporation,United States,NYQ,USD,,147124524.0,146130136.0,6089484288.0
SEED,Origin Agritech Limited,China,NCM,USD,,7846318.0,2805317.0,9258655.0
SEEK,"TheDirectory.com, Inc",,,,,14475806289.0,,1447580.0
SEELQ,"Seelos Therapeutics, Inc.",,,,,581000.0,359026.0,
SEEM,SEI Select Emerging Markets Equity ETF,,NGM,USD,,,,
SEER,"Seer, Inc.",United States,NMS,USD,,56251522.0,35788460.0,103502800.0
SEF,ProShares Short Financials,,,,,,,
SEG,Seaport Entertainment Group Inc.,United States,NYQ,USD,,12735071.0,7568325.0,256102288.0
SEGG,Lottery.com Inc.,United States,NGM,USD,,5139652.0,4736857.0,5139652.0
SEI,"Solaris Energy Infrastructure, Inc.",United States,NYQ,USD,,48802385.0,43242817.0,3205045248.0
SEIC,SEI Investments Company,US,NASDAQ NMS - GLOBAL MARKET,USD,1981-03-25,122439410.0,101788779.0,10489586688.0
SEIE,SEI Select International Equity ETF,,NGM,USD,,,,
SEIS,SEI Select Small Cap ETF,,NGM,USD,,,,
SEIX,Virtus Seix Senior Loan ETF,,PCX,USD,,,,
SELF,"Global Self Storage, Inc.",United States,NCM,USD,,11337720.0,10463128.0,57144740.0
SEM,Select Medical Holdings Corporation,United States,NYQ,USD,,123817591.0,103735616.0,1831321472.0
SEMG,Suncoast Select Growth ETF,,PCX,USD,,,,
SEMI,Columbia Select Technology ETF,,PCX,USD,,,,
SEMR,"Semrush Holdings, Inc.",United States,NYQ,USD,,128226377.0,42915668.0,1770059776.0
SEMY,GraniteShares YieldBOOST Semiconductors ETF,,NGM,USD,,,,
SENEA,Seneca Foods Corporation,United States,NMS,USD,,5282966.0,4778182.0,757285440.0
SENEB,Seneca Foods Corporation,US,NASDAQ NMS - GLOBAL MARKET,USD,1995-09-20,1561783.0,4778182.0,787905344.0
SENS,"Senseonics Holdings, Inc.",United States,NMS,USD,,40858460.0,36989572.0,245967936.0
SEPI,Shelton Equity Premium Income ETF,,PCX,USD,,,,
SEPN,"Septerna, Inc.",United States,NGM,USD,,44774192.0,18749193.0,1281437440.0
SEPSF,ASEP Medical Holdings Inc.,,,,,11123729.0,9019787.0,121248.0
SEPT,AllianzIM U.S. Large Cap Buffer10 Sep ETF,,,,,,,
SER,"Serina Therapeutics, Inc.",United States,ASE,USD,,10664064.0,5190200.0,28366412.0
SERA,"Sera Prognostics, Inc.",US,NASDAQ NMS - GLOBAL MARKET,USD,2021-07-15,37627034.0,26795979.0,135853664.0
SERV,Serve Robotics Inc.,United States,NCM,USD,,74483482.0,62102683.0,755262528.0
SES,SES AI Corporation,United States,NYQ,USD,,321190509.0,276819313.0,719191360.0
SETH,ProShares Short Ether ETF,,PCX,USD,,,,
SETM,Sprott Critical Materials ETF,,NGM,USD,,,,
SEV,Aptera Motors Corp.,,,,,10159928.0,,140617216.0
SEVN,Seven Hills Realty Trust,United States,NCM,USD,,15269083.0,14307163.0,137574448.0
SEZL,Sezzle Inc.,United States,NCM,USD,,34153102.0,17749026.0,2407793920.0
SF,Stifel Financial Corp.,US,"NEW YORK STOCK EXCHANGE, INC.",USD,1983-07-19,101828332.0,98448650.0,13143586816.0
SF.PRD,,,,,,,,
SFB,Stifel Financial Corporation 5.,,,,,,,
SFBC,"Sound Financial Bancorp, Inc.",United States,NCM,USD,,2388038.0,1704594.0,104142336.0
SFBS,"ServisFirst Bancshares, Inc.",United States,NYQ,USD,,54621834.0,50484776.0,4019620352.0
SFD,"Smithfield Foods, Inc.",United States,NMS,USD,,393112711.0,45895909.0,8821449728.0
SFEB,FT Vest U.S. Small Cap Moderate Buffer ETF – February,,,,,,,
SFGV,EA Series Trust - Sequoia Global Value ETF,United States,PCX,USD,,,,
SFIX,"Stitch Fix, Inc.",United States,NMS,USD,,118645941.0,100688163.0,696492800.0
SFL,SFL Corporation Ltd.,Bermuda,NYQ,USD,,132797785.0,106777387.0,1034494720.0
SFLO,Victoryshares Small Cap Free Cash Flow ETF,,NGM,USD,,,,
SFLR,Innovator Equity Managed Floor ETF,,,,,,,
SFM,"Sprouts Farmers Market, Inc.",United States,NMS,USD,,97369439.0,96861171.0,7779002880.0
SFNC,Simmons First National Corporation,United States,NMS,USD,,144717601.0,142465795.0,2784366592.0
SFOSF,"Shanghai Fosun Pharmaceutical (Group) Co., Ltd.",,,,,551940500.0,1674770664.0,12181120000.0
SFST,"Southern First Bancshares, Inc.",United States,NGM,USD,,8189177.0,6301408.0,432470464.0
SFTX,Horizon International Managed Risk ETF,,PCX,USD,,,,
SFWL,Shengfeng Development Limited,,,,,40617513.0,9769355.0,80902872.0
SFY,SoFi Select 500 ETF,,,,,,,
SFYF,SoFi Social 50 ETF,,PCX,USD,,,,
SFYX,SoFi Next 500 ETF,,PCX,USD,,,,
SG,"Sweetgreen, Inc.",US,"NEW YORK STOCK EXCHANGE, INC.",USD,2021-11-18,106479983.0,102895017.0,825063552.0
SGA,"Saga Communications, Inc.",,,,,6372406.0,3744363.0,73672704.0
SGBX,Safe & Green Holdings Corp.,United States,NCM,USD,,6035011.0,5393839.0,13578775.0
SGC,"Superior Group of Companies, Inc.",United States,NGM,USD,,15968792.0,10633619.0,162402608.0
SGDJ,Sprott Junior Gold Miners ETF,,PCX,USD,,,,
SGDM,Sprott Gold Miners ETF,,,,,,,
SGER,Sterling Energy Resources Incorporated,,,,,12406000.0,,3721.0
SGETF,PT Sumber Global Energy Tbk,,,,,,,
SGHC,Super Group (SGHC) Limited,Guernsey,NYQ,USD,,505637593.0,258361565.0,6027200000.0
SGHT,"Sight Sciences, Inc.",United States,NMS,USD,,52871731.0,29275077.0,466328672.0
SGI,Somnigroup International Inc.,United States,NYQ,USD,,209907662.0,175522688.0,19259027456.0
SGLC,SGI U.S. Large Cap Core ETF,,PCX,USD,,,,
SGLFF,SGL Carbon SE,,,,,122270977.0,56412769.0,436507392.0
SGLN,"SurgLine International, Inc.",,,,,5690116745.0,,569011.0
SGLY,Singularity Future Technology Ltd.,US,NASDAQ NMS - GLOBAL MARKET,USD,2008-05-21,7293492.0,7293492.0,3795533.0
SGML,Sigma Lithium Corporation,Brazil,NCM,USD,,111383979.0,58765073.0,1615067648.0
SGMT,Sagimet Biosciences Inc.,United States,NGM,USD,,31001109.0,27078459.0,193828736.0
SGN,"Signing Day Sports, Inc.",United States,ASE,USD,,4017781.0,3945019.0,4339203.0
SGOL,abrdn Physical Gold Shares ETF,,PCX,USD,,,,
SGOV,iShares 0-3 Month Treasury Bond ETF,,PCX,USD,,,,
SGPYY,The Sage Group plc,,,,,237078935.0,927296973.0,13888021504.0
SGRP,"SPAR Group, Inc.",United States,NCM,USD,,23949991.0,10032274.0,18393594.0
SGRT,SMART Earnings Growth 30 ETF,,,,,,,
SGRY,"Surgery Partners, Inc.",United States,NMS,USD,,129341779.0,55658243.0,2052653952.0
SGU,"Star Group, L.P.",US,"NEW YORK STOCK EXCHANGE, INC.",USD,1995-12-15,32976515.0,24640382.0,389782400.0
SGVT,Schwab Government Money Market ETF,,PCX,USD,,,,
SH,ProShares Short S&P500,,PCX,USD,,,,
SHAG,WisdomTree Yield Enhanced U.S. Short-Term Aggregate Bond Fund,,,,,,,
SHAK,Shake Shack Inc.,United States,NYQ,USD,,40253589.0,38446203.0,3575997184.0
SHBI,"Shore Bancshares, Inc.",United States,NMS,USD,,33426756.0,30358514.0,599676032.0
SHC,Sotera Health Company,United States,NMS,USD,,284093929.0,196027652.0,5028462592.0
SHCO,Soho House & Co Inc.,United Kingdom,NYQ,USD,,54149151.0,45508609.0,1753019904.0
SHDG,Soundwatch Hedged Equity ETF,,,,,,,
SHE,State Street SPDR MSCI USA Gender Diversity ETF,,PCX,USD,,,,
SHEH,Shell PLC ADRhedged,,PCX,USD,,,,
SHEL,Shell plc,United Kingdom,NYQ,USD,,2846139521.0,5663531491.0,207432302592.0
SHEN,Shenandoah Telecommunications Company,United States,NMS,USD,,54898139.0,44894600.0,620897984.0
SHFS,"SHF Holdings, Inc.",US,NASDAQ NMS - GLOBAL MARKET,USD,2021-06-24,3081076.0,1571102.0,3851346.0
SHFSW,"SHF Holdings, Inc.",United States,NCM,USD,,,1571102.0,
SHG,"Shinhan Financial Group Co., Ltd.",South Korea,NYQ,USD,,481594933.0,446086940.0,26391246848.0
SHGPF,Shelly Group SE,,,,,,,
SHGR,Success Holding Group Corp. USA,,,,,21114126.0,,33782604.0
SHIM,Shimmick Corporation,,,,,35815479.0,4970830.0,114251384.0
SHIP,Seanergy Maritime Holdings Corp,Greece,NCM,USD,,21114098.0,13675953.0,199528224.0
SHJBF,"Shanghai Junshi Biosciences Co., Ltd.",,,,,260295700.0,700056418.0,4105416448.0
SHLD,Global X Defense Tech ETF,,PCX,USD,,,,
SHLS,"Shoals Technologies Group, Inc.",United States,NGM,USD,,167388418.0,154363925.0,1541647360.0
SHM,State Street SPDR Nuveen ICE Short Term Municipal Bond ETF,,PCX,USD,,,,
SHMD,SCHMID Group N.V.,DE,NASDAQ NMS - GLOBAL MARKET,EUR,2024-05-01,43062427.0,11434322.0,252345840.0
SHMP,NaturalShrimp Incorporated,,,,,1277546746.0,1263238222.0,255509.0
SHNY,MicroSectors Gold 3X Leveraged ETN,,PCX,USD,,,,
SHO,"Sunstone Hotel Investors, Inc.",United States,NYQ,USD,,189903149.0,187195130.0,1731916672.0
SHOC,Strive U.S. Semiconductor ETF,,NYQ,USD,,,,
SHOO,"Steven Madden, Ltd.",United States,NMS,USD,,72657937.0,71015868.0,3127197696.0
SHOP,Shopify Inc.,Canada,NMS,USD,,1222600912.0,1218837392.0,222393827328.0
SHPD,Direxion Daily SHOP Bear 1X ETF,,NGM,USD,,,,
SHPH,"Shuttle Pharmaceuticals Holdings, Inc.",United States,NCM,USD,,1603285.0,1475295.0,2998143.0
SHPP,Pacer Industrials and Logistics ETF,,PCX,USD,,,,
SHPU,Direxion Daily SHOP Bull 2X ETF,,NGM,USD,,,,
SHRT,Gotham Short Strategies ETF,,PCX,USD,,,,
SHRY,First Trust Bloomberg Shareholder Yield ETF,,NGM,USD,,,,
SHTPY,,,,,,602458464.0,34641362.0,4608807424.0
SHUFF,Shufersal Ltd,,,,,266679258.0,180130666.0,3421495040.0
SHUS,Stratified LargeCap Hedged ETF,,PCX,USD,,,,
SHV,iShares 0–1 Year Treasury Bond ETF,,NGM,USD,,,,
SHVLF,Starcore International Mines Ltd.,,,,,89863517.0,80328998.0,60533692.0
SHW,The Sherwin-Williams Company,United States,NYQ,USD,,247893513.0,227981633.0,81143029760.0
SHY,iShares 1-3 Year Treasury Bond ETF,,NGM,USD,,209300000.0,,17327947776.0
SHYD,VanEck Short High Yield Muni ETF,,,,,,,
SHYG,iShares 0-5 Year High Yield Corporate Bond ETF,,PCX,USD,,64800000.0,,2777975808.0
SHYL,Xtrackers Short Duration High Yield Bond ETF,,PCX,USD,,,,
SI,"Shoulder Innovations, Inc.",US,"NEW YORK STOCK EXCHANGE, INC.",USD,2025-07-31,20601684.0,,314175680.0
SIBN,"SI-BONE, Inc.",US,NASDAQ NMS - GLOBAL MARKET,USD,2018-10-17,43391254.0,39426161.0,883446016.0
SID,Companhia Siderúrgica Nacional,Brazil,NYQ,USD,,1326093947.0,594952049.0,2148272128.0
SIDU,"Sidus Space, Inc.",US,NASDAQ NMS - GLOBAL MARKET,USD,2021-12-15,54378283.0,35040228.0,105143088.0
SIEB,Siebert Financial Corp.,United States,NCM,USD,,40426936.0,21654688.0,148366864.0
SIERF,Sierra Grande Minerals Inc.,,,,,29311215.0,17975982.0,4628241.0
SIF,"SIFCO Industries, Inc.",United States,ASE,USD,,6173688.0,3748849.0,33559504.0
SIFI,Harbor Scientific Alpha Income ETF,,PCX,USD,,,,
SIFY,Sify Technologies Limited,India,NCM,USD,,72350400.0,70365079.0,904380032.0
SIG,Signet Jewelers Limited,BM,"NEW YORK STOCK EXCHANGE, INC.",USD,1988-07-14,40684442.0,35243712.0,3489252352.0
SIGA,"SIGA Technologies, Inc.",United States,NGM,USD,,71611302.0,40592150.0,449002880.0
SIGI,"Selective Insurance Group, Inc.",United States,NMS,USD,,60409116.0,59876308.0,5113250816.0
SIGIP,"Selective Insurance Group, Inc.",,,,,,59876308.0,
SIHY,Harbor Scientific Alpha High-Yield ETF,,PCX,USD,,,,
SII,Sprott Inc.,Canada,NYQ,USD,,25786258.0,23983541.0,2590745344.0
SIJ,ProShares UltraShort Industrials,,,,,,,
SIL,Global X Silver Miners ETF,,,,,,,
SILA,"Sila Realty Trust, Inc.",United States,NYQ,USD,,55119856.0,54643069.0,1276435968.0
SILC,Silicom Ltd.,Israel,NMS,USD,,5674097.0,5411057.0,80264600.0
SILJ,Amplify Junior Silver Miners ETF,,PCX,USD,,,,
SILLF,Sarine Technologies Ltd.,,,,,340860047.0,244326253.0,86578448.0
SIM,"Grupo Simec, S.A.B. de C.V.",Mexico,ASE,USD,,153491604.0,72874744.0,4501908480.0
SIMA,SIM Acquisition Corp. I,US,NASDAQ NMS - GLOBAL MARKET,USD,2024-07-10,23000000.0,20994707.0,323840032.0
SIMAU,SIM Acquisition Corp. I,United States,NGM,USD,,23000000.0,20994707.0,248400000.0
SIMAW,SIM Acquisition Corp. I,United States,NGM,USD,,,20994707.0,
SIMO,Silicon Motion Technology Corporation,Hong Kong,NMS,USD,,33983670.0,130024864.0,3066346752.0
SIMS,State Street SPDR S&P Kensho Intelligent Structures ETF,,,,,,,
SING,SinglePoint Inc.,,,,,79806984.0,79788628.0,7980.0
SINT,"Sintx Technologies, Inc.",United States,NCM,USD,,3851956.0,2992238.0,14406315.0
SIO,Touchstone Strategic Income ETF,,PCX,USD,,,,
SION,"Sionna Therapeutics, Inc.",United States,NGM,USD,,44628788.0,15100597.0,1950278016.0
SIOO,VistaShares Target 15TM S&P 100 Distribution ETF,,PCX,USD,,,,
SIRC,Solar Integrated Roofing Corporation,,,,,10975456223.0,4172554.0,1097545.0
SIRI,Sirius XM Holdings Inc.,United States,NMS,USD,,336561636.0,306483123.0,6936853504.0
SIRLF,iShares Public Limited Company - iShares FTSE 250 UCITS ETF,,,,,,,
SITC,SITE Centers Corp.,United States,NYQ,USD,,52462340.0,49199182.0,341393280.0
SITE,"SiteOne Landscape Supply, Inc.",United States,NYQ,USD,,44536512.0,43839070.0,5675166720.0
SITM,SiTime Corporation,United States,NGM,USD,,26100630.0,22329350.0,9842807808.0
SIVR,abrdn Physical Silver Shares ETF,,PCX,USD,,,,
SIXA,ETC 6 Meridian Mega Cap Equity ETF,,PCX,USD,,,,
SIXG,Defiance Connective Technologies ETF,,NGM,USD,,,,
SIXH,ETC 6 Meridian Hedged Equity-Index Option Strategy ETF,,PCX,USD,,,,
SIXL,ETC 6 Meridian Low Beta Equity Strategy ETF,,PCX,USD,,,,
SIXN,Siouxland Energy Cooperative,,,,,,,
SIXP,Allianzim U.S. Large Cap 6 Month Buffer10 Mar/Sep ETF,,,,,,,
SIXS,ETC 6 Meridian Small Cap Equity ETF,,PCX,USD,,,,
SIZE,iShares MSCI USA Size Factor ETF,,PCX,USD,,,,
SJB,ProShares Short High Yield,,PCX,USD,,,,
SJCP,SanJac Alpha Core Plus Bond ETF,,NGM,USD,,,,
SJLD,SanJac Alpha Low Duration ETF,,NGM,USD,,,,
SJM,The J. M. Smucker Company,United States,NYQ,USD,,106694327.0,104443077.0,10634223616.0
SJMHF,SJM Holdings Limited,,,,,7101805366.0,2585625298.0,2201559808.0
SJNK,State Street SPDR Bloomberg Short Term High Yield Bond ETF,,PCX,USD,,,,
SJT,San Juan Basin Royalty Trust,United States,NYQ,USD,,46608796.0,40996631.0,247026624.0
SKBL,Skyline Builders Group Holding Limited,Hong Kong,NCM,USD,,11816586.0,21580348.0,41710988.0
SKE,Skeena Resources Limited,Canada,NYQ,USD,,121093335.0,95987054.0,3078192640.0
SKF,ProShares UltraShort Financials,,PCX,USD,,,,
SKFRY,AB SKF (publ),SE,NASDAQ OMX NORDIC,SEK,1905-03-30,426420244.0,454913931.0,12107785216.0
SKIL,Skillsoft Corp.,United States,NYQ,USD,,8758515.0,4544793.0,62798552.0
SKIN,The Beauty Health Company,United States,NCM,USD,,127503059.0,82113245.0,186154464.0
SKKRF,SKRR Exploration Inc.,,,,,17250207.0,15749094.0,4140049.0
SKLZ,Skillz Inc.,United States,NYQ,USD,,11678067.0,9178189.0,71477592.0
SKM,"SK Telecom Co., Ltd.",South Korea,NYQ,USD,,383751847.0,147217608.0,7870750208.0
SKOR,FlexShares Credit-Scored US Corporate Bond Index Fund,,NGM,USD,,,,
SKPO,"Skye Petroleum, Inc.",,,,,249959400.0,,624899.0
SKRE,Tuttle Capital Daily 2X Inverse Regional Banks ETF,,NGM,USD,,,,
SKT,Tanger Inc.,United States,NYQ,USD,,115110004.0,112472834.0,3912589056.0
SKWD,"Skyward Specialty Insurance Group, Inc.",United States,NMS,USD,,40487365.0,37437047.0,2099269760.0
SKY,"Champion Homes, Inc.",United States,NYQ,USD,,55858285.0,54986896.0,4834560512.0
SKYE,"Skye Bioscience, Inc.",United States,NGM,USD,,32057461.0,19882037.0,25645968.0
SKYH,Sky Harbour Group Corporation,US,NYSE MKT LLC,USD,2020-10-22,33989673.0,23845698.0,690407168.0
SKYH.WS,Sky Harbour Group Corp,US,NYSE MKT LLC,USD,2020-10-22,,,690.0
SKYT,"SkyWater Technology, Inc.",United States,NCM,USD,,48508000.0,35024716.0,881875456.0
SKYU,ProShares Ultra Cloud Computing,,,,,,,
SKYW,"SkyWest, Inc.",United States,NMS,USD,,40103900.0,39642304.0,4148865792.0
SKYX,SKYX Platforms Corp.,US,NASDAQ NMS - GLOBAL MARKET,USD,2015-07-21,113749372.0,69473566.0,263898544.0
SKYY,First Trust Cloud Computing ETF,,NGM,USD,,,,
SLAB,Silicon Laboratories Inc.,US,NASDAQ NMS - GLOBAL MARKET,USD,2000-03-24,32852942.0,32254033.0,4414778368.0
SLAHF,Stella Chemifa Corporation,,,,,11816570.0,7132363.0,258782880.0
SLAI,SOLAI Limited,United States,NYQ,USD,,18678535.0,1717136493.0,16605237.0
SLB,SLB N.V.,United States,NYQ,USD,,1493923635.0,1489441864.0,56455372800.0
SLDB,Solid Biosciences Inc.,United States,NMS,USD,,77910239.0,40407366.0,454995808.0
SLDE,"Slide Insurance Holdings, Inc.",United States,NMS,USD,,124289799.0,59578315.0,2404530688.0
SLDP,"Solid Power, Inc.",United States,NMS,USD,,191023570.0,173122751.0,857695808.0
SLDPW,"Solid Power, Inc.",United States,NMS,USD,,,173122751.0,
SLDR,Global X Short-Term Treasury Ladder ETF,,,,,,,
SLE,"Super League Enterprise, Inc.",United States,NCM,USD,,11622934.0,10069203.0,7031875.0
SLF,Sun Life Financial Inc.,Canada,NYQ,USD,,557090200.0,556950854.0,34991542272.0
SLG,SL Green Realty Corp.,United States,NYQ,USD,,71025886.0,70950599.0,3489521664.0
SLG.PRI,SL Green Realty Corp,US,"NEW YORK STOCK EXCHANGE, INC.",USD,1997-08-15,,,3452.0
SLGB,Smart Logistics Global Limited,Hong Kong,NCM,USD,,41000000.0,975600.0,45510000.0
SLGL,Sol-Gel Technologies Ltd.,Israel,NCM,USD,,2785787.0,304821.0,116585184.0
SLGN,Silgan Holdings Inc.,United States,NYQ,USD,,105668015.0,87367371.0,4372811264.0
SLI,Standard Lithium Ltd.,Canada,ASE,USD,,238277028.0,231619568.0,1084160512.0
SLJY,Amplify SILJ Covered Call ETF,,PCX,USD,,,,
SLM,SLM Corporation,United States,NMS,USD,,203038649.0,201111812.0,5737407488.0
SLMBP,SLM Corporation,United States,NMS,USD,,435660992.0,201111812.0,4818778624.0
SLMT,Brera Holdings PLC,Ireland,NCM,USD,,81994765.0,1149428.0,173351984.0
SLN,Silence Therapeutics plc,United Kingdom,NGM,USD,,47233949.0,74747724.0,292850464.0
SLND,"Southland Holdings, Inc.",United States,ASE,USD,,54113036.0,12553142.0,185607712.0
SLNG,"Stabilis Solutions, Inc.",United States,NCM,USD,,18596301.0,3315349.0,80893912.0
SLNH,"Soluna Holdings, Inc.",United States,NCM,USD,,98574468.0,52130882.0,138990000.0
SLNHP,"Soluna Holdings, Inc.",United States,NCM,USD,,,52130882.0,
SLNO,"Soleno Therapeutics, Inc.",United States,NCM,USD,,53710025.0,53026296.0,2559282688.0
SLNZ,TCW Senior Loan ETF,,NYQ,USD,,,,
SLON,ProShares Ultra Solana ETF,,PCX,USD,,,,
SLP,"Simulations Plus, Inc.",United States,NMS,USD,,20144564.0,16664389.0,377912032.0
SLQD,iShares 0-5 Year Investment Grade Corporate Bond ETF,,NGM,USD,,,,
SLQT,"SelectQuote, Inc.",US,"NEW YORK STOCK EXCHANGE, INC.",USD,2020-05-21,175971744.0,143480321.0,241081296.0
SLRC,SLR Investment Corp.,United States,NMS,USD,,54554634.0,,842323520.0
SLRX,"Salarius Pharmaceuticals, Inc.",United States,NCM,USD,,5862178.0,5519827.0,3853209.0
SLS,"SELLAS Life Sciences Group, Inc.",United States,NCM,USD,,142442239.0,141749970.0,423159200.0
SLSDF,Select Sands Corp.,,,,,88563316.0,86842531.0,885.0
SLSN,"Solesence, Inc.",United States,NCM,USD,,70536845.0,18223899.0,127671688.0
SLSR,Solaris Resources Inc.,Switzerland,ASE,USD,,166896936.0,97951812.0,1398596224.0
SLTTF,Ravelin Properties REIT,,,,,80562461.0,79613435.0,13708656.0
SLTY,YieldmaxTM Ultra Short Option Income Strategy ETF,,PCX,USD,,,,
SLV,iShares Silver Trust,,PCX,USD,,341449984.0,,24283924480.0
SLVM,Sylvamo Corporation,United States,NYQ,USD,,39438257.0,30616708.0,1977044096.0
SLVO,UBS ETRACS Silver Shares Covered Call ETN,,NGM,USD,,,,
SLVP,iShares MSCI Global Silver and Metals Miners ETF,,,,,7100000.0,,257872000.0
SLVR,Sprott Silver Miners & Physical Silver ETF,,NGM,USD,,,,
SLVYY,Solvay SA,,,,,1044650720.0,66071465.0,3351265536.0
SLX,VanEck Steel ETF,,PCX,USD,,,,
SLXN,Silexion Therapeutics Corp,Israel,NCM,USD,,3126642.0,2995386.0,7160010.0
SLXNW,Silexion Therapeutics Corp,Israel,NCM,USD,,,2995386.0,
SLYG,State Street SPDR S&P 600 Small Cap Growth ETF,,PCX,USD,,32800000.0,,3184224000.0
SLYV,State Street SPDR S&P 600 Small Cap Value ETF,,PCX,USD,,35002100.0,,3242594560.0
SM,SM Energy Company,United States,NYQ,USD,,114554192.0,112594170.0,2120398080.0
SMA,"SmartStop Self Storage REIT, Inc.",United States,NYQ,USD,,55363743.0,54930799.0,1747485952.0
SMAP,Amplify Small-Mid Cap Equity ETF,,PCX,USD,,,,
SMBC,"Southern Missouri Bancorp, Inc.",United States,NGM,USD,,11202189.0,9477388.0,681391744.0
SMBK,"SmartFinancial, Inc.",United States,NYQ,USD,,17028001.0,14418971.0,643828672.0
SMBS,Schwab Mortgage-Backed Securities ETF,,PCX,USD,,,,
SMC,Summit Midstream Corporation,United States,NYQ,USD,,12261954.0,2639753.0,328497760.0
SMCC,Defiance Leveraged Long + Income SMCI ETF,,NGM,USD,,,,
SMCF,Themes US Small Cap Cash Flow Champions ETF,,,,,,,
SMCI,"Super Micro Computer, Inc.",United States,NMS,USD,,596971133.0,497533651.0,18291195904.0
SMCL,GraniteShares 2x Long SMCI Daily ETF,,NGM,USD,,,,
SMCO,Hilton Small-Midcap Opportunity ETF,,NGM,USD,,,,
SMCX,Defiance Daily Target 2X Long SMCI ETF,,NGM,USD,,,,
SMCY,YieldMax SMCI Option Income Str,,,,,,,
SMCZ,Defiance Daily Target 2X Short SMCI ETF,,NGM,USD,,,,
SMDD,ProShares UltraPro Short MidCap400,,PCX,USD,,,,
SMDV,ProShares Russell 2000 Dividend Growers ETF,,,,,,,
SMDX,Intech S&P Small-Mid Cap Diversified Alpha ETF,,PCX,USD,,,,
SMFG,"Sumitomo Mitsui Financial Group, Inc.",Japan,NYQ,USD,,6401610775.0,3844756184.0,124831408128.0
SMG,The Scotts Miracle-Gro Company,,,,,58007149.0,44350799.0,3360354048.0
SMH,VanEck Semiconductor ETF,,,,,11670900.0,,4269915392.0
SMHB,ETRACS 2xMonthly Pay Leveraged US Small Cap High Dividend ETN,,PCX,USD,,,,
SMHI,SEACOR Marine Holdings Inc.,United States,NYQ,USD,,26976259.0,21834045.0,167522576.0
SMHX,VanEck Fabless Semiconductor ETF,,NGM,USD,,,,
SMID,Smith-Midland Corporation,United States,NCM,USD,,5304606.0,2735585.0,186722128.0
SMIG,Bahl & Gaynor Small/Mid Cap Income Growth ETF,,PCX,USD,,,,
SMIZ,Zacks Small/Mid Cap ETF,,PCX,USD,,,,
SMJF,SMJ International Holdings Inc.,,ASE,USD,,,,
SMLF,iShares U.S. Small-Cap Equity Factor ETF,,PCX,USD,,,,
SMLL,Harbor Active Small Cap ETF,,,,,,,
SMLR,"Semler Scientific, Inc.",United States,NCM,USD,,15285092.0,13364660.0,255184608.0
SMLV,State Street SPDR US Small Cap Low Volatility Index ETF,,PCX,USD,,,,
SMMD,iShares Russell 2500 ETF,,,,,,,
SMMT,Summit Therapeutics Inc.,United States,NGM,USD,,744442538.0,124783458.0,13504187392.0
SMMU,PIMCO Short Term Municipal Bond Active Exchange-Traded Fund,,PCX,USD,,,,
SMN,ProShares UltraShort Materials,,PCX,USD,,,,
SMNEY,Siemens Energy AG,,,,,855344213.0,743439530.0,122425417728.0
SMNRW,"Semnur Pharmaceuticals, Inc.",,,,,,29241432.0,
SMOG,VanEck Low Carbon Energy ETF,,PCX,USD,,,,
SMOM,Symmetry Panoramic Sector Momentum ETF,,NGM,USD,,,,
SMOX,Horizon Small/Mid Cap Core Equity ETF,,,,,,,
SMP,"Standard Motor Products, Inc.",US,"NEW YORK STOCK EXCHANGE, INC.",USD,1981-05-22,21999190.0,20805954.0,824309696.0
SMPL,The Simply Good Foods Company,United States,NCM,USD,,94999174.0,91395897.0,1995159936.0
SMR,NuScale Power Corporation,United States,NYQ,USD,,282843482.0,95634544.0,4200225792.0
SMRI,Bushido Capital US Equity ETF,,NGM,USD,,,,
SMRT,"SmartRent, Inc.",United States,NYQ,USD,,189200722.0,168918405.0,384077472.0
SMST,Defiance Daily Target 2X Short MSTR ETF,,NGM,USD,,,,
SMTC,Semtech Corporation,United States,NMS,USD,,92540057.0,91506385.0,7039521792.0
SMTEF,Smart Eye AB (publ),SE,NASDAQ OMX NORDIC,SEK,2016-12-07,37953933.0,32260084.0,337433600.0
SMTH,ALPS Smith Core Plus Bond ETF,,PCX,USD,,,,
SMTI,Sanara MedTech Inc.,United States,NCM,USD,,8935657.0,3612329.0,216421600.0
SMU,Tradr 2X Long SMR Daily ETF,,,,,,,
SMUP,T-REX 2X Long SMR Daily Target ETF,,,,,,,
SMWB,Similarweb Ltd.,Israel,NYQ,USD,,86281315.0,51125130.0,616048576.0
SMX,SMX (Security Matters) Public Limited Company,Ireland,NCM,USD,,8700342.0,34625.0,1012806848.0
SMXT,"SolarMax Technology, Inc.",United States,NCM,USD,,54302950.0,39282211.0,43398920.0
SMXWW,SMX (Security Matters) Public Limited Company,Ireland,NCM,USD,,,34625.0,
SMYY,GraniteShares YieldBOOST SMCI ETF,,NGM,USD,,,,
SN,"SharkNinja, Inc.",United States,NYQ,USD,,141146601.0,83917300.0,16090713088.0
SNA,Snap-on Incorporated,US,"NEW YORK STOCK EXCHANGE, INC.",USD,1978-02-27,52007557.0,50751574.0,18465832960.0
SNAG,Themes ETF Trust - Leverage Shares 2X Long SNAP Daily ETF,,NGM,USD,,,,
SNAL,"Snail, Inc.",United States,NCM,USD,,8998728.0,8281759.0,34538788.0
SNAP,Snap Inc.,,,,,1465208378.0,1127383441.0,13514159104.0
SNAXW,"Stryve Foods, Inc.",,,,,,1790822.0,
SNBR,Sleep Number Corporation,United States,NMS,USD,,22790000.0,16480589.0,194854512.0
SNCR,"Synchronoss Technologies, Inc.",United States,NCM,USD,,10635433.0,8664550.0,98043352.0
SNCY,"Sun Country Airlines Holdings, Inc.",US,NASDAQ NMS - GLOBAL MARKET,USD,2021-03-17,52714634.0,48661406.0,777352768.0
SND,"Smart Sand, Inc.",United States,NMS,USD,,39711792.0,27723026.0,153347088.0
SNDA,"Sonida Senior Living, Inc.",United States,NYQ,USD,,18770006.0,7667351.0,605708096.0
SNDK,Sandisk Corporation,United States,NMS,USD,,146553179.0,138067750.0,36645625856.0
SNDL,SNDL Inc.,Canada,NCM,USD,,257500000.0,224915950.0,445475008.0
SNDR,"Schneider National, Inc.",United States,NYQ,USD,,92270093.0,67606041.0,4783926272.0
SNDX,"Syndax Pharmaceuticals, Inc.",,,,,86914838.0,73277031.0,1851286016.0
SNES,"SenesTech, Inc.",United States,NCM,USD,,5223015.0,4510648.0,12117394.0
SNEX,StoneX Group Inc.,United States,NMS,USD,,52243891.0,45584362.0,5234315776.0
SNFCA,Security National Financial Corporation,United States,NGM,USD,,22398332.0,13158151.0,248262640.0
SNGX,"Soligenix, Inc.",United States,NCM,USD,,10086130.0,9362349.0,13817998.0
SNHMF,,,,,,,,
SNHO,Shonghoya Intl Group Inc.,,,,,84501895.0,23724669.0,39251132.0
SNLAY,Sino Land Company Limited,,,,,1896898887.0,3556553851.0,13182367744.0
SNLRF,Sanlorenzo S.p.A.,,,,,35312622.0,14008781.0,1255893376.0
SNN,Smith & Nephew plc,United Kingdom,NYQ,USD,,424412010.0,866265432.0,14022573056.0
SNOA,"Sonoma Pharmaceuticals, Inc.",United States,NCM,USD,,1701076.0,1680136.0,6140884.0
SNOV,FT Vest U.S. Small Cap Moderate Buffer ETF - November,,,,,,,
SNOW,Snowflake Inc.,United States,NYQ,USD,,342200000.0,331827918.0,76611739648.0
SNOXF,SulNOx Group PLC,GB,,GBP,2019-12-17,131145434.0,52788366.0,141477776.0
SNOY,YieldMax SNOW Option Income Strategy ETF,,PCX,USD,,,,
SNPD,Xtrackers S&P Dividend Aristocrats Screened ETF,,,,,,,
SNPE,Xtrackers S&P 500 Scored & Screened ETF,,PCX,USD,,,,
SNPHY,"Santen Pharmaceutical Co., Ltd.",,,,,321672432.0,318174632.0,3403294464.0
SNPS,"Synopsys, Inc.",United States,NMS,USD,,191318206.0,190287001.0,91285569536.0
SNROY,,,,,,489299822.0,191412203.0,6595761152.0
SNSE,"Sensei Biotherapeutics, Inc.",US,NASDAQ NMS - GLOBAL MARKET,USD,2021-02-04,1261290.0,854373.0,11351619.0
SNSR,Global X Internet of Things ETF,,,,,,,
SNT,Senstar Technologies Corporation,Canada,NGM,USD,,23331653.0,13477529.0,103825848.0
SNTE,Sante Technology Holdings Inc.,,,,,238865918.0,,2054247.0
SNTG,Sentage Holdings Inc.,CN,NASDAQ NMS - GLOBAL MARKET,USD,2021-07-09,2805325.0,1059319.0,5610650.0
SNTH,MRP SynthEquity ETF,,PCX,USD,,,,
SNTI,"Senti Biosciences, Inc.",United States,NCM,USD,,26290838.0,9706314.0,27868286.0
SNTUF,,,,,,,,
SNTW,Summit Networks Inc.,,,,,68911657.0,12676299.0,12403409.0
SNV,Synovus Financial Corp.,United States,NYQ,USD,,138817293.0,137753953.0,7318448128.0
SNWV,"SANUWAVE Health, Inc.",United States,NGM,USD,,8576164.0,5744915.0,261487232.0
SNX,TD SYNNEX Corporation,,,,,81437855.0,80588458.0,12774975488.0
SNY,Sanofi,France,NMS,USD,,2422779332.0,1100711703.0,117432123392.0
SNYR,Synergy CHC Corp.,United States,NCM,USD,,11251853.0,4864289.0,20928448.0
SO,The Southern Company,United States,NYQ,USD,,1101104843.0,1098814545.0,95983312896.0
SOAR,"Volato Group, Inc.",United States,ASE,USD,,7469936.0,6918086.0,7044896.0
SOBO,South Bow Corporation,Canada,NYQ,USD,,208250512.0,207940219.0,5902920704.0
SOBR,"SOBR Safe, Inc.",United States,NCM,USD,,1516238.0,1215159.0,3335725.0
SOBS,Solvay Bank Corp.,,,,,2535202.0,,75422256.0
SOC,Sable Offshore Corp.,United States,NYQ,USD,,144961796.0,104565292.0,1236524032.0
SOCA,Solarius Capital Acquisition Corp.,,,,,17700000.0,,235672512.0
SOCAU,Solarius Capital Acquisition Corp.,United States,NGM,USD,,,,
SOCAW,Solarius Capital Acquisition Corp.,United States,NGM,USD,,,,
SOCL,Global X Social Media ETF,,NGM,USD,,,,
SODE,"Social Detention, Inc.",,,,,199753333.0,,3703427.0
SOEZ,Franklin Solana ETF,,PCX,USD,,,,
SOFI,"SoFi Technologies, Inc.",United States,NMS,USD,,1260448498.0,1184956508.0,34120341504.0
SOFR,Amplify Samsung SOFR ETF,,PCX,USD,,,,
SOFWF,,,,,,35840249.0,16625735.0,312453056.0
SOFX,Defiance Daily Target 2X Long SOFI ETF,,NGM,USD,,,,
SOGFF,Strategic Oil & Gas Ltd.,,,,,1817142079.0,19800396.0,30987.0
SOGP,Sound Group Inc.,Singapore,NCM,USD,,3003925.0,646628793.0,52998400.0
SOHO,Sotherly Hotels Inc.,United States,NCM,USD,,20490501.0,15248211.0,87309760.0
SOHOB,Sotherly Hotels Inc.,United States,NGM,USD,,0.0,15248211.0,75161800.0
SOHON,Sotherly Hotels Inc.,United States,NGM,USD,,0.0,15248211.0,66251608.0
SOHOO,Sotherly Hotels Inc.,United States,NGM,USD,,0.0,15248211.0,77476960.0
SOHU,Sohu.com Limited,China,NMS,USD,,30065400.0,16933631.0,525143616.0
SOIEF,Stolt-Nielsen Limited,,,,,53120796.0,18313926.0,2099599488.0
SOJC,The Southern Company JR 2017B NT 77,,NYQ,USD,,999473984.0,,21678592000.0
SOJD,Southern Company (The) Series 2,,NYQ,USD,,,,
SOJE,Southern Company (The) Series 2,,NYQ,USD,,,,
SOJF,Southern Company (The) Series 2,,NYQ,USD,,,,
SOLC,Canary Marinade Solana ETF,,NGM,USD,,,,
SOLR,Guinness Atkinson Sustainable Energy ETF,,PCX,USD,,,,
SOLS,"Solstice Advanced Materials, Inc.",United States,NMS,USD,,158727456.0,158722694.0,7899865600.0
SOLT,2x Solana ETF,,,,,,,
SOLV,Solventum Corporation,US,"NEW YORK STOCK EXCHANGE, INC.",USD,2024-03-26,173447557.0,147361044.0,13955590144.0
SOLZ,Solana ETF,,NGM,USD,,,,
SOMN,The Southern Company,United States,NYQ,USD,,,1098814545.0,
SON,Sonoco Products Company,,,,,98633013.0,97431663.0,4290536192.0
SONO,"Sonos, Inc.",United States,NMS,USD,,120240651.0,102295936.0,2185515520.0
SONY,Sony Group Corporation,Japan,NYQ,USD,,5963462805.0,5925198584.0,153976602624.0
SOPA,Society Pass Incorporated,Singapore,NCM,USD,,6105525.0,5265527.0,11112056.0
SOPH,SOPHiA GENETICS SA,,,,,67847058.0,50977565.0,320916576.0
SOR,Source Capital,United States,NYQ,USD,,8226191.0,,387741504.0
SORA,AsiaStrategy,Hong Kong,NCM,USD,,24864000.0,4863896.0,85283520.0
SOS,SOS Limited,China,NYQ,USD,,8716440.0,916482631.0,13993426.0
SOTHF,,,,,,,,
SOTK,Sono-Tek Corporation,United States,NCM,USD,,15707062.0,6800844.0,63854472.0
SOUL,Soulpower Acquisition Corporation,United States,NYQ,USD,,25620000.0,21719947.0,344626304.0
SOUL.U,Soulpower Acquisition Corp,US,"NEW YORK STOCK EXCHANGE, INC.",USD,2025-04-02,,,344.0
SOUN,"SoundHound AI, Inc.",United States,NGM,USD,,387560453.0,378766830.0,4495025664.0
SOUNW,"SoundHound AI, Inc.",,,,,,378766830.0,
SOUX,Defiance Daily Target 2X Long SOUN ETF,,NGM,USD,,,,
SOVF,Sovereign's Capital Flourish Fund,,PCX,USD,,,,
SOXL,Direxion Daily Semiconductor Bull 3X Shares,,PCX,USD,,,,
SOXQ,Invesco PHLX Semiconductor ETF,,NGM,USD,,,,
SOXS,Direxion Daily Semiconductor Bear 3X Shares,,,,,,,
SOXX,iShares Semiconductor ETF,,NGM,USD,,7650000.0,,2341206016.0
SOXY,YieldMax Target 12 Semiconductor Option Income ETF,,PCX,USD,,,,
SOYB,Teucrium Soybean Fund,,,,,,,
SPAB,State Street SPDR Portfolio Aggregate Bond ETF,,PCX,USD,,,,
SPAI,Safe Pro Group Inc.,United States,NCM,USD,,20973270.0,12251745.0,89555872.0
SPAM,Themes Cybersecurity ETF,,NGM,USD,,,,
SPAQ,Horizon Kinetics SPAC Active ETF,,NGM,USD,,,,
SPB,"Spectrum Brands Holdings, Inc.",US,"NEW YORK STOCK EXCHANGE, INC.",USD,1980-03-17,23375279.0,20656734.0,1453874560.0
SPBC,Simplify US Equity PLUS Bitcoin Strategy ETF,,NGM,USD,,,,
SPBO,State Street SPDR Portfolio Corporate Bond ETF,,,,,,,
SPBTF,,,,,,,,
SPBU,AllianzIM Buffer15 Uncapped Allocation ETF,,,,,,,
SPC,CrossingBridge Pre-Merger SPAC ETF,,NGM,USD,,,,
SPCB,SuperCom Ltd.,IL,NASDAQ NMS - GLOBAL MARKET,USD,2013-09-17,4683506.0,4441995.0,43790784.0
SPCE,"Virgin Galactic Holdings, Inc.",United States,NYQ,USD,,63200245.0,63037820.0,199712784.0
SPCOQ,The Stephan Co.,,,,,4152051.0,,622807.0
SPCT,Liberty One Spectrum ETF,,NGM,USD,,,,
SPCX,SPAC and New Issue ETF,,NGM,USD,,,,
SPD,Simplify US Equity PLUS Downside Convexity ETF,,PCX,USD,,,,
SPDG,State Street SPDR Portfolio S&P Sector Neutral Dividend ETF,,PCX,USD,,,,
SPDN,Direxion Daily S&P 500 Bear 1X Shares,,PCX,USD,,,,
SPDV,AAM S&P 500 High Dividend Value ETF,,,,,,,
SPDW,SPDR Portfolio Developed World ex-US ETF,,PCX,USD,,,,
SPE,"Special Opportunities Fund, Inc.",United States,NYQ,USD,,10623154.0,,165296304.0
SPE.PRC,Special Opportunities Fund Inc,US,"NEW YORK STOCK EXCHANGE, INC.",USD,1993-05-28,,,162.0
SPEG,Silver Pegasus Acquisition Corp.,United States,NGM,USD,,11500000.0,9761046.0,154100000.0
SPEGR,Silver Pegasus Acquisition Corp Rights.,,NGM,USD,,,,
SPEGU,Silver Pegasus Acquisition Corp.,US,NASDAQ NMS - GLOBAL MARKET,USD,2025-07-15,,9761046.0,154.0
SPEM,SPDR Portfolio Emerging Markets ETF,,PCX,USD,,76800000.0,,3607296000.0
SPEU,SPDR Portfolio Europe ETF,,PCX,USD,,,,
SPFF,Global X SuperIncome Preferred ETF,,PCX,USD,,,,
SPFI,"South Plains Financial, Inc.",United States,NMS,USD,,16247839.0,12288403.0,642926976.0
SPG,"Simon Property Group, Inc.",United States,NYQ,USD,,326462060.0,322738507.0,70805528576.0
SPG.PRJ,,,,,,,,
SPGI,S&P Global Inc.,United States,NYQ,USD,,302800000.0,302127784.0,161641086976.0
SPGM,SPDR Portfolio MSCI Global Stock Market ETF,,PCX,USD,,,,
SPGP,Invesco S&P 500 GARP ETF,,,,,,,
SPGSW,,,,,,,,
SPH,"Suburban Propane Partners, L.P.",United States,NYQ,USD,,66157310.0,64052184.0,1244418944.0
SPHB,Invesco S&P 500 High Beta ETF,,PCX,USD,,,,
SPHD,Invesco S&P 500 High Dividend Low Volatility ETF,,,,,,,
SPHIF,Super Hi International Holding Ltd.,,,,,588366000.0,325557063.0,1117895424.0
SPHL,Springview Holdings Ltd,Singapore,NCM,USD,,1652204.0,187461.0,3882679.0
SPHQ,Invesco S&P 500 Quality ETF,,PCX,USD,,,,
SPHR,Sphere Entertainment Co.,United States,NYQ,USD,,28447507.0,24205101.0,3363425536.0
SPHY,State Street SPDR Portfolio High Yield Bond ETF,,PCX,USD,,,,
SPIB,State Street SPDR Portfolio Intermediate Term Corporate Bond ETF,,PCX,USD,,,,
SPIP,State Street SPDR Portfolio TIPS ETF,,PCX,USD,,,,
SPIR,"Spire Global, Inc.",United States,NYQ,USD,,33100260.0,28490056.0,256196000.0
SPIT,F/m Emerald Special Situations ETF,,NGM,USD,,,,
SPKL,Spark I Acquisition Corporation,US,NASDAQ NMS - GLOBAL MARKET,USD,2023-11-27,6236713.0,5602757.0,97757752.0
SPKLU,Spark I Acquisition Corporation,United States,NGM,USD,,,5602757.0,
SPKLW,Spark I Acquisition Corporation,United States,NGM,USD,,,5602757.0,
SPLB,State Street SPDR Portfolio Long Term Corporate Bond ETF,,PCX,USD,,,,
SPLV,Invesco S&P 500 Low Volatility ETF,,PCX,USD,,,,
SPMA,"Sound Point Meridian Capital, Inc.",United States,NYQ,USD,,,,
SPMB,State Street SPDR Portfolio Mortgage Backed Bond ETF,,PCX,USD,,,,
SPMC,"Sound Point Meridian Capital, Inc.",United States,NYQ,USD,,20233100.0,,267279248.0
SPMD,State Street SPDR Portfolio S&P 400 Mid Cap ETF,,,,,,,
SPME,"Sound Point Meridian Capital, Inc.",US,"NEW YORK STOCK EXCHANGE, INC.",USD,2024-06-14,,,285.0
SPMO,Invesco S&P 500 Momentum ETF,,PCX,USD,,,,
SPNT,SiriusPoint Ltd.,Bermuda,NYQ,USD,,116814640.0,95816040.0,2606134528.0
SPOG,Leverage Shares 2X Long SPOT Daily ETF,,,,,,,
SPOI,"SPO Networks, Inc.",,,,,4130585.0,,1239.0
SPOK,"Spok Holdings, Inc.",United States,NMS,USD,,20598169.0,18022574.0,266952256.0
SPOT,Spotify Technology S.A.,LU,"NEW YORK STOCK EXCHANGE, INC.",EUR,2018-04-03,205894015.0,156112531.0,120314167296.0
SPPL,Simpple Ltd.,Singapore,NCM,USD,,4873144.0,2793920.0,19979894.0
SPPMF,,,,,,,,
SPPP,Sprott Physical Platinum & Palladium Tr,,ASE,USD,,39473945.0,,804233984.0
SPRB,"Spruce Biosciences, Inc.",United States,NCM,USD,,1070370.0,676452.0,91773520.0
SPRC,SciSparc Ltd.,Israel,NCM,USD,,3288998.0,332674.0,4834827.0
SPRE,SP Funds S&P Global REIT Sharia ETF,,PCX,USD,,,,
SPRO,"Spero Therapeutics, Inc.",United States,NMS,USD,,56339295.0,46006105.0,130707160.0
SPRU,Spruce Power Holding Corporation,United States,NYQ,USD,,18168863.0,14445518.0,92842896.0
SPRX,Spear Alpha ETF,,NGM,USD,,,,
SPRY,"ARS Pharmaceuticals, Inc.",United States,NGM,USD,,98848611.0,105406228.0,1124897152.0
SPSB,State Street SPDR Portfolio Short Term Corporate Bond ETF,,PCX,USD,,,,
SPSC,"SPS Commerce, Inc.",United States,NMS,USD,,37709094.0,37239993.0,3484573440.0
SPSK,SP Funds Dow Jones Global Sukuk ETF,,PCX,USD,,,,
SPSM,State Street SPDR Portfolio S&P 600 Small Cap ETF,,PCX,USD,,,,
SPT,"Sprout Social, Inc.",,,,,53179992.0,48353555.0,657001792.0
SPTB,State Street SPDR Portfolio Treasury ETF,,PCX,USD,,,,
SPTE,SP Funds S&P Global Technology ETF,,,,,,,
SPTI,State Street SPDR Portfolio Intermediate Term Treasury ETF,,PCX,USD,,,,
SPTL,State Street SPDR Portfolio Long Term Treasury ETF,,PCX,USD,,,,
SPTM,State Street SPDR Portfolio S&P 1500 Composite Stock Market ETF,,PCX,USD,,94950200.0,,7934988288.0
SPTS,State Street SPDR Portfolio Short Term Treasury ETF,,PCX,USD,,,,
SPTU,State Street SPDR Portfolio Ultra Short T-Bill ETF,,PCX,USD,,,,
SPUC,Simplify US Equity PLUS Upside Convexity ETF,,PCX,USD,,,,
SPUP,Sipup Corporation,,,,,71047594.0,29766299.0,7104.0
SPUS,SP Funds S&P 500 Sharia Industry Exclusions ETF,,PCX,USD,,,,
SPUT,Innovator Equity Premium Income - Daily PutWrite ETF,,PCX,USD,,,,
SPUU,Direxion Daily S&P 500 Bull 2X Shares,,PCX,USD,,,,
SPVM,Invesco S&P 500 Value with Momentum ETF,,PCX,USD,,,,
SPVU,Invesco S&P 500 Enhanced Value ETF,,PCX,USD,,,,
SPWH,"Sportsman's Warehouse Holdings, Inc.",United States,NMS,USD,,38481095.0,35274850.0,52334292.0
SPWO,SP Funds S&P World ETF,,,,,,,
SPWR,SunPower Inc.,United States,NGM,USD,,107621272.0,88939295.0,174346464.0
SPWRW,SunPower Inc.,United States,NCM,USD,,,88939295.0,
SPXE,ProShares S&P 500 ex-Energy ETF,,PCX,USD,,,,
SPXL,Direxion Daily S&P500 Bull 3X Shares,,PCX,USD,,,,
SPXN,ProShares S&P 500 ex-Financials ETF,,PCX,USD,,,,
SPXS,Direxion Daily S&P 500 Bear 3X Shares,,,,,,,
SPXSF,Spirax Group plc,,,,,73903798.0,72542173.0,6903670784.0
SPXSY,Spirax Group plc,,,,,147807596.0,72542173.0,6796879872.0
SPXT,ProShares S&P 500 ex-Technology ETF,,,,,,,
SPXU,ProShares UltraPro Short S&P500,,PCX,USD,,,,
SPY,SPDR S&P 500 ETF,,,,,917782016.0,,633554075648.0
SPYC,Simplify US Equity PLUS Convexity ETF,,,,,,,
SPYD,State Street SPDR Portfolio S&P 500 High Dividend ETF,,PCX,USD,,,,
SPYG,State Street SPDR Portfolio S&P 500 Growth ETF,,PCX,USD,,138200000.0,,14951858176.0
SPYM,State Street SPDR Portfolio S&P 500 ETF,,PCX,USD,,,,
SPYQ,Tradr 2X Long SPY Quarterly ETF,,NGM,USD,,,,
SPYT,Defiance S&P 500 Target Income ,,,,,,,
SPYU,MAX S&P 500 4X Leveraged ETN,,,,,,,
SPYV,State Street SPDR Portfolio S&P 500 Value ETF,,PCX,USD,,89302896.0,,5123307008.0
SPYX,State Street SPDR S&P 500 Fossil Fuel Reserves Free ETF,,PCX,USD,,,,
SQFT,"Presidio Property Trust, Inc.",United States,NCM,USD,,1230601.0,700003.0,4848568.0
SQFTP,"Presidio Property Trust, Inc.",United States,NCM,USD,,,700003.0,
SQFTW,"Presidio Property Trust, Inc.",United States,NCM,USD,,,700003.0,
SQLV,Royce Quant Small-Cap Quality Value ETF,,NGM,USD,,,,
SQM,Sociedad Química y Minera de Chile S.A.,Chile,NYQ,USD,,142818904.0,103726514.0,20463093760.0
SQNS,Sequans Communications S.A.,France,NYQ,USD,,15592150.0,1211089067.0,74218640.0
SQQQ,ProShares UltraPro Short QQQ,,NGM,USD,,,,
SR,Spire Inc.,United States,NYQ,USD,,59095989.0,57563947.0,4903194112.0
SRAD,Sportradar Group AG,Switzerland,NMS,USD,,217584591.0,155044664.0,6836483072.0
SRBK,"SR Bancorp, Inc.",United States,NCM,USD,,7668306.0,7345486.0,130274088.0
SRCE,1st Source Corporation,United States,NMS,USD,,24434704.0,18008866.0,1569680256.0
SRE,Sempra,United States,NYQ,USD,,652681521.0,651467533.0,57834110976.0
SREA,DBA Sempra 5.750% Junior Subord,,,,,,,
SRET,Global X SuperDividend REIT ETF,,NGM,USD,,,,
SRFM,Surf Air Mobility Inc.,United States,NYQ,USD,,63223450.0,45944472.0,128343600.0
SRG,Seritage Growth Properties,United States,NYQ,USD,,56324607.0,39875569.0,188687424.0
SRGGF,SRG Global Limited,,,,,626592222.0,537366051.0,512301792.0
SRHBY,StarHub Ltd,,,,,172227905.0,565599576.0,1501827328.0
SRHQ,SRH U.S. Quality GARP ETF,,PCX,USD,,,,
SRHR,SRH REIT Covered Call ETF,,PCX,USD,,,,
SRI,"Stoneridge, Inc.",US,"NEW YORK STOCK EXCHANGE, INC.",USD,1997-10-10,28016931.0,25005671.0,159416352.0
SRL,Scully Royalty Ltd.,CN,"NEW YORK STOCK EXCHANGE, INC.",CAD,1996-05-08,15149072.0,7766267.0,107558408.0
SRLN,State Street Blackstone Senior Loan ETF,,PCX,USD,,,,
SRMGF,SpareBank 1 SMN,,,,,144210918.0,133468032.0,1792541696.0
SROI,Calamos Antetokounmpo Global Sustainable Equities ETF,,PCX,USD,,,,
SRPT,"Sarepta Therapeutics, Inc.",United States,NMS,USD,,104787187.0,99257567.0,2317892608.0
SRRK,Scholar Rock Holding Corporation,United States,NMS,USD,,102007457.0,84919168.0,4658680320.0
SRS,ProShares UltraShort Real Estate,,,,,,,
SRTA,"Strata Critical Medical, Inc.",United States,NCM,USD,,86366526.0,45245150.0,420604992.0
SRTAW,"Strata Critical Medical, Inc.",United States,NCM,USD,,,45245150.0,
SRTS,"Sensus Healthcare, Inc.",United States,NCM,USD,,16425036.0,13672028.0,62307740.0
SRTY,ProShares UltraPro Short Russell2000,,PCX,USD,,,,
SRV,NXG Cushing Midstream Energy Fund,United States,NYQ,USD,,4628072.0,,188455104.0
SRVR,Pacer Benchmark Data & Infrastructure Real Estate SCTR ETF,,PCX,USD,,,,
SRXH,SRx Health Solutions Inc.,United States,ASE,USD,,27723906.0,21485092.0,7787645.0
SRZN,"Surrozen, Inc.",United States,NCM,USD,,8571421.0,3506311.0,190285552.0
SRZNW,"Surrozen, Inc.",,,,,,3506311.0,
SSB,SouthState Bank Corporation,United States,NYQ,USD,,100515361.0,99158404.0,9692784640.0
SSBI,Summit State Bank,United States,NGM,USD,,6771526.0,5771168.0,79565440.0
SSBP,"SSB Bancorp, Inc.",,,,,2187602.0,824332.0,27327524.0
SSD,"Simpson Manufacturing Co., Inc.",United States,NYQ,USD,,41459275.0,41310851.0,6957579776.0
SSEA,Starry Sea Acquisition Corp,US,NASDAQ NMS - GLOBAL MARKET,USD,2025-08-08,7635871.0,5799597.0,76435080.0
SSEAR,Starry Sea Acquisition Corp,United States,NCM,USD,,,5799597.0,
SSEAU,Starry Sea Acquisition Corp,United States,NCM,USD,,,5799597.0,
SSEEF,SSgA SPDR ETFs Europe I Public Limited Company - SPDR S&P US Dividend Aristocrats UCITS ETF,,,,,,,
SSFI,Day Hagan Smart Sector Fixed Income ETF,,PCX,USD,,,,
SSG,ProShares UltraShort Semiconductors,,PCX,USD,,,,
SSGC,SafeSpace Global Corporation,,,,,188024073.0,149811941.0,45877876.0
SSGEF,SSgA SPDR ETFs Europe II Public Limited Company - SPDR MSCI World Small Cap UCITS ETF,,,,,,,
SSII,"SS Innovations International, Inc.",India,NCM,USD,,193621149.0,31730634.0,1111385344.0
SSKRF,,,,,,,,
SSL,Sasol Limited,South Africa,NYQ,USD,,631206335.0,588056825.0,4092991744.0
SSLLF,Siltronic AG,,,,,30000000.0,12087784.0,1651531904.0
SSM,Sono Group N.V.,Germany,NCM,USD,,1424408.0,922899.0,9928687.0
SSNC,"SS&C Technologies Holdings, Inc.",United States,NMS,USD,,244027403.0,210433782.0,21887053824.0
SSO,ProShares Ultra S&P500,,PCX,USD,,,,
SSP,The E.W. Scripps Company,United States,NMS,USD,,76869408.0,55443610.0,351656416.0
SSPLF,Safe Supply Streaming Co Ltd.,,,,,197911890.0,158389261.0,6669630.0
SSPY,Stratified LargeCap Index ETF,,PCX,USD,,,,
SSRM,SSR Mining Inc.,United States,NMS,USD,,203001139.0,201214729.0,4721094656.0
SSSAF,Shurgard Self Storage Ltd,GG,NYSE EURONEXT - EURONEXT BRUSSELS,EUR,2018-10-15,100972323.0,32601686.0,3411352320.0
SSSGY,Sartorius Aktiengesellschaft,,,,,171154640.0,37203303.0,16213774336.0
SSSPF,SSgA SPDR ETFs Europe I Public Limited Company - SPDR S&P 500 UCITS ETF,,,,,,,
SSSS,SuRo Capital Corp.,United States,NMS,USD,,25119091.0,22999793.0,241394464.0
SSSSL,SuRo Capital Corp. 6.00% Notes due 2026,,NGM,USD,,,,
SSSXF,SSgA SPDR ETFs Europe II Public Limited Company - SPDR MSCI Europe Energy UCITS ETF,,,,,,,
SST,"System1, Inc.",United States,NYQ,USD,,8128321.0,5348029.0,46090448.0
SSTI,"SoundThinking, Inc.",US,NASDAQ NMS - GLOBAL MARKET,USD,2017-06-07,12698453.0,9642697.0,102969584.0
SSTK,"Shutterstock, Inc.",United States,NYQ,USD,,35520353.0,24175977.0,648956864.0
SSTPW,,,,,,,5348029.0,
SSUS,Day Hagan Smart Sector ETF,,PCX,USD,,,,
SSXU,Day Hagan Smart Sector International ETF,,PCX,USD,,,,
SSYS,Stratasys Ltd.,US,NASDAQ NMS - GLOBAL MARKET,USD,2012-12-03,85436000.0,52118523.0,764652160.0
ST,Sensata Technologies Holding plc,United States,NYQ,USD,,145678735.0,144524959.0,4891892224.0
STAA,STAAR Surgical Company,United States,NGM,USD,,49365953.0,31951744.0,1152695040.0
STAG,"STAG Industrial, Inc.",United States,NYQ,USD,,186750070.0,185945177.0,7103508992.0
STAX,Nomura Tax-Free USA Short Term ETF,,PCX,USD,,,,
STBA,"S&T Bancorp, Inc.",United States,NMS,USD,,38222500.0,37719492.0,1546494464.0
STBQ,Amplify ETF Trust -  Amplify Stablecoin Technology ETF,,,,,,,
STC,Stewart Information Services Corporation,United States,NYQ,USD,,30209203.0,27497628.0,2147270272.0
STCE,Schwab Crypto Thematic ETF,,PCX,USD,,,,
STE,STERIS plc,United States,NYQ,USD,,98147009.0,97763254.0,25156470784.0
STEL,"Stellar Bancorp, Inc.",United States,NYQ,USD,,51187494.0,46052365.0,1600661888.0
STEM,"Stem, Inc.",United States,NYQ,USD,,8390208.0,8012733.0,134411136.0
STEP,StepStone Group Inc.,United States,NMS,USD,,79124247.0,73600583.0,8236772864.0
STEW,"SRH Total Return Fund, Inc.",United States,NYQ,USD,,96441500.0,,1777416960.0
STEX,Streamex Corp.,United States,NCM,USD,,40803711.0,33157168.0,470603616.0
STG,Sunlands Technology Group,China,NYQ,USD,,5108694.0,955634.0,86377944.0
STGW,Stagwell Inc.,United States,NMS,USD,,252118245.0,100509460.0,1288340864.0
STHH,Precidian ETFs Trust - STMicroelectronics NV ADRhedged,,,,,,,
STHO,Star Holdings,United States,NGM,USD,,12735503.0,9642813.0,104592448.0
STI,"Solidion Technology, Inc.",United States,NCM,USD,,7252723.0,2186283.0,45764680.0
STIM,"Neuronetics, Inc.",United States,NGM,USD,,68485922.0,38810287.0,97250000.0
STIP,iShares 0-5 Year TIPS Bond ETF,,,,,,,
STK,Columbia Seligman Premium Technology Growth Fund,US,"NEW YORK STOCK EXCHANGE, INC.",USD,2009-11-25,17390630.0,,649540032.0
STKE,Sol Strategies Inc.,Canada,NMS,USD,,27570801.0,18208654.0,46594652.0
STKH,Steakholder Foods Ltd.,Israel,NCM,USD,,1356239.0,659966301.0,12630476.0
STKL,SunOpta Inc.,United States,NMS,USD,,118216917.0,81585041.0,449879616.0
STKS,"The ONE Group Hospitality, Inc.",United States,NCM,USD,,31104781.0,20848602.0,55988604.0
STLA,Stellantis N.V.,Netherlands,NYQ,USD,,2888724012.0,1984062313.0,31920400384.0
STLD,"Steel Dynamics, Inc.",United States,NMS,USD,,146034859.0,136325001.0,25828517888.0
STM,STMicroelectronics N.V.,Netherlands,NYQ,USD,,888746259.0,634159870.0,23320700928.0
STMNF,"Sumitomo Metal Mining Co., Ltd.",,,,,270552413.0,240120678.0,8792971264.0
STN,Stantec Inc.,Canada,NYQ,USD,,114066995.0,113713387.0,10977920000.0
STNC,Hennessy Sustainable ETF,,NGM,USD,,,,
STNE,StoneCo Ltd.,Cayman Islands,NMS,USD,,245417777.0,236265986.0,3967387136.0
STNG,Scorpio Tankers Inc.,Monaco,NYQ,USD,,51762790.0,37865377.0,2663195648.0
STOK,"Stoke Therapeutics, Inc.",United States,NMS,USD,,57117150.0,40828481.0,1823179520.0
STPZ,PIMCO 1-5 Year U.S. TIPS Index Exchange-Traded Fund,,PCX,USD,,,,
STRA,"Strategic Education, Inc.",United States,NMS,USD,,23486618.0,22384497.0,1939518208.0
STRC,Strategy Inc,United States,NMS,USD,,,267029205.0,
STRD,Strategy Inc,United States,NMS,USD,,11764700.0,267029205.0,899528960.0
STRF,Strategy Inc,United States,NMS,USD,,,267029205.0,
STRH,Star8 Corporation,,,,,263573782.0,,421718.0
STRK,Strategy Inc,US,NASDAQ NMS - GLOBAL MARKET,USD,1986-09-16,,267029205.0,45634.0
STRNY,Severn Trent PLC,,,,,301084741.0,264049645.0,11266590720.0
STRO,"Sutro Biopharma, Inc.",United States,NGM,USD,,8519392.0,6102583.0,97887816.0
STRPF,Starr Peak Mining Ltd.,,,,,57697181.0,56981159.0,13974257.0
STRR,"Star Equity Holdings, Inc.",United States,NMS,USD,,3473613.0,2333871.0,37931856.0
STRRP,"Star Equity Holdings, Inc.",United States,NMS,USD,,,2333871.0,
STRS,Stratus Properties Inc.,United States,NMS,USD,,7994746.0,5468966.0,198656592.0
STRT,Strattec Security Corporation,United States,NGM,USD,,4185271.0,3855221.0,332645344.0
STRW,"Strawberry Fields REIT, Inc.",United States,ASE,USD,,13120095.0,7827449.0,722228992.0
STRZ,Starz Entertainment Corp.,US,NASDAQ NMS - GLOBAL MARKET,USD,1998-11-17,16731046.0,11126480.0,197760960.0
STSBF,South Star Battery Metals Corp.,,,,,108400944.0,79355995.0,10704594.0
STSM,Defiance Daily Target 2X Short TSM ETF,,PCX,USD,,,,
STSS,"Sharps Technology, Inc.",United States,NCM,USD,,28995402.0,23519724.0,64369792.0
STSSW,"Sharps Technology, Inc.",United States,NCM,USD,,,23519724.0,
STT,State Street Corporation,United States,NYQ,USD,,279312436.0,264042425.0,37527216128.0
STTK,"Shattuck Labs, Inc.",United States,NMS,USD,,63279843.0,32537862.0,211987472.0
STTTF,Splitit Payments Ltd,,,,,553384030.0,488317231.0,55338.0
STUB,"StubHub Holdings, Inc.",United States,NYQ,USD,,320789975.0,222202936.0,4884560384.0
STVN,Stevanato Group S.p.A.,,,,,49709718.0,48911342.0,5651176448.0
STWD,"Starwood Property Trust, Inc.",United States,NYQ,USD,,370331329.0,352659118.0,7043927040.0
STX,Seagate Technology Holdings plc,Singapore,NMS,USD,,217872054.0,212787168.0,62359339008.0
STXD,Strive 1000 Dividend Growth ETF,,NYQ,USD,,,,
STXE,Strive Emerging Markets Ex-China ETF,,,,,,,
STXG,Strive 1000 Growth ETF,,NYQ,USD,,,,
STXI,Strive International Developed Markets ETF,,NYQ,USD,,,,
STXK,Strive Small-Cap ETF,,NYQ,USD,,,,
STXM,Strive Mid-Cap ETF,,,,,,,
STXS,"Stereotaxis, Inc.",,,,,93324763.0,66055267.0,229578912.0
STXT,Strive Total Return Bond ETF,,NYQ,USD,,,,
STXV,Strive 1000 Value ETF,,,,,,,
STZ,"Constellation Brands, Inc.",US,"NEW YORK STOCK EXCHANGE, INC.",USD,1986-07-07,174039535.0,145126309.0,24266639360.0
SU,Suncor Energy Inc.,Canada,NYQ,USD,,1201266687.0,1200209572.0,52478271488.0
SUB,iShares Short-Term National Muni Bond ETF,,PCX,USD,,,,
SUGP,SU Group Holdings Limited,,,,,563092.0,504028.0,9799331.0
SUGRF,,,,,,11017062.0,4962456.0,225944720.0
SUI,"Sun Communities, Inc.",United States,NYQ,USD,,123436693.0,114661620.0,15986361344.0
SUN,Sunoco LP,United States,NYQ,USD,,136613044.0,115349224.0,9976546304.0
SUNC,SunocoCorp LLC,United States,NYQ,USD,,51500000.0,,2547190016.0
SUNE,SUNation Energy Inc.,United States,NCM,USD,,3406614.0,3406273.0,3747276.0
SUNS,"Sunrise Realty Trust, Inc.",United States,NCM,USD,,13420986.0,8561113.0,131123040.0
SUPCF,Supalai Public Company Limited,,,,,1888242530.0,1062702896.0,1037400384.0
SUPL,ProShares Supply Chain Logistics ETF,,PCX,USD,,,,
SUPN,"Supernus Pharmaceuticals, Inc.",US,NASDAQ NMS - GLOBAL MARKET,USD,2010-12-28,57339350.0,54855983.0,2956990464.0
SUPP,TCW Transform Supply Chain ETF,,,,,,,
SUPV,Grupo Supervielle S.A.,Argentina,NYQ,USD,,75198595.0,275880067.0,1113440000.0
SUPX,SuperX AI Technology Limited,Singapore,NCM,USD,,31506228.0,9553318.0,469442784.0
SURE,AdvisorShares Insider Advantage ETF,,PCX,USD,,,,
SURG,"SurgePays, Inc.",United States,NCM,USD,,21041455.0,14963420.0,35349644.0
SURI,Simplify Propel Opportunities ETF,,PCX,USD,,,,
SURY,Surya Oil and Gas Corp.,,,,,537371532.0,,4836343.0
SUSA,iShares ESG Optimized MSCI USA ETF,,PCX,USD,,,,
SUSB,iShares ESG 1-5 Year USD Corporate Bond ETF,,NGM,USD,,,,
SUSC,iShares ESG USD Corporate Bond ETF,,NGM,USD,,,,
SUSL,iShares ESG MSCI USA Leaders ETF,,,,,,,
SUUFF,Strathmore Plus Uranium Corp.,,,,,55089096.0,46611176.0,6941226.0
SUUN,PowerBank Corporation,Canada,NGM,USD,,36640486.0,26898585.0,69983328.0
SUZ,Suzano S.A.,Brazil,NYQ,USD,,1235908788.0,672235508.0,11601367040.0
SVAC,Spring Valley Acquisition Corp. III,US,NASDAQ NMS - GLOBAL MARKET,USD,2025-09-04,23000000.0,,313720000.0
SVACU,Spring Valley Acquisition Corp. III,,NGM,USD,,26666700.0,,278669696.0
SVACW,Spring Valley Acquisition Corp. III,,NGM,USD,,,,
SVAQU,Silicon Valley Acquisition Corp.,United States,NGM,USD,,,,
SVC,Service Properties Trust,US,NASDAQ NMS - GLOBAL MARKET,USD,1995-08-17,168086203.0,158557396.0,294150848.0
SVCC,Stellar V Capital Corp.,United States,NGM,USD,,15555000.0,12740269.0,224146784.0
SVCCU,Stellar V Capital Corp.,United States,NGM,USD,,21614900.0,12740269.0,227388752.0
SVCCW,Stellar V Capital Corp.,United States,NGM,USD,,,12740269.0,
SVCO,"Silvaco Group, Inc.",United States,NMS,USD,,30638877.0,9316363.0,130215224.0
SVM,Silvercorp Metals Inc.,Canada,ASE,USD,,220311284.0,211463583.0,1960770304.0
SVOL,Simplify Volatility Premium ETF,,PCX,USD,,,,
SVRA,Savara Inc.,United States,NMS,USD,,203467845.0,117810507.0,1312367488.0
SVRE,SaverOne 2014 Ltd.,Israel,NCM,USD,,904621.0,3466682022.0,11552720.0
SVREW,SaverOne 2014 Ltd.,,,,,,3466682022.0,
SVRN,OceanPal Inc.,Greece,NCM,USD,,34300471.0,216478.0,34986480.0
SVSN,"Stereo Vision Entertainment, Inc.",,,,,215510500.0,,43102.0
SVV,"Savers Value Village, Inc.",United States,NYQ,USD,,156227451.0,38524127.0,1473224960.0
SW,Smurfit Westrock Plc,Ireland,NYQ,USD,,522186327.0,517987179.0,20229498880.0
SWAG,"Stran & Company, Inc.",United States,NCM,USD,,18288158.0,12698017.0,31173014.0
SWAGW,"Stran & Company, Inc.",United States,NCM,USD,,,12698017.0,
SWAN,Amplify BlackSwan Growth & Treasury Core ETF,,PCX,USD,,,,
SWBI,"Smith & Wesson Brands, Inc.",United States,NMS,USD,,44493745.0,41395646.0,444492480.0
SWDHF,Skyworth Group Limited,,,,,1888448732.0,581694450.0,981993344.0
SWIM,"Latham Group, Inc.",United States,NMS,USD,,116655775.0,51151224.0,739597632.0
SWIOU,"Southwest Iowa Renewable Energy, LLC",,,,,8993.0,,133376616.0
SWK,"Stanley Black & Decker, Inc.",United States,NYQ,USD,,154884964.0,154459030.0,11675228160.0
SWKH,SWK Holdings Corporation,United States,NGM,USD,,12095906.0,2231937.0,208084800.0
SWKHL,SWK Holdings Corporation 9.00% Senior Notes due 2027,,NGM,USD,,,,
SWKS,"Skyworks Solutions, Inc.",United States,NMS,USD,,149930237.0,147824858.0,9627020288.0
SWP,SWP Growth & Income ETF,,,,,,,
SWX,"Southwest Gas Holdings, Inc.",,,,,72183903.0,66708493.0,5829572096.0
SWZ,"Total Return Securities, Inc.",,NYQ,USD,,16973862.0,,106426112.0
SXC,"SunCoke Energy, Inc.",United States,NYQ,USD,,84665509.0,83865420.0,609591680.0
SXI,Standex International Corporation,United States,NYQ,USD,,12116999.0,11872963.0,2780124160.0
SXQG,ETC 6 Meridian Quality Growth ETF,,,,,,,
SXT,Sensient Technologies Corporation,United States,NYQ,USD,,42481950.0,41810735.0,4082940416.0
SXTC,"China SXT Pharmaceuticals, Inc.",CN,NASDAQ NMS - GLOBAL MARKET,USD,2019-01-04,116027226.0,75030510.0,175201920.0
SXTP,"60 Degrees Pharmaceuticals, Inc.",United States,NCM,USD,,4230448.0,3643939.0,2944391.0
SXTPW,"60 Degrees Pharmaceuticals, Inc.",,NCM,USD,,,,
SY,So-Young International Inc.,China,NCM,USD,,84037896.0,40499889.0,262047680.0
SYAIF,,,,,,,,
SYBT,"Stock Yards Bancorp, Inc.",United States,NMS,USD,,29473458.0,26400555.0,1965290240.0
SYCHF,"Sanyo Chemical Industries, Ltd.",,,,,22122200.0,11605270.0,720077568.0
SYF,Synchrony Financial,US,"NEW YORK STOCK EXCHANGE, INC.",USD,2014-07-31,360171098.0,357966851.0,32000669696.0
SYFI,AB Short Duration High Yield ETF,,PCX,USD,,,,
SYK,Stryker Corporation,US,"NEW YORK STOCK EXCHANGE, INC.",USD,1980-03-17,382423648.0,345305609.0,135462100992.0
SYKKF,,,,,,,,
SYM,Symbotic Inc.,United States,NGM,USD,,113614046.0,99273681.0,34376032256.0
SYNA,Synaptics Incorporated,United States,NMS,USD,,38990073.0,38248872.0,2868628736.0
SYNX,Silynxcom Ltd.,Israel,ASE,USD,,6634400.0,1182727.0,6369024.0
SYPR,"Sypris Solutions, Inc.",,,,,23029970.0,10394807.0,53429528.0
SYRE,"Spyre Therapeutics, Inc.",United States,NMS,USD,,77592130.0,67572658.0,2555884544.0
SYY,Sysco Corporation,United States,NYQ,USD,,478861056.0,477467570.0,35545858048.0
SYZ,Lazard US Systematic Small Cap Equity ETF,,NGM,USD,,,,
SZK,ProShares UltraShort Consumer Staples,,PCX,USD,,,,
SZNE,Pacer CFRA-Stovall Equal Weight Seasonal Rotation ETF,,,,,,,
SZZL,Sizzle Acquisition Corp. II,United States,NGM,USD,,23600000.0,19699876.0,317669344.0
SZZLR,Sizzle Acquisition Corp. II,,,,,,19699876.0,
SZZLU,Sizzle Acquisition Corp. II,US,NASDAQ NMS - GLOBAL MARKET,USD,2025-04-02,,19699876.0,218.0
T,AT&T Inc.,United States,NYQ,USD,,7089449495.0,7075483279.0,176257007616.0
TABD,Transamerica Bond Active ETF,,PCX,USD,,,,
TAC,TransAlta Corporation,Canada,NYQ,USD,,296700000.0,246097815.0,3809628160.0
TACH,Titan Acquisition Corp,United States,NGM,USD,,27600000.0,23399970.0,353624992.0
TACHU,Titan Acquisition Corp,United States,NGM,USD,,,23399970.0,
TACHW,Titan Acquisition Corp,United States,NGM,USD,,,23399970.0,
TACK,Fairlead Tactical Sector Fund,,PCX,USD,,,,
TACN,"T. Rowe Price Exchange-Traded Funds, Inc. - T. Rowe Price Active Core International Equity ETF",United States,PCX,USD,,,,
TACO,Berto Acquisition Corp.,United States,NGM,USD,,37518750.0,30328282.0,380064960.0
TACOU,Berto Acquisition Corp.,United States,NGM,USD,,,30328282.0,
TACOW,Berto Acquisition Corp.,United States,NGM,USD,,,30328282.0,
TACT,TransAct Technologies Incorporated,United States,NGM,USD,,10112585.0,7952132.0,39641332.0
TACU,T Rowe Price Exchange-Traded Funds Inc. - Active Core U S Equity Etf,,,,,,,
TAFI,AB Tax-Aware Short Duration ETF,,PCX,USD,,,,
TAFL,AB Tax-Aware Long Municipal ETF,,PCX,USD,,,,
TAFM,AB Tax-Aware Intermediate Municipal ETF,,PCX,USD,,,,
TAGG,T. Rowe Price QM U.S. Bond ETF,,PCX,USD,,,,
TAGS,Teucrium Agricultural Fund,,PCX,USD,,,,
TAIL,Cambria Tail Risk ETF,,,,,,,
TAK,Takeda Pharmaceutical Company Limited,Japan,NYQ,USD,,3159188548.0,1578535946.0,52079300608.0
TAL,TAL Education Group,China,NYQ,USD,,461046181.0,129472710.0,6693739008.0
TALK,"Talkspace, Inc.",United States,NCM,USD,,165656124.0,127000267.0,609580352.0
TALKW,"Talkspace, Inc.",,,,,,,
TALO,Talos Energy Inc.,United States,NYQ,USD,,169988772.0,114065866.0,1903772288.0
TALV,Transamerica Large Value Active,,PCX,USD,,,,
TAN,Invesco Solar ETF,,PCX,USD,,,,
TANAF,Tian'an Technology Group Ltd.,,,,,45518000.0,5518147.0,22759000.0
TANH,Tantech Holdings Ltd,China,NCM,USD,,6138555.0,1407609.0,6261326.0
TAOP,Taoping Inc.,China,NCM,USD,,9238687.0,967548.0,13580870.0
TAOX,TAO Synergies Inc.,United States,NCM,USD,,7128912.0,6965375.0,30583032.0
TAP,Molson Coors Beverage Company,United States,NYQ,USD,,185297875.0,177573985.0,9179824128.0
TARA,"Protara Therapeutics, Inc.",US,NASDAQ NMS - GLOBAL MARKET,USD,2014-10-22,53587260.0,37890760.0,297409312.0
TARK,Tradr 2X Long Innovation ETF,,NGM,USD,,,,
TARS,"Tarsus Pharmaceuticals, Inc.",United States,NMS,USD,,42449105.0,30245836.0,3471487744.0
TASK,"TaskUs, Inc.",United States,NMS,USD,,35384927.0,17297795.0,1040706880.0
TATLY,Tata Steel Limited,,,,,1232120064.0,7875680658.0,13458657280.0
TATT,TAT Technologies Ltd.,Israel,NGM,USD,,12950637.0,12950637.0,588930176.0
TAVI,Tavia Acquisition Corp.,United States,NGM,USD,,15920833.0,9170718.0,165735872.0
TAVIR,Tavia Acquisition Corp.,United States,NGM,USD,,,9170718.0,
TAVIU,Tavia Acquisition Corp.,United States,NGM,USD,,13883300.0,9170718.0,145774656.0
TAX,Cambria Tax Aware ETF,,NGM,USD,,,,
TAXE,T. Rowe Price Intermediate Municipal Income ETF,,NGM,USD,,,,
TAXF,American Century Diversified Municipal Bond ETF,,,,,,,
TAXI,Northern Trust Intermediate Tax-Exempt Bond ETF,,,,,,,
TAXM,BondBloxx IR+M Tax-Aware ETF for Massachusetts Residents,,PCX,USD,,,,
TAXS,Northern Trust Short-Term Tax-Exempt Bond ETF,,NGM,USD,,,,
TAXT,Northern Trust Tax-Exempt Bond ETF,,NGM,USD,,,,
TAXX,Bondbloxx IR+M Tax-Aware Short Duration ETF,,,,,,,
TAYD,"Taylor Devices, Inc.",United States,NCM,USD,,3147497.0,3065819.0,193130416.0
TBB,AT&T Inc. 5.35% GLB NTS 66,,NYQ,USD,,6139780096.0,,137531064320.0
TBBB,BBB Foods Inc.,Mexico,NYQ,USD,,62048108.0,60974456.0,3936501504.0
TBBK,"The Bancorp, Inc.",United States,NMS,USD,,43917627.0,41604486.0,3217667072.0
TBCH,Turtle Beach Corporation,US,NASDAQ NMS - GLOBAL MARKET,USD,2012-03-22,19311014.0,11090315.0,280263904.0
TBF,ProShares Short 20+ Year Treasury,,PCX,USD,,,,
TBFC,The Brinsmere Fund - Conservative ETF,,PCX,USD,,,,
TBFG,The Brinsmere Fund - Growth ETF,,PCX,USD,,,,
TBG,TBG Dividend Focus ETF,,PCX,USD,,,,
TBH,"Brag House Holdings, Inc.",United States,NCM,USD,,20951363.0,13724531.0,11942277.0
TBHC,"The Brand House Collective, Inc.",United States,NMS,USD,,22461383.0,11522240.0,25381364.0
TBI,"TrueBlue, Inc.",United States,NYQ,USD,,29939468.0,29155952.0,139218528.0
TBIL,F/m US Treasury 3 Month Bill ETF,,,,,,,
TBLA,Taboola.com Ltd.,United States,NMS,USD,,258183722.0,146501055.0,1332267648.0
TBLAW,Taboola.com Ltd.,,,,,,146501055.0,
TBLD,Thornburg Income Builder Opportunities Trust,United States,NGM,USD,,32081883.0,,640675200.0
TBLL,Invesco Short Term Treasury ETF,,PCX,USD,,,,
TBLLF,Tombill Mines Limited,,,,,263503451.0,80078699.0,3451895.0
TBLU,Tortoise Global Water Fund,,NYQ,USD,,,,
TBN,Tamboran Resources Corporation,Australia,NYQ,USD,,21031663.0,16253688.0,556708160.0
TBNRL,Tamboran Resources Corporation,AU,"NEW YORK STOCK EXCHANGE, INC.",USD,2021-07-02,4206332600.0,16253688.0,440403040.0
TBPH,"Theravance Biopharma, Inc.",United States,NGM,USD,,50672431.0,22648043.0,954668608.0
TBRG,"TruBridge, Inc.",US,NASDAQ NMS - GLOBAL MARKET,USD,2002-05-21,15008986.0,10119673.0,331306944.0
TBT,ProShares UltraShort 20+ Year Treasury,,,,,,,
TBUX,T. Rowe Price Ultra Short-Term Bond ETF,,,,,,,
TBX,ProShares Short 7-10 Year Treasury,,PCX,USD,,,,
TBXU,Direxion Daily Biotech Top 5 Bull 2X ETF,,PCX,USD,,,,
TC,Token Cat Limited,China,NCM,USD,,1972557.0,8040257802.0,14067057.0
TCAF,T. Rowe Price Capital Appreciation Equity ETF,,PCX,USD,,,,
TCAI,Tortoise AI Infrastructure ETF,,,,,,,
TCAL,T. Rowe Price Capital Appreciation Premium Income ETF,,,,,,,
TCBI,"Texas Capital Bancshares, Inc.",United States,NMS,USD,,45643585.0,44827478.0,4291833088.0
TCBIO,"Texas Capital Bancshares, Inc.",United States,NMS,USD,,,44827478.0,
TCBK,TriCo Bancshares,,,,,32511648.0,30922479.0,1572924160.0
TCBS,"Texas Community Bancshares, Inc.",United States,NCM,USD,,2721248.0,2058243.0,48748412.0
TCBX,"Third Coast Bancshares, Inc.",United States,NYQ,USD,,13895078.0,12656671.0,547327104.0
TCEHY,Tencent Holdings Limited,,,,,9031818071.0,6248091240.0,705587576832.0
TCGL,TechCreate Group Ltd.,,ASE,USD,,17859750.0,,108292256.0
TCHI,iShares MSCI China Multisector Tech ETF,,NGM,USD,,,,
TCHP,T. Rowe Price Blue Chip Growth ETF,,,,,,,
TCI,"Transcontinental Realty Investors, Inc.",United States,NYQ,USD,,8639316.0,1171578.0,475680800.0
TCIIF,Tracsis plc,,,,,29749061.0,28798528.0,166594736.0
TCMD,"Tactile Systems Technology, Inc.",United States,NGM,USD,,22335582.0,19820819.0,662473344.0
TCMEF,Tencent Music Entertainment Group,CN,"NEW YORK STOCK EXCHANGE, INC.",CNY,2018-12-12,1416885996.0,1115311923.0,32768538624.0
TCOM,Trip.com Group Limited,Singapore,NMS,USD,,653603432.0,592493335.0,47386251264.0
TCPA,TransCanada PipeLines Limited 6,,NYQ,USD,,,,
TCPB,Thrivent Core Plus Bond ETF,,PCX,USD,,,,
TCPC,BlackRock TCP Capital Corp.,United States,NMS,USD,,84841037.0,,461535264.0
TCRT,"Alaunos Therapeutics, Inc.",United States,NCM,USD,,2231829.0,1735448.0,7208807.0
TCRX,"TScan Therapeutics, Inc.",United States,NGM,USD,,52471405.0,44031335.0,60152868.0
TCV,Towle Value ETF,,,,,,,
TCX,Tucows Inc.,Canada,NCM,USD,,11103919.0,5731399.0,248283632.0
TD,The Toronto-Dominion Bank,Canada,NYQ,USD,,1689495505.0,1627592867.0,162041888768.0
TDAC,Translational Development Acquisition Corp.,United States,NGM,USD,,17250000.0,13295881.0,229154640.0
TDACU,Translational Development Acquisition Corp.,United States,NGM,USD,,,13295881.0,
TDACW,Translational Development Acquisition Corp.,United States,NGM,USD,,13880000.0,13295881.0,4858000.0
TDAQ,TappAlpha Innovation 100 Growth & Daily Income ETF,,,,,,,
TDAY,"USA TODAY Co., Inc.",United States,NYQ,USD,,147108750.0,98220829.0,797329472.0
TDC,Teradata Corporation,United States,NYQ,USD,,93200000.0,82647896.0,2898315008.0
TDF,"Templeton Dragon Fund, Inc.",Singapore,NYQ,USD,,25272108.0,,290545760.0
TDG,TransDigm Group Incorporated,United States,NYQ,USD,,56318584.0,56054450.0,73776046080.0
TDI,Touchstone Dynamic International ETF,,NGM,USD,,,,
TDIC,Dreamland Limited,HK,NASDAQ NMS - GLOBAL MARKET,HKD,2025-07-23,36000000.0,8384882.0,7363000.0
TDIV,First Trust NASDAQ Technology Dividend Index Fund,,NGM,USD,,,,
TDOC,"Teladoc Health, Inc.",United States,NYQ,USD,,177473405.0,175489252.0,1263610624.0
TDS,"Telephone and Data Systems, Inc.",United States,NYQ,USD,,108004000.0,92752946.0,4650646016.0
TDSB,ETC Cabana Target Beta ETF,,NGM,USD,,,,
TDSC,ETC Cabana Target Drawdown 10 ETF,,NGM,USD,,,,
TDTF,FlexShares iBoxx 5-Year Target Duration TIPS Index Fund,,,,,,,
TDTT,FlexShares iBoxx 3-Year Target Duration TIPS Index Fund,,PCX,USD,,,,
TDUP,ThredUp Inc.,United States,NMS,USD,,104273162.0,99033540.0,779633984.0
TDVG,T. Rowe Price Dividend Growth ETF,,PCX,USD,,,,
TDW,Tidewater Inc.,United States,NYQ,USD,,49563157.0,45668484.0,2494513664.0
TDWD,Tailwind 2.0 Acquisition Corp.,US,NASDAQ NMS - GLOBAL MARKET,USD,2025-11-07,17795000.0,,231918256.0
TDWDR,Tailwind 2.0 Acquisition Corp.,,NGM,USD,,,,
TDWDU,Tailwind 2.0 Acquisition Corp.,,NGM,USD,,,,
TDY,Teledyne Technologies Incorporated,United States,NYQ,USD,,46950987.0,46462227.0,24290093056.0
TE,T1 Energy Inc.,United States,NYQ,USD,,212365815.0,101202929.0,1444087552.0
TEAD,Teads Holding Co.,United States,NMS,USD,,95470825.0,25138423.0,86887992.0
TEAM,Atlassian Corporation,Australia,NMS,USD,,168042351.0,166791387.0,42946191360.0
TEC,Harbor Transformative Technologies ETF,,PCX,USD,,,,
TECB,iShares U.S. Tech Breakthrough Multisector ETF,,PCX,USD,,,,
TECH,Bio-Techne Corporation,United States,NMS,USD,,155812701.0,153939832.0,9227228160.0
TECK,Teck Resources Limited,Canada,NYQ,USD,,480624385.0,442099274.0,23418034176.0
TECL,Direxion Daily Technology Bull 3X Shares,,,,,,,
TECS,Direxion Daily Technology Bear 3X Shares,,,,,,,
TECTP,"Tectonic Financial, Inc.",United States,NCM,USD,,4051660.0,,43757928.0
TECX,"Tectonic Therapeutic, Inc.",United States,NGM,USD,,18716280.0,12127962.0,390795904.0
TEDGF,,,,,,,,
TEF,"Telefónica, S.A.",Spain,NYQ,USD,,5637918350.0,3934344150.0,22450012160.0
TEI,Templeton Emerging Markets Income Fund,United States,NYQ,USD,,47228418.0,,302261856.0
TEK,iShares Technology Opportunities Active ETF,,,,,,,
TEKX,SPDR Galaxy Transformative Tech Accelerators ETF,,,,,,,
TEKY,Lazard Next Gen Technologies ETF,,NGM,USD,,,,
TEL,TE Connectivity plc,,,,,294189246.0,293647938.0,68481822720.0
TELA,"TELA Bio, Inc.",United States,NGM,USD,,44530535.0,19627770.0,50764812.0
TELO,"Telomir Pharmaceuticals, Inc.",United States,NCM,USD,,34380971.0,18742786.0,50196220.0
TEM,"Tempus AI, Inc.",United States,NMS,USD,,172863470.0,111964154.0,11154785280.0
TEMX,Touchstone Sands Capital Emerging Markets ex-China Growth ETF,,,,,,,
TEN,Tsakos Energy Navigation Limited,Greece,NYQ,USD,,30127603.0,19435654.0,677871104.0
TENB,"Tenable Holdings, Inc.",United States,NMS,USD,,119344266.0,118142469.0,2918388480.0
TENX,"Tenax Therapeutics, Inc.",United States,NCM,USD,,6243575.0,6165881.0,79106096.0
TEO,Telecom Argentina S.A.,Argentina,NYQ,USD,,125611604.0,183235776.0,5558075904.0
TEPBF,Temple Bar Investment Trust PLC,,,,,66872800.0,,340076480.0
TEQI,T. Rowe Price Equity Income ETF,,PCX,USD,,,,
TER,"Teradyne, Inc.",United States,NMS,USD,,156608303.0,156329540.0,31639726080.0
TERG,Leverage Shares 2X Long TER Daily ETF,,NGM,USD,,,,
TERN,"Terns Pharmaceuticals, Inc.",United States,NMS,USD,,108767281.0,65977134.0,4516017664.0
TESL,Simplify Volt TSLA Revolution ETF,,PCX,USD,,,,
TETUF,Technology & Telecommunication Acquisition Corporation,,,,,,466922.0,
TEVA,Teva Pharmaceutical Industries Limited,Israel,NYQ,USD,,1147282512.0,1142670436.0,36586840064.0
TEX,Terex Corporation,United States,NYQ,USD,,65589513.0,63981648.0,3619229184.0
TEXN,iShares Texas Equity ETF,,,,,,,
TEXU,Direxion Daily Energy Top 5 Bull 2X ETF,,PCX,USD,,,,
TFC,Truist Financial Corporation,United States,NYQ,USD,,1279246311.0,1276022610.0,65258311680.0
TFC.PRI,Truist Financial Corp,US,"NEW YORK STOCK EXCHANGE, INC.",USD,1980-03-18,,,64742.0
TFI,State Street SPDR Nuveen ICE Municipal Bond ETF,,PCX,USD,,,,
TFII,TFI International Inc.,Canada,NYQ,USD,,82287807.0,77026325.0,8807436288.0
TFIN,"Triumph Financial, Inc.",United States,NYQ,USD,,23763401.0,21350941.0,1521808128.0
TFIN.PR,,,,,,,,
TFLM,TOFLA MEGALINE INC.,,,,,5912535.0,1410553.0,956056.0
TFLO,iShares Treasury Floating Rate Bond ETF,,PCX,USD,,,,
TFLR,T. Rowe Price Floating Rate ETF,,PCX,USD,,,,
TFNS,T. Rowe Price Financials ETF,,NGM,USD,,,,
TFPM,Triple Flag Precious Metals Corp.,,,,,206561506.0,68846950.0,7354489856.0
TFPN,Blueprint Chesapeake Multi-Asset Trend ETF,,,,,,,
TFRY,"Tasty Fries, Inc.",,,,,,,839342.0
TFSA,"Terra Income Fund 6, LLC 7.00% ",,NYQ,USD,,,,
TFSL,TFS Financial Corporation,United States,NMS,USD,,280513055.0,50102325.0,3926825472.0
TFX,Teleflex Incorporated,United States,NYQ,USD,,44194408.0,41709356.0,5425305600.0
TG,Tredegar Corporation,United States,NYQ,USD,,34792151.0,28333995.0,258157776.0
TGAWF,,,,,,,1780990.0,
TGB,Taseko Mines Limited,Canada,ASE,USD,,360426610.0,354099983.0,2095297024.0
TGE,The Generation Essentials Group,France,NYQ,USD,,29175159.0,7450890.0,53791792.0
TGEN,Tecogen Inc.,United States,ASE,USD,,29846479.0,18164866.0,154604768.0
TGL,Treasure Global Inc.,United States,NCM,USD,,1526364.0,654275.0,10699812.0
TGLB,T. Rowe Price Global Equity ETF,,PCX,USD,,,,
TGLS,Tecnoglass Inc.,Colombia,NYQ,USD,,46569446.0,26328968.0,2392272384.0
TGNA,TEGNA Inc.,United States,NYQ,USD,,161056789.0,159881074.0,3124501504.0
TGRT,T. Rowe Price Growth ETF,,PCX,USD,,,,
TGRW,T. Rowe Price Growth Stock ETF,,,,,,,
TGS,Transportadora de Gas del Sur S.A.,Argentina,NYQ,USD,,69513693.0,156837766.0,5300256256.0
TGT,Target Corporation,United States,NYQ,USD,,452806418.0,451502336.0,45235433472.0
TGTX,"TG Therapeutics, Inc.",United States,NCM,USD,,158759451.0,140386483.0,4885028352.0
TH,Target Hospitality Corp.,US,NASDAQ NMS - GLOBAL MARKET,USD,2018-03-05,99779532.0,32172912.0,846130432.0
THAR,"Tharimmune, Inc.",,,,,35044812.0,32767600.0,90766064.0
THC,Tenet Healthcare Corporation,United States,NYQ,USD,,87885000.0,87181041.0,17723211776.0
THCH,TH International Limited,China,NCM,USD,,32010532.0,7160859.0,70103064.0
THCLY,,,,,,,,
THD,iShares MSCI Thailand ETF,,PCX,USD,,5100000.0,,310335008.0
THEQ,T. Rowe Price Hedged Equity ETF,,PCX,USD,,,,
THFF,First Financial Corporation,United States,NMS,USD,,11850645.0,11242351.0,734977024.0
THG,"The Hanover Insurance Group, Inc.",United States,NYQ,USD,,35583964.0,35260150.0,6588916224.0
THH,TryHard Holdings Limited,Japan,NCM,USD,,50046250.0,20662595.0,847533184.0
THIR,THOR Index Rotation ETF,,NYQ,USD,,,,
THKLF,"THK Co., Ltd.",,,,,112023363.0,105957240.0,2417464064.0
THLV,THOR Equal Weight Low Volatility ETF,,NYQ,USD,,,,
THM,International Tower Hill Mines Ltd.,Canada,ASE,USD,,207885473.0,107850983.0,438823136.0
THMZ,Lazard Equity Megatrends ETF,,NGM,USD,,,,
THNPF,Technip Energies N.V.,FR,NYSE EURONEXT - EURONEXT PARIS,EUR,2021-02-16,175474321.0,133622903.0,7310260224.0
THNQ,Robo Global Artificial Intelligence ETF,,PCX,USD,,,,
THNR,Amplify Weight Loss Drug & Treatment ETF,,PCX,USD,,,,
THO,"THOR Industries, Inc.",United States,NYQ,USD,,52838664.0,50355247.0,5609881088.0
THOOF,,,,,,,,
THPMF,,,,,,,,
THQ,Abrdn Healthcare Opportunities Fund,United States,NYQ,USD,,41407879.0,,798343936.0
THQQF,Embracer Group AB (publ),SE,NASDAQ OMX NORDIC,SEK,2016-11-22,214191466.0,136658918.0,1470831872.0
THR,"Thermon Group Holdings, Inc.",United States,NYQ,USD,,32840075.0,31990174.0,1250519168.0
THRM,Gentherm Incorporated,United States,NMS,USD,,30525148.0,28333442.0,1134314496.0
THRO,iShares U.S. Thematic Rotation Active ETF,,PCX,USD,,,,
THRV,Prospera Income ETF,,NGM,USD,,,,
THRY,"Thryv Holdings, Inc.",United States,NCM,USD,,43576891.0,36625070.0,268011360.0
THS,"TreeHouse Foods, Inc.",United States,NYQ,USD,,50500000.0,39901060.0,1195335040.0
THTA,SoFi Enhanced Yield ETF,,PCX,USD,,,,
THW,Abrdn World Healthcare Fund,United States,NYQ,USD,,40309202.0,,530872160.0
THY,Toews Agility Shares Dynamic Tactical Income ETF,,PCX,USD,,,,
THYF,T. Rowe Price U.S. High Yield ETF,,PCX,USD,,,,
THYM,T.Rowe Price High Income Municipal ETF,,NGM,USD,,,,
TIC,"TIC Solutions, Inc.",United States,NYQ,USD,,220559713.0,143783391.0,2344549888.0
TICAW,,,,,,,,
TIER,T. Rowe Price International Equity Research ETF,,PCX,USD,,,,
TIGO,Millicom International Cellular S.A.,LU,NASDAQ NMS - GLOBAL MARKET,USD,2004-01-01,167085000.0,96560092.0,9152915456.0
TIGR,UP Fintech Holding Limited,Singapore,NMS,USD,,171356833.0,1729523719.0,1613229056.0
TII,Titan Mining Corporation,Canada,ASE,USD,,91489771.0,38128362.0,297005856.0
TIIV,AAM Todd International Intrinsic Value ETF,,PCX,USD,,,,
TIL,"Instil Bio, Inc.",United States,NCM,USD,,6781976.0,3228627.0,76704152.0
TILE,"Interface, Inc.",United States,NMS,USD,,58390617.0,57138138.0,1662380800.0
TILL,Teucrium Agricultural Strategy No K-1 ETF,,,,,,,
TIMB,TIM S.A.,,,,,478425178.0,2404920989.0,9791004672.0
TIME,Clockwise Core Equity & Innovation ETF,,PCX,USD,,,,
TINFF,Tincorp Metals Inc.,,,,,71151868.0,40311091.0,10751156.0
TINS,Templeton International Insights ETF,,PCX,USD,,,,
TINT,ProShares Smart Materials ETF,,PCX,USD,,,,
TINY,ProShares Nanotechnology ETF,,PCX,USD,,,,
TIP,iShares TIPS Bond ETF,,PCX,USD,,177700000.0,,19555885056.0
TIPA,Northern Trust 2030 Inflation-Linked Distributing Ladder ETF,,PCX,USD,,,,
TIPB,Northern Trust 2035 Inflation-Linked Distributing Ladder ETF,,PCX,USD,,,,
TIPC,Northern Trust 2045 Inflation-Linked Distributing Ladder ETF,,PCX,USD,,,,
TIPD,Northern Trust 2055 Inflation-Linked Distributing Ladder ETF,,PCX,USD,,,,
TIPT,Tiptree Inc.,,,,,37823734.0,23317197.0,684987904.0
TIPX,State Street SPDR Bloomberg 1-10 Year TIPS ETF,,PCX,USD,,,,
TIPZ,PIMCO Broad U.S. TIPS Index Exchange-Traded Fund,,PCX,USD,,,,
TIRX,Tian Ruixiang Holdings Ltd.,China,NCM,USD,,26151462.0,,11095539.0
TISI,"Team, Inc.",United States,NYQ,USD,,4527240.0,2689181.0,61253556.0
TISNF,TIS Inc.,,,,,224811761.0,196251652.0,7255799808.0
TITN,Titan Machinery Inc.,United States,NMS,USD,,23370174.0,20284046.0,360411296.0
TIVC,"Tivic Health Systems, Inc.",United States,NCM,USD,,1765952.0,1569472.0,2843184.0
TIXC,Tix Corporation,,,,,23637175.0,14563573.0,2363.0
TJGC,TJGC Group Limited,Hong Kong,NCM,USD,,15300000.0,4050063.0,14008680.0
TJX,"The TJX Companies, Inc.",United States,NYQ,USD,,1110467095.0,1107846393.0,174853799936.0
TK,Teekay Corporation Ltd.,BM,"NEW YORK STOCK EXCHANGE, INC.",USD,1995-07-20,85269031.0,48929075.0,782769728.0
TKC,Turkcell Iletisim Hizmetleri A.S.,Turkey,NYQ,USD,,871414600.0,728836748.0,5001919488.0
TKLF,"Tokyo Lifestyle Co., Ltd.",Japan,NCM,USD,,4232781.0,12900247.0,12232738.0
TKLLF,"Takara Leben Co., Ltd.",,,,,135855592.0,104476432.0,539346688.0
TKMEF,,,,,,,290095988.0,
TKNO,"Alpha Teknova, Inc.",US,NASDAQ NMS - GLOBAL MARKET,USD,2021-06-25,53529174.0,10369136.0,216257872.0
TKNQ,Amplify Etf Trust - Amplify Tokenization Technology ETF,United States,ASE,USD,,,,
TKO,"TKO Group Holdings, Inc.",United States,NYQ,USD,,78922362.0,65651567.0,17859846144.0
TKR,The Timken Company,United States,NYQ,USD,,69655588.0,66906282.0,6026600960.0
TKRFF,Tinka Resources Limited,,,,,81739377.0,59744128.0,27342714.0
TLCI,Touchstone International Equity ETF,,PCX,USD,,,,
TLF,"Tandy Leather Factory, Inc.",United States,NCM,USD,,8067502.0,3770912.0,21701584.0
TLH,iShares 10-20 Year Treasury Bond ETF,,PCX,USD,,,,
TLK,Perusahaan Perseroan (Persero) PT Telekomunikasi Indonesia Tbk,Indonesia,NYQ,USD,,990622166.0,47372696337.0,21011095552.0
TLN,Talen Energy Corporation,United States,NMS,USD,,45687828.0,38849274.0,17567883264.0
TLNC,Talon Capital Corp.,United States,NGM,USD,,25679000.0,23124069.0,427440672.0
TLNCU,Talon Capital Corp.,United States,NGM,USD,,,23124069.0,
TLNCW,Talon Capital Corp.,United States,NGM,USD,,,23124069.0,
TLOFF,Talon Metals Corp.,,,,,1169628280.0,983669080.0,588323072.0
TLPC,"Telpac Industries, Inc.",,,,,29273376.0,,292.0
TLPFF,Teleperformance SE,,,,,58137704.0,52845332.0,4053360896.0
TLPFY,Teleperformance SE,FR,NYSE EURONEXT - EURONEXT PARIS,EUR,1985-01-07,116275408.0,52845332.0,4166148096.0
TLPH,"Talphera, Inc.",United States,NCM,USD,,46609618.0,25495461.0,51270584.0
TLRY,"Tilray Brands, Inc.",,,,,116000000.0,111090480.0,1113600000.0
TLS,Telos Corporation,United States,NGM,USD,,73754329.0,53779444.0,382047392.0
TLSA,Tiziana Life Sciences Ltd,GB,NASDAQ NMS - GLOBAL MARKET,USD,2018-11-20,120207401.0,63425878.0,177906960.0
TLSI,"TriSalus Life Sciences, Inc.",United States,NGM,USD,,49964311.0,39539258.0,343254816.0
TLSIW,"TriSalus Life Sciences, Inc.",,,,,,39539258.0,
TLT,iShares 20+ Year Treasury Bond ETF,,NGM,USD,,109700000.0,,9625077760.0
TLTD,FlexShares Morningstar Developed Markets ex-US Factor Tilt Index Fund,,,,,,,
TLTE,FlexShares Morningstar Emerging Markets Factor Tilt Index Fund,,PCX,USD,,,,
TLX,Telix Pharmaceuticals Limited,,,,,334724485.0,275385770.0,2687837440.0
TLYS,"Tilly's, Inc.",US,"NEW YORK STOCK EXCHANGE, INC.",USD,2012-05-04,23167562.0,9261863.0,55766820.0
TM,Toyota Motor Corporation,Japan,NYQ,USD,,1303338777.0,9759792849.0,282329219072.0
TMAK,"Touchmark Bancshares, Inc.",,,,,4475892.0,,44758920.0
TMB,Thornburg Multi Sector Bond ETF,,,,,,,
TMC,TMC the metals company Inc.,,,,,413492045.0,220825427.0,3647576320.0
TMCI,"Treace Medical Concepts, Inc.",United States,NMS,USD,,63718073.0,47680871.0,154197744.0
TMCWW,TMC the metals company Inc.,Canada,NMS,USD,,,220825427.0,
TMDE,TMD Energy Limited,Malaysia,ASE,USD,,23565000.0,3564913.0,12701534.0
TMDX,"TransMedics Group, Inc.",United States,NGM,USD,,34174325.0,33027435.0,4244450816.0
TME,Tencent Music Entertainment Group,China,NYQ,USD,,708442998.0,1115311923.0,29675628544.0
TMED,T. Rowe Price Health Care ETF,,NGM,USD,,,,
TMET,iShares Transition-Enabling Metals ETF,,NGM,USD,,,,
TMF,Direxion Daily 20+ Year Treasury Bull 3X Shares,,,,,,,
TMFM,Motley Fool Mid-Cap Growth ETF,,,,,,,
TMH,Precidian ETFs Trust - Toyota Motor Corporation ADRhedged,,PCX,USD,,,,
TMHC,Taylor Morrison Home Corporation,United States,NYQ,USD,,97725037.0,97101551.0,5836139520.0
TMLP,Tortoise Capital Series Trust - Tortoise MLP ETF,United States,ASE,USD,,,,
TMNL,T. Rowe Price Long Municipal Income ETF,,NGM,USD,,,,
TMNS,T.Rowe Price Short Municipal Income ETF,,NGM,USD,,,,
TMO,Thermo Fisher Scientific Inc.,United States,NYQ,USD,,375708059.0,374795088.0,218188693504.0
TMOL,"Trimol Group, Inc.",,,,,100472328.0,,20094.0
TMP,Tompkins Financial Corporation,United States,ASE,USD,,14431880.0,13858501.0,1069711488.0
TMQ,Trilogy Metals Inc.,Canada,ASE,USD,,171059888.0,86772856.0,795428480.0
TMSF,T. Rowe Price Multi-Sector Income ETF,,,,,,,
TMSL,T. Rowe Price Small-Mid Cap ETF,,PCX,USD,,,,
TMUS,"T-Mobile US, Inc.",United States,NMS,USD,,1118506626.0,531637384.0,226209218560.0
TMUSI,"T-Mobile US, Inc. 5.500% Senior Notes due June 2070",,,,,,,
TMUSL,"T-Mobile US, Inc. 6.250% Senior Notes due 2069",,NGM,USD,,,,
TMUSZ,"T-Mobile US, Inc. 5.500% Senior Notes due March 2070",,,,,,,
TMV,Direxion Daily 20+ Year Treasury Bear 3X Shares,,PCX,USD,,,,
TMVE,Thrivent Mid Cap Value ETF,,PCX,USD,,,,
TNA,Direxion Daily Small Cap Bull 3X Shares,,PCX,USD,,,,
TNC,Tennant Company,United States,NYQ,USD,,18125969.0,17880543.0,1393126272.0
TNDM,"Tandem Diabetes Care, Inc.",United States,NGM,USD,,67802359.0,62057465.0,1515382784.0
TNET,"TriNet Group, Inc.",US,"NEW YORK STOCK EXCHANGE, INC.",USD,2014-03-27,48030361.0,29158272.0,2849799680.0
TNGX,"Tango Therapeutics, Inc.",United States,NGM,USD,,134677094.0,80160147.0,1167650304.0
TNGY,Tortoise Energy Fund,,NYQ,USD,,,,
TNK,Teekay Tankers Ltd.,Bermuda,NYQ,USD,,29912967.0,23896473.0,1876847360.0
TNL,Travel + Leisure Co.,United States,NYQ,USD,,64328504.0,63071525.0,4715638784.0
TNON,"Tenon Medical, Inc.",US,NASDAQ NMS - GLOBAL MARKET,USD,2022-04-27,11106444.0,7992667.0,11883896.0
TNONW,"Tenon Medical, Inc.",,NCM,USD,,,,
TNTFF,PostNL N.V.,NL,NYSE EURONEXT - EURONEXT AMSTERDAM,EUR,2011-05-26,508680625.0,328056900.0,674146112.0
TNUK,Tortoise Capital Series Trust - Tortoise Nuclear Renaissance ETF,,PCX,USD,,,,
TNXP,Tonix Pharmaceuticals Holding Corp.,United States,NCM,USD,,11776542.0,11771831.0,191486576.0
TNYA,"Tenaya Therapeutics, Inc.",United States,NMS,USD,,216505885.0,106895113.0,163267088.0
TOAK,Twin Oak Short Horizon Absolute Return ETF,,PCX,USD,,,,
TOBAF,TAAT Global Alternatives Inc.,,,,,23109681.0,9817325.0,2310.0
TOGA,Tremblant Global ETF,,,,,,,
TOGIW,,,,,,,,
TOI,"The Oncology Institute, Inc.",United States,NCM,USD,,98381340.0,84878501.0,358108096.0
TOIIW,"The Oncology Institute, Inc.",United States,NCM,USD,,,84878501.0,
TOK,iShares MSCI Kokusai ETF,,PCX,USD,,,,
TOL,"Toll Brothers, Inc.",United States,NYQ,USD,,95003000.0,94249626.0,13408802816.0
TOLZ,ProShares DJ Brookfield Global Infrastructure ETF,,,,,,,
TOMZ,"TOMI Environmental Solutions, Inc.",US,NASDAQ NMS - GLOBAL MARKET,USD,2008-06-19,20277205.0,9825321.0,16201486.0
TONX,TON Strategy Co,United States,NCM,USD,,59090521.0,40835095.0,130430128.0
TOON,Kartoon Studios Inc.,United States,ASE,USD,,53896755.0,51096671.0,40148960.0
TOP,TOP Financial Group Limited,Singapore,NCM,USD,,27068205.0,,38921612.0
TOPC,iShares S&P 500 3% Capped ETF,,PCX,USD,,,,
TOPP,Toppoint Holdings Inc.,United States,ASE,USD,,19400000.0,6200046.0,17262120.0
TOPS,Top Ships Inc.,Greece,ASE,USD,,4626197.0,1254763.0,23408562.0
TOPT,iShares Top 20 U.S. Stocks ETF,,PCX,USD,,,,
TORO,Toro Corp.,Cyprus,NCM,USD,,21473509.0,11522273.0,120895856.0
TOST,"Toast, Inc.",United States,NYQ,USD,,515000000.0,476027160.0,21426718720.0
TOT,Lionshares U.S. Equity Total Return ETF,,PCX,USD,,,,
TOTL,State Street DoubleLine Total Return Tactical ETF,,PCX,USD,,,,
TOTR,T. Rowe Price Total Return ETF,,PCX,USD,,,,
TOUS,T. Rowe Price International Equity ETF,,PCX,USD,,,,
TOV,JLens 500 Jewish Advocacy U.S. ETF,,PCX,USD,,,,
TOVX,"Theriva Biologics, Inc.",United States,ASE,USD,,33739643.0,32990286.0,6454394.0
TOWN,TowneBank,,,,,78932955.0,72554025.0,2659250944.0
TOYO,"TOYO Co., Ltd.",Japan,NCM,USD,,37773997.0,7232499.0,228154928.0
TPB,"Turning Point Brands, Inc.",United States,NYQ,USD,,19070757.0,16015431.0,2027602816.0
TPC,Tutor Perini Corporation,United States,NYQ,USD,,52743248.0,45049590.0,3642448640.0
TPCS,TechPrecision Corporation,United States,NCM,USD,,10012950.0,8876480.0,48863204.0
TPET,Trio Petroleum Corp.,US,NYSE MKT LLC,USD,2023-04-18,8440849.0,6438595.0,6738330.0
TPG,TPG Inc.,United States,NMS,USD,,146498655.0,127297304.0,25089290240.0
TPGXL,"TPG Operating Group II, L.P. 6.950% Fixed-Rate Junior Subordinated Notes due 2064",,NGM,USD,,,,
TPH,"Tri Pointe Homes, Inc.",United States,NYQ,USD,,85953497.0,83581180.0,2817709824.0
TPHD,Timothy Plan High Dividend Stock ETF,,PCX,USD,,,,
TPIF,Timothy Plan International ETF,,PCX,USD,,,,
TPIHF,,,,,,,222812311.0,1212558976.0
TPL,Texas Pacific Land Corporation,United States,NYQ,USD,,68938230.0,58250047.0,19822499840.0
TPLC,Timothy Plan US Large/Mid Cap Core ETF,,PCX,USD,,,,
TPLS,Thornburg Core Plus Bond ETF,,NGM,USD,,,,
TPOR,Direxion Daily Transportation Bull 3X Shares,,PCX,USD,,,,
TPR,"Tapestry, Inc.",United States,NYQ,USD,,204649752.0,203665387.0,27179823104.0
TPRKY,Travis Perkins plc,,,,,211317151.0,208654555.0,1862180864.0
TPSC,Timothy Plan US Small Cap Core ETF,,PCX,USD,,,,
TPST,"Tempest Therapeutics, Inc.",,,,,4927161.0,4191112.0,14732211.0
TPTA,"Terra Property Trust, Inc. 6.00",,,,,,,
TPVG,TriplePoint Venture Growth BDC Corp.,United States,NYQ,USD,,40399797.0,,255326720.0
TPYP,Tortoise North American Pipeline Fund,,NYQ,USD,,0.0,,0.0
TPZ,Tortoise Essential Energy Fund,,NYQ,USD,,5890170.0,,120630680.0
TQQQ,ProShares UltraPro QQQ,,NGM,USD,,,,
TQQY,GraniteShares YieldBOOST QQQ ETF,,,,,,,
TR,"Tootsie Roll Industries, Inc.",US,"NEW YORK STOCK EXCHANGE, INC.",USD,1980-03-17,41820835.0,21650783.0,2734809088.0
TRAK,"ReposiTrak, Inc.",United States,NYQ,USD,,18288455.0,12725290.0,239944544.0
TRAW,"Traws Pharma, Inc.",United States,NCM,USD,,7990867.0,5869052.0,9349314.0
TRBF,Angel Oak Total Return ETF,,NGM,USD,,,,
TRC,Tejon Ranch Co.,United States,NYQ,USD,,26893955.0,19959349.0,426807072.0
TRDA,"Entrada Therapeutics, Inc.",United States,NGM,USD,,38219232.0,17473902.0,397862208.0
TREE,"LendingTree, Inc.",United States,NMS,USD,,13670696.0,13314438.0,743959232.0
TREX,"Trex Company, Inc.",United States,NYQ,USD,,107254784.0,106605893.0,3824705536.0
TRFK,Pacer Data and Digital Revolution ETF,,PCX,USD,,,,
TRFM,AAM Transformers ETF,,PCX,USD,,,,
TRGP,Targa Resources Corp.,United States,NYQ,USD,,214658564.0,211339943.0,39358590976.0
TRI,Thomson Reuters Corporation,Canada,NMS,USD,,444842487.0,131557717.0,60215005184.0
TRIB,Trinity Biotech plc,Ireland,NMS,USD,,18632019.0,280195469.0,18632020.0
TRIL,Defiance Trillion Dollar Club Index ETF,,NGM,USD,,,,
TRIN,Trinity Capital Inc.,,,,,75683355.0,72325285.0,1150386944.0
TRINI,Trinity Capital Inc. 7.875% Notes Due 2029,,NMS,USD,,,,
TRINZ,Trinity Capital Inc. 7.875% Notes due 2029,US,NASDAQ NMS - GLOBAL MARKET,USD,2021-01-29,,,1150.0
TRIP,"Tripadvisor, Inc.",US,NASDAQ NMS - GLOBAL MARKET,USD,2011-12-07,116908339.0,106067429.0,1646069376.0
TRKR,"Tracker Corporation of America, Inc. (The)",,,,,,1892349554.0,199999.0
TRLC,"TriLinc Global Impact Fund, LLC",,,,,18303923.0,36327515.0,54944684.0
TRLFF,Maven Brands Inc.,,,,,35140866.0,31055389.0,3514.0
TRMB,Trimble Inc.,United States,NMS,USD,,237920962.0,236778941.0,19085119488.0
TRMD,TORM plc,United Kingdom,NMS,USD,,101332707.0,58728460.0,1979027840.0
TRMK,Trustmark Corporation,United States,NMS,USD,,59958255.0,58588209.0,2423114240.0
TRMOY,,,,,,,,
TRN,"Trinity Industries, Inc.",,,,,80180523.0,79021113.0,2223027456.0
TRND,Pacer Trendpilot Fund of Funds ETF,,PCX,USD,,,,
TRNO,Terreno Realty Corporation,US,"NEW YORK STOCK EXCHANGE, INC.",USD,2010-02-10,102861798.0,101325249.0,6227019776.0
TRNR,Interactive Strength Inc.,United States,NCM,USD,,2777714.0,2385803.0,3972130.0
TRNS,"Transcat, Inc.",United States,NGM,USD,,9328412.0,9123094.0,549116992.0
TRON,Tron Inc.,United States,NCM,USD,,257115400.0,28802067.0,370246176.0
TROO,"TROOPS, Inc.",Hong Kong,NCM,USD,,122160166.0,62956089.0,244261120.0
TROW,"T. Rowe Price Group, Inc.",United States,NMS,USD,,218237000.0,214079585.0,23015172096.0
TROX,Tronox Holdings plc,United States,NYQ,USD,,158552328.0,117932807.0,680189440.0
TRP,TC Energy Corporation,Canada,NYQ,USD,,1041000000.0,998780000.0,58214342656.0
TRRXF,TNR Gold Corp.,,,,,209106780.0,177529565.0,27183880.0
TRS,TriMas Corporation,United States,NMS,USD,,40645671.0,31628429.0,1468934528.0
TRSG,Tungray Technologies Inc.,Singapore,NCM,USD,,11793485.0,1625373.0,18479440.0
TRSO,Transuite.Org Inc.,,,,,60059093.0,54844763.0,6906795.0
TRST,TrustCo Bank Corp NY,United States,NMS,USD,,18424019.0,17747673.0,802487744.0
TRT,Trio-Tech International,,,,,4350555.0,2400767.0,60864264.0
TRTN.PRD,,,,,,,,
TRTN.PRF,,,,,,,,
TRTX,"TPG RE Finance Trust, Inc.",United States,NYQ,USD,,78261346.0,69414683.0,690811200.0
TRU,TransUnion,United States,NYQ,USD,,194200000.0,193353288.0,17015779328.0
TRUD,VanEck Consumer Disc TruSector ETF,,NGM,USD,,,,
TRUE,"TrueCar, Inc.",United States,NMS,USD,,88940050.0,75635508.0,209009104.0
TRUG,"TruGolf Holdings, Inc.",United States,NCM,USD,,2386402.0,2076648.0,2057482.0
TRUP,"Trupanion, Inc.",United States,NGM,USD,,43198164.0,33611627.0,1630730752.0
TRUT,Vaneck Technology Trusector ETF,,NGM,USD,,,,
TRV,"The Travelers Companies, Inc.",United States,NYQ,USD,,223063417.0,221916871.0,65766096896.0
TRVG,trivago N.V.,Germany,NMS,USD,,23044682.0,56685993.0,203860800.0
TRVI,"Trevi Therapeutics, Inc.",US,NASDAQ NMS - GLOBAL MARKET,USD,2019-05-07,128230134.0,95230109.0,1647757312.0
TRX,TRX Gold Corporation,Canada,ASE,USD,,286956635.0,250271482.0,286956640.0
TS,Tenaris S.A.,Luxembourg,NYQ,USD,,507697758.0,321130296.0,19686555648.0
TSAT,Telesat Corporation,Canada,NMS,USD,,14685375.0,1174682.0,1487196416.0
TSBK,"Timberland Bancorp, Inc.",United States,NGM,USD,,7880773.0,7300196.0,282879136.0
TSCO,Tractor Supply Company,United States,NMS,USD,,528403595.0,526522478.0,27154659328.0
TSCV,Thrivent Small Cap Value ETF,,PCX,USD,,,,
TSDD,Graniteshares 2x Short TSLA Daily ETF,,NGM,USD,,,,
TSE,Trinseo PLC,United States,NYQ,USD,,35993589.0,28635060.0,19796474.0
TSEC,Touchstone Securitized Income ETF,,,,,,,
TSEL,Touchstone Sands Capital US Select Growth ETF,,NGM,USD,,,,
TSEM,Tower Semiconductor Ltd.,IL,NASDAQ NMS - GLOBAL MARKET,USD,1994-01-01,112123800.0,112032203.0,13635375104.0
TSGMY,,,,,,4675816.0,42520960.0,308603840.0
TSHA,"Taysha Gene Therapies, Inc.",US,NASDAQ NMS - GLOBAL MARKET,USD,2020-09-24,273919373.0,178058549.0,1596949888.0
TSHRF,,,,,,,,
TSI,"TCW Strategic Income Fund, Inc.",United States,NYQ,USD,,47785440.0,,237493632.0
TSIOF,361 Degrees International Limited,,,,,2067682000.0,717196179.0,1579645568.0
TSL,GraniteShares 1.25x Long Tsla Daily ETF,,NGM,USD,,,,
TSLA,"Tesla, Inc.",United States,NMS,USD,,3325819167.0,2385776379.0,1580396052480.0
TSLG,Leverage Shares 2X Long TSLA Daily ETF,,NGM,USD,,,,
TSLI,ProShares Ultra TSLA,,PCX,USD,,,,
TSLL,Direxion Daily TSLA Bull 2X Shares,,NGM,USD,,,,
TSLQ,Tradr 2X Short TSLA Daily ETF,,NGM,USD,,,,
TSLR,Graniteshares 2x Long TSLA Daily ETF,,,,,,,
TSLS,Direxion Daily TSLA Bear 1X Shares,,NGM,USD,,,,
TSLW,Roundhill ETF Trust - Roundhill TSLA WeeklyPay ETF,,,,,,,
TSLX,"Sixth Street Specialty Lending, Inc.",United States,NYQ,USD,,94493925.0,,2051463040.0
TSLY,YieldMax TSLA Option Income Strategy ETF,,PCX,USD,,,,
TSLZ,T-Rex 2X Inverse Tesla Daily Target ETF,,,,,,,
TSM,Taiwan Semiconductor Manufacturing Company Limited,Taiwan,NYQ,USD,,5186504904.0,24172224271.0,1570681126912.0
TSME,Thrivent Small-Mid Cap Equity ETF,,PCX,USD,,,,
TSMG,Leverage Shares 2X Long TSM Daily ETF,,NGM,USD,,,,
TSMU,GraniteShares 2x Long TSM Daily ETF,,NGM,USD,,,,
TSMX,Direxion Daily TSM Bull 2X Shares,,NGM,USD,,,,
TSMY,YieldMax TSM Option Income Strategy ETF,,,,,,,
TSMZ,Direxion Daily TSM Bear 1X Shares,,NGM,USD,,,,
TSN,"Tyson Foods, Inc.",United States,NYQ,USD,,283047857.0,275834099.0,20675010560.0
TSPA,T. Rowe Price US Equity Research ETF,,PCX,USD,,,,
TSPY,TappAlpha SPY Growth & Daily Income ETF,,NGM,USD,,,,
TSQ,"Townsquare Media, Inc.",United States,NYQ,USD,,15145320.0,13391040.0,84772176.0
TSREF,,,,,,,,
TSSHF,"Tess Holdings Co.,Ltd.",,,,,834336000.0,,
TSSI,"TSS, Inc.",United States,NCM,USD,,28845037.0,18919748.0,205088208.0
TSXD,Direxion Daily Semiconductors Top 5 Bear 2X ETF,,,,,,,
TSXU,Direxion Daily Semiconductors Top 5 Bull 2X ETF,,PCX,USD,,,,
TSYY,GraniteShares YieldBOOST TSLA ETF,,NGM,USD,,,,
TT,Trane Technologies plc,Ireland,NYQ,USD,,221739004.0,221178004.0,87357300736.0
TTAM,Titan America SA,Belgium,NYQ,USD,,184362465.0,32018229.0,3139692800.0
TTAN,"ServiceTitan, Inc.",United States,NMS,USD,,80718547.0,53656712.0,10086678528.0
TTC,The Toro Company,United States,NYQ,USD,,97904689.0,97543421.0,7775589888.0
TTD,"The Trade Desk, Inc.",United States,NGM,USD,,440318931.0,437590487.0,18731403264.0
TTE,TotalEnergies SE,France,NYQ,USD,,2144438387.0,1768175627.0,140525043712.0
TTEC,"TTEC Holdings, Inc.",United States,NMS,USD,,48549666.0,20141314.0,173079552.0
TTEK,"Tetra Tech, Inc.",,,,,260828236.0,259224142.0,8942178304.0
TTEQ,T. Rowe Price Technology ETF,,NGM,USD,,,,
TTGT,"TechTarget, Inc.",United States,NMS,USD,,72157906.0,21767876.0,375221088.0
TTI,"TETRA Technologies, Inc.",United States,NYQ,USD,,133746714.0,125897119.0,1249194368.0
TTIRF,Tertiary Minerals plc,,,,,5154355727.0,3324814422.0,3275684.0
TTMI,"TTM Technologies, Inc.",United States,NMS,USD,,103330725.0,101740465.0,7410880000.0
TTOP,21Shares FTSE Crypto 10 Index ETF,,PCX,USD,,,,
TTRX,Turn Therapeutics Inc.,United States,NGM,USD,,29445183.0,10485430.0,80679808.0
TTSH,"Tile Shop Holdings, Inc.",United States,NCM,USD,,44715001.0,4393.0,164722080.0
TTT,ProShares UltraPro Short 20+ Year Treasury,,PCX,USD,,,,
TTTRF,Treatt plc,,,,,58954288.0,42272091.0,183812000.0
TTWO,"Take-Two Interactive Software, Inc.",United States,NMS,USD,,184778832.0,172442997.0,47320010752.0
TTXD,Direxion Daily Technology Top 5 Bear 2X ETF,,PCX,USD,,,,
TTXU,Direxion Daily Technology Top 5 Bull 2X ETF,,PCX,USD,,,,
TU,TELUS Corporation,Canada,NYQ,USD,,1550956136.0,1545693480.0,20007333888.0
TUA,Simplify Short Term Treasury Futures Strategy ETF,,PCX,USD,,,,
TUG,STF Tactical Growth ETF,,NGM,USD,,,,
TUGN,STF Tactical Growth & Income ETF,,NGM,USD,,,,
TUR,iShares MSCI Turkey ETF,,,,,15650000.0,,543993984.0
TURB,"Turbo Energy, S.A.",Spain,NCM,USD,,11017140.0,13503708.0,10699846.0
TURF,T. Rowe Price Natural Resources ETF,,NGM,USD,,,,
TUSB,Thrivent Ultra Short Bond ETF,,PCX,USD,,,,
TUSK,"Mammoth Energy Services, Inc.",United States,NMS,USD,,48194035.0,42473885.0,90604784.0
TUYA,Tuya Inc.,China,NYQ,USD,,538999757.0,280538937.0,1346250240.0
TV,"Grupo Televisa, S.A.B.",Mexico,NYQ,USD,,533539658.0,1745129309.0,1573942016.0
TVA,Texas Ventures Acquisition III Corp,United States,NGM,USD,,22500000.0,18550200.0,320700000.0
TVACU,Texas Ventures Acquisition III Corp,United States,NGM,USD,,,18550200.0,
TVACW,Texas Ventures Acquisition III Corp,United States,NGM,USD,,,18550200.0,
TVAI,Thayer Ventures Acquisition Corporation II,United States,NGM,USD,,20487500.0,18737385.0,274949856.0
TVAIR,Thayer Ventures Acquisition Corporation II,,,,,,18737385.0,
TVAIU,Thayer Ventures Acquisition Corporation II,United States,NGM,USD,,,18737385.0,
TVAL,T. Rowe Price Value ETF,,,,,,,
TVC,Tennessee Valley Authority,United States,NYQ,USD,,525000.0,,12684000.0
TVE,Tennessee Valley Authority PARRS A 2029,,NYQ,USD,,525000.0,,12720750.0
TVFCF,TF1 SA,,,,,210393822.0,90763647.0,1944038912.0
TVGNW,Tevogen Bio Holdings Inc.,,,,,,25360782.0,
TVRD,"Tvardi Therapeutics, Inc.",United States,NCM,USD,,9381344.0,6261484.0,38838764.0
TVTX,"Travere Therapeutics, Inc.",United States,NGM,USD,,89472327.0,77295143.0,3546683136.0
TW,Tradeweb Markets Inc.,United States,NMS,USD,,116487927.0,116320912.0,23552538624.0
TWAV,"TaoWeave, Inc.",United States,NCM,USD,,3207210.0,2923179.0,6318206.0
TWELF,Tokenwell Platforms Inc.,,,,,61533092.0,50961091.0,3999650.0
TWFG,"TWFG, Inc.",United States,NMS,USD,,15028681.0,13537535.0,437635200.0
TWG,Top Wealth Group Holding Limited,Hong Kong,NCM,USD,,1300029.0,360581.0,5945441.0
TWI,"Titan International, Inc.",United States,NYQ,USD,,63951494.0,48485465.0,504577280.0
TWIN,"Twin Disc, Incorporated",United States,NMS,USD,,14388031.0,10230897.0,244489936.0
TWLO,Twilio Inc.,United States,NYQ,USD,,151612818.0,145069209.0,21551284224.0
TWLVU,Twelve Seas Investment Company III,United States,NGM,USD,,,,
TWM,ProShares UltraShort Russell2000,,PCX,USD,,,,
TWN,"The Taiwan Fund, Inc.",United States,NYQ,USD,,6103804.0,,364458144.0
TWO,Two Harbors Investment Corp.,United States,NYQ,USD,,104161990.0,103000730.0,1132240896.0
TWOA.U,,,,,,,,
TWOCF,,,,,,,,
TWOD,Two Harbors Investment Corp.,United States,NYQ,USD,,,103000730.0,
TWOX,iShares Large Cap Accelerated Outcome ETF,,,,,,,
TWST,Twist Bioscience Corporation,United States,NMS,USD,,61148026.0,55758439.0,2020942208.0
TX,Ternium S.A.,LU,"NEW YORK STOCK EXCHANGE, INC.",USD,2006-02-01,196307678.0,429481936.0,7546066944.0
TXBC,21Shares FTSE Crypto 10 ex-BTC Index ETF,,,,,,,
TXCCQ,TranSwitch Corporation,,,,,46644551.0,,4664.0
TXG,"10x Genomics, Inc.",United States,NMS,USD,,116474179.0,114357133.0,2086859776.0
TXMD,"TherapeuticsMD, Inc.",United States,NMS,USD,,11574362.0,9567715.0,20139392.0
TXN,Texas Instruments Incorporated,United States,NMS,USD,,908623020.0,906324204.0,160808189952.0
TXNM,"TXNM Energy, Inc.",United States,NYQ,USD,,108921356.0,99783943.0,6417646080.0
TXO,"TXO Partners, L.P.",United States,NYQ,USD,,54784292.0,41425142.0,577974272.0
TXRH,"Texas Roadhouse, Inc.",United States,NMS,USD,,66146079.0,65736635.0,11346442240.0
TXRP,"TX Rail Products, Inc",,,,,45000000.0,32368950.0,9342000.0
TXS,Texas Capital Texas Equity Index ETF,,PCX,USD,,,,
TXT,Textron Inc.,United States,NYQ,USD,,176224064.0,175085657.0,16077681664.0
TXUE,Thornburg International Equity ETF,,NGM,USD,,,,
TXUG,Thornburg International Growth ETF,,NGM,USD,,,,
TXXD,21Shares 2x Long Dogecoin ETF,,NGM,USD,,,,
TXXI,BondBloxx IR+M Tax-Aware Intermediate Duration ETF,,PCX,USD,,,,
TXXS,21Shares 2x Long Sui ETF,,NGM,USD,,,,
TY,Tri-Continental Corporation,United States,NYQ,USD,,52329153.0,,1712733184.0
TYA,Simplify Intermediate Term Treasury Futures Strategy ETF,,,,,,,
TYD,Direxion Daily 7-10 Year Treasury Bull 3X Shares,,,,,,,
TYG,Tortoise Energy Infrastructure Corporation,United States,NYQ,USD,,21124673.0,,863576704.0
TYGO,"Tigo Energy, Inc.",United States,NCM,USD,,70352248.0,29244022.0,104824848.0
TYHOY,Toyota Tsusho Corporation,,,,,2111553248.0,658646247.0,38007959552.0
TYL,"Tyler Technologies, Inc.",United States,NYQ,USD,,43027728.0,42819474.0,19946291200.0
TYLG,Global X Information Technology Covered Call & Growth ETF,,,,,,,
TYO,Direxion Daily 7-10 Year Treasury Bear 3X Shares,,PCX,USD,,,,
TYRA,"Tyra Biosciences, Inc.",US,NASDAQ NMS - GLOBAL MARKET,USD,2021-09-15,53372098.0,17834820.0,1385539584.0
TZA,Direxion Daily Small Cap Bear 3X Shares,,PCX,USD,,,,
TZOO,Travelzoo,United States,NMS,USD,,10932337.0,6524419.0,76976392.0
U,Unity Software Inc.,United States,NYQ,USD,,427912843.0,350571876.0,19320264704.0
UA,"Under Armour, Inc.",United States,NYQ,USD,,200604976.0,300554513.0,1937546624.0
UAA,"Under Armour, Inc.",United States,NYQ,USD,,188834386.0,300554513.0,1971085696.0
UAE,iShares MSCI UAE ETF,,,,,,,
UAL,"United Airlines Holdings, Inc.",United States,NMS,USD,,323737989.0,321377939.0,36919078912.0
UAMY,United States Antimony Corporation,,,,,140035604.0,121687443.0,873822080.0
UAN,"CVR Partners, LP",United States,NYQ,USD,,10569637.0,10259735.0,1027791552.0
UAPC,"UAPC, Inc.",,,,,351867911.0,,422241.0
UAVS,"AgEagle Aerial Systems, Inc.",US,NYSE MKT LLC,USD,1999-12-03,43551112.0,38137082.0,40938044.0
UBCP,"United Bancorp, Inc.",US,NASDAQ NMS - GLOBAL MARKET,USD,1993-03-01,5774011.0,4914723.0,85397640.0
UBER,"Uber Technologies, Inc.",United States,NYQ,USD,,2077830381.0,2066755545.0,169461121024.0
UBFO,United Security Bancshares,United States,NMS,USD,,17577353.0,13585431.0,178058576.0
UBND,VictoryShares Core Plus Intermediate Bond ETF,,,,,,,
UBOH,"United Bancshares, Inc.",,,,,2966066.0,,132740344.0
UBOT,"Direxion Daily Robotics, Artificial Intelligence & Automation Index Bull 2X Shares",,,,,,,
UBR,ProShares Ultra MSCI Brazil Capped,,PCX,USD,,,,
UBRL,GraniteShares 2x Long UBER Daily ETF,,NGM,USD,,,,
UBS,UBS Group AG,Switzerland,NYQ,USD,,3123964620.0,3125086443.0,148957249536.0
UBSI,"United Bankshares, Inc.",US,NASDAQ NMS - GLOBAL MARKET,USD,1970-09-16,139312926.0,136811247.0,5546455552.0
UBSMF,UBS ETF SICAV - MSCI Pacific (ex Japan) UCITS ETF,,,,,,,
UBT,ProShares Ultra 20+ Year Treasury,,PCX,USD,,,,
UBXG,U-BX Technology Ltd.,China,NCM,USD,,22624607.0,22486884.0,59054084.0
UCAPF,OSSIAM LUX,,,,,,,
UCAR,U Power Limited,China,NCM,USD,,4603440.0,3060176.0,8379438.0
UCB,"United Community Banks, Inc.",US,"NEW YORK STOCK EXCHANGE, INC.",USD,2001-05-16,121556906.0,120758277.0,3922641408.0
UCC,ProShares Ultra Consumer Discretionary,,PCX,USD,,,,
UCFI,CN Healthy Food Tech Group Corp.,United States,NCM,USD,,52235000.0,4545490.0,287867104.0
UCFIW,CN Healthy Food Tech Group Corp.,United States,NCM,USD,,,4545490.0,
UCIB,UBS ETRACS UBS Bloomberg Constant Maturity Commodity Index (CMCI) Total Return ETN Series B,,PCX,USD,,,,
UCL,uCloudlink Group Inc.,Hong Kong,NGM,USD,,25425346.0,150123307.0,77146920.0
UCO,ProShares Ultra Bloomberg Crude Oil,,PCX,USD,,,,
UCON,First Trust Smith Unconstrained Plus Bond ETF,,PCX,USD,,,,
UCRD,VictoryShares ESG Corporate Bond ETF,,NGM,USD,,,,
UCTT,"Ultra Clean Holdings, Inc.",United States,NMS,USD,,45387088.0,44519287.0,1181879808.0
UCYB,ProShares Ultra Nasdaq Cybersecurity,,NGM,USD,,,,
UDEC,Innovator U.S. Equity Ultra Buffer ETF - December,,,,,,,
UDI,USCF Dividend Income ETF,,PCX,USD,,,,
UDIV,Franklin U.S. Core Dividend Tilt Index ETF,,PCX,USD,,,,
UDMY,"Udemy, Inc.",United States,NMS,USD,,144445519.0,88641378.0,870941760.0
UDN,Invesco DB US Dollar Index Bearish Fund,,PCX,USD,,,,
UDOW,ProShares UltraPro Dow30,,,,,,,
UDR,"UDR, Inc.",United States,NYQ,USD,,330489065.0,298484878.0,13745614848.0
UE,Urban Edge Properties,United States,NYQ,USD,,125853674.0,125682513.0,2615503872.0
UEC,Uranium Energy Corp.,United States,ASE,USD,,483377402.0,474715279.0,5902038016.0
UEIC,Universal Electronics Inc.,United States,NMS,USD,,13366106.0,10948979.0,41702248.0
UEVM,VictoryShares Emerging Markets Value Momentum ETF,,NGM,USD,,,,
UFCS,"United Fire Group, Inc.",United States,NMS,USD,,25514329.0,22072446.0,929742080.0
UFG,Uni-Fuels Holdings Limited,Singapore,NCM,USD,,9765000.0,2414918.0,26346912.0
UFI,"Unifi, Inc.",United States,NYQ,USD,,18360663.0,14549357.0,62059048.0
UFIV,F/m US Treasury 5 Year Note ETF,,NGM,USD,,,,
UFO,Procure Space ETF,,NGM,USD,,,,
UFPI,"UFP Industries, Inc.",United States,NMS,USD,,58257224.0,57142763.0,5408018432.0
UFPT,"UFP Technologies, Inc.",United States,NCM,USD,,7712444.0,7430631.0,1829545984.0
UG,"United-Guardian, Inc.",United States,NGM,USD,,4594319.0,2949185.0,28484776.0
UGA,"United States Gasoline Fund, LP",,PCX,USD,,,,
UGE,ProShares Ultra Consumer Staples,,PCX,USD,,,,
UGHB,Universal Global Hub Inc.,,,,,49511775.0,4945236.0,4951.0
UGI,UGI Corporation,US,"NEW YORK STOCK EXCHANGE, INC.",USD,1905-04-12,214806398.0,214466417.0,8186272256.0
UGL,ProShares Ultra Gold,,PCX,USD,,,,
UGP,Ultrapar Participações S.A.,Brazil,NYQ,USD,,1068706822.0,679334595.0,3996963584.0
UHGWW,"United Homes Group, Inc.",,NCM,USD,,,,
UHS,"Universal Health Services, Inc.",United States,NYQ,USD,,55233701.0,52392814.0,14486712320.0
UHT,Universal Health Realty Income Trust,United States,NYQ,USD,,13873618.0,12759983.0,545669568.0
UI,Ubiquiti Inc.,United States,NYQ,USD,,60499655.0,4193836.0,34528362496.0
UIS,Unisys Corporation,United States,NYQ,USD,,71306106.0,66247651.0,203935456.0
UITB,VictoryShares Core Intermediate Bond ETF,,NGM,USD,,,,
UIVM,VictoryShares International Value Momentum ETF,,NGM,USD,,,,
UJB,ProShares Ultra High Yield,,PCX,USD,,,,
UK,Ucommune International Ltd,China,NCM,USD,,2075569.0,2047543.0,1755964.0
UL,Unilever PLC,United Kingdom,NYQ,USD,,2180690335.0,2162247872.0,144895164416.0
ULBI,Ultralife Corporation,United States,NGM,USD,,16648947.0,10428734.0,95897936.0
ULCC,"Frontier Group Holdings, Inc.",United States,NMS,USD,,228229561.0,57432337.0,1074961280.0
ULE,ProShares Ultra Euro,,PCX,USD,,,,
ULH,"Universal Logistics Holdings, Inc.",United States,NMS,USD,,26330058.0,6681252.0,412328704.0
ULS,UL Solutions Inc.,United States,NYQ,USD,,77257235.0,70108471.0,16072938496.0
ULST,State Street Ultra Short Term Bond ETF,,PCX,USD,,,,
ULTA,"Ulta Beauty, Inc.",US,NASDAQ NMS - GLOBAL MARKET,USD,2007-10-25,44362172.0,44189603.0,27240204288.0
ULTI,REX IncomeMax Option Strategy ETF,,NGM,USD,,,,
ULTY,YieldMax Ultra Option Income Strategy ETF,,PCX,USD,,,,
ULVM,VictoryShares US Value Momentum ETF,,NGM,USD,,,,
UMAC,"Unusual Machines, Inc.",United States,ASE,USD,,36875549.0,34224197.0,450250496.0
UMAR,Innovator U.S. Equity Ultra Buffer ETF - March,,,,,,,
UMBF,UMB Financial Corporation,United States,NMS,USD,,75954660.0,72932424.0,9031008256.0
UMBFO,UMB Financial Corporation,United States,NMS,USD,,,72932424.0,
UMC,United Microelectronics Corporation,Taiwan,NYQ,USD,,2517631269.0,11684995860.0,20191404032.0
UMDD,ProShares UltraPro MidCap400,,PCX,USD,,,,
UMH,"UMH Properties, Inc.",,,,,85230670.0,79998359.0,1360281472.0
UMI,USCF Midstream Energy Income Fund,,PCX,USD,,,,
UMMA,Wahed Dow Jones Islamic World ETF,,,,,,,
UNB,"Union Bankshares, Inc.",United States,NGM,USD,,4582423.0,3784257.0,107778592.0
UNCY,"Unicycive Therapeutics, Inc.",US,NASDAQ NMS - GLOBAL MARKET,USD,2021-06-17,21491396.0,17837429.0,130452776.0
UNF,UniFirst Corporation,United States,NYQ,USD,,14530548.0,14370525.0,3579541760.0
UNFI,"United Natural Foods, Inc.",United States,NYQ,USD,,60931817.0,59780206.0,2035731968.0
UNG,"United States Natural Gas Fund, LP",,,,,12084600.0,,154803728.0
UNH,UnitedHealth Group Incorporated,United States,NYQ,USD,,905838620.0,898048408.0,300584402944.0
UNHG,Leverage Shares 2X Long UNH Daily ETF,,NGM,USD,,,,
UNHLF,EC Healthcare,,,,,1175246772.0,451518084.0,110229880.0
UNHRF,UTD HAMPSHIRE US REIT,,,,,605463379.0,512822109.0,236130704.0
UNIT,Uniti Group Inc.,United States,NMS,USD,,239036325.0,179867663.0,1680425344.0
UNIY,WisdomTree Voya Yield Enchanced USD Universal Bond Fund,,NGM,USD,,,,
UNL,"United States 12 Month Natural Gas Fund, LP",,PCX,USD,,,,
UNLYD,,,,,,2180690335.0,2162247872.0,152626511872.0
UNM,Unum Group,United States,NYQ,USD,,167331269.0,152082370.0,13427495936.0
UNMA,Unum Group 6.250% JR NT58,,,,,226102000.0,,5216173056.0
UNP,Union Pacific Corporation,United States,NYQ,USD,,593160889.0,591962704.0,138467475456.0
UNTCW,,,,,,,9737282.0,
UNTY,"Unity Bancorp, Inc.",United States,NGM,USD,,10039444.0,7230207.0,527070816.0
UNVGY,Universal Music Group N.V.,NL,NYSE EURONEXT - EURONEXT AMSTERDAM,EUR,2021-09-21,3667771530.0,1034513200.0,47497641984.0
UNX,Tradr 2X Long U Daily ETF,,,,,,,
UOKA,MDJM Ltd,GB,NASDAQ NMS - GLOBAL MARKET,USD,2019-01-08,1068686.0,1062627.0,2244240.0
UONE,"Urban One, Inc.",US,NASDAQ NMS - GLOBAL MARKET,USD,1999-05-06,6150809.0,18129828.0,47202212.0
UP,Wheels Up Experience Inc.,United States,NYQ,USD,,721707858.0,111951323.0,484698976.0
UPAR,UPAR Ultra Risk Parity ETF,,PCX,USD,,,,
UPB,"Upstream Bio, Inc.",United States,NMS,USD,,54038591.0,34181030.0,1593057664.0
UPBD,"Upbound Group, Inc.",United States,NMS,USD,,57905731.0,52385578.0,1020299072.0
UPC,Universe Pharmaceuticals INC,China,NCM,USD,,563338.0,563332.0,3165959.0
UPGD,Invesco Bloomberg Analyst Rating Improvers ETF,,PCX,USD,,,,
UPGR,Xtrackers US Green Infrastructure Select Equity ETF,,NGM,USD,,,,
UPLD,"Upland Software, Inc.",United States,NGM,USD,,28891348.0,21504986.0,44203760.0
UPRO,ProShares UltraPro S&P500,,PCX,USD,,,,
UPS,"United Parcel Service, Inc.",United States,NYQ,USD,,738990054.0,738231213.0,85296685056.0
UPSG,Leverage Shares 2X Long UPS Daily ETF,,,,,,,
UPST,"Upstart Holdings, Inc.",United States,NMS,USD,,97286484.0,85008930.0,4618189312.0
UPV,ProShares Ultra FTSE Europe,,,,,,,
UPW,ProShares Ultra Utilities,,PCX,USD,,,,
UPWK,Upwork Inc.,United States,NMS,USD,,130654883.0,121937589.0,2764847104.0
UPXI,"Upexi, Inc.",United States,NCM,USD,,63208083.0,47330308.0,118199120.0
URA,Global X Uranium ETF,,PCX,USD,,,,
URAA,Direxion Daily Uranium Bull 2X ETF,,PCX,USD,,,,
URBN,"Urban Outfitters, Inc.",United States,NMS,USD,,89678939.0,64463912.0,6911224832.0
URE,ProShares Ultra Real Estate,,PCX,USD,,,,
URG,Ur-Energy Inc.,United States,ASE,USD,,376213626.0,323348087.0,519174816.0
URGN,UroGen Pharma Ltd.,United States,NGM,USD,,46808892.0,37059068.0,1078008832.0
URI,"United Rentals, Inc.",United States,NYQ,USD,,63630147.0,63378172.0,53270671360.0
URNCF,,,,,,,,
URNJ,Sprott Junior Uranium Miners ETF,,NGM,USD,,,,
URNM,Sprott Uranium Miners ETF,,,,,,,
UROY,Uranium Royalty Corp.,Canada,NCM,USD,,138352709.0,117300961.0,504987392.0
URPLF,New Klondike Exploration Ltd.,,,,,247306335.0,,2473.0
URSP,ProShares Trust,,PCX,USD,,,,
URTH,iShares MSCI World ETF,,,,,6900000.0,,1295889024.0
URTY,ProShares UltraPro Russell2000,,PCX,USD,,,,
USA,Liberty All-Star Equity Fund,United States,NYQ,USD,,294774236.0,,1871816448.0
USAC,"USA Compression Partners, LP",,,,,122685471.0,83246999.0,2809497344.0
USAF,Atlas America Fund,,NGM,USD,,,,
USAI,Pacer American Energy Independence ETF,,PCX,USD,,,,
USAR,"USA Rare Earth, Inc.",United States,NGM,USD,,139178561.0,101158125.0,1880302336.0
USAS,Americas Gold and Silver Corporation,Canada,ASE,USD,,317792103.0,215551720.0,1966520192.0
USAU,U.S. Gold Corp.,United States,NCM,USD,,16312361.0,11156580.0,367680640.0
USB,U.S. Bancorp,United States,NYQ,USD,,1554434067.0,1550003930.0,85574860800.0
USB.PRQ,US Bancorp,US,"NEW YORK STOCK EXCHANGE, INC.",USD,1984-05-07,,,85478.0
USB.PRS,US Bancorp,US,"NEW YORK STOCK EXCHANGE, INC.",USD,1984-05-07,,,85478.0
USBC,"USBC, Inc.",United States,ASE,USD,,388143679.0,15886721.0,272084928.0
USCA,Xtrackers MSCI USA Climate Action Equity ETF,,PCX,USD,,,,
USCB,"USCB Financial Holdings, Inc.",United States,NGM,USD,,18110385.0,14382000.0,376068128.0
USCI,"United States Commodity Index Fund, LP",,PCX,USD,,,,
USCL,Ishares Climate Conscious & Transition MSCI USA ETF,,NGM,USD,,,,
USD,ProShares Ultra Semiconductors,,PCX,USD,,,,
USDU,WisdomTree Bloomberg U.S. Dollar Bullish Fund,,PCX,USD,,,,
USDX,SGI Enhanced Core ETF,,,,,,,
USE,USCF Energy Commodity Strategy Absolute Return Fund,,PCX,USD,,,,
USEA,United Maritime Corporation,Greece,NCM,USD,,9105456.0,7120193.0,19901728.0
USEG,U.S. Energy Corp.,United States,NCM,USD,,35833823.0,14691340.0,33690960.0
USFD,US Foods Holding Corp.,United States,NYQ,USD,,222941412.0,221675105.0,17196357632.0
USFI,Brandywineglobal-U.S. Fixed Income ETF,,NGM,USD,,,,
USFR,WisdomTree Floating Rate Treasury Fund,,PCX,USD,,,,
USG,USCF Gold Strategy Plus Income Fund,,,,,,,
USGO,U.S. GoldMining Inc.,United States,NCM,USD,,13273195.0,2850950.0,132997416.0
USGOW,U.S. GoldMining Inc.,,NCM,USD,,,,
USIG,iShares Broad USD Investment Grade Corporate Bond ETF,,NGM,USD,,,,
USIN,Wisdomtree 7-10 Year Laddered Treasury Fund ETF,,NGM,USD,,,,
USIO,"Usio, Inc.",United States,NGM,USD,,27307839.0,22047530.0,36319428.0
USL,"United States 12 Month Oil Fund, LP",,PCX,USD,,,,
USLM,"United States Lime & Minerals, Inc.",US,NASDAQ NMS - GLOBAL MARKET,USD,1980-03-17,28639399.0,10651884.0,3628629504.0
USMC,Principal U.S. Mega-Cap ETF,,NGM,USD,,,,
USMF,WisdomTree U.S. Multifactor Fund,,,,,,,
USML,ETRACS 2x Leveraged MSCI US Minimum Volatility Factor TR ETN,,,,,,,
USNA,"USANA Health Sciences, Inc.",United States,NYQ,USD,,18280857.0,9617193.0,362692192.0
USNG,Amplify Samsung U.S. Natural Gas Infrastructure ETF,,PCX,USD,,,,
USNZ,Xtrackers Net Zero Pathway Paris Aligned US Equity ETF,,PCX,USD,,,,
USO,"United States Oil Fund, LP",,PCX,USD,,119100000.0,,8155968512.0
USOI,UBS ETRACS Crude Oil Shares Covered Call ETN,,NGM,USD,,,,
USOY,Defiance Oil Enhanced Options Income ETF,,NGM,USD,,,,
USPH,"U.S. Physical Therapy, Inc.",United States,NYQ,USD,,15204119.0,14890306.0,1231533696.0
USPX,Franklin U.S. Equity Index ETF,,PCX,USD,,,,
USRD,Themes US R&D Champions ETF,,NGM,USD,,,,
USRI,"USA Recycling Industries, Inc.",,,,,437898739.0,,131369.0
USRT,iShares Core U.S. REIT ETF,,,,,,,
USSE,Segall Bryant & Hamill Select Equity ETF,,,,,,,
USSG,Xtrackers MSCI USA Selection Equity ETF,,PCX,USD,,,,
USSH,Wisdomtree 1-3 Year Laddered Treasury Fund ETF,,NGM,USD,,,,
UST,ProShares Ultra 7-10 Year Treasury,,PCX,USD,,,,
USTB,VictoryShares Short-Term Bond ETF,,NGM,USD,,,,
USUTF,SSGA SPDR ETFS EUROPE II PLC,,,,,,,
USVM,VictoryShares US Small Mid Cap Value Momentum ETF,,,,,,,
USVN,F/m US Treasury 7 Year Note ETF,,NGM,USD,,,,
USXF,iShares ESG Advanced MSCI USA ETF,,NGM,USD,,,,
UTEN,F/m US Treasury 10 Year Note ETF,,NGM,USD,,,,
UTES,Virtus Reaves Utilities ETF,,,,,,,
UTF,"Cohen & Steers Infrastructure Fund, Inc",United States,NYQ,USD,,97877264.0,,2366672384.0
UTG,Reaves Utility Income Fund,United States,ASE,USD,,89230533.0,,3288145152.0
UTHR,United Therapeutics Corporation,United States,NMS,USD,,43056599.0,40055123.0,22936952832.0
UTHY,F/m US Treasury 30 Year Bond ETF,,NGM,USD,,,,
UTI,"Universal Technical Institute, Inc.",United States,NYQ,USD,,54429869.0,48954768.0,1485935360.0
UTKN,"Universal Token, Inc.",,,,,101505000.0,6314626.0,281980896.0
UTL,Unitil Corporation,United States,NYQ,USD,,17914793.0,17630664.0,875137536.0
UTMD,"Utah Medical Products, Inc.",United States,NMS,USD,,3203672.0,2774156.0,181924784.0
UTRE,F/m US Treasury 3 Year Note ETF,,NGM,USD,,,,
UTSI,UTStarcom Holdings Corp.,CN,NASDAQ NMS - GLOBAL MARKET,USD,2000-03-03,9470255.0,3302967.0,23675638.0
UTSL,Direxion Daily Utilities Bull 3X Shares,,PCX,USD,,,,
UTWO,F/m US Treasury 2 Year Note ETF,,NGM,USD,,,,
UTWY,F/m US Treasury 20 Year Bond ETF,,NGM,USD,,,,
UTZ,"Utz Brands, Inc.",United States,NYQ,USD,,87509774.0,77368266.0,915352256.0
UUP,Invesco DB US Dollar Index Bullish Fund,,PCX,USD,,,,
UURAF,Ucore Rare Metals Inc.,,,,,107409273.0,94970205.0,499178304.0
UUU,"Universal Safety Products, Inc",United States,ASE,USD,,2312887.0,1686280.0,11564435.0
UUUU,Energy Fuels Inc.,US,NYSE MKT LLC,USD,1988-03-04,237286768.0,234538987.0,3473878272.0
UVE,"Universal Insurance Holdings, Inc.",,,,,28048881.0,25454360.0,957733632.0
UVSP,Univest Financial Corporation,United States,NMS,USD,,28475713.0,27711425.0,949949824.0
UVV,Universal Corporation,United States,NYQ,USD,,24921155.0,24348716.0,1324559488.0
UWM,ProShares Ultra Russell2000,,PCX,USD,,,,
UWMC,UWM Holdings Corporation,United States,NYQ,USD,,268415480.0,211647107.0,7405956608.0
UXI,ProShares Ultra Industrials,,PCX,USD,,,,
UXIN,Uxin Limited,CN,NASDAQ NMS - GLOBAL MARKET,CNY,2018-06-27,206169177.0,15172834346.0,787566464.0
UXJL,FT Vest U.S. Equity Uncapped Accelerator ETF - July,,,,,,,
UXRP,ProShares Ultra XRP ETF,,PCX,USD,,,,
UYG,ProShares Ultra Financials,,PCX,USD,,,,
UYLD,Angel Oak Ultrashort Income ETF,,NGM,USD,,,,
UYM,ProShares Ultra Materials,,PCX,USD,,,,
UYSC,UY Scuti Acquisition Corp.,United States,NCM,USD,,7658348.0,4945761.0,78421480.0
UYSCR,UY Scuti Acquisition Corp.,United States,NCM,USD,,,4945761.0,
UYSCU,UY Scuti Acquisition Corp.,United States,NCM,USD,,6677500.0,4945761.0,69646328.0
UZD,"Array Digital Infrastructure, I",,NYQ,USD,,,,
UZE,"Array Digital Infrastructure, I",,NYQ,USD,,,,
UZF,"Array Digital Infrastructure, I",,NYQ,USD,,,,
V,Visa Inc.,United States,NYQ,USD,,1685772208.0,1747480827.0,685113540608.0
VABK,Virginia National Bankshares Corporation,United States,NCM,USD,,5393139.0,4714682.0,220471536.0
VABS,Virtus Newfleet ABS/MBS ETF,,,,,,,
VAC,Marriott Vacations Worldwide Corporation,,,,,34613991.0,26806805.0,2026649216.0
VACH,Voyager Acquisition Corp.,United States,NGM,USD,,25300000.0,18475641.0,334908768.0
VACHU,Voyager Acquisition Corp.,United States,NGM,USD,,,18475641.0,
VACHW,Voyager Acquisition Corp.,United States,NGM,USD,,,18475641.0,
VACI,Viking Acquisition Corp. I,United States,NYQ,USD,,23660000.0,,310447264.0
VAGPF,,,,,,,,
VAL,Valaris Limited,BM,"NEW YORK STOCK EXCHANGE, INC.",USD,2021-05-03,69577278.0,56754186.0,3525778432.0
VAL.WS,,,,,,,,
VALE,Vale S.A.,Brazil,NYQ,USD,,4268780141.0,3965867502.0,56610717696.0
VALG,Themes ETF Trust - Leverage Shares 2X Long VALE Daily ETF,,NGM,USD,,,,
VALN,Valneva SE,France,NMS,USD,,86379729.0,147299977.0,726453504.0
VALQ,American Century U.S. Quality Value ETF,,PCX,USD,,,,
VALU,"Value Line, Inc.",United States,NCM,USD,,9389873.0,752974.0,357463072.0
VANI,"Vivani Medical, Inc.",United States,NCM,USD,,72952235.0,33695178.0,92649344.0
VANTF,Vantex Resources Ltd.,,,,,4809252.0,,93299.0
VATE,INNOVATE Corp.,United States,NYQ,USD,,13655062.0,4204667.0,67182904.0
VAW,Vanguard Materials Index Fund ETF Shares,,PCX,USD,,,,
VB,Vanguard Small-Cap Index Fund ETF Shares,,PCX,USD,,158508992.0,,232207843328.0
VBF,Invesco Bond Fund,United States,NYQ,USD,,11425089.0,,176860368.0
VBIL,Vanguard 0-3 Month Treasury Bill ETF,,NGM,USD,,,,
VBIX,Viewbix Inc.,Israel,NCM,USD,,10670392.0,5427922.0,12270951.0
VBK,Vanguard Small-Cap Growth Index Fund ETF Shares,,PCX,USD,,48387100.0,,14939516928.0
VBND,Vident U.S. Bond Strategy ETF,,PCX,USD,,,,
VBNK,VersaBank,Canada,NMS,USD,,31945535.0,27380838.0,479183040.0
VBR,Vanguard Small-Cap Value Index Fund ETF Shares,,,,,101351000.0,,21831004160.0
VC,Visteon Corporation,United States,NMS,USD,,27285922.0,26834886.0,2654920192.0
VCBD,"Vitalibis, Inc.",,,,,394566277.0,208335038.0,710219.0
VCEL,Vericel Corporation,United States,NGM,USD,,50574026.0,50018723.0,1904617728.0
VCIC,Vine Hill Capital Investment Corp.,United States,NGM,USD,,22000000.0,18511974.0,314453376.0
VCICU,Vine Hill Capital Investment Corp.,United States,NGM,USD,,,18511974.0,
VCICW,Vine Hill Capital Investment Corp.,United States,NGM,USD,,,18511974.0,
VCIG,VCI Global Limited,Malaysia,NCM,USD,,6543598.0,23620.0,4181359.0
VCIGF,Vitreous Glass Inc.,,,,,6336087.0,3814071.0,27561978.0
VCIT,Vanguard Intermediate-Term Corporate Bond Index Fund ETF Shares,,NGM,USD,,,,
VCLN,Virtus Duff & Phelps Clean Energy ETF,,PCX,USD,,,,
VCLT,Vanguard Long-Term Corporate Bond Index Fund ETF Shares,,NGM,USD,,,,
VCNX,"Vaccinex, Inc.",,,,,2676637.0,1180772.0,2917534.0
VCOB,Voya Core Bond ETF,,,,,,,
VCR,Vanguard Consumer Discretionary Index Fund ETF Shares,,PCX,USD,,,,
VCRB,Vanguard Core Bond ETF,,NGM,USD,,,,
VCRPF,Vanguard Funds Public Limited Company - Vanguard USD Corporate Bond UCITS ETF,,,,,,,
VCSH,Vanguard Short-Term Corporate Bond Index Fund ETF Shares,,NGM,USD,,,,
VCTR,"Victory Capital Holdings, Inc.",United States,NMS,USD,,64935459.0,46949636.0,4294171392.0
VCV,Invesco California Value Municipal Income Trust,United States,NYQ,USD,,48020486.0,,520542112.0
VCYT,"Veracyte, Inc.",United States,NGM,USD,,79049173.0,78653137.0,3358799616.0
VDC,Vanguard Consumer Staples Index Fund ETF Shares,,PCX,USD,,,,
VDE,Vanguard Energy Index Fund ETF Shares,,PCX,USD,,41751700.0,,5198504448.0
VDI,Virtus ETF Trust II - Virtus International Dividend ETF,,PCX,USD,,,,
VDIG,Vanguard Wellington Dividend Growth Active ETF,,,,,,,
VDYIF,VANGUARD FTSE CDN HIGH DIVID YI,,,,,,,
VEA,Vanguard FTSE Developed Markets Index Fund ETF Shares,,,,,,,
VECO,Veeco Instruments Inc.,United States,NMS,USD,,60162510.0,58785992.0,1762160000.0
VEEAW,Veea Inc.,United States,NCM,USD,,,14225065.0,
VEEE,Twin Vee Powercats Co.,United States,NCM,USD,,2237299.0,1958890.0,4161376.0
VEEV,Veeva Systems Inc.,United States,NYQ,USD,,164381855.0,150897611.0,36928380928.0
VEFFF,VEF AB (publ),SE,NASDAQ OMX NORDIC,USD,2021-07-05,1016763735.0,686193509.0,236972592.0
VEGA,AdvisorShares STAR Global Buy-Write ETF,,PCX,USD,,,,
VEGI,iShares MSCI Agriculture Producers ETF,,PCX,USD,,1050000.0,,40768560.0
VEL,"Velocity Financial, Inc.",United States,NYQ,USD,,38900030.0,6040008.0,759328640.0
VELO,"Velo3D, Inc.",United States,NCM,USD,,24548535.0,7200270.0,331405248.0
VEMY,Virtus Stone Harbor Emerging Markets High Yield Bond ETF,,PCX,USD,,,,
VENAF,Venus Acquisition Corporation,,,,,,10879809.0,
VENU,Venu Holding Corporation,United States,ASE,USD,,42847542.0,6253727.0,352556192.0
VEOEY,Veolia Environnement SA,,,,,1462558636.0,641645392.0,25229135872.0
VEON,VEON Ltd.,United Arab Emirates,NMS,USD,,68995604.0,749102522.0,3633998080.0
VERA,"Vera Therapeutics, Inc.",United States,NGM,USD,,70986890.0,46032682.0,3803477504.0
VERI,"Veritone, Inc.",United States,NGM,USD,,91806023.0,81101441.0,461784320.0
VERU,Veru Inc.,United States,NCM,USD,,16050320.0,14480278.0,38520944.0
VERX,"Vertex, Inc.",US,NASDAQ NMS - GLOBAL MARKET,USD,2020-07-29,77372323.0,70168375.0,3240013056.0
VET,Vermilion Energy Inc.,Canada,NYQ,USD,,153434000.0,143777004.0,1258311424.0
VETZ,Academy Veteran Bond ETF,,PCX,USD,,,,
VEU,Vanguard FTSE All-World ex-US Index Fund ETF Shares,,PCX,USD,,462657984.0,,34227439616.0
VEXC,Vanguard Emerging Markets Ex-China ETF,,,,,,,
VFC,V.F. Corporation,US,"NEW YORK STOCK EXCHANGE, INC.",USD,1951-03-19,390724758.0,387200421.0,7228408320.0
VFH,Vanguard Financials Index Fund ETF Shares,,PCX,USD,,,,
VFL,abrdn National Municipal Income Fund,United States,ASE,USD,,12278003.0,,125112856.0
VFLO,Victoryshares Free Cash Flow ETF,,NGM,USD,,,,
VFMV,Vanguard U.S. Minimum Volatility ETF ETF Shares,,,,,,,
VFS,VinFast Auto Ltd.,Vietnam,NMS,USD,,2339512676.0,50369708.0,7930948096.0
VFSWW,VinFast Auto Ltd.,,,,,,50369708.0,
VFUUF,Vanguard Funds Public Limited Company - Vanguard FTSE North America UCITS ETF,,,,,,,
VG,"Venture Global, Inc.",United States,NYQ,USD,,479506138.0,470453413.0,17014368256.0
VGAS,"Verde Clean Fuels, Inc.",United States,NCM,USD,,22049621.0,960142.0,107364592.0
VGASW,"Verde Clean Fuels, Inc.",,,,,,,
VGDDF,Vanguard Funds Public Limited Company - Vanguard FTSE Developed World UCITS ETF,,,,,,,
VGFPF,Vanguard Funds Public Limited Company - Vanguard S&P 500 UCITS ETF,,,,,,,
VGI,Virtus Global Multi-Sector Income Fund,US,"NEW YORK STOCK EXCHANGE, INC.",,2012-02-24,11313094.0,,88355264.0
VGIT,Vanguard Intermediate-Term Treasury Index Fund ETF Shares,,NGM,USD,,,,
VGK,Vanguard FTSE Europe ETF,,PCX,USD,,282092992.0,,23687348224.0
VGLT,Vanguard Long-Term Treasury Index Fund ETF Shares,,NGM,USD,,,,
VGM,Invesco Trust for Investment Grade Municipals,United States,NYQ,USD,,54231968.0,,559673920.0
VGMXF,,,,,,,,
VGRO,Virtus ETF Trust II - Virtus Silvant Growth Opportunities ETF,,,,,,,
VGRSF,Vanguard Funds Public Limited Company - Vanguard Global Aggregate Bond UCITS ETF,,,,,,,
VGSH,Vanguard Short-Term Treasury Index Fund ETF Shares,,NGM,USD,,,,
VGSR,Vert Global Sustainable Real Estate ETF,,,,,,,
VGT,Vanguard Information Technology Index Fund ETF Shares,,PCX,USD,,,,
VGUS,Vanguard Ultra-Short Treasury ETF,,NGM,USD,,,,
VGUSF,,,,,,,,
VGVT,Vanguard Government Securities Active ETF,,PCX,USD,,,,
VGZ,Vista Gold Corp.,,,,,126209108.0,109862504.0,263777024.0
VHC,VirnetX Holding Corporation,,,,,4270840.0,3596773.0,76879472.0
VHCPU,Vine Hill Capital Investment Corp. II,United States,NGM,USD,,,,
VHI,"Valhi, Inc.",United States,NYQ,USD,,28302293.0,2391544.0,341891680.0
VHT,Vanguard Health Care Index Fund ETF Shares,,PCX,USD,,54301900.0,,15785563136.0
VIA,"Via Transportation, Inc.",United States,NYQ,USD,,77144637.0,45864291.0,2585831680.0
VIASP,"Via Renewables, Inc.",United States,NMS,USD,,,,
VIAV,Viavi Solutions Inc.,US,NASDAQ NMS - GLOBAL MARKET,USD,1993-11-01,223198857.0,219471436.0,4061103360.0
VIBEF,Vibe Growth Corporation,,,,,10796989.0,,485864.0
VICE,AdvisorShares Vice ETF,,PCX,USD,,,,
VICI,VICI Properties Inc.,US,"NEW YORK STOCK EXCHANGE, INC.",USD,2017-10-17,1068811371.0,1064290299.0,30065664000.0
VICR,Vicor Corporation,United States,NMS,USD,,32925914.0,22657639.0,4986936320.0
VICT,"Victura Construction Group, Inc.",,,,,230856421.0,,2308.0
VIDI,Vident International Equity Strategy ETF,,,,,,,
VIG,Vanguard Dividend Appreciation Index Fund ETF Shares,,PCX,USD,,,,
VIGI,Vanguard International Dividend Appreciation Index Fund ETF Shares,,NGM,USD,,,,
VIIQ,,,,,,,369923.0,
VIK,Viking Holdings Ltd,Bermuda,NYQ,USD,,315839182.0,201682990.0,32529944576.0
VIMGF,Vimian Group AB (publ),SE,NASDAQ OMX NORDIC,EUR,2021-06-18,525964554.0,139018187.0,1537975808.0
VINP,Vinci Compass Investments Ltd.,Brazil,NMS,USD,,48778420.0,20170619.0,829769920.0
VIOG,Vanguard S&P Small-Cap 600 Growth Index Fund ETF Shares,,PCX,USD,,,,
VIOO,Vanguard S&P Small-Cap 600 Index Fund ETF Shares,,PCX,USD,,,,
VIOT,"Viomi Technology Co., Ltd",China,NMS,USD,,33708622.0,75101026.0,131138624.0
VIOV,Vanguard S&P Small-Cap 600 Value Index Fund ETF Shares,,PCX,USD,,,,
VIPS,Vipshop Holdings Limited,CN,"NEW YORK STOCK EXCHANGE, INC.",CNY,2012-03-23,415198210.0,60469408.0,9593779200.0
VIR,"Vir Biotechnology, Inc.",United States,NMS,USD,,139125032.0,97718640.0,834750144.0
VIRC,Virco Mfg. Corporation,,,,,15761141.0,10359010.0,101344136.0
VIRDY,,,,,,7180200.0,7170794.0,777184832.0
VIRT,"Virtu Financial, Inc.",United States,NYQ,USD,,84906703.0,80697029.0,7277284864.0
VIS,Vanguard Industrials Index Fund ETF Shares,,PCX,USD,,24431600.0,,7415235072.0
VIST,"Vista Energy, S.A.B. de C.V.",Mexico,NYQ,USD,,104256410.0,76941231.0,4948009472.0
VITL,"Vital Farms, Inc.",United States,NGM,USD,,44774520.0,35125163.0,1420695552.0
VIV,Telefônica Brasil S.A.,Brazil,NYQ,USD,,1598777326.0,716469848.0,19009462272.0
VIVS,"VivoSim Labs, Inc.",United States,NCM,USD,,2607962.0,2580161.0,5242003.0
VIXM,ProShares VIX Mid-Term Futures ETF,,,,,,,
VIZNF,Visionary Metals Corp.,,,,,175678690.0,106578991.0,8244729.0
VKI,Invesco Advantage Municipal Income Trust II,US,NYSE MKT LLC,USD,1993-10-14,44406020.0,,399654176.0
VKQ,Invesco Municipal Trust,US,"NEW YORK STOCK EXCHANGE, INC.",USD,1991-11-21,55335515.0,,533434400.0
VKTX,"Viking Therapeutics, Inc.",,,,,113036344.0,110529198.0,4202691328.0
VLAI,,,,,,3854659.0,,1156397.0
VLDXW,,,,,,,7200270.0,
VLFSF,,,,,,,,
VLGEA,"Village Super Market, Inc.",United States,NMS,USD,,10628425.0,8987371.0,531420032.0
VLLU,Harbor AlphaEdge Large Cap Value ETF,,PCX,USD,,,,
VLN,Valens Semiconductor Ltd.,Israel,NYQ,USD,,102365516.0,73318611.0,147406352.0
VLN.WS,Valens Semiconductor Ltd,IL,"NEW YORK STOCK EXCHANGE, INC.",USD,2021-09-30,,,147.0
VLO,Valero Energy Corporation,United States,NYQ,USD,,305009539.0,303514992.0,50949992448.0
VLPNY,Voestalpine AG,,,,,857253080.0,145203241.0,7908810240.0
VLRS,"Controladora Vuela Compañía de Aviación, S.A.B. de C.V.",Mexico,NYQ,USD,,114899987.0,902780690.0,1059377856.0
VLT,Invesco High Income Trust II,United States,NYQ,USD,,6498037.0,,71998248.0
VLY,Valley National Bancorp,United States,NMS,USD,,557635558.0,549823084.0,6688666112.0
VLYPN,Valley National Bancorp,,,,,,549823084.0,
VLYPO,Valley National Bancorp,United States,NMS,USD,,331492000.0,549823084.0,3349598720.0
VLYPP,Valley National Bancorp,United States,NMS,USD,,331492000.0,549823084.0,3117894400.0
VMAR,Vision Marine Technologies Inc.,Canada,NCM,USD,,24258735.0,4706358.0,5761449.0
VMBS,Vanguard Mortgage-Backed Securities Index Fund ETF Shares,,,,,,,
VMC,Vulcan Materials Company,US,"NEW YORK STOCK EXCHANGE, INC.",USD,1957-01-02,132130905.0,131841538.0,38872911872.0
VMD,"Viemed Healthcare, Inc.",United States,NCM,USD,,38017907.0,30219674.0,283136064.0
VMI,"Valmont Industries, Inc.",United States,NYQ,USD,,19699639.0,19363957.0,8136207360.0
VMO,Invesco Municipal Opportunity Trust,United States,NYQ,USD,,67440685.0,,644732992.0
VMSB,Voya Multi-Sector Income ETF,,PCX,USD,,,,
VNAM,Global X MSCI Vietnam ETF,,PCX,USD,,,,
VNCE,Vince Holding Corp.,United States,NCM,USD,,13339426.0,4694277.0,58560080.0
VNDA,Vanda Pharmaceuticals Inc.,United States,NGM,USD,,59096630.0,49330912.0,416040288.0
VNET,"VNET Group, Inc.",China,NMS,USD,,263895614.0,862859336.0,2337834752.0
VNFAF,,,,,,,,
VNIE,Vontobel International Equity Active ETF,,PCX,USD,,,,
VNLA,Janus Henderson Short Duration Income ETF,,PCX,USD,,,,
VNLEF,Vanoil Energy Ltd.,,,,,116925738.0,65310040.0,1169.0
VNME,Vendome Acquisition Corporation I,United States,NGM,USD,,20000000.0,,250750000.0
VNMEU,Vendome Acquisition Corporation I,United States,NGM,USD,,,,
VNMEW,Vendome Acquisition Corporation I,United States,NGM,USD,,10000000.0,,2500999.0
VNO,Vornado Realty Trust,United States,NYQ,USD,,192054832.0,160029689.0,7024883712.0
VNOM,"Viper Energy, Inc.",United States,NMS,USD,,168430982.0,167966112.0,12431696896.0
VNORP,Vornado Realty Trust,US,"NEW YORK STOCK EXCHANGE, INC.",USD,1962-01-31,,160029689.0,7195635200.0
VNPKF,Verde AgriTech Limited,,,,,52669724.0,47164158.0,39589196.0
VNQ,Vanguard Real Estate Index Fund ETF Shares,,PCX,USD,,370180992.0,,32894283776.0
VNQI,Vanguard Global ex-U.S. Real Estate Index Fund ETF Shares,,NGM,USD,,,,
VNRGF,Vienna Insurance Group AG,,,,,128000000.0,35238400.0,7246080000.0
VNRX,VolitionRx Limited,United States,ASE,USD,,122801572.0,91594009.0,30700392.0
VNSE,Natixis Vaughan Nelson Select ETF,,PCX,USD,,,,
VNT,Vontier Corporation,US,"NEW YORK STOCK EXCHANGE, INC.",USD,2020-09-24,145100000.0,144248263.0,5592203776.0
VNTG,Vantage Corp,,,,,11371120.0,10032120.0,28103556.0
VNTH,"Nano Mobile Healthcare, Inc.",,,,,3273765298.0,,654753.0
VO,Vanguard Mid-Cap Index Fund ETF Shares,,PCX,USD,,153972992.0,,45346586624.0
VOC,VOC Energy Trust,United States,NYQ,USD,,17000000.0,,47430000.0
VOD,Vodafone Group Public Limited Company,United Kingdom,NMS,USD,,2354115564.0,19196674250.0,30901514240.0
VOE,Vanguard Mid-Cap Value Index Fund ETF Shares,,PCX,USD,,,,
VOLMF,,,,,,,,
VOLT,Tema Electrification ETF,,NGM,USD,,,,
VONE,Vanguard Russell 1000 Index Fund ETF Shares,,,,,,,
VONG,Vanguard Russell 1000 Growth Index Fund ETF Shares,,,,,,,
VONV,Vanguard Russell 1000 Value Index Fund ETF Shares,,,,,,,
VOO,Vanguard S&P 500 ETF,,PCX,USD,,,,
VOOG,Vanguard S&P 500 Growth Index Fund ETF Shares,,PCX,USD,,16850000.0,,7594126336.0
VOOV,Vanguard S&P 500 Value Index Fund ETF Shares,,,,,,,
VOPKY,Koninklijke Vopak N.V.,NL,NYSE EURONEXT - EURONEXT AMSTERDAM,EUR,1987-01-01,114559114.0,57487246.0,5181508608.0
VOR,Vor Biopharma Inc.,US,NASDAQ NMS - GLOBAL MARKET,USD,2021-02-05,21910630.0,6981056.0,322524512.0
VOT,Vanguard Mid-Cap Growth Index Fund ETF Shares,,PCX,USD,,,,
VOTE,TCW Transform 500 ETF,,NGM,USD,,,,
VOYA,"Voya Financial, Inc.",US,"NEW YORK STOCK EXCHANGE, INC.",USD,2013-02-05,95162924.0,94764191.0,7242904576.0
VOYG,"Voyager Technologies, Inc.",United States,NYQ,USD,,52626738.0,50227362.0,1625058944.0
VPC,Virtus Private Credit ETF,,PCX,USD,,,,
VPG,"Vishay Precision Group, Inc.",United States,NYQ,USD,,12256197.0,11026951.0,527046880.0
VPL,Vanguard FTSE Pacific Index Fund ETF Shares,,PCX,USD,,18395600.0,,1670320512.0
VPU,Vanguard Utilities Index Fund ETF Shares,,PCX,USD,,26720900.0,,4956994048.0
VPV,Invesco Pennsylvania Value Municipal Income Trust,United States,NYQ,USD,,17872158.0,,185691728.0
VRA,"Vera Bradley, Inc.",United States,NMS,USD,,27955022.0,19591439.0,63737448.0
VRAI,Virtus Real Asset Income ETF,,PCX,USD,,,,
VRAR,"The Glimpse Group, Inc.",US,NASDAQ NMS - GLOBAL MARKET,USD,2021-07-01,21076506.0,14908256.0,17154168.0
VRCA,Verrica Pharmaceuticals Inc.,United States,NCM,USD,,15989861.0,3986194.0,130477272.0
VRDN,"Viridian Therapeutics, Inc.",United States,NCM,USD,,95367908.0,90025674.0,3042691072.0
VRE,"Veris Residential, Inc.",United States,NYQ,USD,,93426375.0,86746987.0,1650033920.0
VREX,Varex Imaging Corporation,,,,,41689672.0,41087010.0,493188832.0
VRGFF,Vanguard Funds Public Limited Company - Vanguard USD Treasury Bond UCITS ETF,,,,,,,
VRIG,Invesco Variable Rate Investment Grade ETF,,NGM,USD,,,,
VRM,"Vroom, Inc.",United States,NGM,USD,,5199620.0,756181.0,116991448.0
VRNO,Verano Holdings Corp.,,,,,361815879.0,300842667.0,466742464.0
VRRM,Verra Mobility Corporation,United States,NCM,USD,,159564447.0,158112411.0,3590200064.0
VRSK,"Verisk Analytics, Inc.",United States,NMS,USD,,139372570.0,139015776.0,30784796672.0
VRSN,"VeriSign, Inc.",United States,NMS,USD,,92700000.0,91871262.0,23008405504.0
VRT,Vertiv Holdings Co,United States,NYQ,USD,,382338313.0,375907383.0,64072253440.0
VRTL,GraniteShares 2x Long VRT Daily ETF,,NGM,USD,,,,
VRTS,"Virtus Investment Partners, Inc.",United States,NYQ,USD,,6754405.0,6308344.0,1124135552.0
VRTX,Vertex Pharmaceuticals Incorporated,United States,NMS,USD,,253718831.0,252957675.0,118683230208.0
VS,Versus Systems Inc.,United States,NCM,USD,,4901677.0,1756614.0,6176114.0
VSA,VisionSys AI Inc.,China,NCM,USD,,1082755.0,197596499.0,3001266.0
VSAT,"Viasat, Inc.",United States,NMS,USD,,135263968.0,131358897.0,4708538880.0
VSCO,Victoria's Secret & Co.,United States,NYQ,USD,,80268924.0,68641970.0,4319270912.0
VSDA,VictoryShares Dividend Accelerator ETF,,NGM,USD,,,,
VSEC,VSE Corporation,United States,NMS,USD,,23392243.0,20281115.0,4198673920.0
VSEEW,"VSee Health, Inc.",United States,NCM,USD,,,23001574.0,
VSH,"Vishay Intertechnology, Inc.",United States,NYQ,USD,,123491247.0,116367384.0,2035181952.0
VSHY,Virtus Newfleet Short Duration High Yield Bond ETF,,PCX,USD,,,,
VSLU,Applied Finance Valuation Large Cap US ETF,,PCX,USD,,,,
VSMV,VictoryShares US Multi-Factor Minimum Volatility ETF,,NGM,USD,,,,
VSNTV,"Versant Media Group, Inc.",United States,NMS,USD,,144150019.0,,6792806400.0
VSOL,VanEck Solana ETF,,,,,,,
VSPFF,,,,,,,,
VSS,Vanguard FTSE All-World ex-US Small-Cap Index Fund ETF Shares,,PCX,USD,,,,
VSSYW,Versus Systems Inc.,United States,NCM,USD,,,1756614.0,
VST,Vistra Corp.,United States,NYQ,USD,,338825490.0,316551102.0,54777917440.0
VSTA,Vasta Platform Limited,Brazil,NMS,USD,,15969992.0,7929648.0,397206080.0
VSTL,Defiance Daily Target 2X Long VST ETF,,NGM,USD,,,,
VSTM,"Verastem, Inc.",United States,NCM,USD,,75319800.0,51280634.0,607077632.0
VSTS,Vestis Corporation,US,"NEW YORK STOCK EXCHANGE, INC.",USD,2023-09-27,131866818.0,110936917.0,863727680.0
VSTUF,Vestum AB (publ),SE,NASDAQ OMX NORDIC,SEK,2008-05-19,,,3333.0
VSTWF,Vast Renewables Limited,,,,,,13198577.0,
VT,Vanguard Total World Stock Index Fund ETF Shares,,,,,,,
VTAK,"Catheter Precision, Inc.",United States,ASE,USD,,1668375.0,1618574.0,2802870.0
VTC,Vanguard Total Corporate Bond ETF ETF Shares,,NGM,USD,,,,
VTEB,Vanguard Tax-Exempt Bond Index Fund ETF Shares,,PCX,USD,,,,
VTEI,Vanguard Intermediate-Term Tax-Exempt Bond ETF,,,,,,,
VTES,Vanguard Short-Term Tax-Exempt Bond ETF Shares,,PCX,USD,,,,
VTEX,VTEX,Cayman Islands,NYQ,USD,,97168865.0,51162790.0,675083584.0
VTG,Vanguard Total Treasury ETF,,PCX,USD,,,,
VTGN,"Vistagen Therapeutics, Inc.",United States,NCM,USD,,39495451.0,29189903.0,28768486.0
VTHR,Vanguard Russell 3000 Index Fund ETF Shares,,NGM,USD,,,,
VTI,Vanguard Total Stock Market Index Fund ETF Shares,,,,,743262976.0,,704380534784.0
VTIAF,FamiCord AG,,,,,17431762.0,6378979.0,137473152.0
VTIP,Vanguard Short-Term Inflation-Protected Securities Index Fund ETF Shares,,NGM,USD,,,,
VTMX,"Corporación Inmobiliaria Vesta, S.A.B. de C.V.",Mexico,NYQ,USD,,84601793.0,682505684.0,2657632512.0
VTN,Invesco Trust for Investment Grade New York Municipals,United States,NYQ,USD,,14614969.0,,168218304.0
VTOL,Bristow Group Inc.,US,"NEW YORK STOCK EXCHANGE, INC.",USD,2013-01-22,28920000.0,25449889.0,1059050368.0
VTP,Vanguard Total Inflation-Protected Securities ETF,,PCX,USD,,,,
VTS,"Vitesse Energy, Inc.",United States,NYQ,USD,,38673632.0,28251475.0,738279616.0
VTSI,"VirTra, Inc.",United States,NCM,USD,,11300607.0,10885197.0,49496660.0
VTV,Vanguard Value Index Fund ETF Shares,,PCX,USD,,424251008.0,,81787109376.0
VTVT,vTv Therapeutics Inc.,United States,NCM,USD,,3938018.0,2902505.0,149290256.0
VTWG,Vanguard Russell 2000 Growth Index Fund ETF Shares,,NGM,USD,,,,
VTWO,Vanguard Russell 2000 Index Fund ETF Shares,,NGM,USD,,,,
VTWV,Vanguard Russell 2000 Value Index Fund ETF Shares,,NGM,USD,,,,
VTYX,"Ventyx Biosciences, Inc.",,,,,71358638.0,60016182.0,660780992.0
VUG,Vanguard Growth Index Fund ETF Shares,,PCX,USD,,242067008.0,,119837696000.0
VUS,Virtus Etf Trust II - US Divdend Etf,,,,,,,
VUSB,Vanguard Ultra-Short Bond ETF,,,,,,,
VUSE,Vident U.S. Equity Strategy ETF,,PCX,USD,,,,
VUSG,Vanguard Wellington U.S. Growth Active ETF,,,,,,,
VUSI,Voya Ultra Short Income ETF,,PCX,USD,,,,
VUZI,Vuzix Corporation,United States,NCM,USD,,80126486.0,67738130.0,269224992.0
VV,Vanguard Large Cap Index Fund,,PCX,USD,,107673000.0,,34312157184.0
VVEGF,,,,,,,,
VVOS,"Vivos Therapeutics, Inc.",United States,NCM,USD,,8988106.0,6917426.0,18245854.0
VVPR,VivoPower International PLC,United Kingdom,NCM,USD,,16790245.0,7629949.0,40968196.0
VVR,Invesco Senior Income Trust,United States,NYQ,USD,,153925029.0,,504874080.0
VVV,Valvoline Inc.,United States,NYQ,USD,,127241976.0,126657944.0,3828711168.0
VVVNF,Vivendi SE,,,,,995030458.0,639782561.0,2577128704.0
VVX,"V2X, Inc.",United States,NYQ,USD,,31171445.0,25697939.0,1737808000.0
VWAV,"VisionWave Holdings, Inc.",United States,NGM,USD,,16496603.0,5044581.0,159852080.0
VWAVW,"VisionWave Holdings, Inc.",United States,NCM,USD,,,5044581.0,
VWFB,"VWF Bancorp, Inc.",,,,,1905413.0,1248903.0,22745826.0
VWID,Virtus WMC International Dividend ETF,,,,,,,
VWO,Vanguard Emerging Markets Stock Index Fund,,PCX,USD,,1418119936.0,,76606840832.0
VWOB,Vanguard Emerging Markets Government Bond Index Fund,,NGM,USD,,,,
VXF,Vanguard Extended Market Index Fund ETF Shares,,PCX,USD,,61090900.0,,36526178304.0
VXUS,Vanguard Total International Stock Index Fund ETF Shares,,NGM,USD,,,,
VYGR,"Voyager Therapeutics, Inc.",United States,NMS,USD,,55600084.0,50692821.0,226848336.0
VYLD,"Inverse VIX Short-Term Futures ETNs due March 22, 2045",,PCX,USD,,,,
VYM,Vanguard High Dividend Yield Index Fund ETF Shares,,PCX,USD,,,,
VYMI,Vanguard International High Dividend Yield Index Fund ETF Shares,,NGM,USD,,,,
VYX,NCR Voyix Corporation,US,"NEW YORK STOCK EXCHANGE, INC.",USD,1996-12-11,138497523.0,120105052.0,1459763840.0
VZ,Verizon Communications Inc.,United States,NYQ,USD,,4216425489.0,4210691150.0,170680893440.0
VZLA,Vizsla Silver Corp.,Canada,ASE,USD,,344094193.0,325351382.0,2042034176.0
W,Wayfair Inc.,United States,NYQ,USD,,106879786.0,104550692.0,13323158528.0
WAB,Westinghouse Air Brake Technologies Corporation,United States,NYQ,USD,,170957186.0,168950149.0,37492621312.0
WABC,Westamerica Bancorporation,United States,NMS,USD,,24933051.0,23674431.0,1250686336.0
WABF,Western Asset Bond ETF,,NGM,USD,,,,
WAFD,"WaFd, Inc.",United States,NMS,USD,,76434807.0,75793629.0,2536502016.0
WAFDP,"WaFd, Inc.",United States,NMS,USD,,,75793629.0,
WAFU,Wah Fu Education Group Limited,China,NCM,USD,,4410559.0,1274519.0,6902525.0
WAI,Top KingWin Ltd,China,NCM,USD,,1665135.0,457212.0,3696693.0
WAL,Western Alliance Bancorporation,United States,NYQ,USD,,110053667.0,102871119.0,9553524736.0
WALD,Waldencast plc,United States,NCM,USD,,113589672.0,38744196.0,246672832.0
WALDW,Waldencast plc,,,,,,38744196.0,
WANT,Direxion Daily Cnsmr Discret Bull 3XShrs,,,,,,,
WAR,U.S. Global Technology and Aerospace & Defense ETF,,PCX,USD,,,,
WASH,"Washington Trust Bancorp, Inc.",,,,,19034935.0,18686405.0,578870528.0
WAT,Waters Corporation,,,,,59547678.0,59419243.0,22988978176.0
WATT,Energous Corporation,United States,NCM,USD,,2175146.0,2008957.0,8167673.0
WAVE,Eco Wave Power Global AB (publ),Israel,NCM,USD,,5829039.0,23369572.0,33414706.0
WAY,Waystar Holding Corp.,US,NASDAQ NMS - GLOBAL MARKET,USD,2024-06-07,191316583.0,140282884.0,6309620736.0
WB,Weibo Corporation,China,NMS,USD,,157003256.0,83628300.0,2500194048.0
WBD,"Warner Bros. Discovery, Inc.",United States,NMS,USD,,2478398797.0,2343965648.0,71377879040.0
WBI,WaterBridge Infrastructure LLC,United States,NYQ,USD,,43264850.0,29725548.0,873517376.0
WBIF,WBI BullBear Value 3000 ETF,,PCX,USD,,,,
WBIG,WBI BullBear Yield 3000 ETF,,PCX,USD,,,,
WBIL,WBI BullBear Quality 3000 ETF,,PCX,USD,,,,
WBIY,WBI Power Factor High Dividend ETF,,,,,,,
WBRBY,Wienerberger AG,,,,,546009330.0,108752711.0,3882126592.0
WBS,Webster Financial Corporation,United States,NYQ,USD,,161290301.0,160053204.0,10702550016.0
WBTN,WEBTOON Entertainment Inc.,United States,NMS,USD,,130765676.0,18112354.0,1720876288.0
WBUY,WEBUY GLOBAL LTD.,Singapore,NCM,USD,,2258611.0,972218.0,3546019.0
WBX,Wallbox N.V.,Spain,NYQ,USD,,16346744.0,3315686.0,48503488.0
WCAP,Warcap Unconstrained Equity ETF,,PCX,USD,,,,
WCBR,WisdomTree Cybersecurity Fund,,NGM,USD,,,,
WCC,"WESCO International, Inc.",United States,NYQ,USD,,48646230.0,47787138.0,12358870016.0
WCCB,West Coast Community Bancorp,,,,,10537167.0,,465382848.0
WCCP,"Wealthcraft Capital, Inc.",,,,,75673060.0,,3026922.0
WCEO,Hypatia Women Ceo ETF,,PCX,USD,,,,
WCIG,Wee-Cig International Corporation,,,,,55578463.0,,122272.0
WCLD,WisdomTree Cloud Computing Fund,,NGM,USD,,,,
WCME,First Trust WCM Developing World Equity ETF,,,,,,,
WCOCF,,,,,,,,
WD,"Walker & Dunlop, Inc.",US,"NEW YORK STOCK EXCHANGE, INC.",USD,2010-12-15,34064232.0,32783417.0,2077194240.0
WDAF,WisdomTree Asia Defense Fund,,NGM,USD,,,,
WDAY,"Workday, Inc.",US,NASDAQ NMS - GLOBAL MARKET,USD,2012-12-10,213000000.0,211062760.0,58926899200.0
WDC,Western Digital Corporation,United States,NMS,USD,,341899281.0,339488891.0,62231097344.0
WDEF,WisdomTree Trust,,PCX,USD,,,,
WDFC,WD-40 Company,United States,NMS,USD,,13527835.0,13470206.0,2761314304.0
WDGF,WisdomTree Global Defense Fund,,,,,,,
WDH,Waterdrop Inc.,China,NYQ,USD,,281472012.0,1352388431.0,700986816.0
WDI,Western Asset Diversified Income Fund,US,"NEW YORK STOCK EXCHANGE, INC.",USD,2021-06-25,51830687.0,,725629632.0
WDIV,SPDR S&P Global Dividend ETF,,,,,,,
WDNA,WisdomTree BioRevolution Fund,,,,,,,
WDS,Woodside Energy Group Ltd,Australia,NYQ,USD,,1901100143.0,1893623147.0,30141820928.0
WDTE,Defiance S&P 500 Target 30 Income ETF,,PCX,USD,,,,
WEA,Western Asset Premier Bond Fund,United States,NYQ,USD,,11865600.0,,131233544.0
WEAT,Teucrium Wheat Fund,,PCX,USD,,,,
WEAV,"Weave Communications, Inc.",,,,,78025757.0,69899374.0,558664448.0
WEBC,"Webco Industries, Inc.",,,,,702857.0,,184214320.0
WEBL,Direxion Daily Dow Jones Internet Bull 3X Shares,,,,,,,
WEBNF,Westpac Banking Corporation,,,,,3414563993.0,3410944555.0,90528448512.0
WEBS,Direxion Daily Dow Jones Internet Bear 3X Shares,,PCX,USD,,,,
WEC,"WEC Energy Group, Inc.",United States,NYQ,USD,,325294252.0,324415958.0,34318542848.0
WEEI,Westwood Salient Enhanced Energy Income ETF,,NGM,USD,,,,
WEEL,Peerless Option Income Wheel ETF,,PCX,USD,,,,
WEJTY,Web Travel Group Limited,,,,,361340678.0,344589000.0,1151810560.0
WEJWF,Wejo Group Limited,,,,,,100764556.0,
WELL,Welltower Inc.,United States,NYQ,USD,,686328043.0,685380910.0,128933593088.0
WELPP,Wisconsin Electric Power Company PFD 3.60%,,,,,33289300.0,,2088903552.0
WEN,The Wendy's Company,United States,NMS,USD,,190339781.0,156761940.0,1591218688.0
WENN,Wen Acquisition Corp,,NGM,USD,,30015000.0,,378939424.0
WENNU,Wen Acquisition Corp,,,,,,,
WENNW,Wen Acquisition Corp,,NGM,USD,,,,
WERDF,,,,,,,82335564.0,
WERN,"Werner Enterprises, Inc.",United States,NMS,USD,,59830317.0,58722260.0,1828414464.0
WES,"Western Midstream Partners, LP",United States,NYQ,USD,,407995725.0,241031634.0,15964872704.0
WEST,Westrock Coffee Company,United States,NGM,USD,,96824910.0,14645736.0,401823392.0
WETH,Wetouch Technology Inc.,China,NCM,USD,,11931534.0,11916262.0,17777986.0
WETO,Webus International Limited,China,NCM,USD,,22000000.0,5700420.0,19793400.0
WEX,WEX Inc.,,,,,34288525.0,29849875.0,5250258432.0
WEXPF,Western Exploration Inc.,,,,,52582798.0,24357404.0,25961494.0
WEYS,"Weyco Group, Inc.",United States,NMS,USD,,9548388.0,5607962.0,299151008.0
WF,Woori Financial Group Inc.,South Korea,NYQ,USD,,244674125.0,673055456.0,14655980544.0
WFC,Wells Fargo & Company,,,,,3139084542.0,3131519348.0,305159798784.0
WFCF,"Where Food Comes From, Inc.",United States,NCM,USD,,5111945.0,1792964.0,58452072.0
WFG,West Fraser Timber Co. Ltd.,Canada,NYQ,USD,,76071959.0,74843203.0,4767404032.0
WFRD,Weatherford International plc,United States,NMS,USD,,71730033.0,70118259.0,5578706432.0
WGMI,CoinShares Bitcoin Mining ETF,,,,,,,
WGO,"Winnebago Industries, Inc.",United States,NYQ,USD,,28220626.0,27108733.0,1181033216.0
WGS,GeneDx Holdings Corp.,United States,NMS,USD,,28904590.0,20684703.0,3867144960.0
WGSWW,GeneDx Holdings Corp.,United States,NMS,USD,,,20684703.0,
WH,"Wyndham Hotels & Resorts, Inc.",United States,NYQ,USD,,75551945.0,74445109.0,5852706304.0
WHD,"Cactus, Inc.",United States,NYQ,USD,,68840127.0,58432877.0,3167334144.0
WHEN,"World Health Energy Holdings, Inc.",,,,,530834347495.0,94684922563.0,106166872.0
WHF,"WhiteHorse Finance, Inc.",United States,NMS,USD,,23243088.0,,162236752.0
WHFCL,"WhiteHorse Finance, Inc. 7.875% Notes due 2028",,NMS,USD,,,,
WHG,"Westwood Holdings Group, Inc.",United States,NYQ,USD,,9408130.0,5915146.0,167370656.0
WHITF,Whitehaven Coal Limited,,,,,827991365.0,779645003.0,4414685696.0
WHLR,"Wheeler Real Estate Investment Trust, Inc.",United States,NCM,USD,,1895599.0,563181.0,3544770.0
WHLRP,"Wheeler Real Estate Investment Trust, Inc.",United States,NCM,USD,,0.0,563181.0,4754368.0
WHR,Whirlpool Corporation,United States,NYQ,USD,,56148646.0,50132319.0,4048879104.0
WHWK,"Whitehawk Therapeutics, Inc.",United States,NCM,USD,,47128362.0,18950786.0,125832728.0
WIA,Western Asset Inflation-Linked Income Fund,United States,NYQ,USD,,23322256.0,,192641840.0
WILC,G. Willi-Food International Ltd.,Israel,NCM,USD,,13923365.0,3209057.0,408233056.0
WILD,VistaShares Animal Spirits Daily 2X Strategy ETF,,PCX,USD,,,,
WINN,Harbor Long-Term Growers ETF,,NYQ,USD,,,,
WIP,SPDR FTSE International Government Inflation-Protected Bond ETF,,,,,,,
WISD,Wisdom Short Duration Income ETF,,PCX,USD,,,,
WISE,Themes Generative Artificial Intelligence ETF,,NGM,USD,,,,
WIT,Wipro Limited,India,NYQ,USD,,10475318393.0,3046684962.0,30808768512.0
WIW,Western Asset Inflation-Linked Opportunities & Income Fund,United States,NYQ,USD,,61184134.0,,524348032.0
WIX,Wix.com Ltd.,Israel,NMS,USD,,54864708.0,50690517.0,5874896896.0
WJRYF,West Japan Railway Company,,,,,455083834.0,448962956.0,8766735360.0
WK,Workiva Inc.,United States,NYQ,USD,,52432466.0,46486934.0,4908397568.0
WKC,World Kinect Corporation,US,"NEW YORK STOCK EXCHANGE, INC.",USD,1987-06-08,55558773.0,53652551.0,1308409088.0
WKEY,WISeKey International Holding AG,Switzerland,NGM,USD,,8048076.0,3919815.0,94498616.0
WKHS,Workhorse Group Inc.,,,,,8799568.0,1994187.0,49189588.0
WKSP,Worksport Ltd.,United States,NCM,USD,,8254389.0,7927268.0,19315270.0
WKYN,"WebSky, Inc.",,,,,29167000.0,,29.0
WLAC,Willow Lane Acquisition Corp.,United States,NGM,USD,,12650000.0,10849379.0,222376528.0
WLACU,Willow Lane Acquisition Corp.,United States,NGM,USD,,,10849379.0,
WLACW,Willow Lane Acquisition Corp.,United States,NGM,USD,,,10849379.0,
WLDN,"Willdan Group, Inc.",United States,NGM,USD,,14749882.0,14319333.0,1641219328.0
WLDS,Wearable Devices Ltd.,Israel,NCM,USD,,8648406.0,1585079.0,10896991.0
WLDSW,Wearable Devices Ltd.,Israel,NCM,USD,,,1585079.0,
WLFC,Willis Lease Finance Corporation,United States,NGM,USD,,6814154.0,2290442.0,1045449856.0
WLK,Westlake Corporation,United States,NYQ,USD,,128273152.0,33696092.0,9460145152.0
WLKP,Westlake Chemical Partners LP,,,,,35245879.0,19260463.0,657688128.0
WLTG,WealthTrust DBS Long Term Growth ETF,,NYQ,USD,,,,
WLTH,Wealthfront Corporation,United States,NMS,USD,,146268749.0,21338748.0,1940986368.0
WLY,"John Wiley & Sons, Inc.",,,,,43792357.0,39549666.0,1636142720.0
WLYB,"John Wiley & Sons, Inc.",United States,NYQ,USD,,8766037.0,39549666.0,1735478144.0
WM,"Waste Management, Inc.",United States,NYQ,USD,,402867051.0,401690679.0,89073901568.0
WMB,"The Williams Companies, Inc.",United States,NYQ,USD,,1221218867.0,1214233495.0,72686944256.0
WMG,Warner Music Group Corp.,United States,NMS,USD,,147022746.0,145588509.0,15645972480.0
WMK,"Weis Markets, Inc.",United States,NYQ,USD,,24744597.0,9451199.0,1609883520.0
WMS,"Advanced Drainage Systems, Inc.",United States,NYQ,USD,,77764487.0,71259488.0,11635900416.0
WMSB,Weitz Multisector Bond ETF,,PCX,USD,,,,
WMT,Walmart Inc.,United States,NMS,USD,,7970166964.0,4367252988.0,890886356992.0
WNC,Wabash National Corporation,United States,NYQ,USD,,40516637.0,37206833.0,363531424.0
WNEB,"Western New England Bancorp, Inc.",United States,NMS,USD,,20491966.0,16378124.0,262706992.0
WNTR,YieldMax MSTR Short Option Income Strategy ETF,,PCX,USD,,,,
WNW,Meiwu Technology Company Limited,CN,NASDAQ NMS - GLOBAL MARKET,USD,2020-12-15,15643353.0,432609.0,23465030.0
WOK,WORK Medical Technology Group LTD,China,NCM,USD,,960012.0,128312.0,30576.0
WOLF,"Wolfspeed, Inc.",US,"NEW YORK STOCK EXCHANGE, INC.",USD,1993-02-09,25892446.0,7490167.0,464769440.0
WOMN,Impact Shares Women’s Empowerment ETF,,PCX,USD,,,,
WOOD,iShares Global Timber & Forestry ETF,,NGM,USD,,,,
WOOF,"Petco Health and Wellness Company, Inc.",United States,NMS,USD,,243453341.0,89680313.0,824045312.0
WOSSF,Water Oasis Group Limited,,,,,680552764.0,202137782.0,83027440.0
WPC,W. P. Carey Inc.,United States,NYQ,USD,,219145024.0,217148613.0,14204980224.0
WPDPF,WPD Pharmaceuticals Inc.,,,,,4639485.0,3117595.0,402591.0
WPM,Wheaton Precious Metals Corp.,Canada,NYQ,USD,,454017886.0,453246056.0,56472809472.0
WPP,WPP plc,United Kingdom,NYQ,USD,,215752518.0,1074770610.0,4851492864.0
WPRT,Westport Fuel Systems Inc.,Canada,NMS,USD,,17362535.0,14285894.0,28127308.0
WQTM,WisdomTree Quantum Computing Fund,,,,,,,
WRAP,"Wrap Technologies, Inc.",United States,NCM,USD,,51549094.0,36535936.0,111861544.0
WRB,W. R. Berkley Corporation,United States,NYQ,USD,,380021174.0,293657562.0,26818095104.0
WRB.PRH,W R Berkley Corp,US,"NEW YORK STOCK EXCHANGE, INC.",USD,1973-10-19,,,26932.0
WRBY,Warby Parker Inc.,US,"NEW YORK STOCK EXCHANGE, INC.",USD,2021-09-29,105727103.0,89684854.0,2953945344.0
WRD,WeRide Inc.,China,NGM,USD,,323933969.0,721588085.0,2980609280.0
WRLD,World Acceptance Corporation,US,NASDAQ NMS - GLOBAL MARKET,USD,1991-11-26,5038077.0,2407111.0,802654720.0
WRN,Western Copper and Gold Corporation,Canada,ASE,USD,,202056426.0,173558388.0,605239936.0
WRND,NYLI Global Equity R&D Leaders ETF,,NGM,USD,,,,
WRRZF,Walker River Resources Corp.,,,,,52080862.0,49838260.0,1614506.0
WS,"Worthington Steel, Inc.",United States,NYQ,USD,,49857111.0,44078672.0,1796850304.0
WSBC,"WesBanco, Inc.",United States,NMS,USD,,96045347.0,92847997.0,3278988032.0
WSBCO,"WesBanco, Inc.",United States,NMS,USD,,,92847997.0,
WSBK,"Winchester Bancorp, Inc.",United States,NCM,USD,,8960743.0,3794372.0,92564488.0
WSC,WillScot Holdings Corporation,United States,NCM,USD,,181945689.0,176762056.0,3594162176.0
WSFS,WSFS Financial Corporation,United States,NMS,USD,,54675949.0,53965708.0,3185763328.0
WSGE,Warren Street Global Equity ETF,,NGM,USD,,,,
WSHP,WeShop Holdings Limited,British Virgin Islands,NCM,USD,,10943683.0,6087930.0,1224051072.0
WSM,"Williams-Sonoma, Inc.",United States,NYQ,USD,,119380711.0,117985150.0,22514008064.0
WSML,iShares MSCI World Small-Cap ETF,,NGM,USD,,,,
WSO,"Watsco, Inc.",,,,,34923800.0,32911048.0,14156713984.0
WSR,Whitestone REIT,,,,,51020124.0,44958933.0,708818048.0
WST,"West Pharmaceutical Services, Inc.",United States,NYQ,USD,,71943412.0,71459952.0,19734075392.0
WSTHF,,,,,,,,
WSTNU,Westin Acquisition Corp,Singapore,NCM,USD,,,1672633.0,
WSTTF,,,,,,3422357817.0,1057740200.0,2566768384.0
WT,"WisdomTree, Inc.",United States,NYQ,USD,,140715080.0,123189694.0,1824128256.0
WTBA,"West Bancorporation, Inc.",United States,NMS,USD,,16940785.0,15117787.0,381845280.0
WTBN,Wisdomtree Bianco Fixed Income Total Return Fund,,NGM,USD,,,,
WTCUF,,,,,,,,
WTF,Waton Financial Limited,Hong Kong,NCM,USD,,48237472.0,6348051.0,160148400.0
WTFC,Wintrust Financial Corporation,United States,NMS,USD,,66971158.0,66031553.0,9594288128.0
WTFCN,Wintrust Financial Corporation,United States,NMS,USD,,,66031553.0,
WTG,Wintergreen Acquisition Corp.,China,NCM,USD,,7303575.0,3101828.0,74205056.0
WTGUR,Wintergreen Acquisition Corp.,China,NCM,USD,,,3101828.0,
WTGUU,Wintergreen Acquisition Corp.,China,NCM,USD,,,3101828.0,
WTI,"W&T Offshore, Inc.",United States,NYQ,USD,,148777224.0,98191480.0,242506864.0
WTIB,USCF Oil Plus Bitcoin Strategy Fund,,PCX,USD,,,,
WTID,MicroSectors Energy -3X Inverse Leveraged ETN,,PCX,USD,,,,
WTII,"Water Technologies International, Inc.",,,,,1520975090.0,,760488.0
WTIP,WisdomTree Inflation Plus Fund,,NGM,USD,,,,
WTIU,MicroSectors Energy 3X Leveraged ETN,,,,,,,
WTM,"White Mountains Insurance Group, Ltd.",,,,,2476555.0,2446783.0,5246061056.0
WTMF,WisdomTree Managed Futures Strategy Fund,,PCX,USD,,,,
WTMU,Wisdomtree Core Laddered Municipal Fund,,NGM,USD,,,,
WTMY,Wisdomtree High Income Laddered Municipal Fund,,NGM,USD,,,,
WTO,UTime Limited,China,NCM,USD,,1944191.0,209829.0,1234561.0
WTPI,WisdomTree Equity Premium Income Fund,,PCX,USD,,,,
WTRE,WisdomTree New Economy Real Estate ETF,,PCX,USD,,,,
WTRG,"Essential Utilities, Inc.",United States,NYQ,USD,,282975521.0,282169041.0,10914365440.0
WTRV,White River Energy Corp.,,,,,61976613.0,,6197.0
WTS,"Watts Water Technologies, Inc.",United States,NYQ,USD,,27406631.0,27069898.0,9480901632.0
WTTR,"Select Water Solutions, Inc.",,,,,104908604.0,98469314.0,1295120512.0
WTV,WisdomTree U.S. Value Fund,,PCX,USD,,,,
WTW,Willis Towers Watson Public Limited Company,United Kingdom,NMS,USD,,95748613.0,95379981.0,32639559680.0
WU,The Western Union Company,United States,NYQ,USD,,317844905.0,316249324.0,3035892480.0
WULF,TeraWulf Inc.,United States,NCM,USD,,418681881.0,302824231.0,4919512064.0
WVE,Wave Life Sciences Ltd.,Singapore,NGM,USD,,185759908.0,88305418.0,3300953600.0
WVVI,"Willamette Valley Vineyards, Inc.",United States,NCM,USD,,4964529.0,4094595.0,15638267.0
WVVIP,"Willamette Valley Vineyards, Inc.",United States,NCM,USD,,4964530.0,4094595.0,23700776.0
WW,"WW International, Inc.",US,NASDAQ NMS - GLOBAL MARKET,USD,2001-11-15,9986928.0,9052451.0,276837664.0
WWD,"Woodward, Inc.",,,,,59996788.0,59666019.0,18681800704.0
WWJD,Inspire International ETF,,PCX,USD,,,,
WWNTY,Want Want China Holdings Limited,,,,,236061423.0,4315320838.0,7612980736.0
WWOK,,,,,,,,
WWR,"Westwater Resources, Inc.",United States,ASE,USD,,117989464.0,115134119.0,98308816.0
WWW,"Wolverine World Wide, Inc.",United States,NYQ,USD,,81967897.0,75800632.0,1470504064.0
WXET,Teucrium 2x Daily Wheat ETF,,PCX,USD,,,,
WXM,WF International Limited,China,NCM,USD,,8620688.0,1991000.0,4594826.0
WY,Weyerhaeuser Company,,,,,720861000.0,717631543.0,17128670208.0
WYFI,"WhiteFiber, Inc.",United States,NCM,USD,,38259989.0,10961869.0,633968000.0
WYHG,Wing Yip Food Holdings Group Limited,China,NCM,USD,,50330928.0,20653607.0,32453382.0
WYNMF,"Wynn Macau, Limited",,,,,5230479919.0,1472432845.0,4207556608.0
WYNN,"Wynn Resorts, Limited",US,NASDAQ NMS - GLOBAL MARKET,USD,2002-10-25,103974479.0,74193857.0,12930521088.0
WYY,WidePoint Corporation,United States,ASE,USD,,9891002.0,8183024.0,52521220.0
XAGE,"Longevity Health Holdings, Inc.",,,,,1781738.0,1668277.0,783964.0
XAGG,Eaton Vance Income Opportunities ETF,,PCX,USD,,,,
XAIR,"Beyond Air, Inc.",United States,NCM,USD,,8009488.0,6326614.0,6024737.0
XAIX,Xtrackers Artificial Intelligence and Big Data ETF,,NGM,USD,,,,
XAR,State Street SPDR S&P Aerospace & Defense ETF,,PCX,USD,,,,
XB,BondBloxx B Rated USD High Yield Corporate Bond ETF,,PCX,USD,,,,
XBB,BondBloxx BB Rated USD High Yield Corporate Bond ETF,,PCX,USD,,,,
XBI,State Street SPDR S&P Biotech ETF,,PCX,USD,,,,
XBIL,F/m US Treasury 6 Month Bill ETF,,,,,,,
XBIO,"Xenetic Biosciences, Inc.",United States,NCM,USD,,2291056.0,1984948.0,4765396.0
XBIT,XBiotech Inc.,United States,NMS,USD,,30487731.0,19081661.0,75304696.0
XBJL,Innovator U.S. Equity Accelerated 9 Buffer ETF - July,,,,,,,
XBP,"XBP Global Holdings, Inc.",US,NASDAQ NMS - GLOBAL MARKET,USD,2021-03-12,11751597.0,3537466.0,78148128.0
XBPEW,"XBP Global Holdings, Inc.",,,,,,3537466.0,
XBTY,GraniteShares YieldBOOST Bitcoin ETF,,NGM,USD,,,,
XC,WisdomTree True Emerging Markets Fund,,PCX,USD,,,,
XCCC,BondBloxx CCC Rated USD High Yield Corporate Bond ETF,,,,,,,
XCEM,Columbia EM Core ex-China ETF,,PCX,USD,,,,
XCH,XCHG Limited,China,NGM,USD,,40920177.0,608926433.0,71936368.0
XCHG,AB Active ETFs -  AB US Equity ETF,,PCX,USD,,,,
XCLR,Global X S&P 500 Collar 95-110 ETF,,,,,,,
XCNY,SPDR S&P Emerging Markets ex-China ETF,,,,,,,
XCOR,Fundx ETF,,PCX,USD,,,,
XCUR,"Exicure, Inc.",United States,NCM,USD,,6373869.0,2383954.0,38179472.0
XDEVF,XTRACKERS (IE) PLC MSCI WLD VAL,,,,,,,
XDNCF,XD Inc.,,,,,488992013.0,271084615.0,1320278400.0
XEL,Xcel Energy Inc.,United States,NMS,USD,,591539773.0,590025431.0,44022390784.0
XELB,"Xcel Brands, Inc.",US,NASDAQ NMS - GLOBAL MARKET,USD,2001-03-20,5784368.0,3174587.0,7924584.0
XELLL,Xcel Energy Inc.,United States,NGM,USD,,,590025431.0,
XENE,Xenon Pharmaceuticals Inc.,Canada,NGM,USD,,77275005.0,71790025.0,3465011456.0
XERS,"Xeris Biopharma Holdings, Inc.",United States,NMS,USD,,165924289.0,158762997.0,1222861952.0
XFIX,F/m Opportunistic Income ETF,,,,,,,
XFLT,XAI Octagon Floating Rate & Alternative Income Trust,United States,NYQ,USD,,76154591.0,,354880384.0
XFLX,FundX Flexible ETF,,PCX,USD,,,,
XFOR,"X4 Pharmaceuticals, Inc.",,,,,87436688.0,81289889.0,393465088.0
XGN,Exagen Inc.,United States,NGM,USD,,22663099.0,14922744.0,138924800.0
XHB,State Street SPDR S&P Homebuilders ETF,,PCX,USD,,,,
XHE,State Street SPDR S&P Health Care Equipment ETF,,PCX,USD,,,,
XHG,XChange TEC.INC,China,NCM,USD,,46604623.0,2000142220.0,50522124.0
XHLD,"TEN Holdings, Inc.",United States,NCM,USD,,2986666.0,1260213.0,4987732.0
XHLF,Bondbloxx Bloomberg Six Month Target Duration US Treasury ETF,,PCX,USD,,,,
XHR,"Xenia Hotels & Resorts, Inc.",United States,NYQ,USD,,94805748.0,93739183.0,1497677312.0
XHS,State Street SPDR S&P Health Care Services ETF,,PCX,USD,,,,
XHYC,BondBloxx US High Yield Consumer Cyclicals Sector ETF,,PCX,USD,,,,
XHYD,BondBloxx US High Yield Consumer Non-Cyclicals Sector ETF,,PCX,USD,,,,
XHYE,BondBloxx US High Yield Energy Sector ETF,,PCX,USD,,,,
XHYF,BondBloxx US High Yield Financial & REIT Sector ETF,,PCX,USD,,,,
XHYH,BondBloxx US High Yield Healthcare Sector ETF,,PCX,USD,,,,
XHYI,BondBloxx US High Yield Industrial Sector ETF,,PCX,USD,,,,
XHYT,BondBloxx US High Yield Telecom Media Technology Sector ETF,,,,,,,
XIDV,Franklin International Dividend Booster Index ETF,,PCX,USD,,,,
XIFR,"XPLR Infrastructure, LP",United States,NYQ,USD,,93966346.0,86189691.0,893619968.0
XIORF,Xior Student Housing NV,,,,,46695094.0,38642058.0,1510119424.0
XISE,FT Vest U.S. Equity Buffer & Premium Income ETF – September,,,,,,,
XITK,State Street SPDR FactSet Innovative Technology ETF,,PCX,USD,,,,
XLB,State Street Materials Select Sector SPDR ETF,,PCX,USD,,71923696.0,,3316401664.0
XLBI,The Materials Select Sector SPDR Premium Income Fund,,PCX,USD,,,,
XLC,State Street Communication Services Select Sector SPDR ETF,,PCX,USD,,,,
XLCI,State Street Communication Services Select Sector SPDR Premium Income ETF,,PCX,USD,,,,
XLE,State Street Energy Select Sector SPDR ETF,,PCX,USD,,186424000.0,,8239941120.0
XLEI,State Street Energy Select Sector SPDR Premium Income ETF,,PCX,USD,,,,
XLF,State Street Financial Select Sector SPDR ETF,,PCX,USD,,883444992.0,,49137209344.0
XLFI,State Street Financial Select Sector SPDR Premium Income ETF,,PCX,USD,,,,
XLG,Invesco S&P 500 Top 50 ETF,,PCX,USD,,,,
XLI,State Street Industrial Select Sector SPDR ETF,,PCX,USD,,136626000.0,,21478973440.0
XLII,State Street Industrial Select Sector SPDR Premium Income ETF,,PCX,USD,,,,
XLK,State Street Technology Select Sector SPDR ETF,,,,,272056000.0,,39864365056.0
XLKI,State Street Technology Select Sector SPDR Premium Income ETF,,PCX,USD,,,,
XLP,State Street Consumer Staples Select Sector SPDR ETF,,PCX,USD,,210172000.0,,16441756672.0
XLRE,State Street Real Estate Select Sector SPDR ETF,,PCX,USD,,,,
XLRI,State Street Real Estate Select Sector SPDR Premium Income ETF,,PCX,USD,,,,
XLSI,State Street Consumer Staples Select Sector SPDR Premium Income ETF,,PCX,USD,,,,
XLSR,State Street US Sector Rotation ETF,,PCX,USD,,,,
XLU,State Street Utilities Select Sector SPDR ETF,,PCX,USD,,163274000.0,,6984861696.0
XLUI,State Street Utilities Select Sector SPDR Premium Income ETF,,PCX,USD,,,,
XLV,State Street Health Care Select Sector SPDR ETF,,,,,197415008.0,,30806611968.0
XLVI,State Street Health Care Select Sector SPDR Premium Income ETF,,PCX,USD,,,,
XLY,State Street Consumer Discretionary Select Sector SPDR ETF,,PCX,USD,,120253000.0,,14676879360.0
XLYI,State Street Consumer Discretionary Select Sector SPDR Premium Income ETF,,PCX,USD,,,,
XMAG,Defiance Large Cap ex-Mag 7 ETF,,NGM,USD,,,,
XME,State Street SPDR S&P Metals & Mining ETF,,,,,17500200.0,,1887221504.0
XMHQ,Invesco S&P MidCap Quality ETF,,PCX,USD,,,,
XMLV,Invesco S&P MidCap Low Volatility ETF,,PCX,USD,,,,
XMMO,Invesco S&P MidCap Momentum ETF,,PCX,USD,,,,
XMPT,VanEck CEF Municipal Income ETF,,,,,,,
XMTIF,iShares VII plc - iShares Core MSCI EMU UCITS ETF,,,,,,,
XMTR,"Xometry, Inc.",,,,,49772345.0,44140631.0,3214253056.0
XMVM,Invesco S&P MidCap Value with Momentum ETF,,PCX,USD,,,,
XNAV,FundX Aggressive ETF,,PCX,USD,,,,
XNCR,"Xencor, Inc.",United States,NGM,USD,,71410469.0,53674965.0,1086867456.0
XNET,Xunlei Limited,China,NMS,USD,,61470239.0,143828369.0,451048480.0
XNTK,State Street SPDR NYSE Technology ETF,,PCX,USD,,10550000.0,,2981113600.0
XOEF,iShares S&P 500 ex S&P 100 ETF,,PCX,USD,,,,
XOM,Exxon Mobil Corporation,United States,NYQ,USD,,4217165614.0,4206074468.0,507795374080.0
XOMA,XOMA Royalty Corporation,US,NASDAQ NMS - GLOBAL MARKET,USD,1986-06-06,12383103.0,9590342.0,322703648.0
XOMAO,XOMA Royalty Corporation,United States,NGM,USD,,,9590342.0,
XOMAP,XOMA Royalty Corporation,United States,NGM,USD,,,9590342.0,
XOMO,Yieldmax XOM Option Income Strategy ETF,,PCX,USD,,,,
XOMX,Direxion Daily XOM Bull 2X Shares,,,,,,,
XOMZ,Direxion Daily XOM Bear 1X Shares,,NGM,USD,,,,
XONE,Bondbloxx Bloomberg One Year Target Duration US Treasury ETF,,PCX,USD,,,,
XOP,State Street SPDR S&P Oil & Gas Exploration & Production ETF,,,,,70500000.0,,8809679872.0
XOS,"Xos, Inc.",United States,NCM,USD,,11334192.0,7444751.0,22895068.0
XOSWW,"Xos, Inc.",,,,,,,
XOVR,ERShares Private-Public Crossover ETF,,NGM,USD,,,,
XP,XP Inc.,Cayman Islands,NMS,USD,,415456973.0,420513482.0,8529609728.0
XPAY,Roundhill S&P 500 Target 20 Managed Distribution ETF,,,,,,,
XPEL,"XPEL, Inc.",,,,,27678601.0,23653856.0,1440948096.0
XPER,Xperi Inc.,United States,NYQ,USD,,46335385.0,40076401.0,274768832.0
XPEV,XPeng Inc.,China,NYQ,USD,,779607351.0,1414840972.0,19823319040.0
XPH,State Street SPDR S&P Pharmaceuticals ETF,,PCX,USD,,5500270.0,,315715520.0
XPL,Solitario Resources Corp.,United States,ASE,USD,,90901324.0,69347711.0,62812816.0
XPND,First Trust Expanded Technology ETF,,PCX,USD,,,,
XPO,"XPO, Inc.",United States,NYQ,USD,,117384263.0,103727778.0,16642138112.0
XPOF,"Xponential Fitness, Inc.",United States,NYQ,USD,,35169000.0,23395826.0,427447168.0
XPON,Expion360 Inc.,United States,NCM,USD,,9656739.0,9285534.0,7918526.0
XPP,ProShares Ultra FTSE China 50,,PCX,USD,,,,
XPPLF,XP Power Limited,,,,,28032178.0,26374242.0,322370048.0
XPRO,Expro Group Holdings N.V.,United States,NYQ,USD,,113560421.0,102001666.0,1546637184.0
XRAY,DENTSPLY SIRONA Inc.,United States,NMS,USD,,199551969.0,186489297.0,2298838784.0
XRLV,Invesco S&P 500 ex-Rate Sensitive Low Volatility ETF,,,,,,,
XRLX,FundX Conservative ETF,,,,,,,
XRMI,Global X S&P 500 Risk Managed Income ETF,,PCX,USD,,,,
XRP,Bitwise XRP ETF,,PCX,USD,,,,
XRPC,Canary XRP ETF,,NGM,USD,,,,
XRPI,XRP ETF,,NGM,USD,,,,
XRPK,T-REX 2X Long XRP Daily Target ETF,,,,,,,
XRPN,Armada Acquisition Corp. II,United States,NGM,USD,,23710000.0,21528901.0,404172800.0
XRPNU,Armada Acquisition Corp. II,KY,NASDAQ NMS - GLOBAL MARKET,USD,2025-05-21,,21528901.0,320.0
XRPNW,Armada Acquisition Corp. II,United States,NGM,USD,,,21528901.0,
XRPT,2x XRP ETF,,NGM,USD,,,,
XRPZ,Franklin XRP ETF,,PCX,USD,,,,
XRT,State Street SPDR S&P Retail ETF,,,,,12100200.0,,1055500480.0
XRX,Xerox Holdings Corporation,US,NASDAQ NMS - GLOBAL MARKET,USD,1981-05-22,128040011.0,118398598.0,318819616.0
XSD,State Street SPDR S&P Semiconductor ETF,,PCX,USD,,3450000.0,,1131979392.0
XSLV,Invesco S&P SmallCap Low Volatility ETF,,,,,,,
XSMO,Invesco S&P SmallCap Momentum ETF,,PCX,USD,,,,
XSOE,WisdomTree Emerging Markets ex-State-Owned Enterprises Fund,,,,,,,
XSVM,Invesco S&P SmallCap Value with Momentum ETF,,PCX,USD,,,,
XSVN,Bondbloxx Bloomberg Seven Year Target Duration US Treasury ETF,,PCX,USD,,,,
XSW,State Street SPDR S&P Software & Services ETF,,,,,,,
XT,iShares Future Exponential Technologies ETF,,NGM,USD,,,,
XTAAF,XTRACKERS II,,,,,,,
XTAP,Innovator U.S. Equity Accelerated Plus ETF – April,,,,,,,
XTEN,Bondbloxx Bloomberg Ten Year Target Duration US Treasury ETF,,,,,,,
XTERF,Olive Resource Capital Inc.,,,,,106144709.0,81090312.0,6078002.0
XTIA,"XTI Aerospace, Inc.",United States,NCM,USD,,32786816.0,32768455.0,44590072.0
XTKG,"X3 Holdings Co., Ltd.",Singapore,NCM,USD,,96046664.0,36794614.0,13489803.0
XTL,State Street SPDR S&P Telecom ETF,,PCX,USD,,,,
XTLB,XTL Biopharmaceuticals Ltd.,Israel,NCM,USD,,8813852.0,451886180.0,6672957.0
XTMIF,XTM Inc.,,,,,279227763.0,278228128.0,4006918.0
XTN,State Street SPDR S&P Transportation ETF,,PCX,USD,,,,
XTNT,"Xtant Medical Holdings, Inc.",United States,ASE,USD,,140004240.0,45275971.0,108643296.0
XTR,Global X S&P 500 Tail Risk ETF,,PCX,USD,,,,
XTRE,Bondbloxx Bloomberg Three Year Target Duration US Treasury ETF,,PCX,USD,,,,
XTTRF,Xtrackers - MSCI China UCITS ETF,,,,,,,
XTTXF,Concept Fund Solutions Plc - Db X-Trackers Usd High Yield Corporate Bond Ucits ETF,,,,,,,
XTWO,Bondbloxx Bloomberg Two Year Target Duration US Treasury ETF,,PCX,USD,,,,
XTWY,Bondbloxx Bloomberg Twenty Year Target Duration US Treasury ETF,,PCX,USD,,,,
XUDV,Franklin U.S. Dividend Booster Index ETF,,,,,,,
XUSP,Innovator Uncapped Accelerated U.S. Equity ETF,,,,,,,
XV,Simplify Target 15 Distribution ETF,,,,,,,
XVIPF,Xvivo Perfusion AB (publ),,,,,31499470.0,25043969.0,633296832.0
XVIPY,Xvivo Perfusion AB (publ),SE,NASDAQ OMX NORDIC,SEK,2012-10-08,,25043969.0,5669.0
XWDCF,,,,,,,,
XWIN,XMax Inc.,United States,NCM,USD,,41884227.0,35670106.0,251305376.0
XXI,"Twenty One Capital, Inc.",United States,NYQ,USD,,336979560.0,,3167607552.0
XXII,"22nd Century Group, Inc.",United States,NCM,USD,,6987290.0,6919304.0,6112481.0
XXRP,Teucrium 2x Long Daily XRP ETF,,PCX,USD,,,,
XXV,Simplify Ancorato Target 25 Distribution ETF,,PCX,USD,,,,
XYF,X Financial,CN,"NEW YORK STOCK EXCHANGE, INC.",CNY,2018-09-19,22803938.0,97776765.0,234262256.0
XYL,Xylem Inc.,United States,NYQ,USD,,243469063.0,242877433.0,33793505280.0
XYLD,Global X S&P 500 Covered Call ETF,,PCX,USD,,,,
XYLG,Global X S&P 500 Covered Call & Growth ETF,,PCX,USD,,,,
XYZ,"Block, Inc.",United States,NYQ,USD,,547667000.0,541593585.0,40397127680.0
XYZG,Leverage Shares 2X Long XYZ Daily ETF,,NGM,USD,,,,
XYZY,YieldMax XYZ Option Income Strategy ETF,,PCX,USD,,,,
XZJCF,"Mitsui Kinzoku Company, Limited",,,,,57212963.0,53043854.0,9086159872.0
XZO,"Exzeo Group, Inc.",United States,NYQ,USD,,90771289.0,12440205.0,2047901824.0
YAAS,Youxin Technology Ltd,China,NCM,USD,,3967877.0,382269.0,6853884.0
YALA,Yalla Group Limited,AE,"NEW YORK STOCK EXCHANGE, INC.",USD,2020-09-30,132801840.0,52330831.0,1139088256.0
YALL,God Bless America ETF,,,,,,,
YANG,Direxion Daily FTSE China Bear 3X Shares,,PCX,USD,,,,
YB,Yuanbao Inc.,China,NGM,USD,,32391451.0,19721280.0,925290432.0
YBIT,YieldMax Bitcoin Option Income Strategy ETF,,PCX,USD,,,,
YBMN,Defiance BMNR Option Income ETF,,NGM,USD,,,,
YBST,GraniteShares ETF Trust - YieldBOOST Single Stock Universe ETF,,NGM,USD,,,,
YBTY,GraniteShares ETF Trust - YieldBOOST TopYielders ETF,,NGM,USD,,,,
YCBD,"cbdMD, Inc.",United States,ASE,USD,,8959410.0,8705325.0,15824608.0
YCL,ProShares Ultra Yen,,PCX,USD,,,,
YCS,ProShares UltraShort Yen,,PCX,USD,,,,
YCY,AA Mission Acquisition Corp. II,United States,NYQ,USD,,11860250.0,,147205152.0
YDDL,One and one Green Technologies. Inc,Philippines,NCM,USD,,44096040.0,8168160.0,292134016.0
YDES,YD Bio Ltd,TW,NASDAQ NMS - GLOBAL MARKET,USD,2025-08-29,70521359.0,1420759.0,863181440.0
YDESW,YD Bio Limited,Taiwan,NGM,USD,,,1420759.0,
YDKG,Yueda Digital Holding,US,NASDAQ NMS - GLOBAL MARKET,USD,2007-11-07,5542224.0,29475491.0,5347693.0
YEAR,AB Ultra Short Income ETF,,PCX,USD,,,,
YELP,Yelp Inc.,United States,NYQ,USD,,61491989.0,60019256.0,1915782656.0
YETI,"YETI Holdings, Inc.",United States,NYQ,USD,,77808113.0,77247895.0,3721693952.0
YEXT,"Yext, Inc.",,,,,122626997.0,90892356.0,998218112.0
YFFI,Indexperts Yield Focused Fixed Income ETF,,,,,,,
YFYA,Yields for You Strategy A ETF,,,,,,,
YGLD,Simplify Gold Strategy PLUS Income ETF,,PCX,USD,,,,
YHC,LQR House Inc.,US,NASDAQ NMS - GLOBAL MARKET,USD,2023-08-10,21366209.0,11515179.0,19522306.0
YHGJ,Yunhong Green CTI Ltd.,United States,NCM,USD,,2773863.0,504899.0,10485206.0
YHNA,YHN Acquisition I Limited,Hong Kong,NGM,USD,,7750000.0,5484288.0,82460000.0
YHNAR,YHN Acquisition I Limited,Hong Kong,NGM,USD,,,5484288.0,
YHNAU,YHN Acquisition I Limited,Hong Kong,NGM,USD,,7750000.0,5484288.0,81762504.0
YI,"111, Inc.",CN,NASDAQ NMS - GLOBAL MARKET,CNY,2018-09-12,5067436.0,90596917.0,26695702.0
YIBO,Planet Image International Limited,China,NCM,USD,,32918421.0,7128838.0,56864848.0
YINN,Direxion Daily FTSE China Bull 3X Shares,,PCX,USD,,,,
YIPI,"Yippy, Inc.",,,,,76975377.0,,61580.0
YIYU,,,,,,,,
YJ,Yunji Inc.,China,NCM,USD,,2550640.0,763403905.0,7339054.0
YLD,Principal Active High Yield ETF,,PCX,USD,,,,
YLDE,Franklin ClearBridge Enhanced Income ETF,,NGM,USD,,,,
YLDW,Westwood Enhanced Income Opport,,PCX,USD,,,,
YLLXF,Yellow Cake plc,,,,,239840424.0,217983766.0,1856844544.0
YMAG,YieldMax Magnificent 7 Fund of Option Income ETFs,,PCX,USD,,,,
YMAX,YieldMax Universe Fund of Option Income ETFs,,PCX,USD,,,,
YMM,Full Truck Alliance Co. Ltd.,China,NYQ,USD,,939300912.0,15803851247.0,11682638848.0
YNOT,Horizon Digital Frontier ETF,,NGM,USD,,,,
YOKE,Yoke Core ETF,,NGM,USD,,,,
YOKEF,Yokogawa Electric Corporation,,,,,254629211.0,246267484.0,8396398080.0
YOLO,AdvisorShares Pure Cannabis ETF,,,,,,,
YORI,Yora International Inc.,,,,,,,
YORUF,"The Yokohama Rubber Company, Limited",,,,,157703881.0,151362522.0,4079799808.0
YORW,The York Water Company,United States,NMS,USD,,14434680.0,13502200.0,468260992.0
YOU,"Clear Secure, Inc.",United States,NYQ,USD,,97432378.0,78768078.0,4833566208.0
YOUL,Youlife Group Inc.,China,NCM,USD,,64887692.0,32346837.0,121677592.0
YOURF,YourWay Cannabis Brands Inc.,,,,,269878252.0,270126219.0,2879.0
YPF,YPF Sociedad Anónima,Argentina,NYQ,USD,,392410662.0,192251293.0,15289494528.0
YPPN,Yappn Corp.,,,,,49277248.0,24877619.0,4927.0
YQ,17 Education & Technology Group Inc.,China,NMS,USD,,6513583.0,225174059.0,34256116.0
YQQQ,YieldMax Short N100 Option Income Strategy ETF,,NGM,USD,,,,
YRD,Yiren Digital Ltd.,China,NYQ,USD,,86406484.0,29364989.0,347738176.0
YSG,Yatsen Holding Limited,China,NYQ,USD,,63975589.0,840661055.0,388237504.0
YSPY,GraniteShares YieldBOOST SPY ETF,,NGM,USD,,,,
YSXT,"YSX Tech. Co., Ltd",China,NCM,USD,,22260175.0,8967656.0,30468748.0
YTRA,"Yatra Online, Inc.",India,NCM,USD,,60496204.0,28172549.0,112825424.0
YUM,"Yum! Brands, Inc.",US,"NEW YORK STOCK EXCHANGE, INC.",USD,1997-09-17,277652829.0,276900390.0,42547519488.0
YUMC,"Yum China Holdings, Inc.",China,NYQ,USD,,354480536.0,366539040.0,17423175680.0
YXI,ProShares Short FTSE China 50,,PCX,USD,,,,
YXT,YXT.COM Group Holding Limited,China,NGM,USD,,54047675.0,29176665.0,41458124.0
YYAI,AiRWA Inc.,United States,NCM,USD,,37927432.0,18819053.0,37404032.0
YYY,Amplify CEF High Income ETF,,PCX,USD,,,,
Z,"Zillow Group, Inc.",,,,,186200151.0,229207424.0,16897553408.0
ZAP,Global X U.S. Electrification ETF,,NGM,USD,,,,
ZAPR,Innovator Equity Defined Protec,,,,,,,
ZBAI,ATIF Holdings Limited,,,,,1313373.0,1019374.0,10231183.0
ZBH,"Zimmer Biomet Holdings, Inc.",United States,NYQ,USD,,198181555.0,197709883.0,17988939776.0
ZBIO,"Zenas BioPharma, Inc.",United States,NMS,USD,,53679166.0,31796317.0,2280827904.0
ZBRA,Zebra Technologies Corporation,United States,NMS,USD,,50660242.0,50238242.0,12521635840.0
ZBZZT,,,,,,,,
ZCAR,"Zoomcar Holdings, Inc.",,,,,6902727.0,4376743.0,462482.0
ZCCMF,ZCCM Investments Holdings PLC,ZM,NYSE EURONEXT - MARCHE LIBRE PARIS,ZMW,1998-12-23,,,33.0
ZD,"Ziff Davis, Inc.",United States,NMS,USD,,39504872.0,38542138.0,1469954048.0
ZDGE,"Zedge, Inc.",United States,ASE,USD,,12485331.0,10411711.0,46055776.0
ZECP,Zacks Earnings Consistent Portfolio ETF,,,,,,,
ZEFIF,Zefiro Methane Corp.,,,,,76102230.0,51996088.0,18518406.0
ZENA,"ZenaTech, Inc.",Canada,NCM,USD,,37981124.0,23156393.0,129895448.0
ZENV,Zenvia Inc.,,,,,28902363.0,10201520.0,55721324.0
ZEO,Zeo Energy Corp.,United States,NCM,USD,,33149931.0,8869264.0,112163992.0
ZEOWW,Zeo Energy Corp.,United States,NCM,USD,,,8869264.0,
ZEPP,Zepp Health Corporation,Netherlands,NYQ,USD,,7042547.0,102405775.0,413448768.0
ZETA,Zeta Global Holdings Corp.,United States,NYQ,USD,,222245699.0,201135775.0,5090468864.0
ZEUS,"Olympic Steel, Inc.",United States,NMS,USD,,11197621.0,9827704.0,501317536.0
ZFEB,Innovator Equity Defined Protection ETF - 1 Yr February,,,,,,,
ZG,"Zillow Group, Inc.",US,NASDAQ NMS - GLOBAL MARKET,USD,2011-07-20,49633032.0,229207424.0,17460105216.0
ZGJLY,,,,,,,,
ZGM,Zenta Group Company Limited,Macau,NCM,USD,,11808839.0,3521478.0,27337466.0
ZGN,Ermenegildo Zegna N.V.,Italy,NYQ,USD,,254089368.0,35310799.0,2660315904.0
ZH,Zhihu Inc.,China,NYQ,USD,,84543875.0,108601872.0,303161664.0
ZHDG,ZEGA Buy and Hedge ETF,,PCX,USD,,,,
ZIEXT,,,,,,,,
ZIG,The Acquirers Fund ETF,,PCX,USD,,,,
ZIM,ZIM Integrated Shipping Services Ltd.,Israel,NYQ,USD,,120457510.0,119051771.0,2571767808.0
ZION,"Zions Bancorporation, National Association",United States,NMS,USD,,147641034.0,144852095.0,8786117632.0
ZIONP,"Zions Bancorporation, National Association",United States,NGM,USD,,,144852095.0,
ZIP,"ZipRecruiter, Inc.",United States,NYQ,USD,,70779406.0,61617341.0,348644992.0
ZJK,"ZJK Industrial Co., Ltd.",China,NCM,USD,,63822249.0,7149688.0,132112048.0
ZKBGF,ZKB Gold ETF,,,,,,,
ZKBSF,ZKB Silver ETF,,,,,,,
ZKH,ZKH Group Limited,China,NYQ,USD,,132494267.0,3188462732.0,592310976.0
ZKIN,"ZK International Group Co., Ltd.",China,NCM,USD,,15823946.0,4917579.0,26109510.0
ZLAB,Zai Lab Limited,,,,,110786595.0,1086539454.0,2030718208.0
ZLNDY,Zalando SE,,,,,518398504.0,221065133.0,7597129728.0
ZM,"Zoom Communications, Inc.",United States,NMS,USD,,265569716.0,261658504.0,26349436928.0
ZMUN,F/m Ultrashort Tax Free Municipal ETF,,NGM,USD,,,,
ZNB,Zeta Network Group,China,NCM,USD,,146279166.0,145622850.0,93940792.0
ZNTL,"Zentalis Pharmaceuticals, Inc.",United States,NGM,USD,,72250779.0,57593263.0,98261056.0
ZONE,"CleanCore Solutions, Inc.",United States,ASE,USD,,6805940.0,176610418.0,1985280.0
ZOOZW,ZOOZ Strategy Ltd.,Israel,NCM,USD,,,7904454.0,
ZROZ,PIMCO 25+ Year Zero Coupon U.S. Treasury Index Exchange-Traded Fund,,PCX,USD,,,,
ZS,"Zscaler, Inc.",US,NASDAQ NMS - GLOBAL MARKET,USD,2018-03-16,159471208.0,102908365.0,36761300992.0
ZSB,USCF Sustainable Battery Metals Strategy Fund,,PCX,USD,,,,
ZSC,USCF Sustainable Commodity Strategy Fund,,PCX,USD,,,,
ZSL,ProShares UltraShort Silver,,,,,,,
ZTAX,X-Square Municipal Income Tax Free ETF,,,,,,,
ZTEN,F/M 10-Year Investment Grade Corporate Bond ETF,,NGM,USD,,,,
ZTEST,,,,,,,,
ZTMUF,Zimtu Capital Corp.,,,,,12682630.0,11474863.0,6848620.0
ZTO,ZTO Express (Cayman) Inc.,China,NYQ,USD,,580770388.0,403724506.0,16744602624.0
ZTOP,F/m High Yield 100 ETF,,NGM,USD,,,,
ZTR,Virtus Global Dividend & Income Fund Inc.,United States,NYQ,USD,,47375600.0,,297639744.0
ZTRE,F/M 3-Year Investment Grade Corporate Bond ETF,,NGM,USD,,,,
ZTS,Zoetis Inc.,United States,NYQ,USD,,440693214.0,439829455.0,55943053312.0
ZTST,,,,,,,,
ZTWO,F/M 2-Year Investment Grade Corporate Bond ETF,,NGM,USD,,,,
ZUMZ,Zumiez Inc.,United States,NMS,USD,,16949578.0,17196622.0,461706496.0
ZURA,Zura Bio Limited,US,NASDAQ NMS - GLOBAL MARKET,USD,2021-07-16,65023308.0,33459044.0,302358400.0
ZVIA,Zevia PBC,US,"NEW YORK STOCK EXCHANGE, INC.",USD,2021-07-22,64530000.0,36669141.0,153486272.0
ZVRA,"Zevra Therapeutics, Inc.",United States,NMS,USD,,56297535.0,52365715.0,499359136.0
ZVZZC,,,,,,,,
ZWCCF,,,,,,,,
ZWS,Zurn Elkay Water Solutions Corporation,US,"NEW YORK STOCK EXCHANGE, INC.",USD,2012-03-29,167350818.0,148594138.0,8015712256.0
ZXIET,,,,,,,,
ZYBT,Zhengye Biotechnology Holding Limited,China,NCM,USD,,47391376.0,4418772.0,72508800.0
ZYME,Zymeworks Inc.,United States,NMS,USD,,74836534.0,74152528.0,2035009792.0
ZZHGY,"ZhongAn Online P & C Insurance Co., Ltd.",,,,,1634812900.0,883607421.0,3335929600.0
