symbol,name,country,exchange,currency,ipo,share_outstanding,float_shares,market_cap
TTSH,"Tile Shop Holdings, Inc.",United States,NCM,USD,,44715001.0,4393.0,164722080.0
GABK,Grand Bank Corporation,,,,,,9116.0,
CDNL,Cardinal Infrastructure Group Inc.,United States,NMS,USD,,14943750.0,10992.0,905391552.0
EPAZ,"Epazz, Inc.",,,,,15859266.0,20314.0,800892.0
VCIG,VCI Global Limited,Malaysia,NCM,USD,,6543598.0,23620.0,4181359.0
IVCAF,Investcorp AI Acquisition Corp.,,,,,6494771.0,26044.0,77937264.0
SMXWW,SMX (Security Matters) Public Limited Company,Ireland,NCM,USD,,,34625.0,
SMX,SMX (Security Matters) Public Limited Company,Ireland,NCM,USD,,8700342.0,34625.0,1012806848.0
JDZG,JIADE Limited,China,NCM,USD,,2317123.0,38337.0,2863808.0
MAQCW,,,,,,,64362.0,
NEN,New England Realty Associates Limited Partnership,United States,ASE,USD,,2822424.0,64948.0,223305984.0
MNPP,"Merchants' National Properties, Inc.",,,,,90879.0,69222.0,184486400.0
GVH,Globavend Holdings Limited,AU,NASDAQ NMS - GLOBAL MARKET,USD,2023-11-08,1526113.0,72188.0,3967893.0
GTEH,"GenTech Holdings, Inc.",,,,,6098893.0,77113.0,1830.0
GDHG,Golden Heaven Group Holdings Ltd.,China,NCM,USD,,2460492.0,89436.0,6203562.0
JWSUF,Jaws Mustang Acquisition Corp.,,,,,,89577.0,
OST,"Ostin Technology Group Co., Ltd.",,,,,5297200.0,99434.0,8978754.0
RUBI,Rubico Inc.,Marshall Islands,NCM,USD,,2456113.0,101546.0,2996458.0
LVPA,Lvpai Group Limited,,,,,100103103.0,103106.0,101104136.0
WOK,WORK Medical Technology Group LTD,China,NCM,USD,,960012.0,128312.0,30576.0
DIT,AMCON Distributing Company,United States,ASE,USD,,650709.0,166406.0,68324448.0
BH,Biglari Holdings Inc.,United States,NYQ,USD,,2068640.0,181976.0,1103412608.0
SPHL,Springview Holdings Ltd,Singapore,NCM,USD,,1652204.0,187461.0,3882679.0
EZGO,EZGO Technologies Ltd.,CN,NASDAQ NMS - GLOBAL MARKET,USD,2021-01-26,868029.0,202745.0,1692656.0
JXG,JX Luxventure Group Inc.,China,NCM,USD,,1206262.0,204508.0,9806918.0
WTO,UTime Limited,China,NCM,USD,,1944191.0,209829.0,1234561.0
SVRN,OceanPal Inc.,Greece,NCM,USD,,34300471.0,216478.0,34986480.0
BON,Bon Natural Life Limited,China,NCM,USD,,6086971.0,217703.0,16374745.0
LDSVF,Chocoladefabriken Lindt & Sprüngli AG,,,,,969010.0,225200.0,33591222272.0
CHSN,Chanson International Holding,China,NCM,USD,,38907905.0,231770.0,81465648.0
SEB,Seaboard Corporation,United States,ASE,USD,,957951.0,245446.0,4190718464.0
SLGL,Sol-Gel Technologies Ltd.,Israel,NCM,USD,,2785787.0,304821.0,116585184.0
KXIN,Kaixin Holdings,China,NCM,USD,,738607.0,308248.0,5451642.0
ATEKW,,,,,,,310137.0,
CLRCF,ClimateRock,,,,,2535300.0,311538.0,30677252.0
CLRRF,ClimateRock,,,,,,311538.0,
SPRC,SciSparc Ltd.,Israel,NCM,USD,,3288998.0,332674.0,4834827.0
AIFM,"AIFarm, Ltd.",,,,,676827.0,336000.0,2030.0
IPW,iPower Inc.,United States,NCM,USD,,1049832.0,341699.0,10183380.0
ASCWF,,,,,,,343593.0,
ASCRF,A SPAC II Acquisition Corp.,,,,,,343593.0,
DWTX,"Dogwood Therapeutics, Inc.",United States,NCM,USD,,29727866.0,358031.0,120992416.0
SEELQ,"Seelos Therapeutics, Inc.",,,,,581000.0,359026.0,
TWG,Top Wealth Group Holding Limited,Hong Kong,NCM,USD,,1300029.0,360581.0,5945441.0
VIIQ,,,,,,,369923.0,
CETX,"Cemtrex, Inc.",United States,NCM,USD,,6911663.0,378546.0,15758594.0
CETXP,"Cemtrex, Inc.",US,NASDAQ NMS - GLOBAL MARKET,USD,2001-06-21,1486740.0,378546.0,957774.0
CZOOF,Cazoo Group Ltd,,,,,4898984.0,380273.0,979.0
YAAS,Youxin Technology Ltd,China,NCM,USD,,3967877.0,382269.0,6853884.0
PLUT,Plutus Financial Group Limited,HK,NASDAQ NMS - GLOBAL MARKET,HKD,2025-02-05,15350000.0,386053.0,52190000.0
CLRO,"ClearOne, Inc.",US,NASDAQ NMS - GLOBAL MARKET,USD,1989-03-03,2237912.0,387830.0,11928071.0
LTSSF,Lotus Bakeries NV,BE,NYSE EURONEXT - EURONEXT BRUSSELS,EUR,1988-12-20,812053.0,404199.0,7721358848.0
HWH,HWH International Inc.,United States,NCM,USD,,6476400.0,409049.0,9649836.0
ATMC,AlphaTime Acquisition Corp,US,NASDAQ NMS - GLOBAL MARKET,USD,2022-12-30,2551636.0,417448.0,38019392.0
ATMCR,AlphaTime Acquisition Corp,United States,NCM,USD,,,417448.0,
ATMCU,AlphaTime Acquisition Corp,United States,NCM,USD,,,417448.0,
ATMCW,AlphaTime Acquisition Corp,United States,NCM,USD,,,417448.0,
NCEW,New Century Logistics (BVI) Limited,Hong Kong,NCM,USD,,2687500.0,418739.0,15023125.0
NIVF,NewGenIvf Group Limited,Thailand,NCM,USD,,1317135.0,429967.0,1055814.0
NIVFW,NewGenIvf Group Limited,Thailand,NCM,USD,,,429967.0,
WNW,Meiwu Technology Company Limited,CN,NASDAQ NMS - GLOBAL MARKET,USD,2020-12-15,15643353.0,432609.0,23465030.0
BYNOU,byNordic Acquisition Corporation,,,,,,436727.0,
BYNOW,byNordic Acquisition Corporatio,,,,,,436727.0,
FCODF,Compagnie de l'Odet,,,,,4215071.0,455969.0,6597176320.0
WAI,Top KingWin Ltd,China,NCM,USD,,1665135.0,457212.0,3696693.0
TETUF,Technology & Telecommunication Acquisition Corporation,,,,,,466922.0,
RJET,Republic Airways Holdings Inc.,United States,NMS,USD,,46900000.0,480120.0,925336960.0
MAYS,"J.W. Mays, Inc.",United States,NCM,USD,,2015780.0,493423.0,79202216.0
SUGP,SU Group Holdings Limited,,,,,563092.0,504028.0,9799331.0
YHGJ,Yunhong Green CTI Ltd.,United States,NCM,USD,,2773863.0,504899.0,10485206.0
BDMD,Baird Medical Investment Holdings Limited,China,NCM,USD,,36725899.0,505026.0,51416260.0
BDMDW,Baird Medical Investment Holdings Limited,China,NCM,USD,,,505026.0,
RTCJF,Baijiayun Group Ltd,CN,NASDAQ NMS - GLOBAL MARKET,USD,2006-11-24,23402800.0,522297.0,29357564.0
FORLU,Four Leaf Acquisition Corporation,US,NASDAQ NMS - GLOBAL MARKET,USD,2023-03-17,,522344.0,27.0
FGIWW,FGI Industries Ltd.,,,,,,523257.0,
FGI,FGI Industries Ltd.,United States,NCM,USD,,1920140.0,523257.0,12346500.0
CHNR,"China Natural Resources, Inc.",China,NCM,USD,,1233382.0,523379.0,4316837.0
MFI,mF International Limited,Hong Kong,NCM,USD,,50525597.0,525594.0,951512000.0
EMPG,Empro Group Inc.,Malaysia,NCM,USD,,8240000.0,527760.0,143046400.0
DFSCW,DEFSEC Technologies Inc.,,,,,,530373.0,
DFSC,DEFSEC Technologies Inc.,Canada,NCM,USD,,1993626.0,530373.0,3628399.0
IMAQW,,,,,,,539681.0,
LGCB,Linkage Global Inc,Japan,NCM,USD,,10162522.0,545127.0,21208792.0
GLXG,Galaxy Payroll Group Limited,Hong Kong,NCM,USD,,1801500.0,545523.0,4236540.0
JFBR,Jeffs' Brands Ltd,Israel,NCM,USD,,3168809.0,545571.0,2768588.0
JFBRW,Jeffs' Brands Ltd,Israel,NCM,USD,,,545571.0,
BDL,"Flanigan's Enterprises, Inc.",United States,ASE,USD,,1858647.0,553319.0,54978808.0
WHLRP,"Wheeler Real Estate Investment Trust, Inc.",United States,NCM,USD,,0.0,563181.0,4754368.0
WHLR,"Wheeler Real Estate Investment Trust, Inc.",United States,NCM,USD,,1895599.0,563181.0,3544770.0
UPC,Universe Pharmaceuticals INC,China,NCM,USD,,563338.0,563332.0,3165959.0
AEHL,Antelope Enterprise Holdings Limited,China,NCM,USD,,2616577.0,576401.0,6671975.0
CNSP,"CNS Pharmaceuticals, Inc.",US,NASDAQ NMS - GLOBAL MARKET,USD,2019-11-08,620290.0,586248.0,3827189.0
CMCT,Creative Media & Community Trust Corporation,United States,NCM,USD,,947030.0,589626.0,4271105.0
DDI,"DoubleDown Interactive Co., Ltd.",South Korea,NMS,USD,,49553440.0,593130.0,425664064.0
APLM,"Apollomics, Inc.",United States,NCM,USD,,2143348.0,594131.0,42866960.0
ENVB,"Enveric Biosciences, Inc.",United States,NCM,USD,,1023368.0,595468.0,4206042.0
INTG,The InterGroup Corporation,United States,NCM,USD,,2148812.0,600185.0,58619592.0
RBLK,"Related Blocks, Inc.",,,,,595305.0,603412.0,348848.0
MDRR,"Medalist Diversified REIT, Inc.",United States,NCM,USD,,1112405.0,604492.0,13359984.0
BBGI,"Beasley Broadcast Group, Inc.",United States,NCM,USD,,970857.0,613484.0,9074090.0
IOR,"Income Opportunity Realty Investors, Inc.",United States,ASE,USD,,4066178.0,628265.0,71361424.0
JYD,Jayud Global Logistics Limited,China,NCM,USD,,2625676.0,643830.0,11536927.0
HTOO,Fusion Fuel Green PLC,Ireland,NCM,USD,,2013403.0,649865.0,7878043.0
PNRG,PrimeEnergy Resources Corporation,United States,NCM,USD,,1635000.0,650109.0,289630368.0
CLIK,Click Holdings Limited,Hong Kong,NCM,USD,,2935986.0,653496.0,18077202.0
TGL,Treasure Global Inc.,United States,NCM,USD,,1526364.0,654275.0,10699812.0
AKAN,Akanda Corp.,GB,NASDAQ NMS - GLOBAL MARKET,USD,2022-03-15,728289.0,656871.0,327730.0
GYRO,"Gyrodyne, LLC",United States,NCM,USD,,2199308.0,668185.0,20628638.0
ACONW,"Aclarion, Inc.",,,,,,671331.0,
ACON,"Aclarion, Inc.",United States,NCM,USD,,671371.0,671331.0,3618689.0
ELAB,PMGC Holdings Inc.,United States,NCM,USD,,744110.0,675930.0,1153372.0
SPRB,"Spruce Biosciences, Inc.",United States,NCM,USD,,1070370.0,676452.0,91773520.0
CBRRF,Chain Bridge I,,,,,3011881.0,678721.0,74930800.0
GOVB,"Gouverneur Bancorp, Inc.",,,,,1050546.0,695960.0,18041834.0
CNEY,CN Energy Group. Inc.,CN,NASDAQ NMS - GLOBAL MARKET,USD,2021-02-05,4988337.0,696597.0,2983965.0
SQFTP,"Presidio Property Trust, Inc.",United States,NCM,USD,,,700003.0,
SQFTW,"Presidio Property Trust, Inc.",United States,NCM,USD,,,700003.0,
SQFT,"Presidio Property Trust, Inc.",United States,NCM,USD,,1230601.0,700003.0,4848568.0
IXQUF,,,,,,,701035.0,
MNDR,Mobile-health Network Solutions,Singapore,NCM,USD,,2365752.0,723245.0,2949980.0
MTVA,MetaVia Inc.,United States,NCM,USD,,2309090.0,725431.0,21220536.0
CVR,Chicago Rivet & Machine Co.,United States,ASE,USD,,966132.0,737275.0,13274653.0
CISS,C3is Inc.,Greece,NCM,USD,,4418378.0,743251.0,931394.0
VALU,"Value Line, Inc.",United States,NCM,USD,,9389873.0,752974.0,357463072.0
VRM,"Vroom, Inc.",United States,NGM,USD,,5199620.0,756181.0,116991448.0
LICN,Lichen International Limited,China,NCM,USD,,16216825.0,756690.0,48440060.0
AEMD,"Aethlon Medical, Inc.",United States,NCM,USD,,971872.0,756925.0,2487992.0
GWAV,"Greenwave Technology Solutions, Inc.",US,NASDAQ NMS - GLOBAL MARKET,USD,2015-03-03,829631.0,757486.0,4836748.0
AKA,a.k.a. Brands Holding Corp.,US,"NEW YORK STOCK EXCHANGE, INC.",USD,2021-09-22,10739676.0,772075.0,123296136.0
NEGG,"Newegg Commerce, Inc.",United States,NCM,USD,,20966480.0,782495.0,1110804096.0
MIGI,Mawson Infrastructure Group Inc.,United States,NCM,USD,,1143259.0,787077.0,5144670.0
SBDS,"Solo Brands, Inc.",,,,,1647827.0,790759.0,10150614.0
FTEL,Fitell Corporation,Australia,NCM,USD,,2432000.0,793042.0,1775116.0
ALCY,Alchemy Investments Acquisition Corp 1,United States,NCM,USD,,4208042.0,795026.0,50454448.0
ALCYU,Alchemy Investments Acquisition Corp 1,United States,NCM,USD,,,795026.0,
BAYAU,Bayview Acquisition Corp,US,NASDAQ NMS - GLOBAL MARKET,USD,2023-12-15,,801677.0,40.0
BAYA,Bayview Acquisition Corp,,,,,3466262.0,801677.0,40728580.0
NCSM,"NCS Multistage Holdings, Inc.",United States,NCM,USD,,2540920.0,803769.0,102678576.0
MTEX,"Mannatech, Incorporated",US,NASDAQ NMS - GLOBAL MARKET,USD,1999-02-16,1900930.0,815005.0,14561131.0
SSBP,"SSB Bancorp, Inc.",,,,,2187602.0,824332.0,27327524.0
DRMAW,"Dermata Therapeutics, Inc.",United States,NCM,USD,,,828926.0,
DRMA,"Dermata Therapeutics, Inc.",United States,NCM,USD,,1026457.0,828926.0,1909210.0
ESHA,ESH Acquisition Corp.,United States,NCM,USD,,3892381.0,829763.0,47609048.0
RNAZ,"TransCode Therapeutics, Inc.",United States,NCM,USD,,916968.0,832424.0,6382104.0
BOXL,Boxlight Corporation,United States,NCM,USD,,951873.0,833812.0,2084604.0
MXC,Mexco Energy Corporation,United States,ASE,USD,,2046000.0,839146.0,21836140.0
GDSTW,Goldenstone Acquisition Limited,,,,,,839238.0,
GCTK,"GlucoTrack, Inc.",US,NASDAQ NMS - GLOBAL MARKET,USD,2013-04-09,910688.0,853761.0,3824893.0
SNSE,"Sensei Biotherapeutics, Inc.",US,NASDAQ NMS - GLOBAL MARKET,USD,2021-02-04,1261290.0,854373.0,11351619.0
PLUR,Pluri Inc.,Israel,NCM,USD,,9253897.0,867368.0,28779618.0
LIVE,Live Ventures Incorporated,United States,NCM,USD,,3071656.0,867804.0,48225016.0
AIRT,"Air T, Inc.",United States,NCM,USD,,2702639.0,888276.0,52025820.0
AIRTP,"Air T, Inc.",United States,NGM,USD,,3044420.0,888276.0,473350816.0
FTII,FutureTech II Acquisition Corp.,,,,,4289961.0,894886.0,51565332.0
PLRZ,Polyrizon Ltd.,Israel,NCM,USD,,1041677.0,900364.0,8479251.0
BLMZF,Harrison Global Holdings Inc.,,,,,1465093.0,916988.0,32232.0
SSM,Sono Group N.V.,Germany,NCM,USD,,1424408.0,922899.0,9928687.0
CRTWF,,,,,,,927580.0,
NYC,American Strategic Investment Co.,US,"NEW YORK STOCK EXCHANGE, INC.",USD,2020-05-28,2672943.0,928286.0,22345802.0
BAOS,Baosheng Media Group Holdings Limited,China,NCM,USD,,1534487.0,937633.0,4173804.0
NSYS,Nortech Systems Incorporated,United States,NCM,USD,,2786134.0,938649.0,20589538.0
STG,Sunlands Technology Group,China,NYQ,USD,,5108694.0,955634.0,86377944.0
COHN,Cohen & Company Inc.,United States,ASE,USD,,2035863.0,956722.0,35403672.0
VGAS,"Verde Clean Fuels, Inc.",United States,NCM,USD,,22049621.0,960142.0,107364592.0
TAOP,Taoping Inc.,China,NCM,USD,,9238687.0,967548.0,13580870.0
GURE,"Gulf Resources, Inc.",China,NCM,USD,,1353531.0,967715.0,5008065.0
WBUY,WEBUY GLOBAL LTD.,Singapore,NCM,USD,,2258611.0,972218.0,3546019.0
SLGB,Smart Logistics Global Limited,Hong Kong,NCM,USD,,41000000.0,975600.0,45510000.0
PMN,"ProMIS Neurosciences, Inc.",Canada,NCM,USD,,2152444.0,990684.0,16487721.0
GLTO,"Galecto, Inc.",Denmark,NCM,USD,,1595161.0,992821.0,54458796.0
PMAX,Powell Max Limited,HK,NASDAQ NMS - GLOBAL MARKET,HKD,2024-09-05,2194418.0,994683.0,6697708.0
PAPL,Pineapple Financial Inc.,Canada,ASE,USD,,1345941.0,1004718.0,2597668.0
ZBAI,ATIF Holdings Limited,,,,,1313373.0,1019374.0,10231183.0
LDWY,"Lendway, Inc.",US,NASDAQ NMS - GLOBAL MARKET,USD,1991-06-25,1769599.0,1054309.0,6016637.0
SNTG,Sentage Holdings Inc.,CN,NASDAQ NMS - GLOBAL MARKET,USD,2021-07-09,2805325.0,1059319.0,5610650.0
EHLD,Euroholdings Ltd.,Greece,NCM,USD,,2816615.0,1061864.0,19209314.0
UOKA,MDJM Ltd,GB,NASDAQ NMS - GLOBAL MARKET,USD,2019-01-08,1068686.0,1062627.0,2244240.0
PHGE,BiomX Inc.,Israel,ASE,USD,,1526640.0,1076892.0,2946415.0
LVLU,"Lulu's Fashion Lounge Holdings, Inc.",United States,NCM,USD,,2771846.0,1086176.0,15064983.0
ATHA,"Athira Pharma, Inc.",United States,NCM,USD,,3943887.0,1086186.0,29500612.0
FEED,"ENvue Medical, Inc.",United States,NCM,USD,,1088192.0,1088143.0,2785771.0
NDRA,ENDRA Life Sciences Inc.,United States,NCM,USD,,1166441.0,1095533.0,5925525.0
GTIJF,Graphjet Technology,,,,,3845062.0,1097650.0,3441331.0
RELV,"Reliv' International, Inc.",,,,,1140024.0,1102166.0,2455611.0
RBTEF,Robertet SA,FR,NYSE EURONEXT - EURONEXT PARIS,EUR,1985-01-07,1958202.0,1134244.0,2089034752.0
ARBB,ARB IOT Group Limited,Singapore,NCM,USD,,1765256.0,1138714.0,10309095.0
SLMT,Brera Holdings PLC,Ireland,NCM,USD,,81994765.0,1149428.0,173351984.0
SDOT,Sadot Group Inc.,United States,NCM,USD,,1549080.0,1150055.0,2974233.0
CDTTW,CDT Equity Inc.,United States,NCM,USD,,,1152346.0,
CDT,CDT Equity Inc.,United States,NCM,USD,,1629402.0,1152346.0,2330046.0
RYM,"RYTHM, Inc.",United States,NCM,USD,,2149128.0,1158305.0,51299688.0
LNZA,"LanzaTech Global, Inc.",United States,NCM,USD,,2320216.0,1159621.0,30371628.0
SAIH,SAIHEAT Limited,US,NASDAQ NMS - GLOBAL MARKET,USD,2021-04-29,1267348.0,1166638.0,17935100.0
SAIHW,SAIHEAT Limited,Singapore,NCM,USD,,,1166638.0,
IRICF,Isras Investment Company Ltd,,,,,4954470.0,1169931.0,1020620800.0
TCI,"Transcontinental Realty Investors, Inc.",United States,NYQ,USD,,8639316.0,1171578.0,475680800.0
TSAT,Telesat Corporation,Canada,NMS,USD,,14685375.0,1174682.0,1487196416.0
LRE,"Lead Real Estate Co., Ltd",Japan,NCM,USD,,13641900.0,1176750.0,17598052.0
VCNX,"Vaccinex, Inc.",,,,,2676637.0,1180772.0,2917534.0
SYNX,Silynxcom Ltd.,Israel,ASE,USD,,6634400.0,1182727.0,6369024.0
HALL,"Hallmark Financial Services, Inc.",,,,,1818482.0,1188542.0,110927.0
PTHS,Pelthos Therapeutics Inc.,,,,,3086681.0,1210191.0,79358568.0
HCHL,Happy City Holdings Limited,Hong Kong,NCM,USD,,7212000.0,1212085.0,75311040.0
SOBR,"SOBR Safe, Inc.",United States,NCM,USD,,1516238.0,1215159.0,3335725.0
BNBX,BNB Plus Corp.,United States,NCM,USD,,4365541.0,1216134.0,10171710.0
SBLX,"StableX Technologies, Inc.",,,,,1455975.0,1221883.0,4702799.0
LRHC,La Rosa Holdings Corp.,United States,NCM,USD,,1625329.0,1233852.0,1124727.0
EDRY,EuroDry Ltd.,Greece,NCM,USD,,2826697.0,1239252.0,36323072.0
CKX,"CKX Lands, Inc.",United States,ASE,USD,,2053129.0,1243170.0,19402068.0
DJCO,Daily Journal Corporation,United States,NCM,USD,,1377426.0,1245400.0,712143040.0
VWFB,"VWF Bancorp, Inc.",,,,,1905413.0,1248903.0,22745826.0
MGIH,Millennium Group International Holdings Limited,Hong Kong,NCM,USD,,11250000.0,1249988.0,14850001.0
TOPS,Top Ships Inc.,Greece,ASE,USD,,4626197.0,1254763.0,23408562.0
ONCO,"Onconetix, Inc.",United States,NCM,USD,,1555015.0,1256119.0,2223672.0
XHLD,"TEN Holdings, Inc.",United States,NCM,USD,,2986666.0,1260213.0,4987732.0
NCI,Neo-Concept International Group Holdings Limited,Hong Kong,NCM,USD,,3464000.0,1260734.0,4958080.0
BJDX,"Bluejay Diagnostics, Inc.",United States,NCM,USD,,1814133.0,1270038.0,1269893.0
WAFU,Wah Fu Education Group Limited,China,NCM,USD,,4410559.0,1274519.0,6902525.0
PTN,"Palatin Technologies, Inc.",US,NYSE MKT LLC,USD,1999-12-21,1702675.0,1285724.0,24876082.0
RETO,"ReTo Eco-Solutions, Inc.",,,,,1858842.0,1286254.0,6089334.0
BGLC,BioNexus Gene Lab Corp.,MY,NASDAQ NMS - GLOBAL MARKET,USD,2020-03-11,2363836.0,1291994.0,9786281.0
MARPS,Marine Petroleum Trust,United States,NCM,USD,,2000000.0,1299020.0,8720000.0
ARL,"American Realty Investors, Inc.",United States,NYQ,USD,,16152043.0,1308639.0,258109648.0
FAMI,"Farmmi, Inc.",China,NCM,USD,,5481874.0,1314260.0,7839081.0
ASTC,Astrotech Corporation,United States,NCM,USD,,1758953.0,1318078.0,6666435.0
IBG,Innovation Beverage Group Limited,Australia,NCM,USD,,20020000.0,1332374.0,46046000.0
MNTSW,Momentus Inc.,United States,NCM,USD,,,1340974.0,
MNTS,Momentus Inc.,United States,NCM,USD,,1669562.0,1340974.0,10384682.0
GSUN,Golden Sun Health Technology Group Limited,China,NCM,USD,,8495971.0,1342030.0,10322806.0
MRNOW,Murano Global Investments Plc,United Kingdom,NCM,USD,,,1349131.0,
MRNO,Murano Global Investments Plc,United Kingdom,NCM,USD,,79315662.0,1349131.0,50777888.0
JLHL,Julong Holding Limited,China,NCM,USD,,11448632.0,1351552.0,93087064.0
RKDA,"Arcadia Biosciences, Inc.",United States,NCM,USD,,1373120.0,1361902.0,3570111.0
CJMB,Callan JMB Inc.,US,NASDAQ NMS - GLOBAL MARKET,USD,2025-02-05,4623027.0,1371652.0,6148626.0
JZXN,"Jiuzi Holdings, Inc.",CN,NASDAQ NMS - GLOBAL MARKET,USD,2021-05-18,1392834.0,1375034.0,2493172.0
NITO,"N2OFF, Inc.",US,NASDAQ NMS - GLOBAL MARKET,USD,2010-05-26,2712883.0,1389810.0,6022602.0
TANH,Tantech Holdings Ltd,China,NCM,USD,,6138555.0,1407609.0,6261326.0
TFLM,TOFLA MEGALINE INC.,,,,,5912535.0,1410553.0,956056.0
YDES,YD Bio Ltd,TW,NASDAQ NMS - GLOBAL MARKET,USD,2025-08-29,70521359.0,1420759.0,863181440.0
YDESW,YD Bio Limited,Taiwan,NGM,USD,,,1420759.0,
PARK,"Park Dental Partners, Inc.",United States,NCM,USD,,4091636.0,1424511.0,60065216.0
LCFY,Locafy Limited,Australia,NCM,USD,,1799055.0,1425571.0,5613051.0
LCFYW,Locafy Limited,Australia,NCM,USD,,,1425571.0,
PRPO,"Precipio, Inc.",United States,NCM,USD,,1752007.0,1426484.0,41627688.0
NXTT,Next Technology Holding Inc.,China,NCM,USD,,4082556.0,1442809.0,27148998.0
BOLT,"Bolt Biotherapeutics, Inc.",United States,NCM,USD,,1919441.0,1449101.0,10230626.0
PFX,PhenixFIN Corporation,United States,NGM,USD,,2000560.0,1461649.0,90174152.0
FLYE,"Fly-E Group, Inc.",United States,NCM,USD,,1632386.0,1464087.0,9924907.0
SHPH,"Shuttle Pharmaceuticals Holdings, Inc.",United States,NCM,USD,,1603285.0,1475295.0,2998143.0
GNLN,"Greenlane Holdings, Inc.",United States,NCM,USD,,4829563.0,1490665.0,10190377.0
PTZH,"Photozou Holdings, Inc.",,,,,8052083.0,1490924.0,4750729.0
PBBK,"PB Bankshares, Inc.",United States,NCM,USD,,2374576.0,1499307.0,56240476.0
FRGT,"Freight Technologies, Inc.",Mexico,NCM,USD,,1564246.0,1501399.0,3191063.0
ITIC,Investors Title Company,United States,NMS,USD,,1887574.0,1515099.0,472459776.0
CIX,CompX International Inc.,United States,ASE,USD,,12323057.0,1517708.0,284231328.0
IVF,"INVO Fertility, Inc.",United States,NCM,USD,,15130282.0,1520971.0,12673124.0
DEVS,DevvStream Corp.,US,,USD,2021-10-28,4380012.0,1521003.0,5650215.0
LSE,"Leishen Energy Holding Co., Ltd.",China,NCM,USD,,17025000.0,1524929.0,74399248.0
RHEPB,"Regional Health Properties, Inc.",US,NYSE MKT LLC,USD,2017-10-02,,1533433.0,5.0
INDP,"Indaptus Therapeutics, Inc.",United States,NCM,USD,,1751163.0,1533861.0,4465465.0
CVKD,"Cadrenal Therapeutics, Inc.",United States,NCM,USD,,2338127.0,1542872.0,17325520.0
HIND,"Vyome Holdings, Inc.",United States,NCM,USD,,5644494.0,1543882.0,21053962.0
ARKR,Ark Restaurants Corp.,United States,NGM,USD,,3606157.0,1544697.0,22971220.0
MKTW,"MarketWise, Inc.",United States,NGM,USD,,2416640.0,1549646.0,39177656.0
PBM,Psyence Biomedical Ltd.,Canada,NCM,USD,,1872051.0,1550489.0,1741007.0
PBMWW,Psyence Biomedical Ltd.,Canada,NCM,USD,,,1550489.0,
AIMD,"Ainos, Inc.",United States,NCM,USD,,4812634.0,1567427.0,9403889.0
AIMDW,"Ainos, Inc.",,,,,,1567427.0,
TIVC,"Tivic Health Systems, Inc.",United States,NCM,USD,,1765952.0,1569472.0,2843184.0
SHFSW,"SHF Holdings, Inc.",United States,NCM,USD,,,1571102.0,
SHFS,"SHF Holdings, Inc.",US,NASDAQ NMS - GLOBAL MARKET,USD,2021-06-24,3081076.0,1571102.0,3851346.0
WLDS,Wearable Devices Ltd.,Israel,NCM,USD,,8648406.0,1585079.0,10896991.0
WLDSW,Wearable Devices Ltd.,Israel,NCM,USD,,,1585079.0,
BKHA,Black Hawk Acquisition Corporation,,,,,4153577.0,1593188.0,46727740.0
BKHAU,Black Hawk Acquisition Corporation,United States,NGM,USD,,,1593188.0,
BKHAR,Black Hawk Acquisition Corporation,United States,NGM,USD,,1380000.0,1593188.0,1752600.0
MAMK,MaxsMaking Inc.,China,NCM,USD,,9200000.0,1601550.0,218784992.0
RAIN,"Rain Enhancement Technologies Holdco, Inc.",United States,NCM,USD,,8131081.0,1613651.0,53923472.0
RAINW,"Rain Enhancement Technologies Holdco, Inc.",United States,NCM,USD,,,1613651.0,
VTAK,"Catheter Precision, Inc.",United States,ASE,USD,,1668375.0,1618574.0,2802870.0
ASNS,"Actelis Networks, Inc.",United States,NCM,USD,,6395892.0,1619975.0,3357843.0
TRSG,Tungray Technologies Inc.,Singapore,NCM,USD,,11793485.0,1625373.0,18479440.0
KWIK,"KwikClick, Inc.",,,,,3892960.0,1625700.0,8369864.0
NUWE,"Nuwellis, Inc.",United States,NCM,USD,,902665.0,1632275.0,1841436.0
IROQ,"IF Bancorp, Inc.",United States,NCM,USD,,3240867.0,1634078.0,87276576.0
FIEE,"FiEE, Inc.",Hong Kong,NCM,USD,,6295961.0,1639594.0,17376856.0
JL,J-Long Group Limited,Hong Kong,NCM,USD,,1652701.0,1652703.0,23585872.0
BRID,Bridgford Foods Corporation,United States,NGM,USD,,9076832.0,1658156.0,69800848.0
ELSE,"Electro-Sensors, Inc.",United States,NCM,USD,,3480521.0,1668144.0,14687798.0
XAGE,"Longevity Health Holdings, Inc.",,,,,1781738.0,1668277.0,783964.0
HFBL,"Home Federal Bancorp, Inc. of Louisiana",United States,NCM,USD,,3088261.0,1672598.0,51234252.0
WSTNU,Westin Acquisition Corp,Singapore,NCM,USD,,,1672633.0,
BCTXZ,BriaCell Therapeutics Corp.,Canada,NCM,USD,,,1674529.0,
BCTX,BriaCell Therapeutics Corp.,Canada,NCM,USD,,1883906.0,1674529.0,14972310.0
BCTXW,BriaCell Therapeutics Corp.,Canada,NCM,USD,,,1674529.0,
ACFN,"Acorn Energy, Inc.",United States,NCM,USD,,2504626.0,1677373.0,38070316.0
SNOA,"Sonoma Pharmaceuticals, Inc.",United States,NCM,USD,,1701076.0,1680136.0,6140884.0
LCRXF,Lacroix Group SA,FR,NYSE EURONEXT - EURONEXT PARIS,EUR,1992-11-05,4696437.0,1685035.0,47434016.0
UUU,"Universal Safety Products, Inc",United States,ASE,USD,,2312887.0,1686280.0,11564435.0
CDIO,"Cardio Diagnostics Holdings, Inc.",United States,NCM,USD,,1826051.0,1697607.0,6080753.0
CDIOW,"Cardio Diagnostics Holdings, Inc.",United States,NCM,USD,,,1697607.0,
INKT,"MiNK Therapeutics, Inc.",United States,NCM,USD,,4694155.0,1698439.0,56095152.0
CREV,Carbon Revolution Public Limited Company,IE,NASDAQ NMS - GLOBAL MARKET,AUD,2021-03-08,1927815.0,1700455.0,4877372.0
HIFS,Hingham Institution for Savings,,,,,2182150.0,1701310.0,635354816.0
SFBC,"Sound Financial Bancorp, Inc.",United States,NCM,USD,,2388038.0,1704594.0,104142336.0
ABTS,Abits Group Inc.,Hong Kong,NCM,USD,,2369995.0,1704865.0,12584679.0
MKZR,"MacKenzie Realty Capital, Inc.",US,NASDAQ NMS - GLOBAL MARKET,USD,2023-09-22,1852481.0,1709581.0,7206155.0
ANGH,Anghami Inc.,United Arab Emirates,NCM,USD,,9064883.0,1714143.0,22118318.0
ANGHW,Anghami Inc.,United Arab Emirates,NCM,USD,,,1714143.0,
ABP,"Abpro Holdings, Inc.",US,NASDAQ NMS - GLOBAL MARKET,USD,2022-01-14,2716278.0,1726765.0,12494879.0
ABPWW,"Abpro Holdings, Inc.",United States,NCM,USD,,,1726765.0,
TCRT,"Alaunos Therapeutics, Inc.",United States,NCM,USD,,2231829.0,1735448.0,7208807.0
HOUR,"Hour Loop, Inc.",United States,NCM,USD,,35176320.0,1749318.0,67538536.0
VS,Versus Systems Inc.,United States,NCM,USD,,4901677.0,1756614.0,6176114.0
VSSYW,Versus Systems Inc.,United States,NCM,USD,,,1756614.0,
TGAWF,,,,,,,1780990.0,
BBLG,Bone Biologics Corporation,United States,NCM,USD,,1795260.0,1787397.0,3051942.0
BBLGW,Bone Biologics Corporation,United States,NCM,USD,,,1787397.0,
SNAXW,"Stryve Foods, Inc.",,,,,,1790822.0,
ASPCU,A SPAC III Acquisition Corp.,Hong Kong,NCM,USD,,,1791732.0,
ASPCR,A SPAC III Acquisition Corp.,,,,,,1791732.0,
ASPC,A SPAC III Acquisition Corp.,Hong Kong,NCM,USD,,837581.0,1791732.0,56125344.0
WFCF,"Where Food Comes From, Inc.",United States,NCM,USD,,5111945.0,1792964.0,58452072.0
PDEX,"Pro-Dex, Inc.",United States,NCM,USD,,3262004.0,1805193.0,129396200.0
JCSE,JE Cleantech Holdings Limited,Singapore,NCM,USD,,5260260.0,1806654.0,5733683.0
REEWF,,,,,,,1826119.0,
JWEL,Jowell Global Ltd.,China,NCM,USD,,2170475.0,1829168.0,4861864.0
AGMH,AGM Group Holdings Inc.,Hong Kong,NCM,USD,,1977191.0,1832161.0,4033471.0
AGPU,Axe Compute Inc.,United States,NCM,USD,,3393516.0,1833008.0,24433322.0
PRFX,PainReform Ltd.,Israel,NCM,USD,,3915340.0,1834374.0,3239943.0
CIGL,Concorde International Group Ltd.,Singapore,NCM,USD,,6674356.0,1841781.0,49572304.0
HCWB,HCW Biologics Inc.,US,NASDAQ NMS - GLOBAL MARKET,USD,2021-07-20,2701607.0,1845360.0,3836281.0
ATON,AlphaTON Capital Corp.,British Virgin Islands,NCM,USD,,8187488.0,1845752.0,5375904.0
POLA,"Polar Power, Inc.",United States,NCM,USD,,2658676.0,1848604.0,4812203.0
MTR,Mesa Royalty Trust,United States,NYQ,USD,,1863590.0,1863590.0,7920262.0
RAY,Raytech Holding Limited,Hong Kong,NCM,USD,,2975817.0,1874881.0,6725348.0
DGLY,"Digital Ally, Inc.",United States,NCM,USD,,1898436.0,1898284.0,1398198.0
BGMS,"Bio Green Med Solution, Inc.",Malaysia,NCM,USD,,4900142.0,1906106.0,7252210.0
NXTC,"NextCure, Inc.",US,NASDAQ NMS - GLOBAL MARKET,USD,2019-05-09,3505621.0,1911731.0,44766780.0
AWX,Avalon Holdings Corporation,United States,ASE,USD,,3287647.0,1915673.0,9709586.0
BNRG,Brenmiller Energy Ltd,Israel,NCM,USD,,3859800.0,1917333.0,2740844.0
ORKT,Orangekloud Technology Inc.,Singapore,NCM,USD,,2097003.0,1923099.0,4863343.0
ACXP,"Acurx Pharmaceuticals, Inc.",United States,NCM,USD,,2085363.0,1956759.0,6652308.0
VEEE,Twin Vee Powercats Co.,United States,NCM,USD,,2237299.0,1958890.0,4161376.0
XBIO,"Xenetic Biosciences, Inc.",United States,NCM,USD,,2291056.0,1984948.0,4765396.0
WXM,WF International Limited,China,NCM,USD,,8620688.0,1991000.0,4594826.0
WKHS,Workhorse Group Inc.,,,,,8799568.0,1994187.0,49189588.0
RYOJ,"rYojbaba Co., Ltd.",Japan,NCM,USD,,11250000.0,1994700.0,38445748.0
WATT,Energous Corporation,United States,NCM,USD,,2175146.0,2008957.0,8167673.0
AHMA,Ambitions Enterprise Management Co. L.L.C,United Arab Emirates,NCM,USD,,10965000.0,2020480.0,219370496.0
ACCS,ACCESS Newswire Inc.,United States,ASE,USD,,3868826.0,2029161.0,33194536.0
UK,Ucommune International Ltd,China,NCM,USD,,2075569.0,2047543.0,1755964.0
NCEL,NewcelX Ltd.,Switzerland,NCM,USD,,4558378.0,2056548.0,11395948.0
TCBS,"Texas Community Bancshares, Inc.",United States,NCM,USD,,2721248.0,2058243.0,48748412.0
EPSM,Epsium Enterprise Limited,China,NCM,USD,,13423034.0,2076042.0,28891776.0
TRUG,"TruGolf Holdings, Inc.",United States,NCM,USD,,2386402.0,2076648.0,2057482.0
KHOB,,,,,,8092000.0,2092025.0,20230000.0
ELWT,"Elauwit Connection, Inc.",United States,NCM,USD,,6619796.0,2101851.0,32503198.0
DXR,Daxor Corporation,United States,NCM,USD,,4984452.0,2122479.0,69333728.0
ALX,"Alexander's, Inc.",,,,,5107290.0,2125654.0,1114206464.0
KEQU,Kewaunee Scientific Corporation,United States,NGM,USD,,2866384.0,2157269.0,108922592.0
NTSK,"Netskope, Inc.",United States,NMS,USD,,85188411.0,2174722.0,7192704512.0
STI,"Solidion Technology, Inc.",United States,NCM,USD,,7252723.0,2186283.0,45764680.0
RGS,Regis Corporation,United States,NGM,USD,,2480493.0,2189085.0,67940704.0
AUBN,"Auburn National Bancorporation, Inc.",United States,NGM,USD,,3493699.0,2191213.0,94155192.0
IMCC,IM Cannabis Corp.,Israel,NCM,USD,,5246812.0,2204973.0,7502941.0
FOFO,"Hang Feng Technology Innovation Co., Ltd.",Hong Kong,NCM,USD,,6871250.0,2210479.0,72354272.0
HTCO,High-Trend International Group,Singapore,NCM,USD,,7285324.0,2215419.0,66216812.0
INAB,"IN8bio, Inc.",United States,NCM,USD,,9761425.0,2220803.0,21767980.0
ICON,Icon Energy Corp.,GR,NASDAQ NMS - GLOBAL MARKET,USD,2024-05-14,3460000.0,2225483.0,2418886.0
SWKH,SWK Holdings Corporation,United States,NGM,USD,,12095906.0,2231937.0,208084800.0
ESP,Espey Mfg. & Electronics Corp.,United States,ASE,USD,,2935093.0,2232490.0,133106464.0
ROLR,"High Roller Technologies, Inc.",United States,ASE,USD,,8497511.0,2244363.0,11981490.0
MSGM,Motorsport Games Inc.,United States,NCM,USD,,5078450.0,2244929.0,16047906.0
EKSO,"Ekso Bionics Holdings, Inc.",United States,NCM,USD,,2623233.0,2249475.0,14585181.0
CYCUW,"Cycurion, Inc.",,,,,,2249753.0,
CYCU,"Cycurion, Inc.",United States,NGM,USD,,3608277.0,2249753.0,10103178.0
FOA,Finance of America Companies Inc.,United States,NYQ,USD,,7891348.0,2279100.0,254158464.0
WLFC,Willis Lease Finance Corporation,United States,NGM,USD,,6814154.0,2290442.0,1045449856.0
HSEEF,Hill Incorporated,,,,,3282812.0,2324690.0,326910.0
STRR,"Star Equity Holdings, Inc.",United States,NMS,USD,,3473613.0,2333871.0,37931856.0
STRRP,"Star Equity Holdings, Inc.",United States,NMS,USD,,,2333871.0,
CPHI,"China Pharma Holdings, Inc.",China,ASE,USD,,5022002.0,2340604.0,6453272.0
SBEV,"Splash Beverage Group, Inc.",United States,ASE,USD,,2773106.0,2354877.0,2666062.0
RGNT,Regentis Biomaterials Ltd.,Israel,ASE,USD,,5179378.0,2371812.0,35893088.0
DOGZ,Dogness (International) Corporation,China,NCM,USD,,5441658.0,2372260.0,148008704.0
GHC,Graham Holdings Company,United States,NYQ,USD,,3398422.0,2382712.0,4841591296.0
XCUR,"Exicure, Inc.",United States,NCM,USD,,6373869.0,2383954.0,38179472.0
TRNR,Interactive Strength Inc.,United States,NCM,USD,,2777714.0,2385803.0,3972130.0
NSRX,Nasus Pharma Ltd.,Israel,ASE,USD,,9059634.0,2389042.0,68898528.0
VHI,"Valhi, Inc.",United States,NYQ,USD,,28302293.0,2391544.0,341891680.0
MSGY,Masonglory Limited,Hong Kong,NCM,USD,,14225000.0,2394500.0,38123000.0
CELZ,"Creative Medical Technology Holdings, Inc.",United States,NCM,USD,,3494668.0,2395353.0,7338802.0
CTW,CTW Cayman,Japan,NCM,USD,,50400000.0,2399904.0,112944000.0
RECT,Rectitude Holdings Ltd,SG,NASDAQ NMS - GLOBAL MARKET,SGD,2024-06-21,14500000.0,2400040.0,24658700.0
TRT,Trio-Tech International,,,,,4350555.0,2400767.0,60864264.0
WRLD,World Acceptance Corporation,US,NASDAQ NMS - GLOBAL MARKET,USD,1991-11-26,5038077.0,2407111.0,802654720.0
MBBC,"Marathon Bancorp, Inc.",United States,NCM,USD,,2938620.0,2409492.0,35969676.0
UFG,Uni-Fuels Holdings Limited,Singapore,NCM,USD,,9765000.0,2414918.0,26346912.0
ARTW,"Art's-Way Manufacturing Co., Inc.",United States,NCM,USD,,5106834.0,2416707.0,12157241.0
PW,Power REIT,United States,ASE,USD,,3389661.0,2435607.0,3233397.0
HHS,"Harte Hanks, Inc.",United States,NGM,USD,,7414794.0,2446660.0,24617116.0
WTM,"White Mountains Insurance Group, Ltd.",,,,,2476555.0,2446783.0,5246061056.0
DHIL,"Diamond Hill Investment Group, Inc.",United States,NMS,USD,,2705296.0,2447833.0,457790368.0
GITS,"Global Interactive Technologies, Inc.",South Korea,NCM,USD,,3674208.0,2459809.0,2632570.0
ANTA,Antalpha Platform Holding Compa,Singapore,NGM,USD,,23677500.0,2477614.0,224936256.0
CTNT,Cheetah Net Supply Chain Service Inc.,United States,NCM,USD,,2727712.0,2478109.0,4307419.0
ATGL,Alpha Technology Group Limited,Hong Kong,NCM,USD,,15262500.0,2480004.0,346371008.0
POM,Pomdoctor Limited,China,NGM,USD,,106942308.0,2481973.0,42087600.0
HAO,Haoxi Health Technology Limited,,,,,13753028.0,2488233.0,14877143.0
NORD,Nordicus Partners Corporation,,,,,18566360.0,2522033.0,93760120.0
BQ,Boqii Holding Limited,China,ASE,USD,,4298128.0,2525632.0,9416173.0
CPHC,Canterbury Park Holding Corporation,United States,NGM,USD,,5099272.0,2528729.0,78069856.0
PLPC,Preformed Line Products Company,United States,NMS,USD,,4901871.0,2550296.0,1047811904.0
BLBX,Blackboxstocks Inc.,United States,NCM,USD,,4305133.0,2551819.0,36464476.0
BHM,"Bluerock Homes Trust, Inc.",,,,,4048078.0,2559734.0,46001472.0
PWBK,Pacific West Bancorp,,,,,2697153.0,2561432.0,32204006.0
VIVS,"VivoSim Labs, Inc.",United States,NCM,USD,,2607962.0,2580161.0,5242003.0
BMRA,"Biomerica, Inc.",United States,NCM,USD,,2947966.0,2582422.0,7959508.0
JAGX,"Jaguar Health, Inc.",United States,NCM,USD,,4175837.0,2596257.0,4551662.0
LUCN,"Lucent, Inc.",,,,,15800000.0,2600052.0,142042000.0
MPTI,"M-tron Industries, Inc.",US,NYSE MKT LLC,USD,2022-09-29,2929798.0,2600840.0,150005664.0
EFOI,"Energy Focus, Inc.",United States,NCM,USD,,5739415.0,2611721.0,12913684.0
DUO,Fangdd Network Group Ltd.,China,NCM,USD,,4013414.0,2614526.0,11500980.0
SMC,Summit Midstream Corporation,United States,NYQ,USD,,12261954.0,2639753.0,328497760.0
ERNA,Ernexa Therapeutics Inc.,United States,NCM,USD,,7848889.0,2684556.0,9497157.0
TISI,"Team, Inc.",United States,NYQ,USD,,4527240.0,2689181.0,61253556.0
CBNA,"Chain Bridge Bancorp, Inc.",United States,NYQ,USD,,3210437.0,2689886.0,234125664.0
LUD,Luda Technology Group Limited,HK,NYSE MKT LLC,USD,2025-02-27,22690000.0,2689900.0,155199600.0
EURKU,Eureka Acquisition Corp,,,,,6666750.0,2700673.0,72600912.0
EURKR,Eureka Acquisition Corp,Hong Kong,NCM,USD,,,2700673.0,
EURK,Eureka Acquisition Corp,SG,NASDAQ NMS - GLOBAL MARKET,USD,2024-07-02,3388233.0,2700673.0,52600488.0
MGRT,Mega Fortune Company Limited,,,,,13750000.0,2727300.0,123337504.0
SCOR,"comScore, Inc.",US,NASDAQ NMS - GLOBAL MARKET,USD,2007-06-27,5015664.0,2728571.0,33956044.0
SMID,Smith-Midland Corporation,United States,NCM,USD,,5304606.0,2735585.0,186722128.0
AIM,AIM ImmunoTech Inc.,United States,ASE,USD,,2938681.0,2747035.0,3673351.0
FSHPR,Flag Ship Acquisition Corporation,United States,NGM,USD,,,2754084.0,
FSHPU,Flag Ship Acquisition Corporation,US,NASDAQ NMS - GLOBAL MARKET,USD,2024-06-18,6220000.0,2754084.0,65869800.0
FSHP,Flag Ship Acquisition Corporation,United States,NGM,USD,,5025517.0,2754084.0,95099984.0
BCG,"Binah Capital Group, Inc.",United States,NGM,USD,,16602460.0,2762483.0,39679884.0
BCGWW,"Binah Capital Group, Inc.",United States,NCM,USD,,,2762483.0,
IHT,InnSuites Hospitality Trust,United States,ASE,USD,,9204834.0,2764304.0,12518576.0
BODI,"The Beachbody Company, Inc.",United States,NCM,USD,,4359034.0,2764760.0,71234776.0
ESEA,Euroseas Ltd.,Greece,NCM,USD,,7006612.0,2770204.0,381229760.0
UTMD,"Utah Medical Products, Inc.",United States,NMS,USD,,3203672.0,2774156.0,181924784.0
BNGRF,Savencia SA,,,,,12945794.0,2778328.0,860248000.0
CLST,"Catalyst Bancorp, Inc.",United States,NCM,USD,,4113660.0,2783796.0,64275020.0
CPBI,"Central Plains Bancshares, Inc.",United States,NCM,USD,,4212839.0,2790369.0,71365496.0
SPPL,Simpple Ltd.,Singapore,NCM,USD,,4873144.0,2793920.0,19979894.0
NVR,"NVR, Inc.",,,,,2732735.0,2794995.0,20397676544.0
INM,InMed Pharmaceuticals Inc.,Canada,NCM,USD,,2804186.0,2799465.0,3421107.0
AQMS,"Aqua Metals, Inc.",United States,NCM,USD,,2981223.0,2802205.0,14458931.0
SEED,Origin Agritech Limited,China,NCM,USD,,7846318.0,2805317.0,9258655.0
ELTK,Eltek Ltd.,Israel,NCM,USD,,6719827.0,2805788.0,57790516.0
BNAIW,"Brand Engagement Network, Inc.",United States,NCM,USD,,,2819187.0,
IPDN,"Professional Diversity Network, Inc.",United States,NCM,USD,,4881963.0,2823630.0,6932387.0
GRVY,"Gravity Co., Ltd.",South Korea,NGM,USD,,6948900.0,2827160.0,400951520.0
BGM,BGM Group Ltd.,China,NCM,USD,,180623358.0,2832616.0,862680512.0
RBKB,"Rhinebeck Bancorp, Inc.",United States,NCM,USD,,11145681.0,2835621.0,137426240.0
NATH,"Nathan's Famous, Inc.",United States,NMS,USD,,4089510.0,2843763.0,385559008.0
BGI,Birks Group Inc.,Canada,ASE,USD,,11876717.0,2849655.0,17856640.0
USGO,U.S. GoldMining Inc.,United States,NCM,USD,,13273195.0,2850950.0,132997416.0
OESX,"Orion Energy Systems, Inc.",,,,,3530870.0,2858981.0,55823056.0
PASG,"Passage Bio, Inc.",United States,NCM,USD,,3178710.0,2867165.0,34520788.0
AXR,AMREP Corporation,United States,NYQ,USD,,5305199.0,2885816.0,100017144.0
FTLF,"FitLife Brands, Inc.",US,NASDAQ NMS - GLOBAL MARKET,USD,2007-10-26,9391072.0,2901653.0,148378960.0
VTVT,vTv Therapeutics Inc.,United States,NCM,USD,,3938018.0,2902505.0,149290256.0
INLX,"Intellinetics, Inc.",United States,ASE,USD,,4479123.0,2905249.0,36460064.0
RIBBU,Ribbon Acquisition Corp.,Japan,NCM,USD,,6470000.0,2905806.0,67546800.0
RIBB,Ribbon Acquisition Corp.,Japan,NCM,USD,,5220000.0,2905806.0,67100372.0
RIBBR,Ribbon Acquisition Corp.,Japan,NCM,USD,,5220000.0,2905806.0,1148400.0
HIHO,Highway Holdings Limited,Hong Kong,NCM,USD,,4601825.0,2920567.0,7224867.0
TWAV,"TaoWeave, Inc.",United States,NCM,USD,,3207210.0,2923179.0,6318206.0
ACCL,Acco Group Holdings Limited,Hong Kong,NCM,USD,,13949900.0,2926923.0,40454712.0
ELOG,Eastern International Ltd.,China,NCM,USD,,12017000.0,2938277.0,18986860.0
OMCC,Old Market Capital Corporation,US,NASDAQ NMS - GLOBAL MARKET,USD,1994-08-22,6790097.0,2943711.0,34425792.0
UG,"United-Guardian, Inc.",United States,NGM,USD,,4594319.0,2949185.0,28484776.0
GRI,"GRI Bio, Inc.",,,,,5872058.0,2950288.0,1620688.0
CNET,ZW Data Action Technologies Inc.,Hong Kong,NCM,USD,,3268469.0,2955807.0,3954847.0
ACU,Acme United Corporation,United States,ASE,USD,,3806724.0,2962393.0,154476864.0
SINT,"Sintx Technologies, Inc.",United States,NCM,USD,,3851956.0,2992238.0,14406315.0
SLXN,Silexion Therapeutics Corp,Israel,NCM,USD,,3126642.0,2995386.0,7160010.0
SLXNW,Silexion Therapeutics Corp,Israel,NCM,USD,,,2995386.0,
CFFI,C&F Financial Corporation,United States,NMS,USD,,3238232.0,3017320.0,230567024.0
KFFB,Kentucky First Federal Bancorp,United States,NGM,USD,,8086715.0,3030335.0,36390216.0
LSDAF,Lassonde Industries Inc.,,,,,3069000.0,3030914.0,1051279872.0
PSIG,PS International Group Ltd.,Hong Kong,NCM,USD,,8623102.0,3035340.0,36734416.0
IMNN,"Imunon, Inc.",United States,NCM,USD,,3070354.0,3036427.0,9671615.0
AMST,Amesite Inc.,,,,,4572713.0,3042409.0,9694151.0
PTNM,Pitanium Limited,Hong Kong,NCM,USD,,19922500.0,3053190.0,238164784.0
HSCSW,HeartSciences Inc.,,,,,,3059215.0,
HSCS,HeartSciences Inc.,United States,NCM,USD,,3178207.0,3059215.0,9057890.0
UCAR,U Power Limited,China,NCM,USD,,4603440.0,3060176.0,8379438.0
TAYD,"Taylor Devices, Inc.",United States,NCM,USD,,3147497.0,3065819.0,193130416.0
CYCN,"Cyclerion Therapeutics, Inc.",United States,NCM,USD,,3806212.0,3070471.0,5138386.0
ALGS,"Aligos Therapeutics, Inc.",United States,NCM,USD,,5353582.0,3074268.0,62212712.0
DSS,"DSS, Inc.",United States,ASE,USD,,9092518.0,3074271.0,8820652.0
AUUD,Auddia Inc.,United States,NCM,USD,,3101423.0,3096554.0,3132437.0
AUUDW,Auddia Inc.,United States,NCM,USD,,,3096554.0,
WTG,Wintergreen Acquisition Corp.,China,NCM,USD,,7303575.0,3101828.0,74205056.0
WTGUU,Wintergreen Acquisition Corp.,China,NCM,USD,,,3101828.0,
WTGUR,Wintergreen Acquisition Corp.,China,NCM,USD,,,3101828.0,
WPDPF,WPD Pharmaceuticals Inc.,,,,,4639485.0,3117595.0,402591.0
KLRS,"Kalaris Therapeutics, Inc.",United States,NGM,USD,,18702418.0,3127044.0,173090880.0
ENSC,"Ensysce Biosciences, Inc.",United States,NCM,USD,,3632301.0,3129838.0,3995531.0
BUUU,BUUU Group Limited,Hong Kong,NCM,USD,,11675000.0,3135067.0,139903248.0
AENT,Alliance Entertainment Holding Corporation,United States,NCM,USD,,50937400.0,3142031.0,857700480.0
AENTW,Alliance Entertainment Holding Corporation,United States,NCM,USD,,,3142031.0,
ELST,"Electronic Systems Technology, Inc.",,,,,4946502.0,3146618.0,123662.0
BTBD,"BT Brands, Inc.",United States,NCM,USD,,6154724.0,3152942.0,8862803.0
LPA,Logistic Properties of the Americas,United States,ASE,USD,,31617815.0,3165402.0,90110776.0
MSW,Ming Shing Group Holdings Limited,Hong Kong,NCM,USD,,12975000.0,3167976.0,11664525.0
MEGL,Magic Empire Global Limited,Hong Kong,NCM,USD,,4064050.0,3173944.0,6076861.0
XELB,"Xcel Brands, Inc.",US,NASDAQ NMS - GLOBAL MARKET,USD,2001-03-20,5784368.0,3174587.0,7924584.0
FCAP,"First Capital, Inc.",,,,,3347627.0,3187644.0,200870976.0
BCRD,"BlueOne Card, Inc.",,,,,14297295.0,3197304.0,117459424.0
WILC,G. Willi-Food International Ltd.,Israel,NCM,USD,,13923365.0,3209057.0,408233056.0
HKPD,Hong Kong Pharma Digital Technology Holdings Limited,Hong Kong,NCM,USD,,11000000.0,3213650.0,8756000.0
TIL,"Instil Bio, Inc.",United States,NCM,USD,,6781976.0,3228627.0,76704152.0
MYSZ,"My Size, Inc.",Israel,NCM,USD,,3848979.0,3230833.0,3166171.0
PC,Premium Catering (Holdings) Limited,,,,,2072528.0,3232765.0,30497782.0
CLWT,Euro Tech Holdings Company Limited,Hong Kong,NCM,USD,,7616844.0,3245004.0,9645375.0
RBOT,Vicarious Surgical Inc.,US,"NEW YORK STOCK EXCHANGE, INC.",USD,2020-09-04,6463251.0,3247807.0,13878620.0
OAKU,Oak Woods Acquisition Corporation,CA,NASDAQ NMS - GLOBAL MARKET,USD,2023-03-24,3920550.0,3274626.0,64671672.0
OAKUU,Oak Woods Acquisition Corporation,,,,,,3274626.0,
NISN,"Nisun International Enterprise Development Group Co., Ltd",China,NCM,USD,,4798358.0,3278032.0,6477783.0
AFRIW,Forafric Global PLC,Gibraltar,NCM,USD,,,3281994.0,
AFRI,Forafric Global PLC,Gibraltar,NCM,USD,,26901592.0,3281994.0,285963936.0
DRUG,Bright Minds Biosciences Inc.,United States,NCM,USD,,7787161.0,3292801.0,639481664.0
UTSI,UTStarcom Holdings Corp.,CN,NASDAQ NMS - GLOBAL MARKET,USD,2000-03-03,9470255.0,3302967.0,23675638.0
SLNG,"Stabilis Solutions, Inc.",United States,NCM,USD,,18596301.0,3315349.0,80893912.0
WBX,Wallbox N.V.,Spain,NYQ,USD,,16346744.0,3315686.0,48503488.0
CARV,"Carver Bancorp, Inc.",US,NASDAQ NMS - GLOBAL MARKET,USD,1994-10-25,5287100.0,3338461.0,6503133.0
MHH,"Mastech Digital, Inc.",United States,ASE,USD,,11697331.0,3350116.0,85788864.0
BMHL,Bluemount Holdings Limited,HK,NASDAQ NMS - GLOBAL MARKET,HKD,2025-07-11,14014999.0,3352582.0,86258104.0
PRHI,"Presurance Holdings, Inc.",United States,NCM,USD,,12222881.0,3376082.0,9387173.0
PRHIZ,"Presurance Holdings, Inc.",United States,NGM,USD,,,3376082.0,
FNWD,Finward Bancorp,United States,NCM,USD,,4327000.0,3383151.0,159449936.0
BDSX,"Biodesix, Inc.",United States,NGM,USD,,7955685.0,3388167.0,54560000.0
INLF,INLIF Limited,CN,NASDAQ NMS - GLOBAL MARKET,USD,2025-01-02,6400000.0,3400056.0,9661680.0
ANEB,"Anebulo Pharmaceuticals, Inc.",United States,NCM,USD,,41084731.0,3401405.0,46014900.0
FSEA,"First Seacoast Bancorp, Inc.",United States,NCM,USD,,4696767.0,3406265.0,61038616.0
SUNE,SUNation Energy Inc.,United States,NCM,USD,,3406614.0,3406273.0,3747276.0
LEDS,SemiLEDs Corporation,Taiwan,NCM,USD,,8226153.0,3425535.0,13984460.0
ASTI,"Ascent Solar Technologies, Inc.",United States,NCM,USD,,4537215.0,3439556.0,16197857.0
AXIL,"AXIL Brands, Inc.",United States,ASE,USD,,6757717.0,3446571.0,50074688.0
JCTC,Jewett-Cameron Trading Company Ltd.,United States,NCM,USD,,3518119.0,3474389.0,8162036.0
OLB,"The OLB Group, Inc.",United States,NCM,USD,,8780749.0,3481036.0,6987720.0
FLXS,"Flexsteel Industries, Inc.",United States,NMS,USD,,5340446.0,3487258.0,217943648.0
CHMG,Chemung Financial Corporation,US,NASDAQ NMS - GLOBAL MARKET,USD,1994-03-21,4794349.0,3498580.0,264887776.0
BAFN,BayFirst Financial Corp.,United States,NCM,USD,,4110003.0,3499626.0,32242370.0
PBHC,"Pathfinder Bancorp, Inc.",US,NASDAQ NMS - GLOBAL MARKET,USD,1954-11-05,4794225.0,3504342.0,84529008.0
SRZNW,"Surrozen, Inc.",,,,,,3506311.0,
SRZN,"Surrozen, Inc.",United States,NCM,USD,,8571421.0,3506311.0,190285552.0
NPT,Texxon Holding Limited,China,NCM,USD,,22185000.0,3508114.0,114474600.0
OFLX,"Omega Flex, Inc.",US,NASDAQ NMS - GLOBAL MARKET,USD,2005-08-01,10094322.0,3508383.0,297782496.0
HYFM,"Hydrofarm Holdings Group, Inc.",US,NASDAQ NMS - GLOBAL MARKET,USD,2020-12-10,4667004.0,3515701.0,7933907.0
MRSN,"Mersana Therapeutics, Inc.",United States,NMS,USD,,4998750.0,3519620.0,145338656.0
ZGM,Zenta Group Company Limited,Macau,NCM,USD,,11808839.0,3521478.0,27337466.0
IDTA,IDenta Corp.,,,,,4045589.0,3525084.0,707978.0
BOTJ,"Bank of the James Financial Group, Inc.",United States,NCM,USD,,4543338.0,3529719.0,82734200.0
XBP,"XBP Global Holdings, Inc.",US,NASDAQ NMS - GLOBAL MARKET,USD,2021-03-12,11751597.0,3537466.0,78148128.0
XBPEW,"XBP Global Holdings, Inc.",,,,,,3537466.0,
KPRX,"Kiora Pharmaceuticals, Inc.",United States,NCM,USD,,3677935.0,3558300.0,7245532.0
TMDE,TMD Energy Limited,Malaysia,ASE,USD,,23565000.0,3564913.0,12701534.0
NEPTF,Neptune Wellness Solutions Inc.,,,,,4532038.0,3567575.0,453.0
QNTM,Quantum BioPharma Ltd.,Canada,NCM,USD,,3842935.0,3579839.0,31896710.0
FGEN,"FibroGen, Inc.",United States,NMS,USD,,4045445.0,3583374.0,36004460.0
CHCI,"Comstock Holding Companies, Inc.",United States,NCM,USD,,9867401.0,3584344.0,110056272.0
VHC,VirnetX Holding Corporation,,,,,4270840.0,3596773.0,76879472.0
SEATW,Vivid Seats Inc.,United States,NMS,USD,,,3602097.0,
SEAT,Vivid Seats Inc.,United States,NMS,USD,,10725316.0,3602097.0,96377432.0
LEE,"Lee Enterprises, Incorporated",United States,NMS,USD,,6261825.0,3605121.0,23419226.0
SMTI,Sanara MedTech Inc.,United States,NCM,USD,,8935657.0,3612329.0,216421600.0
PFAI,Pinnacle Food Group Limited,Canada,NCM,USD,,4005000.0,3625011.0,24219000.0
PULM,"Pulmatrix, Inc.",US,NASDAQ NMS - GLOBAL MARKET,USD,2014-03-21,3652285.0,3628107.0,8546349.0
ANPA,Rich Sparkle Holdings Limited,Hong Kong,NCM,USD,,12500000.0,3636000.0,281124992.0
SXTP,"60 Degrees Pharmaceuticals, Inc.",United States,NCM,USD,,4230448.0,3643939.0,2944391.0
RHLD,"Resolute Holdings Management, Inc.",United States,NYQ,USD,,8525998.0,3671124.0,1853296384.0
APWC,Asia Pacific Wire & Cable Corporation Limited,Taiwan,NCM,USD,,21204400.0,3678966.0,40076316.0
GDTC,CytoMed Therapeutics Limited,Singapore,NCM,USD,,11733712.0,3679298.0,17952580.0
CCHH,CCH Holdings Ltd,Malaysia,NCM,USD,,19250000.0,3693420.0,9755900.0
ENGS,Energys Group Limited,United Kingdom,NCM,USD,,14287860.0,3702293.0,11690328.0
AEI,Alset Inc.,United States,NCM,USD,,38905255.0,3706893.0,99597456.0
OVBC,Ohio Valley Banc Corp.,United States,NGM,USD,,4711001.0,3712834.0,189947600.0
REBN,"Reborn Coffee, Inc.",,,,,5976322.0,3742731.0,8785195.0
SGA,"Saga Communications, Inc.",,,,,6372406.0,3744363.0,73672704.0
SIF,"SIFCO Industries, Inc.",United States,ASE,USD,,6173688.0,3748849.0,33559504.0
BSBK,Bogota Financial Corp.,US,NASDAQ NMS - GLOBAL MARKET,USD,2020-01-16,12968697.0,3752359.0,109974544.0
NTHI,"NeOnc Technologies Holdings, Inc.",US,NASDAQ NMS - GLOBAL MARKET,USD,2025-03-26,23970791.0,3769836.0,205429680.0
TLF,"Tandy Leather Factory, Inc.",United States,NCM,USD,,8067502.0,3770912.0,21701584.0
UNB,"Union Bankshares, Inc.",United States,NGM,USD,,4582423.0,3784257.0,107778592.0
ALZN,"Alzamend Neuro, Inc.",United States,NCM,USD,,3801604.0,3787918.0,7679242.0
AQB,"AquaBounty Technologies, Inc.",United States,NCM,USD,,3877695.0,3788973.0,3955249.0
OZ,"Belpointe PREP, LLC",United States,ASE,USD,,3791177.0,3790941.0,244455168.0
WSBK,"Winchester Bancorp, Inc.",United States,NCM,USD,,8960743.0,3794372.0,92564488.0
VCIGF,Vitreous Glass Inc.,,,,,6336087.0,3814071.0,27561978.0
CRGH,Zhonghe Brand Yunjigou Technology Inc.,,,,,4450000.0,3819836.0,11125000.0
FRAF,Franklin Financial Services Corporation,United States,NCM,USD,,4479037.0,3846418.0,228565248.0
AMS,American Shared Hospital Services,United States,ASE,USD,,6543000.0,3850621.0,14002021.0
STRT,Strattec Security Corporation,United States,NGM,USD,,4185271.0,3855221.0,332645344.0
APM,Aptorum Group Limited,United Kingdom,NCM,USD,,6346823.0,3863844.0,9283883.0
AIRI,Air Industries Group,United States,ASE,USD,,4775777.0,3892640.0,14757151.0
JTAI,Jet.AI Inc.,United States,NCM,USD,,4237256.0,3897330.0,3087688.0
KPLTW,"Katapult Holdings, Inc.",,,,,,3901051.0,
KPLT,"Katapult Holdings, Inc.",United States,NGM,USD,,4720466.0,3901051.0,32335192.0
WKEY,WISeKey International Holding AG,Switzerland,NGM,USD,,8048076.0,3919815.0,94498616.0
SGN,"Signing Day Sports, Inc.",United States,ASE,USD,,4017781.0,3945019.0,4339203.0
NOMA,Nomadar Corp.,United States,NCM,USD,,12673401.0,3959651.0,82998504.0
CETY,"Clean Energy Technologies, Inc.",United States,NCM,USD,,7463203.0,3962212.0,6418354.0
QCLS,"Q/C Technologies, Inc.",United States,NCM,USD,,4166760.0,3963214.0,19833778.0
MYSE,"Myseum, Inc.",United States,NCM,USD,,4264329.0,3969792.0,7974297.0
MYSEW,"Myseum, Inc.",United States,NCM,USD,,,3969792.0,
EXOD,"Exodus Movement, Inc.",United States,ASE,USD,,9934432.0,3970549.0,441609600.0
HNVR,"Hanover Bancorp, Inc.",United States,NMS,USD,,7192390.0,3973436.0,168835568.0
CLMB,"Climb Global Solutions, Inc.",United States,NGM,USD,,4613446.0,3974591.0,480305984.0
LGL,"The LGL Group, Inc.",United States,ASE,USD,,5531537.0,3975108.0,31916968.0
REED,"Reed's, Inc.",United States,ASE,USD,,11445454.0,3986094.0,29758180.0
VRCA,Verrica Pharmaceuticals Inc.,United States,NCM,USD,,15989861.0,3986194.0,130477272.0
ONEG,OneConstruction Group Limited,Hong Kong,NCM,USD,,16000000.0,3999970.0,19680000.0
ATHR,"Aether Holdings, Inc.",United States,NCM,USD,,12117586.0,4020130.0,70766704.0
BIAF,"bioAffinity Technologies, Inc.",United States,NCM,USD,,4498709.0,4021152.0,5263489.0
BIAFW,"bioAffinity Technologies, Inc.",United States,NCM,USD,,,4021152.0,
SBC,SBC Medical Group Holdings Incorporated,United States,NGM,USD,,102576943.0,4026145.0,455441632.0
SBCWW,SBC Medical Group Holdings Incorporated,United States,NCM,USD,,,4026145.0,
NTRP,"NextTrip, Inc.",US,NASDAQ NMS - GLOBAL MARKET,USD,2002-05-17,12632816.0,4032053.0,46488764.0
AAME,Atlantic American Corporation,United States,NGM,USD,,20397228.0,4033552.0,52012932.0
OGEN,"Oragenics, Inc.",US,NYSE MKT LLC,USD,2003-07-09,4168223.0,4035215.0,3580503.0
FORA,Forian Inc.,United States,NCM,USD,,31072252.0,4036907.0,65562448.0
INHD,Inno Holdings Inc.,Hong Kong,NCM,USD,,4081224.0,4039276.0,5591278.0
TJGC,TJGC Group Limited,Hong Kong,NCM,USD,,15300000.0,4050063.0,14008680.0
IQST,iQSTEL Inc.,United States,NCM,USD,,4664306.0,4051166.0,13946275.0
CLRB,"Cellectar Biosciences, Inc.",United States,NCM,USD,,4240134.0,4059165.0,10854743.0
MYNZ,Mainz Biomed N.V.,DE,NASDAQ NMS - GLOBAL MARKET,USD,2021-11-04,8583939.0,4067384.0,10901604.0
GBLI,"Global Indemnity Group, LLC",United States,NMS,USD,,10530342.0,4083840.0,399638304.0
WVVIP,"Willamette Valley Vineyards, Inc.",United States,NCM,USD,,4964530.0,4094595.0,23700776.0
WVVI,"Willamette Valley Vineyards, Inc.",United States,NCM,USD,,4964529.0,4094595.0,15638267.0
DTSS,Datasea Inc.,China,NCM,USD,,8570713.0,4114885.0,7207970.0
NTRB,Nutriband Inc.,United States,NCM,USD,,12174883.0,4122823.0,58439444.0
NTRBW,Nutriband Inc.,United States,NCM,USD,,,4122823.0,
NWTG,"Newton Golf Company, Inc.",US,NASDAQ NMS - GLOBAL MARKET,USD,2023-08-15,4752463.0,4125262.0,7508891.0
CABR,"Caring Brands, Inc.",United States,NCM,USD,,14736925.0,4135913.0,11789540.0
LUCY,"Lucyd, Inc",United States,NCM,USD,,5350183.0,4150404.0,6527223.0
LUCYW,"Lucyd, Inc",United States,NCM,,,,4150404.0,
ATRA,"Atara Biotherapeutics, Inc.",United States,NMS,USD,,7210235.0,4151509.0,124520760.0
SCLXW,Scilex Holding Company,United States,NCM,USD,,,4155474.0,
SCLX,Scilex Holding Company,United States,NCM,USD,,7033004.0,4155474.0,99165360.0
NEUP,Neuphoria Therapeutics Inc.,United States,NGM,USD,,5377329.0,4159472.0,20003664.0
SIRC,Solar Integrated Roofing Corporation,,,,,10975456223.0,4172554.0,1097545.0
GBIO,Generation Bio Co.,United States,NMS,USD,,6738545.0,4185381.0,37735852.0
EFSI,"Eagle Financial Services, Inc.",United States,NCM,USD,,5376346.0,4190455.0,216828048.0
TPST,"Tempest Therapeutics, Inc.",,,,,4927161.0,4191112.0,14732211.0
OPXS,"Optex Systems Holdings, Inc",United States,NCM,USD,,6937358.0,4192655.0,97608624.0
UI,Ubiquiti Inc.,United States,NYQ,USD,,60499655.0,4193836.0,34528362496.0
BSVN,Bank7 Corp.,United States,NMS,USD,,9453390.0,4196738.0,388912512.0
CCEL,"Cryo-Cell International, Inc.",United States,ASE,USD,,8055150.0,4203580.0,28193028.0
VATE,INNOVATE Corp.,United States,NYQ,USD,,13655062.0,4204667.0,67182904.0
NC,"NACCO Industries, Inc.",United States,NYQ,USD,,5897002.0,4215695.0,363225184.0
FEDU,Four Seasons Education (Cayman) Inc.,China,NYQ,USD,,2260058.0,4220996.0,26216674.0
MNPR,Monopar Therapeutics Inc.,United States,NCM,USD,,6682584.0,4229474.0,459561280.0
HUDI,"Huadi International Group Co., Ltd.",,,,,14279182.0,4237204.0,16563851.0
KMRK,K-TECH Solutions Company Limited,Hong Kong,NCM,USD,,16600000.0,4251195.0,23421000.0
DDC,DDC Enterprise Limited,United States,ASE,USD,,22660530.0,4259433.0,48713340.0
PEBK,"Peoples Bancorp of North Carolina, Inc.",United States,NGM,USD,,5309018.0,4263407.0,196592928.0
PRPH,"ProPhase Labs, Inc.",US,NASDAQ NMS - GLOBAL MARKET,USD,1984-01-16,4187902.0,4284582.0,2177709.0
PROV,"Provident Financial Holdings, Inc.",United States,NMS,USD,,6474230.0,4286588.0,104641496.0
FUSB,"First US Bancshares, Inc.",United States,NCM,USD,,5766888.0,4301752.0,78660352.0
LWAY,"Lifeway Foods, Inc.",United States,NGM,USD,,15228763.0,4308674.0,361683136.0
MCTA,Charming Medical Limited,Hong Kong,NCM,USD,,15178000.0,4310592.0,504260192.0
DLXY,Delixy Holdings Limited,,,,,16350000.0,4317450.0,11610135.0
CTRN,"Citi Trends, Inc.",United States,NMS,USD,,8345260.0,4326997.0,335229088.0
DTST,Data Storage Corporation,United States,NCM,USD,,7498358.0,4332701.0,38016680.0
DTSTW,Data Storage Corporation,United States,NCM,USD,,,4332701.0,
MI,NFT Limited,Hong Kong,ASE,USD,,14318410.0,4333286.0,57212068.0
AFBI,"Affinity Bancshares, Inc.",,,,,6167602.0,4346741.0,132895976.0
PXS,Pyxis Tankers Inc.,Greece,NCM,USD,,10485865.0,4366629.0,30933302.0
GBIM,"GlobeImmune, Inc.",,,,,5751574.0,4370506.0,575.0
AXG,Solowin Holdings,Hong Kong,NCM,USD,,155825986.0,4376429.0,799333696.0
ZCAR,"Zoomcar Holdings, Inc.",,,,,6902727.0,4376743.0,462482.0
CFBK,CF Bankshares Inc.,United States,NCM,USD,,6367075.0,4383700.0,166764896.0
RCMT,"RCM Technologies, Inc.",United States,NGM,USD,,7410510.0,4388875.0,150433360.0
MBAI,Check-Cap Ltd.,IL,NASDAQ NMS - GLOBAL MARKET,USD,2015-02-19,6118763.0,4389584.0,10279522.0
AFJKR,"Aimei Health Technology Co., Ltd",United States,NGM,USD,,,4396751.0,
AFJKU,"Aimei Health Technology Co., Ltd",United States,NGM,USD,,,4396751.0,
AFJK,"Aimei Health Technology Co., Ltd",US,NASDAQ NMS - GLOBAL MARKET,USD,2024-01-22,6121733.0,4396751.0,269478688.0
HOV,"Hovnanian Enterprises, Inc.",United States,NYQ,USD,,5167955.0,4400933.0,605803904.0
APRE,"Aprea Therapeutics, Inc.",United States,NCM,USD,,6993838.0,4410214.0,6855360.0
KG,Kestrel Group Ltd,Bermuda,NCM,USD,,7741943.0,4415772.0,78890408.0
ZYBT,Zhengye Biotechnology Holding Limited,China,NCM,USD,,47391376.0,4418772.0,72508800.0
ONFO,"Onfolio Holdings, Inc.",US,NASDAQ NMS - GLOBAL MARKET,USD,2022-08-26,5127396.0,4430031.0,3739557.0
ONFOW,"Onfolio Holdings, Inc.",United States,NCM,USD,,,4430031.0,
NSTS,"NSTS Bancorp, Inc.",United States,NCM,USD,,4887961.0,4440419.0,63025624.0
SPCB,SuperCom Ltd.,IL,NASDAQ NMS - GLOBAL MARKET,USD,2013-09-17,4683506.0,4441995.0,43790784.0
EVTV,"Envirotech Vehicles, Inc.",United States,NCM,USD,,4829515.0,4447838.0,2099873.0
ICNP,iCoreConnect Inc. New,US,NASDAQ NMS - GLOBAL MARKET,USD,2022-02-25,,4448580.0,0.0
ICCT,iCoreConnect Inc.,US,NASDAQ NMS - GLOBAL MARKET,USD,2022-02-25,4877080.0,4448580.0,14631.0
JBDI,JBDI Holdings Limited,Singapore,NCM,USD,,19254471.0,4471830.0,16354748.0
RAC,Rithm Acquisition Corp.,United States,NYQ,USD,,23660000.0,4474650.0,305864000.0
REVB,"Revelation Biosciences, Inc.",United States,NCM,USD,,5924137.0,4488956.0,5094758.0
REVBW,"Revelation Biosciences, Inc.",United States,NCM,USD,,,4488956.0,
CZFS,"Citizens Financial Services, Inc.",United States,NCM,USD,,4806377.0,4504200.0,279250496.0
SNES,"SenesTech, Inc.",United States,NCM,USD,,5223015.0,4510648.0,12117394.0
ALUR,Allurion Technologies Inc.,United States,NYQ,USD,,12256598.0,4525700.0,16423842.0
NUTX,Nutex Health Inc.,United States,NCM,USD,,7071916.0,4544201.0,1249430784.0
SKIL,Skillsoft Corp.,United States,NYQ,USD,,8758515.0,4544793.0,62798552.0
UCFIW,CN Healthy Food Tech Group Corp.,United States,NCM,USD,,,4545490.0,
UCFI,CN Healthy Food Tech Group Corp.,United States,NCM,USD,,52235000.0,4545490.0,287867104.0
MDBH,"MDB Capital Holdings, LLC",United States,NCM,USD,,5138632.0,4556301.0,35485212.0
CBFV,"CB Financial Services, Inc.",United States,NGM,USD,,5010883.0,4569675.0,180191344.0
ARTV,"Artiva Biotherapeutics, Inc.",United States,NGM,USD,,24544904.0,4572961.0,102597696.0
DSWL,"Deswell Industries, Inc.",Macau,NGM,USD,,15935239.0,4587596.0,56092040.0
JVA,"Coffee Holding Co., Inc.",United States,NCM,USD,,5708599.0,4601702.0,23519432.0
RENX,RenX Enterprises Corp.,United States,NCM,USD,,8882672.0,4610685.0,2000377.0
EBON,Ebang International Holdings Inc.,China,NMS,USD,,4726424.0,4613934.0,21040066.0
RDGT,"Ridgetech, Inc.",China,NCM,USD,,18285638.0,4618080.0,58879760.0
CABO,"Cable One, Inc.",United States,NYQ,USD,,5635177.0,4623606.0,658921280.0
HUHU,HUHUTECH International Group Inc.,China,NCM,USD,,23173413.0,4633524.0,259542208.0
OTH,Off The Hook YS Inc.,United States,ASE,USD,,23750000.0,4648350.0,53437500.0
LOCL,Local Bounti Corporation,United States,NYQ,USD,,22271082.0,4653988.0,48773672.0
MTEK,Maris-Tech Ltd.,Israel,NCM,USD,,8072591.0,4658328.0,9848561.0
MTEKW,Maris-Tech Ltd.,Israel,NCM,USD,,,4658328.0,
FDBC,"Fidelity D & D Bancorp, Inc.",United States,NGM,USD,,5767286.0,4687189.0,261028080.0
MB,MasterBeef Group,Hong Kong,NCM,USD,,17155000.0,4690005.0,120599656.0
VNCE,Vince Holding Corp.,United States,NCM,USD,,13339426.0,4694277.0,58560080.0
CAPNR,Cayson Acquisition Corp,United States,NGM,USD,,,4705439.0,
CAPNU,Cayson Acquisition Corp,United States,NGM,USD,,,4705439.0,
CAPN,Cayson Acquisition Corp,United States,NGM,USD,,7830000.0,4705439.0,83545320.0
VMAR,Vision Marine Technologies Inc.,Canada,NCM,USD,,24258735.0,4706358.0,5761449.0
GENK,"GEN Restaurant Group, Inc.",United States,NGM,USD,,5259566.0,4711572.0,79390904.0
GRAN,Grande Group Limited,Hong Kong,NCM,USD,,19906250.0,4712263.0,114568744.0
VABK,Virginia National Bankshares Corporation,United States,NCM,USD,,5393139.0,4714682.0,220471536.0
COEP,"Coeptis Therapeutics Holdings, Inc.",United States,NCM,USD,,5340111.0,4722954.0,78232624.0
KZR,"Kezar Life Sciences, Inc.",United States,NCM,USD,,7323156.0,4725413.0,46428812.0
GBR,"New Concept Energy, Inc.",United States,ASE,USD,,5131934.0,4731951.0,3900269.0
DRIO,DarioHealth Corp.,United States,NCM,USD,,6758412.0,4734886.0,67854464.0
SEGG,Lottery.com Inc.,United States,NGM,USD,,5139652.0,4736857.0,5139652.0
IDAI,T Stamp Inc.,United States,NCM,USD,,5243832.0,4749653.0,19139988.0
RBZHF,Reebonz Holding Limited,,,,,6221964.0,4753954.0,622.0
PAMT,Pamt Corp.,United States,NGM,USD,,20926020.0,4767994.0,262412288.0
CWNOF,ChineseWorldNet.Com Inc.,,,,,10950000.0,4773324.0,124830.0
NVEC,NVE Corporation,United States,NCM,USD,,4837166.0,4773799.0,295502528.0
SENEA,Seneca Foods Corporation,United States,NMS,USD,,5282966.0,4778182.0,757285440.0
SENEB,Seneca Foods Corporation,US,NASDAQ NMS - GLOBAL MARKET,USD,1995-09-20,1561783.0,4778182.0,787905344.0
HNNA,"Hennessy Advisors, Inc.",United States,NGM,USD,,7891917.0,4805388.0,74657536.0
BRN,"Barnwell Industries, Inc.",United States,ASE,USD,,12538064.0,4814746.0,14168012.0
KVACW,Keen Vision Acquisition Corporation,,,,,,4822363.0,
KVACU,Keen Vision Acquisition Corporation,United States,NGM,USD,,,4822363.0,
KVAC,Keen Vision Acquisition Corporation,United States,NGM,USD,,9238421.0,4822363.0,108920984.0
EDBL,Edible Garden AG Incorporated,United States,NCM,USD,,5126655.0,4824234.0,3691191.0
EDBLW,Edible Garden AG Incorporated,United States,NCM,USD,,,4824234.0,
CAPS,Capstone Holding Corp.,United States,NCM,USD,,8306205.0,4835623.0,5845907.0
CYAN,Cyanotech Corporation,,,,,7392243.0,4840662.0,2661207.0
CVV,CVD Equipment Corporation,United States,NCM,USD,,6937338.0,4857663.0,21020136.0
FDSB,"Fifth District Bancorp, Inc.",United States,NCM,USD,,5522750.0,4860855.0,82951704.0
SORA,AsiaStrategy,Hong Kong,NCM,USD,,24864000.0,4863896.0,85283520.0
SNYR,Synergy CHC Corp.,United States,NCM,USD,,11251853.0,4864289.0,20928448.0
PCSC,Perceptive Capital Solutions Corp,US,NASDAQ NMS - GLOBAL MARKET,USD,2024-06-12,8911250.0,4882538.0,146865728.0
NAII,"Natural Alternatives International, Inc.",United States,NGM,USD,,6176778.0,4893985.0,21124582.0
LPCN,Lipocine Inc.,United States,NCM,USD,,5551931.0,4894138.0,29036600.0
LARK,"Landmark Bancorp, Inc.",United States,NGM,USD,,6074231.0,4896858.0,167385344.0
ETS,Elite Express Holding Inc.,US,NASDAQ NMS - GLOBAL MARKET,USD,2025-08-21,12550005.0,4899991.0,10192155.0
MTEN,Mingteng International Corporation Inc.,China,NCM,USD,,19766054.0,4902283.0,16803124.0
SBFMW,"Sunshine Biopharma, Inc.",United States,NCM,USD,,,4903934.0,
SBFM,"Sunshine Biopharma, Inc.",United States,NCM,USD,,4905945.0,4903934.0,6181490.0
UBCP,"United Bancorp, Inc.",US,NASDAQ NMS - GLOBAL MARKET,USD,1993-03-01,5774011.0,4914723.0,85397640.0
ZKIN,"ZK International Group Co., Ltd.",China,NCM,USD,,15823946.0,4917579.0,26109510.0
EML,The Eastern Company,United States,NGM,USD,,6068650.0,4918034.0,124164576.0
NPK,"National Presto Industries, Inc.",US,"NEW YORK STOCK EXCHANGE, INC.",USD,1980-03-17,7151940.0,4928974.0,775627968.0
IDYLF,Imaging Dynamics Company Ltd.,,,,,10334550.0,4929890.0,294696.0
LZMH,LZ Technology Holdings Limited,China,NCM,USD,,129570000.0,4931630.0,211377296.0
MAMO,Massimo Group,United States,NCM,USD,,41640950.0,4940699.0,170311504.0
UGHB,Universal Global Hub Inc.,,,,,49511775.0,4945236.0,4951.0
BYFC,Broadway Financial Corporation,US,NASDAQ NMS - GLOBAL MARKET,USD,1996-01-09,6097773.0,4945560.0,58156436.0
UYSCU,UY Scuti Acquisition Corp.,United States,NCM,USD,,6677500.0,4945761.0,69646328.0
UYSC,UY Scuti Acquisition Corp.,United States,NCM,USD,,7658348.0,4945761.0,78421480.0
UYSCR,UY Scuti Acquisition Corp.,United States,NCM,USD,,,4945761.0,
SUGRF,,,,,,11017062.0,4962456.0,225944720.0
BSAA,BEST SPAC I Acquisition Corp.,,,,,6024500.0,4964843.0,74734952.0
BSAAR,BEST SPAC I Acquisition Corp.,Hong Kong,NCM,USD,,,4964843.0,
BSAAU,BEST SPAC I Acquisition Corp.,Hong Kong,NCM,USD,,,4964843.0,
GTEC,Greenland Technologies Holding Corporation,,,,,17394226.0,4969182.0,12160305.0
SHIM,Shimmick Corporation,,,,,35815479.0,4970830.0,114251384.0
MGN,Megan Holdings Limited,Malaysia,NCM,USD,,16250000.0,4989300.0,27137500.0
OKUR,"OnKure Therapeutics, Inc.",,,,,12861672.0,4998744.0,37934960.0
BPRN,"Princeton Bancorp, Inc.",United States,NMS,USD,,6762859.0,5000864.0,238593696.0
PPCB,"Propanc Biopharma, Inc.",Australia,NCM,USD,,13364244.0,5006914.0,7828774.0
FABFF,FAB-FORM INDUSTRIES,,,,,9174507.0,5008730.0,9174507.0
FVNNU,Future Vision II Acquisition Corp.,China,NCM,USD,,,5023474.0,
FVN,Future Vision II Acquisition Corp.,China,NCM,USD,,7544000.0,5023474.0,79815520.0
FVNNR,Future Vision II Acquisition Corp.,,,,,,5023474.0,
EDSA,"Edesa Biotech, Inc.",Canada,NCM,USD,,8333823.0,5031712.0,12000706.0
SCKT,"Socket Mobile, Inc.",United States,NCM,USD,,7976462.0,5039130.0,8375284.0
VWAVW,"VisionWave Holdings, Inc.",United States,NCM,USD,,,5044581.0,
VWAV,"VisionWave Holdings, Inc.",United States,NGM,USD,,16496603.0,5044581.0,159852080.0
PMEC,Primech Holdings Ltd.,Singapore,NCM,USD,,38417987.0,5044666.0,39378436.0
COLA,Columbus Acquisition Corp,Singapore,NGM,USD,,7944290.0,5052171.0,82143960.0
COLAR,Columbus Acquisition Corp,Singapore,NGM,USD,,,5052171.0,
COLAU,Columbus Acquisition Corp,Singapore,NGM,USD,,7944290.0,5052171.0,83494488.0
AGCC,Agencia Comercial Spirits Ltd,Taiwan,NCM,USD,,19876500.0,5061730.0,193795872.0
LSBWF,"LakeShore Biopharma Co., Ltd",,,,,,5062567.0,
AIXC,"AIxCrypto Holdings, Inc.",United States,NCM,USD,,5160383.0,5071005.0,13004168.0
RMCF,"Rocky Mountain Chocolate Factory, Inc.",,,,,9300508.0,5078521.0,18042986.0
JFB,JFB Construction Holdings,United States,NCM,USD,,6115524.0,5096372.0,94607160.0
ECOR,"electroCore, Inc.",United States,NCM,USD,,7995903.0,5106344.0,39579720.0
RRBI,"Red River Bancshares, Inc.",US,NASDAQ NMS - GLOBAL MARKET,USD,2019-05-03,6756609.0,5107794.0,496002688.0
EQS,"Equus Total Return, Inc.",United States,NYQ,USD,,13966696.0,5158599.0,23184714.0
CRMT,"America's Car-Mart, Inc.",United States,NMS,USD,,8294807.0,5178614.0,214503712.0
CSBR,"Champions Oncology, Inc.",United States,NCM,USD,,13886326.0,5187793.0,96926552.0
PLAG,Planet Green Holdings Corp.,United States,ASE,USD,,9382714.0,5188547.0,19516046.0
SER,"Serina Therapeutics, Inc.",United States,ASE,USD,,10664064.0,5190200.0,28366412.0
HCI,"HCI Group, Inc.",United States,NYQ,USD,,12960037.0,5193074.0,2489104640.0
NODK,"NI Holdings, Inc.",US,NASDAQ NMS - GLOBAL MARKET,USD,2017-03-16,20605747.0,5202333.0,279737280.0
FLDDW,"Fold Holdings, Inc.",United States,NCM,USD,,,5206598.0,
FLD,"Fold Holdings, Inc.",United States,NCM,USD,,48307642.0,5206598.0,125599856.0
NGNE,Neurogene Inc.,United States,NGM,USD,,15489800.0,5210149.0,309950912.0
SBFG,"SB Financial Group, Inc.",,,,,6240963.0,5229730.0,136614704.0
MTNB,"Matinas BioPharma Holdings, Inc.",United States,ASE,USD,,6406191.0,5232897.0,3968635.0
GRNQ,Greenpro Capital Corp.,Malaysia,NCM,USD,,9325813.0,5235804.0,15574107.0
PLTXF,JIVA Technologies Inc.,,,,,5240961.0,5239494.0,151987.0
BRLSW,Borealis Foods Inc.,,,,,,5253573.0,
SOPA,Society Pass Incorporated,Singapore,NCM,USD,,6105525.0,5265527.0,11112056.0
NOEMU,CO2 Energy Transition Corp.,United States,NGM,USD,,8370000.0,5267657.0,93409200.0
NOEMW,CO2 Energy Transition Corp.,United States,NGM,USD,,,5267657.0,
NOEM,CO2 Energy Transition Corp.,United States,NGM,USD,,9585750.0,5267657.0,98829088.0
NOEMR,CO2 Energy Transition Corp.,,,,,,5267657.0,
BLIV,BeLive Holdings,Singapore,NCM,USD,,10864802.0,5270190.0,40743008.0
ATLCP,Atlanticus Holdings Corporation,United States,NMS,USD,,,5287725.0,
ATLC,Atlanticus Holdings Corporation,United States,NMS,USD,,15141530.0,5287725.0,1062026880.0
NUTR,NusaTrip Incorporated,ID,NASDAQ NMS - GLOBAL MARKET,USD,2025-08-15,19379168.0,5304206.0,174412512.0
RDAC,Rising Dragon Acquisition Corp.,China,NCM,USD,,7499375.0,5307533.0,82268144.0
RDACR,Rising Dragon Acquisition Corp.,,,,,,5307533.0,
RDACU,Rising Dragon Acquisition Corp.,China,NCM,USD,,,5307533.0,
POCI,"Precision Optics Corporation, Inc.",United States,NCM,USD,,7714701.0,5309412.0,32440322.0
ALOT,"AstroNova, Inc.",,,,,7638423.0,5313134.0,62635076.0
HURC,"Hurco Companies, Inc.",United States,NMS,USD,,6402396.0,5319745.0,98084704.0
LSBK,"Lake Shore Bancorp, Inc.",United States,NGM,USD,,7311205.0,5342663.0,114216088.0
MBIO,"Mustang Bio, Inc.",United States,NCM,USD,,6453701.0,5347002.0,7445068.0
SST,"System1, Inc.",United States,NYQ,USD,,8128321.0,5348029.0,46090448.0
SSTPW,,,,,,,5348029.0,
MLAB,"Mesa Laboratories, Inc.",United States,NMS,USD,,5522299.0,5349009.0,444379392.0
SGBX,Safe & Green Holdings Corp.,United States,NCM,USD,,6035011.0,5393839.0,13578775.0
GLMD,Galmed Pharmaceuticals Ltd.,IL,NASDAQ NMS - GLOBAL MARKET,USD,2014-03-13,5479231.0,5403563.0,4740083.0
ELA,Envela Corporation,US,NYSE MKT LLC,USD,1992-03-18,25963476.0,5406115.0,324565984.0
FSFG,"First Savings Financial Group, Inc.",United States,NCM,USD,,7015080.0,5410487.0,228411008.0
SILC,Silicom Ltd.,Israel,NMS,USD,,5674097.0,5411057.0,80264600.0
CRVO,CervoMed Inc.,United States,NCM,USD,,9252719.0,5423111.0,74761968.0
ARQQ,Arqit Quantum Inc.,United Kingdom,NCM,USD,,15651859.0,5424308.0,357018880.0
ARQQW,Arqit Quantum Inc.,United Kingdom,NCM,USD,,,5424308.0,
VBIX,Viewbix Inc.,Israel,NCM,USD,,10670392.0,5427922.0,12270951.0
CWD,CaliberCos Inc.,United States,NCM,USD,,5617985.0,5436579.0,10281678.0
NERV,"Minerva Neurosciences, Inc.",United States,NCM,USD,,43274398.0,5437023.0,181319744.0
GELS,Gelteq Limited,Australia,NCM,USD,,10711059.0,5455571.0,9260783.0
ELWS,"Earlyworks Co., Ltd",Japan,NCM,USD,,3050570.0,5467638.0,14642741.0
STRS,Stratus Properties Inc.,United States,NMS,USD,,7994746.0,5468966.0,198656592.0
KOSS,Koss Corporation,United States,NCM,USD,,9456438.0,5476412.0,42459404.0
YHNAU,YHN Acquisition I Limited,Hong Kong,NGM,USD,,7750000.0,5484288.0,81762504.0
YHNAR,YHN Acquisition I Limited,Hong Kong,NGM,USD,,,5484288.0,
YHNA,YHN Acquisition I Limited,Hong Kong,NGM,USD,,7750000.0,5484288.0,82460000.0
PHOE,Phoenix Asia Holdings Limited,Hong Kong,NCM,USD,,21600000.0,5500008.0,345384000.0
BOSC,B.O.S. Better Online Solutions Ltd.,Israel,NCM,USD,,6186000.0,5500034.0,28579320.0
TANAF,Tian'an Technology Group Ltd.,,,,,45518000.0,5518147.0,22759000.0
SLRX,"Salarius Pharmaceuticals, Inc.",United States,NCM,USD,,5862178.0,5519827.0,3853209.0
QTTB,Q32 Bio Inc.,United States,NCM,USD,,12304352.0,5527607.0,39373928.0
GDEVW,GDEV Inc.,Cyprus,NGM,USD,,,5533454.0,
GDEV,GDEV Inc.,Cyprus,NGM,USD,,18130090.0,5533454.0,289454144.0
RXRSF,,,,,,,5536617.0,
LIMNW,"Liminatus Pharma, Inc.",United States,NCM,USD,,,5555287.0,
CALC,"CalciMedica, Inc.",United States,NCM,USD,,14409431.0,5561464.0,89770752.0
PXLW,"Pixelworks, Inc.",United States,NCM,USD,,6293545.0,5565885.0,42733176.0
DTSQU,DT Cloud Star Acquisition Corporation,United States,NGM,USD,,7753400.0,5568848.0,84279456.0
DTSQ,DT Cloud Star Acquisition Corporation,United States,NGM,USD,,3653409.0,5568848.0,96574768.0
DTSQR,DT Cloud Star Acquisition Corporation,United States,NGM,USD,,,5568848.0,
PXED,"Phoenix Education Partners, Inc.",United States,NYQ,USD,,35652963.0,5570775.0,1137329536.0
BIRD,"Allbirds, Inc.",United States,NMS,USD,,5670752.0,5573568.0,33263024.0
MNSBP,"MainStreet Bancshares, Inc.",United States,NCM,USD,,,5594889.0,
MNSB,"MainStreet Bancshares, Inc.",United States,NCM,USD,,7496571.0,5594889.0,157502976.0
HQI,"HireQuest, Inc.",United States,NCM,USD,,14055475.0,5595162.0,146780992.0
HSPTR,Horizon Space Acquisition II Corp.,United States,NGM,USD,,,5598819.0,
HSPTU,Horizon Space Acquisition II Corp.,United States,NGM,USD,,,5598819.0,
HSPT,Horizon Space Acquisition II Corp.,United States,NGM,USD,,9080000.0,5598819.0,95883896.0
SPKLW,Spark I Acquisition Corporation,United States,NGM,USD,,,5602757.0,
SPKLU,Spark I Acquisition Corporation,United States,NGM,USD,,,5602757.0,
SPKL,Spark I Acquisition Corporation,US,NASDAQ NMS - GLOBAL MARKET,USD,2023-11-27,6236713.0,5602757.0,97757752.0
WEYS,"Weyco Group, Inc.",United States,NMS,USD,,9548388.0,5607962.0,299151008.0
AGIG,Abundia Global Impact Group Inc,United States,ASE,USD,,36918281.0,5615671.0,71621464.0
HYPD,"Hyperion DeFi, Inc.",United States,NCM,USD,,8172659.0,5629778.0,31383010.0
LINK,"Interlink Electronics, Inc.",United States,NCM,USD,,15750007.0,5639763.0,60558776.0
FGBI,"First Guaranty Bancshares, Inc.",US,NASDAQ NMS - GLOBAL MARKET,USD,2015-11-05,15352947.0,5675831.0,77225328.0
FGBIP,"First Guaranty Bancshares, Inc.",United States,NGM,USD,,,5675831.0,
HWBK,"Hawthorn Bancshares, Inc.",United States,NMS,USD,,6897646.0,5676280.0,222441248.0
FLYX,"flyExclusive, Inc.",United States,ASE,USD,,20757668.0,5682412.0,84898864.0
RCON,"Recon Technology, Ltd.",China,NCM,USD,,10627426.0,5692720.0,42265852.0
LIXT,"Lixte Biotechnology Holdings, Inc.",United States,NCM,USD,,8003077.0,5693191.0,32572524.0
WETO,Webus International Limited,China,NCM,USD,,22000000.0,5700420.0,19793400.0
ASRT,"Assertio Holdings, Inc.",US,NASDAQ NMS - GLOBAL MARKET,USD,1997-02-12,6416805.0,5709035.0,63783048.0
OCC,Optical Cable Corporation,United States,NGM,USD,,8870070.0,5717292.0,39207364.0
IPM,Intelligent Protection Management Corp.,United States,NCM,USD,,9085729.0,5725917.0,23297096.0
TCX,Tucows Inc.,Canada,NCM,USD,,11103919.0,5731399.0,248283632.0
SNWV,"SANUWAVE Health, Inc.",United States,NGM,USD,,8576164.0,5744915.0,261487232.0
CACC,Credit Acceptance Corporation,United States,NMS,USD,,11031544.0,5755929.0,5138196480.0
IVDA,"Iveda Solutions, Inc.",United States,NCM,USD,,5874741.0,5764002.0,5261193.0
IVDAW,"Iveda Solutions, Inc.",United States,NCM,USD,,,5764002.0,
SSBI,Summit State Bank,United States,NGM,USD,,6771526.0,5771168.0,79565440.0
KRRO,"Korro Bio, Inc.",United States,NCM,USD,,9417295.0,5778546.0,76468432.0
MSN,Emerson Radio Corp.,,,,,21042652.0,5799355.0,8522274.0
MGYR,"Magyar Bancorp, Inc.",United States,NGM,USD,,6477991.0,5799551.0,113040944.0
SSEAR,Starry Sea Acquisition Corp,United States,NCM,USD,,,5799597.0,
SSEA,Starry Sea Acquisition Corp,US,NASDAQ NMS - GLOBAL MARKET,USD,2025-08-08,7635871.0,5799597.0,76435080.0
SSEAU,Starry Sea Acquisition Corp,United States,NCM,USD,,,5799597.0,
HKIT,Hitek Global Inc.,China,NCM,USD,,21107364.0,5805376.0,64165608.0
JOUT,Johnson Outdoors Inc.,United States,NMS,USD,,9203034.0,5812533.0,455820800.0
AHT,"Ashford Hospitality Trust, Inc.",United States,NYQ,USD,,6411532.0,5817888.0,24786970.0
MRM,MEDIROM Healthcare Technologies Inc.,Japan,NCM,USD,,7901950.0,5821999.0,17463312.0
MMCP,"Mag Mile Capital, Inc.",,,,,100055935.0,5833261.0,22512586.0
CTEV,Claritev Corporation,United States,NYQ,USD,,16525644.0,5834048.0,694572800.0
GNTLF,Genetic Technologies Limited,,,,,145417246.0,5839957.0,392350688.0
HMR,Heidmar Maritime Holdings Corp.,Greece,NCM,USD,,58396233.0,5843181.0,49496644.0
TRAW,"Traws Pharma, Inc.",United States,NCM,USD,,7990867.0,5869052.0,9349314.0
KRUS,"Kura Sushi USA, Inc.",United States,NGM,USD,,11111427.0,5878790.0,683571776.0
ALCO,"Alico, Inc.",United States,NMS,USD,,7656646.0,5890028.0,280309824.0
EVI,"EVI Industries, Inc.",United States,ASE,USD,,12844419.0,5899570.0,330230016.0
WHG,"Westwood Holdings Group, Inc.",United States,NYQ,USD,,9408130.0,5915146.0,167370656.0
BRIA,BrilliA Inc,Singapore,ASE,USD,,25000000.0,5915525.0,36750000.0
KTTAW,Pasithea Therapeutics Corp.,,,,,,5924120.0,
KTTA,Pasithea Therapeutics Corp.,United States,NCM,USD,,22398920.0,5924120.0,25086790.0
DLHC,DLH Holdings Corp.,United States,NCM,USD,,14493035.0,5926637.0,81885648.0
BWFG,"Bankwell Financial Group, Inc.",US,NASDAQ NMS - GLOBAL MARKET,USD,2014-05-15,7877443.0,5932858.0,369924704.0
PMTS,CPI Card Group Inc.,United States,NGM,USD,,11387538.0,5946914.0,173204448.0
FUNC,First United Corporation,United States,NMS,USD,,6496908.0,5959809.0,251625248.0
FATBP,FAT Brands Inc.,United States,NCM,USD,,,5960700.0,
FATBB,FAT Brands Inc.,United States,NCM,USD,,1270805.0,5960700.0,21706582.0
FAT,FAT Brands Inc.,United States,NCM,USD,,16668520.0,5960700.0,6780494.0
FONR,FONAR Corporation,United States,NCM,USD,,6168625.0,5975164.0,90981184.0
OPTXW,"Syntec Optics Holdings, Inc.",United States,NCM,USD,,,5982184.0,
OPTX,"Syntec Optics Holdings, Inc.",,,,,36920226.0,5982184.0,94146576.0
ENGDF,naturenergie holding AG,,,,,33063141.0,5982775.0,1192256896.0
RTNB,"root9B Holdings, Inc.",,,,,6100275.0,5983882.0,610.0
BRTX,"BioRestorative Therapies, Inc.",United States,NCM,USD,,8876242.0,5993949.0,9941391.0
ICCC,ImmuCell Corporation,United States,NCM,USD,,9045851.0,6004907.0,55360608.0
VEL,"Velocity Financial, Inc.",United States,NYQ,USD,,38900030.0,6040008.0,759328640.0
JILL,"J.Jill, Inc.",US,"NEW YORK STOCK EXCHANGE, INC.",USD,2017-03-09,15115353.0,6052338.0,220040560.0
BNZI,"Banzai International, Inc.",United States,NCM,USD,,9110970.0,6057701.0,9435505.0
BNZIW,"Banzai International, Inc.",United States,NCM,USD,,,6057701.0,
DSYWW,Big Tree Cloud Holdings Limited,China,NCM,USD,,,6072228.0,
JCAP,"Jefferson Capital, Inc.",US,NASDAQ NMS - GLOBAL MARKET,USD,2025-06-26,58290473.0,6073284.0,1338932096.0
CBIO,"Crescent Biopharma, Inc.",United States,NCM,USD,,13892516.0,6073877.0,207264672.0
WSHP,WeShop Holdings Limited,British Virgin Islands,NCM,USD,,10943683.0,6087930.0,1224051072.0
NKSH,"National Bankshares, Inc.",United States,NCM,USD,,6366001.0,6099537.0,215616448.0
STRO,"Sutro Biopharma, Inc.",United States,NGM,USD,,8519392.0,6102583.0,97887816.0
ONIT,Onity Group Inc.,US,"NEW YORK STOCK EXCHANGE, INC.",USD,1996-09-25,8521636.0,6105242.0,376571072.0
HBB,Hamilton Beach Brands Holding Company,United States,NYQ,USD,,9855732.0,6114080.0,218450816.0
CLDI,"Calidi Biotherapeutics, Inc.",United States,ASE,USD,,7167721.0,6114468.0,8887974.0
AREB,"American Rebel Holdings, Inc.",United States,NCM,USD,,6662308.0,6131324.0,5691610.0
APAC,StoneBridge Acquisition II Corporation,United States,NCM,USD,,6133750.0,6133774.0,79940656.0
APACR,StoneBridge Acquisition II Corporation,US,NASDAQ NMS - GLOBAL MARKET,USD,2025-09-30,,6133774.0,60.0
APACU,StoneBridge Acquisition II Corporation,United States,NCM,USD,,,6133774.0,
JRSH,"Jerash Holdings (US), Inc.",United States,NCM,USD,,12699940.0,6149565.0,38480816.0
NCRA,"Nocera, Inc.",Taiwan,NCM,USD,,14373617.0,6153920.0,11973223.0
TENX,"Tenax Therapeutics, Inc.",United States,NCM,USD,,6243575.0,6165881.0,79106096.0
ADGM,"Adagio Medical Holdings, Inc.",,,,,21179637.0,6168146.0,22026820.0
OXBRW,Oxbridge Re Holdings Limited,Cayman Islands,NCM,USD,,5733590.0,6196319.0,1490733.0
OXBR,Oxbridge Re Holdings Limited,Cayman Islands,NCM,USD,,7676122.0,6196319.0,9441630.0
TOPP,Toppoint Holdings Inc.,United States,ASE,USD,,19400000.0,6200046.0,17262120.0
GIGM,GigaMedia Limited,TW,NASDAQ NMS - GLOBAL MARKET,USD,2000-02-17,11052235.0,6203930.0,16578352.0
FSBW,"FS Bancorp, Inc.",United States,NCM,USD,,7518462.0,6224711.0,320337472.0
FATN,"FatPipe, Inc.",United States,NCM,USD,,13924468.0,6226187.0,34950416.0
NLLGF,Nilörngruppen AB,SE,NASDAQ OMX NORDIC,SEK,2015-06-12,10441988.0,6228678.0,65721060.0
ARAI,Arrive AI Inc.,United States,NGM,USD,,34213387.0,6232653.0,110167112.0
ALISU,Calisa Acquisition Corp,United States,NGM,USD,,,6235002.0,
ALIS,Calisa Acquisition Corp,United States,NGM,USD,,8427500.0,6235002.0,83685080.0
ALISR,Calisa Acquisition Corp,United States,NGM,USD,,,6235002.0,
CODA,"Coda Octopus Group, Inc.",United States,NCM,USD,,11248867.0,6237834.0,105289392.0
EXOZ,"eXoZymes, Inc.",United States,NCM,USD,,8387250.0,6241959.0,96369504.0
VENU,Venu Holding Corporation,United States,ASE,USD,,42847542.0,6253727.0,352556192.0
TVRD,"Tvardi Therapeutics, Inc.",United States,NCM,USD,,9381344.0,6261484.0,38838764.0
DWSN,Dawson Geophysical Company,,,,,31047801.0,6272277.0,52781260.0
ACR,ACRES Commercial Realty Corp.,United States,NYQ,USD,,7285680.0,6276551.0,160779696.0
LFS,"Leifras Co., Ltd.",Japan,NCM,USD,,26160619.0,6278971.0,80051496.0
LGPS,LogProstyle Inc.,Japan,ASE,USD,,23628452.0,6300763.0,23628452.0
SFST,"Southern First Bancshares, Inc.",United States,NGM,USD,,8189177.0,6301408.0,432470464.0
VRTS,"Virtus Investment Partners, Inc.",United States,NYQ,USD,,6754405.0,6308344.0,1124135552.0
NCPLW,Netcapital Inc.,United States,NCM,USD,,,6308715.0,
NCPL,Netcapital Inc.,United States,NCM,USD,,6867899.0,6308715.0,5271800.0
RPGL,Republic Power Group Limited,Singapore,NCM,USD,,17250000.0,6309188.0,4568255.0
CVM,CEL-SCI Corporation,United States,ASE,USD,,7993356.0,6312176.0,37648708.0
UTKN,"Universal Token, Inc.",,,,,101505000.0,6314626.0,281980896.0
CRAI,"CRA International, Inc.",United States,NMS,USD,,6562262.0,6316768.0,1357903360.0
ISBA,Isabella Bank Corporation,United States,NCM,USD,,7335096.0,6323220.0,379992256.0
XAIR,"Beyond Air, Inc.",United States,NCM,USD,,8009488.0,6326614.0,6024737.0
DBGI,"Digital Brands Group, Inc.",United States,NCM,USD,,8188336.0,6326930.0,95557880.0
IMA,"ImageneBio, Inc.",United States,NCM,USD,,11181672.0,6327520.0,64853724.0
PGACR,Pantages Capital Acquisition Corporation.,United States,NGM,USD,,,6334922.0,
PGACU,Pantages Capital Acquisition Corporation.,United States,NGM,USD,,,6334922.0,
PGAC,Pantages Capital Acquisition Corporation.,,,,,8869250.0,6334922.0,114224176.0
WTF,Waton Financial Limited,Hong Kong,NCM,USD,,48237472.0,6348051.0,160148400.0
FWFW,"Flywheel Advanced Technology, Inc.",,,,,29591164.0,6366984.0,1923425.0
VTIAF,FamiCord AG,,,,,17431762.0,6378979.0,137473152.0
COOT,Australian Oilseeds Holdings Limited,Australia,NCM,USD,,27898538.0,6387928.0,16348545.0
COOTW,Australian Oilseeds Holdings Limited,Australia,NCM,USD,,,6387928.0,
COSO,"CoastalSouth Bancshares, Inc.",United States,NYQ,USD,,10448892.0,6394588.0,293124192.0
FNWB,First Northwest Bancorp,United States,NGM,USD,,8945992.0,6418721.0,86955048.0
PLBC,Plumas Bancorp,United States,NCM,USD,,6955514.0,6434268.0,315084768.0
TPET,Trio Petroleum Corp.,US,NYSE MKT LLC,USD,2023-04-18,8440849.0,6438595.0,6738330.0
EDUC,Educational Development Corporation,United States,NGM,USD,,8583201.0,6453709.0,11415658.0
BTSEF,,,,,,9175807.0,6506686.0,1825985536.0
TZOO,Travelzoo,United States,NMS,USD,,10932337.0,6524419.0,76976392.0
AMIX,"Autonomix Medical, Inc.",US,NASDAQ NMS - GLOBAL MARKET,USD,2024-01-29,6907678.0,6533570.0,3974678.0
GXAI,Gaxos.ai Inc.,United States,NCM,USD,,7123453.0,6537407.0,7550860.0
ELMD,"Electromed, Inc.",,,,,8340538.0,6554829.0,238720192.0
FBRX,"Forte Biosciences, Inc.",United States,NCM,USD,,12526935.0,6565492.0,349125696.0
PODC,"PodcastOne, Inc.",United States,NCM,USD,,26910733.0,6566757.0,56512536.0
RMCOW,Royalty Management Holding Corporation,,,,,,6568353.0,
RMCO,Royalty Management Holding Corporation,United States,NCM,USD,,15140734.0,6568353.0,43756724.0
GLSI,"Greenwich LifeSciences, Inc.",United States,NCM,USD,,13854539.0,6577165.0,286581120.0
PVLA,"Palvella Therapeutics, Inc.",US,NASDAQ NMS - GLOBAL MARKET,USD,2014-12-18,11836490.0,6585941.0,1223538048.0
AABKF,,,,,,59857200.0,6638655.0,2042641408.0
ISPOW,Inspirato Incorporated,,,,,,6653852.0,
ISPO,Inspirato Incorporated,United States,NGM,USD,,12724272.0,6653852.0,52932968.0
QVCGA,QVC Group Inc.,United States,NCM,USD,,7886235.0,6665281.0,95163200.0
QVCGP,QVC Group Inc.,United States,NCM,USD,,,6665281.0,
SDSTW,Stardust Power Inc.,,,,,,6667372.0,
SDST,Stardust Power Inc.,United States,NCM,USD,,9817809.0,6667372.0,31024278.0
FRD,"Friedman Industries, Incorporated",United States,NMS,USD,,7112182.0,6667813.0,147008816.0
BXC,BlueLinx Holdings Inc.,United States,NYQ,USD,,7865058.0,6668311.0,493670624.0
ULH,"Universal Logistics Holdings, Inc.",United States,NMS,USD,,26330058.0,6681252.0,412328704.0
ELVAF,EvoNext Holdings SA,,,,,7211552.0,6686551.0,11976906.0
MITQ,"Moving iMage Technologies, Inc.",United States,ASE,USD,,9939732.0,6689937.0,6827602.0
AVBH,"Avidbank Holdings, Inc.",United States,NMS,USD,,10950802.0,6694335.0,298628384.0
SDHC,Smith Douglas Homes Corp.,United States,NYQ,USD,,9017638.0,6702089.0,158620256.0
FCCO,First Community Corporation,United States,NCM,USD,,7689694.0,6723253.0,228845328.0
ACNT,Ascent Industries Co.,United States,NGM,USD,,9380000.0,6726933.0,149423408.0
HBCP,"Home Bancorp, Inc.",,,,,7828144.0,6728603.0,464835200.0
CING,Cingulate Inc.,United States,NCM,USD,,6757070.0,6749232.0,28244552.0
CINGW,Cingulate Inc.,,,,,,6749232.0,
MCRB,"Seres Therapeutics, Inc.",United States,NMS,USD,,9046519.0,6753679.0,132531496.0
ORIQ,Origin Investment Corp I,Singapore,NGM,USD,,8625000.0,6758636.0,87285008.0
ORIQU,Origin Investment Corp I,Singapore,NGM,USD,,6355000.0,6758636.0,147188400.0
ORIQW,Origin Investment Corp I,Singapore,NGM,USD,,,6758636.0,
ESQ,"Esquire Financial Holdings, Inc.",United States,NCM,USD,,8565491.0,6778413.0,899633536.0
FXNC,First National Corporation,,,,,9010817.0,6786317.0,229775840.0
SOTK,Sono-Tek Corporation,United States,NCM,USD,,15707062.0,6800844.0,63854472.0
MAXN,"Maxeon Solar Technologies, Ltd.",Singapore,NMS,USD,,16932760.0,6806123.0,54184832.0
NAMM,Namib Minerals,KY,NASDAQ NMS - GLOBAL MARKET,USD,2025-06-06,53677429.0,6811129.0,52603884.0
NAMMW,Namib Minerals,Cayman Islands,NCM,USD,,,6811129.0,
FEIM,"Frequency Electronics, Inc.",United States,NGM,USD,,9777647.0,6819127.0,550383744.0
PETZ,"TDH Holdings, Inc.",China,NCM,USD,,10323268.0,6836791.0,10117836.0
NHTC,Natural Health Trends Corp.,United States,NCM,USD,,11513075.0,6846129.0,38223408.0
MOB,Mobilicom Limited,AU,NASDAQ NMS - GLOBAL MARKET,USD,2022-08-25,11961698.0,6861596.0,76554872.0
MOBBW,Mobilicom Limited,Israel,NCM,USD,,321936716.0,6861596.0,964200384.0
CSPI,CSP Inc.,United States,NGM,USD,,9904783.0,6864609.0,128861232.0
LCCCU,Lakeshore Acquisition III Corp.,United States,NGM,USD,,,6900039.0,
LCCC,Lakeshore Acquisition III Corp.,United States,NGM,USD,,8905000.0,6900039.0,90831000.0
LCCCR,Lakeshore Acquisition III Corp.,United States,NGM,USD,,,6900039.0,
NXGLW,"NEXGEL, Inc.",United States,NCM,USD,,,6913683.0,
NXGL,"NEXGEL, Inc.",United States,NCM,USD,,8143133.0,6913683.0,12458995.0
VVOS,"Vivos Therapeutics, Inc.",United States,NCM,USD,,8988106.0,6917426.0,18245854.0
SOAR,"Volato Group, Inc.",United States,ASE,USD,,7469936.0,6918086.0,7044896.0
XXII,"22nd Century Group, Inc.",United States,NCM,USD,,6987290.0,6919304.0,6112481.0
RM,Regional Management Corp.,United States,NYQ,USD,,9712805.0,6921442.0,393138528.0
GCBC,"Greene County Bancorp, Inc.",United States,NCM,USD,,17026828.0,6923789.0,387700896.0
BRFH,"Barfresh Food Group, Inc.",United States,NCM,USD,,15969281.0,6953344.0,42797676.0
TAOX,TAO Synergies Inc.,United States,NCM,USD,,7128912.0,6965375.0,30583032.0
OPY,Oppenheimer Holdings Inc.,United States,NYQ,USD,,10420884.0,6979648.0,780203968.0
VOR,Vor Biopharma Inc.,US,NASDAQ NMS - GLOBAL MARKET,USD,2021-02-05,21910630.0,6981056.0,322524512.0
LHAI,Linkhome Holdings Inc.,,,,,16230000.0,6999999.0,117342904.0
ELLO,Ellomay Capital Ltd.,Israel,ASE,USD,,13779585.0,7024456.0,318308416.0
SAM,"The Boston Beer Company, Inc.",US,"NEW YORK STOCK EXCHANGE, INC.",USD,1995-11-21,8590368.0,7035866.0,2145603200.0
AYTU,"Aytu BioPharma, Inc.",United States,NCM,USD,,10188208.0,7039033.0,24961110.0
OVLY,Oak Valley Bancorp,United States,NCM,USD,,8388221.0,7087854.0,251982160.0
USEA,United Maritime Corporation,Greece,NCM,USD,,9105456.0,7120193.0,19901728.0
LSF,"Laird Superfood, Inc.",United States,ASE,USD,,10687056.0,7124922.0,27251992.0
IPWR,Ideal Power Inc.,United States,NCM,USD,,8511403.0,7125406.0,27576946.0
YIBO,Planet Image International Limited,China,NCM,USD,,32918421.0,7128838.0,56864848.0
SLAHF,Stella Chemifa Corporation,,,,,11816570.0,7132363.0,258782880.0
SDM,Smart Digital Group Limited,Singapore,NCM,USD,,26725000.0,7147750.0,49441252.0
ZJK,"ZJK Industrial Co., Ltd.",China,NCM,USD,,63822249.0,7149688.0,132112048.0
EBMT,"Eagle Bancorp Montana, Inc.",United States,NGM,USD,,7952177.0,7151818.0,157294080.0
THCH,TH International Limited,China,NCM,USD,,32010532.0,7160859.0,70103064.0
RICK,"RCI Hospitality Holdings, Inc.",United States,NGM,USD,,8684061.0,7161330.0,203361152.0
MBCN,Middlefield Banc Corp.,United States,NCM,USD,,8090067.0,7166356.0,284608544.0
VIRDY,,,,,,7180200.0,7170794.0,777184832.0
BTCT,BTC Digital Ltd.,Singapore,NCM,USD,,9516975.0,7175629.0,15227160.0
VLDXW,,,,,,,7200270.0,
VELO,"Velo3D, Inc.",United States,NCM,USD,,24548535.0,7200270.0,331405248.0
BCDA,"BioCardia, Inc.",United States,NCM,USD,,10612734.0,7207002.0,13478172.0
CBK,"Commercial Bancgroup, Inc.",United States,NCM,USD,,12239644.0,7207804.0,333545984.0
BBSI,"Barrett Business Services, Inc.",United States,NMS,USD,,25624623.0,7216165.0,930989824.0
BATL,Battalion Oil Corporation,United States,ASE,USD,,16456563.0,7223279.0,19089612.0
UNTY,"Unity Bancorp, Inc.",United States,NGM,USD,,10039444.0,7230207.0,527070816.0
RCKY,"Rocky Brands, Inc.",United States,NMS,USD,,7493687.0,7232157.0,224960480.0
TOYO,"TOYO Co., Ltd.",Japan,NCM,USD,,37773997.0,7232499.0,228154928.0
PPIH,"Perma-Pipe International Holdings, Inc.",United States,NGM,USD,,8094045.0,7242794.0,266941632.0
GROO,Groovy Company Inc,,,,,7384006.0,7244005.0,37658.0
HCTI,"Healthcare Triangle, Inc.",United States,NCM,USD,,7261344.0,7249508.0,8350546.0
KORE,"KORE Group Holdings, Inc.",United States,NYQ,USD,,17539937.0,7252413.0,77000320.0
PRT,PermRock Royalty Trust,United States,NYQ,USD,,12165732.0,7272066.0,36253884.0
CMT,"Core Molding Technologies, Inc.",United States,ASE,USD,,8561353.0,7283914.0,182185600.0
SGLY,Singularity Future Technology Ltd.,US,NASDAQ NMS - GLOBAL MARKET,USD,2008-05-21,7293492.0,7293492.0,3795533.0
TSBK,"Timberland Bancorp, Inc.",United States,NGM,USD,,7880773.0,7300196.0,282879136.0
DDS,"Dillard's, Inc.",United States,NYQ,USD,,11626733.0,7316704.0,9837417472.0
LSTA,"Lisata Therapeutics, Inc.",United States,NCM,USD,,8820733.0,7324472.0,17376846.0
RMBI,"Richmond Mutual Bancorporation, Inc.",US,NASDAQ NMS - GLOBAL MARKET,USD,2019-07-02,9660972.0,7342257.0,137082912.0
SRBK,"SR Bancorp, Inc.",United States,NCM,USD,,7668306.0,7345486.0,130274088.0
IRMD,IRADIMED CORPORATION,US,NASDAQ NMS - GLOBAL MARKET,USD,2014-07-16,12721156.0,7350284.0,1239676672.0
CUPR,Cuprina Holdings (Cayman) Limited,SG,NASDAQ NMS - GLOBAL MARKET,SGD,2025-04-10,7365000.0,7365072.0,9869145.0
EGG,Enigmatig Limited,Singapore,ASE,USD,,12255200.0,7369250.0,137796784.0
LIQT,"LiqTech International, Inc.",Denmark,NCM,USD,,9627064.0,7397725.0,15114493.0
HPAIW,Helport AI Limited,,,,,,7416946.0,
HPAI,Helport AI Limited,Singapore,NCM,USD,,37430968.0,7416946.0,151969728.0
FGRRF,,,,,,7581850.0,7421079.0,15171574.0
NBN,Northeast Bank,United States,NGM,USD,,8562960.0,7426227.0,909040960.0
UFPT,"UFP Technologies, Inc.",United States,NCM,USD,,7712444.0,7430631.0,1829545984.0
XOS,"Xos, Inc.",United States,NCM,USD,,11334192.0,7444751.0,22895068.0
TGE,The Generation Essentials Group,France,NYQ,USD,,29175159.0,7450890.0,53791792.0
ASMB,"Assembly Biosciences, Inc.",United States,NMS,USD,,15817140.0,7458256.0,531772224.0
MLP,"Maui Land & Pineapple Company, Inc.",United States,NYQ,USD,,19741709.0,7460194.0,342537248.0
NRXS,"NeurAxis, Inc.",United States,ASE,USD,,10652812.0,7486690.0,41759024.0
WOLF,"Wolfspeed, Inc.",US,"NEW YORK STOCK EXCHANGE, INC.",USD,1993-02-09,25892446.0,7490167.0,464769440.0
BIVIW,BioVie Inc.,United States,NCM,USD,,,7497756.0,
BIVI,BioVie Inc.,US,NASDAQ NMS - GLOBAL MARKET,USD,2014-01-14,7537479.0,7497756.0,9120350.0
KARO,Karooooo Ltd.,Singapore,NCM,USD,,30893300.0,7512633.0,1463724544.0
QSEAR,Quartzsea Acquisition Corporation,United States,NGM,USD,,,7521406.0,
QSEA,Quartzsea Acquisition Corporati,United States,NGM,USD,,11409900.0,7521406.0,116723272.0
QSEAU,Quartzsea Acquisition Corporation,United States,NGM,USD,,,7521406.0,
GLOO,"Gloo Holdings, Inc.",US,NASDAQ NMS - GLOBAL MARKET,USD,2025-11-19,10130932.0,7529941.0,512463168.0
ACITF,ASIAN CITRUS HLDGS,,,,,14900529.0,7563658.0,2980105.0
SEG,Seaport Entertainment Group Inc.,United States,NYQ,USD,,12735071.0,7568325.0,256102288.0
NTIC,Northern Technologies International Corporation,United States,NGM,USD,,9480689.0,7583034.0,71768816.0
CREX,"Creative Realities, Inc.",United States,NCM,USD,,10518932.0,7583624.0,27980360.0
AVTXF,Avantium N.V.,NL,NYSE EURONEXT - EURONEXT AMSTERDAM,EUR,2017-03-15,25196719.0,7585194.0,380470496.0
ASIC,Ategrity Specialty Insurance Company Holdings,United States,NYQ,USD,,48066674.0,7594534.0,1032472064.0
CHPGU,ChampionsGate Acquisition Corporation,United States,NGM,USD,,,7597129.0,
CHPG,ChampionsGate Acquisition Corporation,United States,NGM,USD,,8617125.0,7597129.0,101670576.0
CHPGR,ChampionsGate Acquisition Corporation,United States,NGM,USD,,,7597129.0,
MVO,MV Oil Trust,United States,NYQ,USD,,11500000.0,7608860.0,13915000.0
VVPR,VivoPower International PLC,United Kingdom,NCM,USD,,16790245.0,7629949.0,40968196.0
MYFW,"First Western Financial, Inc.",United States,NMS,USD,,9714711.0,7639746.0,255095472.0
SNDA,"Sonida Senior Living, Inc.",United States,NYQ,USD,,18770006.0,7667351.0,605708096.0
CVCO,"Cavco Industries, Inc.",United States,NMS,USD,,7805037.0,7708957.0,4754072064.0
QUMS,Quantumsphere Acquisition Corporation,United States,NGM,USD,,11406650.0,7712492.0,114066512.0
QUMSU,Quantumsphere Acquisition Corporation,US,NASDAQ NMS - GLOBAL MARKET,USD,2025-08-06,,7712492.0,114.0
QUMSR,Quantumsphere Acquisition Corporation,United States,NGM,USD,,,7712492.0,
CNTRF,CENTR Brands Corp.,,,,,11597740.0,7717948.0,162965.0
PBFS,"Pioneer Bancorp, Inc.",United States,NCM,USD,,25080547.0,7741309.0,350762784.0
CLNN,Clene Inc.,United States,NCM,USD,,10333980.0,7763196.0,64587376.0
CLNNW,Clene Inc.,United States,NCM,USD,,,7763196.0,
SRL,Scully Royalty Ltd.,CN,"NEW YORK STOCK EXCHANGE, INC.",CAD,1996-05-08,15149072.0,7766267.0,107558408.0
AUST,Austin Gold Corp.,Canada,ASE,USD,,13693001.0,7772284.0,25468982.0
POAS,Phaos Technology Holdings (Caym,Singapore,ASE,USD,,13301750.0,7777787.0,50546652.0
IMDX,Insight Molecular Diagnostics Inc.,United States,NCM,USD,,28664437.0,7782395.0,182592448.0
SAMG,Silvercrest Asset Management Group Inc.,US,NASDAQ NMS - GLOBAL MARKET,USD,2013-06-27,8121141.0,7801818.0,128549952.0
IVCUF,Investcorp Europe Acquisition Corp I,,,,,,7805651.0,
CNCKW,Coincheck Group N.V.,Netherlands,NCM,USD,,,7820570.0,
CNCK,Coincheck Group N.V.,Netherlands,NGM,USD,,135822026.0,7820570.0,472660672.0
STRW,"Strawberry Fields REIT, Inc.",United States,ASE,USD,,13120095.0,7827449.0,722228992.0
NEU,NewMarket Corporation,United States,NYQ,USD,,9397122.0,7831561.0,6663875072.0
FBIZ,"First Business Financial Services, Inc.",US,NASDAQ NMS - GLOBAL MARKET,USD,2005-10-07,8324258.0,7842783.0,461496864.0
CHAR,Charlton Aria Acquisition Corporation,United States,NGM,USD,,8840000.0,7845896.0,114584248.0
CHARR,Charlton Aria Acquisition Corporation,,,,,,7845896.0,
CHARU,Charlton Aria Acquisition Corporation,United States,NGM,USD,,,7845896.0,
OSRHW,"OSR Holdings, Inc.",,,,,,7850482.0,
INBX,"Inhibrx Biosciences, Inc.",United States,NMS,USD,,14543738.0,7866999.0,1166553216.0
RAVE,"Rave Restaurant Group, Inc.",US,NASDAQ NMS - GLOBAL MARKET,USD,1993-09-01,14211566.0,7874913.0,46756056.0
AFYA,Afya Limited,,,,,46894952.0,7894329.0,1357624704.0
ZOOZW,ZOOZ Strategy Ltd.,Israel,NCM,USD,,,7904454.0,
EDTK,Skillful Craftsman Education Technology Limited,China,NCM,USD,,15929451.0,7924424.0,14264824.0
WKSP,Worksport Ltd.,United States,NCM,USD,,8254389.0,7927268.0,19315270.0
VSTA,Vasta Platform Limited,Brazil,NMS,USD,,15969992.0,7929648.0,397206080.0
MMA,Mixed Martial Arts Group Limited,Australia,ASE,USD,,13041209.0,7940401.0,15910275.0
RELIW,"Reliance Global Group, Inc.",United States,NCM,USD,,,7943485.0,
TACT,TransAct Technologies Incorporated,United States,NGM,USD,,10112585.0,7952132.0,39641332.0
JYNT,The Joint Corp.,United States,NCM,USD,,14866192.0,7954453.0,133050928.0
BVFL,"BV Financial, Inc.",United States,NCM,USD,,8903927.0,7962646.0,181693888.0
IPEXU,Inflection Point Acquisition Corp. V,United States,NGM,USD,,,7965585.0,
IPEXR,Inflection Point Acquisition Corp. V,United States,NGM,USD,,,7965585.0,
IPEX,Inflection Point Acquisition Corp. V,United States,NGM,USD,,10919375.0,7965585.0,122428368.0
CYN,Cyngn Inc.,United States,NCM,USD,,7974380.0,7974300.0,23125706.0
GRMZF,"grems,Inc.",,,,,23102007.0,7982667.0,261052688.0
TNON,"Tenon Medical, Inc.",US,NASDAQ NMS - GLOBAL MARKET,USD,2022-04-27,11106444.0,7992667.0,11883896.0
CYRNQ,Cyren Ltd.,,,,,7999808.0,7995488.0,799.0
ECBK,"ECB Bancorp, Inc.",United States,NCM,USD,,8796890.0,8001475.0,153477152.0
STEM,"Stem, Inc.",United States,NYQ,USD,,8390208.0,8012733.0,134411136.0
MRBK,Meridian Corporation,United States,NMS,USD,,11517456.0,8016610.0,202937584.0
BSET,"Bassett Furniture Industries, Incorporated",United States,NMS,USD,,8685710.0,8019255.0,148765664.0
IZM,ICZOOM Group Inc.,China,NCM,USD,,8188610.0,8021367.0,23194954.0
FMSTW,Foremost Clean Energy Ltd.,Canada,NCM,USD,,,8034588.0,
FMST,Foremost Clean Energy Ltd.,Canada,NCM,USD,,14435380.0,8034588.0,34551068.0
INBK,First Internet Bancorp,United States,NMS,USD,,8706094.0,8037379.0,178357056.0
DXST,Decent Holding Inc.,CN,NASDAQ NMS - GLOBAL MARKET,USD,2025-01-22,24583333.0,8050088.0,38162496.0
CIIT,"Tianci International, Inc.",,,,,24531803.0,8098439.0,8895232.0
EDHL,Everbright Digital Holding Limited,HK,NASDAQ NMS - GLOBAL MARKET,USD,2025-04-17,26660000.0,8120750.0,12266266.0
LGCY,Legacy Education Inc.,United States,ASE,USD,,12566988.0,8121919.0,132330384.0
APT,"Alpha Pro Tech, Ltd.",Canada,ASE,USD,,10360062.0,8126847.0,46620280.0
BETRW,Better Home & Finance Holding Company,United States,NGM,USD,,,8149381.0,
BETR,Better Home & Finance Holding Company,United States,NGM,USD,,9855284.0,8149381.0,548283584.0
YDDL,One and one Green Technologies. Inc,Philippines,NCM,USD,,44096040.0,8168160.0,292134016.0
WYY,WidePoint Corporation,United States,ASE,USD,,9891002.0,8183024.0,52521220.0
IFBD,"Infobird Co., Ltd",China,NCM,USD,,8188574.0,8186773.0,8966489.0
KLMR,KLM Royal Dutch Airlines,NL,NYSE EURONEXT - EURONEXT BRUSSELS,EUR,2014-12-05,46809698.0,8191697.0,32766.0
GSBC,"Great Southern Bancorp, Inc.",United States,NMS,USD,,11189262.0,8192890.0,709380928.0
PLCE,"The Children's Place, Inc.",United States,NMS,USD,,22167889.0,8204336.0,89336600.0
CZWI,"Citizens Community Bancorp, Inc.",United States,NGM,USD,,9659745.0,8244109.0,173392432.0
CTGO,"Contango Ore, Inc.",United States,ASE,USD,,14964048.0,8249975.0,443684032.0
SNAL,"Snail, Inc.",United States,NCM,USD,,8998728.0,8281759.0,34538788.0
AMKBY,A.P. Møller - Mærsk A/S,,,,,1019089400.0,8299467.0,33769904128.0
RGCO,"RGC Resources, Inc.",United States,NGM,USD,,10350531.0,8303610.0,225952096.0
AGH,Aureus Greenway Holdings Inc.,United States,NCM,USD,,15056297.0,8304602.0,60074624.0
NL,"NL Industries, Inc.",United States,NYQ,USD,,48862734.0,8310574.0,266790544.0
LFVN,LifeVantage Corporation,United States,NCM,USD,,12701187.0,8363986.0,77096208.0
FSI,"Flexible Solutions International, Inc.",Canada,ASE,USD,,12692498.0,8372352.0,88974424.0
ACTU,"Actuate Therapeutics, Inc. Common stock",United States,NGM,USD,,23243328.0,8373874.0,150268112.0
NWFL,Norwood Financial Corp.,,,,,9264200.0,8384409.0,262825360.0
TDIC,Dreamland Limited,HK,NASDAQ NMS - GLOBAL MARKET,HKD,2025-07-23,36000000.0,8384882.0,7363000.0
AEON,"AEON Biopharma, Inc.",United States,ASE,USD,,13800000.0,8390973.0,14076000.0
GTIM,Good Times Restaurants Inc.,United States,NCM,USD,,10549508.0,8416292.0,12284872.0
PSIX,"Power Solutions International, Inc.",United States,NCM,USD,,23040930.0,8426299.0,1508950400.0
FKWL,Franklin Wireless Corp.,United States,NCM,USD,,11784280.0,8442376.0,50436720.0
RFIL,"RF Industries, Ltd.",United States,NGM,USD,,10667447.0,8468459.0,63791340.0
FTRK,FAST TRACK GROUP,,,,,21812500.0,8468703.0,18322500.0
AEYE,"AudioEye, Inc.",United States,NCM,USD,,12418617.0,8480549.0,132755008.0
LE,"Lands' End, Inc.",United States,NCM,USD,,30551068.0,8484643.0,446962144.0
LAKE,"Lakeland Industries, Inc.",US,NASDAQ NMS - GLOBAL MARKET,USD,1986-09-09,9806128.0,8493774.0,84724952.0
PRSO,Peraso Inc.,United States,NCM,USD,,9311877.0,8494846.0,9461542.0
ASPSW,Altisource Portfolio Solutions S.A.,Luxembourg,NMS,USD,,,8496150.0,
ASPSZ,Altisource Portfolio Solutions S.A.,,,,,,8496150.0,
ASPS,Altisource Portfolio Solutions S.A.,Luxembourg,NMS,USD,,10993549.0,8496150.0,74481296.0
DAIO,Data I/O Corporation,US,NASDAQ NMS - GLOBAL MARKET,USD,1981-05-06,9391883.0,8497776.0,30241864.0
FSTR,L.B. Foster Company,United States,NMS,USD,,10393009.0,8504184.0,301663072.0
DAC,Danaos Corporation,Greece,NYQ,USD,,18309702.0,8513828.0,1734111872.0
GRCE,"Grace Therapeutics, Inc.",United States,NCM,USD,,15474026.0,8535629.0,52611692.0
BFIN,BankFinancial Corporation,US,NASDAQ NMS - GLOBAL MARKET,USD,2005-06-24,12460678.0,8540923.0,153515552.0
ITXXF,Itaconix plc,,,,,13486122.0,8559642.0,24546442.0
SUNS,"Sunrise Realty Trust, Inc.",United States,NCM,USD,,13420986.0,8561113.0,131123040.0
AEC,Anfield Energy Inc.,Canada,NCM,USD,,15877763.0,8565259.0,83698448.0
LTRN,Lantern Pharma Inc.,United States,NCM,USD,,11184423.0,8587400.0,38921792.0
LNSR,"LENSAR, Inc.",United States,NCM,USD,,11944546.0,8591712.0,142737328.0
CCEC,Capital Clean Energy Carriers Corp.,Greece,NMS,USD,,59082322.0,8598250.0,1259044224.0
PPSI,"Pioneer Power Solutions, Inc.",US,NASDAQ NMS - GLOBAL MARKET,USD,2013-09-19,11095266.0,8600052.0,51371084.0
LOAN,"Manhattan Bridge Capital, Inc.",United States,NCM,USD,,11438651.0,8626001.0,55820624.0
EVGN,Evogene Ltd.,Israel,NCM,USD,,8716410.0,8630466.0,9423893.0
DOMH,Dominari Holdings Inc.,United States,NCM,USD,,16012435.0,8644313.0,73176832.0
NEPH,"Nephros, Inc.",United States,NCM,USD,,10626683.0,8659471.0,52389544.0
KRT,Karat Packaging Inc.,United States,NMS,USD,,20099505.0,8662485.0,458469664.0
SNCR,"Synchronoss Technologies, Inc.",United States,NCM,USD,,10635433.0,8664550.0,98043352.0
ENRT,Enertopia Corp.,,,,,10339394.0,8704115.0,1359113.0
YCBD,"cbdMD, Inc.",United States,ASE,USD,,8959410.0,8705325.0,15824608.0
LITM,Snow Lake Resources Ltd.,Canada,NCM,USD,,18026269.0,8720610.0,61469584.0
CLGN,CollPlant Biotechnologies Ltd.,,,,,12776385.0,8723460.0,19547868.0
ATLO,Ames National Corporation,United States,NCM,USD,,8892167.0,8724105.0,205231232.0
CPIX,Cumberland Pharmaceuticals Inc.,United States,NMS,USD,,14956627.0,8733324.0,61634940.0
FMFC,Kandal M Venture Limited,Cambodia,NCM,USD,,15300000.0,8740080.0,6822240.0
MCRP,Micropolis AI Robotics,United Arab Emirates,ASE,USD,,34888447.0,8787353.0,42563908.0
FLES,"Auto Parts 4Less Group, Inc.",,,,,8845362.0,8811838.0,884.0
LMFA,"LM Funding America, Inc.",,,,,14031948.0,8827284.0,6440664.0
BFC,Bank First Corporation,United States,NCM,USD,,9835013.0,8833907.0,1248358272.0
GCO,Genesco Inc.,United States,NYQ,USD,,10792736.0,8860512.0,275823104.0
ZEO,Zeo Energy Corp.,United States,NCM,USD,,33149931.0,8869264.0,112163992.0
ZEOWW,Zeo Energy Corp.,United States,NCM,USD,,,8869264.0,
MIND,"MIND Technology, Inc.",United States,NCM,USD,,9038082.0,8869883.0,83421496.0
NRT,North European Oil Royalty Trust,United States,NYQ,USD,,9190590.0,8872320.0,57716908.0
TPCS,TechPrecision Corporation,United States,NCM,USD,,10012950.0,8876480.0,48863204.0
IPST,"Heritage Distilling Holding Company, Inc.",United States,NCM,USD,,9559321.0,8884608.0,19118642.0
JBSS,"John B. Sanfilippo & Son, Inc.",United States,NMS,USD,,9046833.0,8907625.0,835359104.0
PELIU,Pelican Acquisition Corporation,United States,NGM,USD,,,8911232.0,
PELIR,Pelican Acquisition Corporation,United States,NGM,USD,,,8911232.0,
PELI,Pelican Acquisition Corporation,United States,NGM,USD,,11998750.0,8911232.0,122255272.0
NREF,"NexPoint Real Estate Finance, Inc.",United States,NYQ,USD,,17721828.0,8911598.0,319780960.0
YSXT,"YSX Tech. Co., Ltd",China,NCM,USD,,22260175.0,8967656.0,30468748.0
JAKK,"JAKKS Pacific, Inc.",United States,NMS,USD,,11269529.0,8985872.0,188990000.0
VLGEA,"Village Super Market, Inc.",United States,NMS,USD,,10628425.0,8987371.0,531420032.0
IESC,"IES Holdings, Inc.",United States,NGM,USD,,19854585.0,9001672.0,8004971008.0
DAVE,Dave Inc.,United States,NGM,USD,,12190000.0,9002226.0,3095405568.0
DAVEW,Dave Inc.,United States,NGM,USD,,,9002226.0,
SEPSF,ASEP Medical Holdings Inc.,,,,,11123729.0,9019787.0,121248.0
RDCM,RADCOM Ltd.,Israel,NCM,USD,,16405788.0,9036567.0,222954656.0
FCNCA,"First Citizens BancShares, Inc.",United States,NMS,USD,,11430367.0,9036791.0,27918630912.0
FCNCO,"First Citizens BancShares, Inc.",United States,NMS,USD,,,9036791.0,
FCNCP,"First Citizens BancShares, Inc.",United States,NMS,USD,,,9036791.0,
CMDB,Costamare Bulkers Holdings Limited,Monaco,NYQ,USD,,24301491.0,9038697.0,373513920.0
WW,"WW International, Inc.",US,NASDAQ NMS - GLOBAL MARKET,USD,2001-11-15,9986928.0,9052451.0,276837664.0
NTCL,NetClass Technology Inc,China,NCM,USD,,19992031.0,9071657.0,12095618.0
FINW,FinWise Bancorp,United States,NGM,USD,,13586921.0,9075520.0,242390672.0
MCB,Metropolitan Bank Holding Corp.,US,"NEW YORK STOCK EXCHANGE, INC.",USD,2017-11-08,10298002.0,9087781.0,816098624.0
LESL,"Leslie's, Inc.",United States,NMS,USD,,9290311.0,9092985.0,15514819.0
ESLAW,"Estrella Immunopharma, Inc.",,,,,,9097054.0,
CPSS,"Consumer Portfolio Services, Inc.",United States,NGM,USD,,22071046.0,9098127.0,202906832.0
NXNT,,,,,,,9100387.0,
TRNS,"Transcat, Inc.",United States,NGM,USD,,9328412.0,9123094.0,549116992.0
ENFY,Enlightify Inc.,CN,"NEW YORK STOCK EXCHANGE, INC.",USD,2007-09-27,15769434.0,9133025.0,1419249.0
BNGO,"Bionano Genomics, Inc.",United States,NCM,USD,,10176000.0,9133672.0,15467520.0
PFIS,Peoples Financial Services Corp.,United States,NMS,USD,,9994595.0,9133860.0,495282144.0
ISTR,Investar Holding Corporation,United States,NGM,USD,,9810435.0,9139990.0,267951856.0
MED,"Medifast, Inc.",United States,NYQ,USD,,10991273.0,9167019.0,121343656.0
TAVI,Tavia Acquisition Corp.,United States,NGM,USD,,15920833.0,9170718.0,165735872.0
TAVIR,Tavia Acquisition Corp.,United States,NGM,USD,,,9170718.0,
TAVIU,Tavia Acquisition Corp.,United States,NGM,USD,,13883300.0,9170718.0,145774656.0
SKLZ,Skillz Inc.,United States,NYQ,USD,,11678067.0,9178189.0,71477592.0
PKOH,Park-Ohio Holdings Corp.,United States,NMS,USD,,14404207.0,9217296.0,303784736.0
HAFN,Hafnia Limited,Singapore,NYQ,USD,,497989642.0,9232413.0,2692179200.0
FUSE,Fusemachines Inc.,US,NASDAQ NMS - GLOBAL MARKET,USD,2022-01-13,26501049.0,9243057.0,50617000.0
FUSEW,Fusemachines Inc.,,,,,,9243057.0,
KBSX,FST Corp.,Taiwan,NGM,USD,,44766003.0,9254923.0,61777084.0
TLYS,"Tilly's, Inc.",US,"NEW YORK STOCK EXCHANGE, INC.",USD,2012-05-04,23167562.0,9261863.0,55766820.0
RANGR,Range Capital Acquisition Corp.,United States,NGM,USD,,,9264864.0,
RANGU,Range Capital Acquisition Corp.,United States,NGM,USD,,,9264864.0,
RANG,Range Capital Acquisition Corp.,US,NASDAQ NMS - GLOBAL MARKET,USD,2024-12-20,16037500.0,9264864.0,167110752.0
GBFH,GBank Financial Holdings Inc.,United States,NCM,USD,,14376113.0,9266842.0,517396320.0
XPON,Expion360 Inc.,United States,NCM,USD,,9656739.0,9285534.0,7918526.0
DLPN,"Dolphin Entertainment, Inc.",United States,NCM,USD,,12122422.0,9286745.0,16728942.0
ARTNA,Artesian Resources Corporation,United States,NMS,USD,,9431693.0,9287296.0,328480896.0
BFRIW,Biofrontera Inc.,United States,NCM,USD,,,9313999.0,
BFRI,Biofrontera Inc.,United States,NCM,USD,,11648323.0,9313999.0,8400770.0
SVCO,"Silvaco Group, Inc.",United States,NMS,USD,,30638877.0,9316363.0,130215224.0
NWPX,"NWPX Infrastructure, Inc.",United States,NMS,USD,,9609651.0,9322322.0,618331264.0
COCP,"Cocrystal Pharma, Inc.",United States,NCM,USD,,13784065.0,9326574.0,13405005.0
OPHC,"OptimumBank Holdings, Inc.",,,,,11533943.0,9339380.0,48903920.0
NOTE,"FiscalNote Holdings, Inc.",US,"NEW YORK STOCK EXCHANGE, INC.",USD,2020-10-29,15018986.0,9343931.0,24664536.0
SNGX,"Soligenix, Inc.",United States,NCM,USD,,10086130.0,9362349.0,13817998.0
RNAC,"Cartesian Therapeutics, Inc.",United States,NGM,USD,,26003606.0,9374300.0,173704080.0
ANNAW,"AleAnna, Inc.",United States,NCM,USD,,,9387147.0,
ANNA,"AleAnna, Inc.",US,NASDAQ NMS - GLOBAL MARKET,USD,2022-02-04,40659881.0,9387147.0,115880656.0
MDV,"Modiv Industrial, Inc.",United States,NYQ,USD,,10274997.0,9395046.0,151761712.0
CVEO,Civeo Corporation,United States,NYQ,USD,,11515223.0,9414386.0,292205216.0
POWL,"Powell Industries, Inc.",United States,NMS,USD,,12092083.0,9437871.0,4121707264.0
WMK,"Weis Markets, Inc.",United States,NYQ,USD,,24744597.0,9451199.0,1609883520.0
CRWS,"Crown Crafts, Inc.",United States,NCM,USD,,10702787.0,9462762.0,28576442.0
SMBC,"Southern Missouri Bancorp, Inc.",United States,NGM,USD,,11202189.0,9477388.0,681391744.0
LPSN,"LivePerson, Inc.",US,NASDAQ NMS - GLOBAL MARKET,USD,2000-04-07,11672614.0,9480634.0,47974444.0
ASYS,"Amtech Systems, Inc.",United States,NMS,USD,,14356797.0,9500467.0,183192736.0
FORTY,Formula Systems (1985) Ltd.,Israel,NMS,USD,,15332667.0,9505138.0,2921791488.0
CARL,"Carlsmed, Inc.",United States,NMS,USD,,26592908.0,9505369.0,364588768.0
INDO,Indonesia Energy Corporation Limited,Indonesia,ASE,USD,,14987474.0,9523041.0,44962424.0
GOCO,"GoHealth, Inc.",United States,NCM,USD,,16093116.0,9524389.0,67190760.0
EXALF,Exail Technologies,FR,NYSE EURONEXT - EURONEXT PARIS,EUR,1998-01-01,16971409.0,9540026.0,1880072448.0
KMDA,Kamada Ltd.,Israel,NMS,USD,,57681590.0,9549865.0,408369056.0
SUPX,SuperX AI Technology Limited,Singapore,NCM,USD,,31506228.0,9553318.0,469442784.0
TXMD,"TherapeuticsMD, Inc.",United States,NMS,USD,,11574362.0,9567715.0,20139392.0
XOMAP,XOMA Royalty Corporation,United States,NGM,USD,,,9590342.0,
XOMAO,XOMA Royalty Corporation,United States,NGM,USD,,,9590342.0,
XOMA,XOMA Royalty Corporation,US,NASDAQ NMS - GLOBAL MARKET,USD,1986-06-06,12383103.0,9590342.0,322703648.0
MCFT,"MasterCraft Boat Holdings, Inc.",United States,NGM,USD,,16288798.0,9596382.0,317402400.0
BKYI,"BIO-key International, Inc.",US,NASDAQ NMS - GLOBAL MARKET,USD,1997-04-17,10836618.0,9607746.0,6562656.0
RBCAA,"Republic Bancorp, Inc.",United States,NMS,USD,,17388491.0,9613752.0,1368201856.0
USNA,"USANA Health Sciences, Inc.",United States,NYQ,USD,,18280857.0,9617193.0,362692192.0
BOF,BranchOut Food Inc.,United States,NCM,USD,,13380459.0,9642116.0,44958340.0
SSTI,"SoundThinking, Inc.",US,NASDAQ NMS - GLOBAL MARKET,USD,2017-06-07,12698453.0,9642697.0,102969584.0
STHO,Star Holdings,United States,NGM,USD,,12735503.0,9642813.0,104592448.0
CULP,"Culp, Inc.",United States,NYQ,USD,,12662784.0,9651739.0,44319744.0
FET,"Forum Energy Technologies, Inc.",United States,NYQ,USD,,11377958.0,9672971.0,437445440.0
DLTH,Duluth Holdings Inc.,,,,,33361992.0,9675515.0,77492264.0
SNTI,"Senti Biosciences, Inc.",United States,NCM,USD,,26290838.0,9706314.0,27868286.0
MDWD,MediWound Ltd.,Israel,NGM,USD,,12821433.0,9715825.0,240914736.0
UNTCW,,,,,,,9737282.0,
SPEGU,Silver Pegasus Acquisition Corp.,US,NASDAQ NMS - GLOBAL MARKET,USD,2025-07-15,,9761046.0,154.0
SPEG,Silver Pegasus Acquisition Corp.,United States,NGM,USD,,11500000.0,9761046.0,154100000.0
SFWL,Shengfeng Development Limited,,,,,40617513.0,9769355.0,80902872.0
HTCR,"HeartCore Enterprises, Inc.",,,,,25419807.0,9770865.0,8800337.0
TOBAF,TAAT Global Alternatives Inc.,,,,,23109681.0,9817325.0,2310.0
ODC,Oil-Dri Corporation of America,United States,NYQ,USD,,10342807.0,9819771.0,718196352.0
TOMZ,"TOMI Environmental Solutions, Inc.",US,NASDAQ NMS - GLOBAL MARKET,USD,2008-06-19,20277205.0,9825321.0,16201486.0
ZEUS,"Olympic Steel, Inc.",United States,NMS,USD,,11197621.0,9827704.0,501317536.0
PYPD,PolyPid Ltd.,Israel,NCM,USD,,16634790.0,9872748.0,67703600.0
EMYSF,Easy Technologies Inc.,,,,,9481332.0,9877280.0,142219.0
ATNI,"ATN International, Inc.",United States,NMS,USD,,15257391.0,9904543.0,337646080.0
AGRZ,Agroz Inc.,,,,,21673485.0,9928265.0,17330118.0
HUBC,HUB Cyber Security Ltd.,Israel,NCM,USD,,32756017.0,9953354.0,14114568.0
HUBCZ,HUB Cyber Security Ltd.,,,,,,9953354.0,
NRP,Natural Resource Partners L.P.,United States,NYQ,USD,,13138097.0,9958809.0,1352567040.0
FC,Franklin Covey Co.,,,,,11989951.0,9965230.0,207621616.0
GGR,Gogoro Inc.,Taiwan,NCM,USD,,14773463.0,9986382.0,51411652.0
GGROW,Gogoro Inc.,Taiwan,NCM,USD,,,9986382.0,
NTWK,"NetSol Technologies, Inc.",,,,,11796775.0,9994582.0,36334068.0
ACNB,ACNB Corporation,United States,NCM,USD,,10384812.0,10000055.0,517100352.0
KTCC,Key Tronic Corporation,United States,NGM,USD,,10859269.0,10007577.0,28016914.0
VNTG,Vantage Corp,,,,,11371120.0,10032120.0,28103556.0
SGRP,"SPAR Group, Inc.",United States,NCM,USD,,23949991.0,10032274.0,18393594.0
GROW,"U.S. Global Investors, Inc.",United States,NCM,USD,,10719865.0,10049136.0,32015330.0
SLE,"Super League Enterprise, Inc.",United States,NCM,USD,,11622934.0,10069203.0,7031875.0
PKBK,"Parke Bancorp, Inc.",United States,NCM,USD,,11595553.0,10069926.0,293928960.0
GHG,GreenTree Hospitality Group Ltd.,China,NYQ,USD,,66761582.0,10109954.0,181762896.0
ATLN,Atlantic International Corp.,United States,NGM,USD,,58525488.0,10113790.0,74912624.0
TBRG,"TruBridge, Inc.",US,NASDAQ NMS - GLOBAL MARKET,USD,2002-05-21,15008986.0,10119673.0,331306944.0
ESCA,"Escalade, Incorporated",US,NASDAQ NMS - GLOBAL MARKET,USD,1973-05-16,13803745.0,10123529.0,184694112.0
BCML,BayCom Corp,United States,NMS,USD,,10897763.0,10165983.0,331753504.0
MGRX,"Mangoceuticals, Inc.",United States,NCM,USD,,15388797.0,10167093.0,10967596.0
IFABF,iFabric Corp.,,,,,30299467.0,10168198.0,36359364.0
AZTR,"Azitra, Inc.",US,NYSE MKT LLC,USD,2023-06-16,10740697.0,10193304.0,3232949.0
ZENV,Zenvia Inc.,,,,,28902363.0,10201520.0,55721324.0
MPX,Marine Products Corporation,United States,NYQ,USD,,34999034.0,10207118.0,310791424.0
TWIN,"Twin Disc, Incorporated",United States,NMS,USD,,14388031.0,10230897.0,244489936.0
BLIN,"Bridgeline Digital, Inc.",US,NASDAQ NMS - GLOBAL MARKET,USD,2007-06-29,12224399.0,10237323.0,11369914.0
UAN,"CVR Partners, LP",United States,NYQ,USD,,10569637.0,10259735.0,1027791552.0
HAFG,"Holistic Asset Finance Group Co., Ltd.",,,,,74228185.0,10262047.0,40825504.0
NCRBF,"Nippon Carbon Co., Ltd.",,,,,11057297.0,10269113.0,315132960.0
AGM,Federal Agricultural Mortgage Corporation,,,,,9373642.0,10276829.0,1936569728.0
GENC,"Gencor Industries, Inc.",United States,ASE,USD,,12338845.0,10277541.0,184687056.0
REPX,"Riley Exploration Permian, Inc.",United States,ASE,USD,,21968906.0,10279031.0,572657472.0
FGMCR,FG Merger II Corp.,United States,NGM,USD,,,10285813.0,
FGMCU,FG Merger II Corp.,US,NASDAQ NMS - GLOBAL MARKET,USD,2025-01-29,10295800.0,10285813.0,107179280.0
FGMC,FG Merger II Corp.,United States,NGM,USD,,10295800.0,10285813.0,103163920.0
GHM,Graham Corporation,US,"NEW YORK STOCK EXCHANGE, INC.",USD,1980-03-17,10987954.0,10310217.0,785968320.0
FTCI,"FTC Solar, Inc.",United States,NCM,USD,,14940407.0,10312018.0,178388448.0
HOFT,Hooker Furnishings Corporation,United States,NMS,USD,,10777720.0,10312991.0,120926024.0
AMODW,"Alpha Modus Holdings, Inc.",United States,NCM,USD,,,10328863.0,
AMOD,"Alpha Modus Holdings, Inc.",,,,,41959958.0,10328863.0,21987018.0
FRGE,"Forge Global Holdings, Inc.",United States,NYQ,USD,,13844606.0,10353095.0,618715392.0
VIRC,Virco Mfg. Corporation,,,,,15761141.0,10359010.0,101344136.0
TKNO,"Alpha Teknova, Inc.",US,NASDAQ NMS - GLOBAL MARKET,USD,2021-06-25,53529174.0,10369136.0,216257872.0
NGS,"Natural Gas Services Group, Inc.",United States,NYQ,USD,,12568917.0,10392986.0,419173376.0
SYPR,"Sypris Solutions, Inc.",,,,,23029970.0,10394807.0,53429528.0
ZDGE,"Zedge, Inc.",United States,ASE,USD,,12485331.0,10411711.0,46055776.0
AVTX,"Avalo Therapeutics, Inc.",US,NASDAQ NMS - GLOBAL MARKET,USD,2015-11-13,18133968.0,10412706.0,333120992.0
ULBI,Ultralife Corporation,United States,NGM,USD,,16648947.0,10428734.0,95897936.0
INTT,inTEST Corporation,United States,ASE,USD,,12483433.0,10445787.0,93875416.0
BGSF,"BGSF, Inc.",US,"NEW YORK STOCK EXCHANGE, INC.",USD,2014-03-20,11199787.0,10447385.0,53310988.0
SELF,"Global Self Storage, Inc.",United States,NCM,USD,,11337720.0,10463128.0,57144740.0
TTRX,Turn Therapeutics Inc.,United States,NGM,USD,,29445183.0,10485430.0,80679808.0
ODYS,Odysight.ai Inc.,Israel,NCM,USD,,16355243.0,10487145.0,55771380.0
BALY,Bally's Corporation,,,,,49162136.0,10505948.0,873119552.0
AMR,"Alpha Metallurgical Resources, Inc.",United States,NYQ,USD,,12858024.0,10519921.0,2677861376.0
IPI,"Intrepid Potash, Inc.",United States,NYQ,USD,,13426932.0,10532590.0,382130464.0
OBT,"Orange County Bancorp, Inc.",,,,,13366740.0,10572156.0,383358112.0
CAAS,"China Automotive Systems, Inc.",China,NCM,USD,,30170702.0,10630647.0,126415240.0
SGC,"Superior Group of Companies, Inc.",United States,NGM,USD,,15968792.0,10633619.0,162402608.0
NMYSF,NamSys Inc.,,,,,26933898.0,10639698.0,24819588.0
CBNK,"Capital Bancorp, Inc.",United States,NMS,USD,,16520863.0,10651000.0,472299264.0
USLM,"United States Lime & Minerals, Inc.",US,NASDAQ NMS - GLOBAL MARKET,USD,1980-03-17,28639399.0,10651884.0,3628629504.0
FNLC,"The First Bancorp, Inc.",United States,NMS,USD,,11219320.0,10659813.0,301238752.0
LNN,Lindsay Corporation,,,,,10591980.0,10701580.0,1285378048.0
PHIO,Phio Pharmaceuticals Corp.,United States,NCM,USD,,10764428.0,10705331.0,11923128.0
PRENW,Prenetics Global Limited,Hong Kong,NCM,USD,,,10710292.0,
PRE,Prenetics Global Limited,Hong Kong,NGM,USD,,15247465.0,10710292.0,284064032.0
FTFT,Future FinTech Group Inc.,United States,NCM,USD,,20153311.0,10720755.0,18661966.0
LOVE,The Lovesac Company,United States,NGM,USD,,14617106.0,10738311.0,223203216.0
ANIK,"Anika Therapeutics, Inc.",United States,NMS,USD,,14421219.0,10770055.0,137722640.0
AIRG,"Airgain, Inc.",United States,NCM,USD,,11958193.0,10770147.0,47832772.0
LSH,Lakeside Holding Limited,United States,NCM,USD,,17427559.0,10816589.0,15801569.0
CNXN,"PC Connection, Inc.",United States,NMS,USD,,25245224.0,10836007.0,1514707968.0
WLACU,Willow Lane Acquisition Corp.,United States,NGM,USD,,,10849379.0,
WLACW,Willow Lane Acquisition Corp.,United States,NGM,USD,,,10849379.0,
WLAC,Willow Lane Acquisition Corp.,United States,NGM,USD,,12650000.0,10849379.0,222376528.0
PCB,PCB Bancorp,United States,NMS,USD,,14260754.0,10863046.0,316660032.0
CVU,"CPI Aerostructures, Inc.",United States,ASE,USD,,13185249.0,10873611.0,49444684.0
MLGO,MicroAlgo Inc.,China,NCM,USD,,10941565.0,10879809.0,69136032.0
VENAF,Venus Acquisition Corporation,,,,,,10879809.0,
MLR,"Miller Industries, Inc.",United States,NYQ,USD,,11431416.0,10881222.0,437127424.0
VTSI,"VirTra, Inc.",United States,NCM,USD,,11300607.0,10885197.0,49496660.0
IMPP,Imperial Petroleum Inc.,Greece,NCM,USD,,36224837.0,10887544.0,134756384.0
IMPPP,Imperial Petroleum Inc.,Greece,NCM,USD,,,10887544.0,
LMB,"Limbach Holdings, Inc.",United States,NCM,USD,,11626814.0,10902696.0,921657536.0
BMR,Beamr Imaging Ltd.,Israel,NCM,USD,,15529854.0,10910188.0,29196126.0
LEGH,Legacy Housing Corporation,United States,NMS,USD,,23868727.0,10913498.0,472839488.0
FEAM,"5E Advanced Materials, Inc.",United States,NMS,USD,,23511883.0,10938818.0,79470168.0
UEIC,Universal Electronics Inc.,United States,NMS,USD,,13366106.0,10948979.0,41702248.0
EPSN,Epsilon Energy Ltd.,Canada,NGM,USD,,27748702.0,10957916.0,133193784.0
WYFI,"WhiteFiber, Inc.",United States,NCM,USD,,38259989.0,10961869.0,633968000.0
BBW,"Build-A-Bear Workshop, Inc.",US,"NEW YORK STOCK EXCHANGE, INC.",USD,2004-10-28,12945819.0,10966690.0,818284608.0
VPG,"Vishay Precision Group, Inc.",United States,NYQ,USD,,12256197.0,11026951.0,527046880.0
ARMP,"Armata Pharmaceuticals, Inc.",United States,ASE,USD,,36406905.0,11028287.0,239557424.0
CTOR,"Citius Oncology, Inc.",United States,NCM,USD,,84797846.0,11051703.0,95821568.0
TBCH,Turtle Beach Corporation,US,NASDAQ NMS - GLOBAL MARKET,USD,2012-03-22,19311014.0,11090315.0,280263904.0
MIMI,Mint Incorporation Limited,Hong Kong,NCM,USD,,20112500.0,11100798.0,8044020.0
AARD,"Aardvark Therapeutics, Inc.",United States,NMS,USD,,21773272.0,11102845.0,297205152.0
STRZ,Starz Entertainment Corp.,US,NASDAQ NMS - GLOBAL MARKET,USD,1998-11-17,16731046.0,11126480.0,197760960.0
AOUT,"American Outdoor Brands, Inc.",United States,NMS,USD,,12587111.0,11146264.0,104798096.0
USAU,U.S. Gold Corp.,United States,NCM,USD,,16312361.0,11156580.0,367680640.0
GREE,Greenidge Generation Holdings Inc.,United States,NMS,USD,,13065603.0,11160885.0,24330454.0
RFAI,RF Acquisition Corp II,Singapore,NGM,USD,,15012500.0,11164496.0,161234240.0
RFAIR,RF Acquisition Corp II,Singapore,NGM,USD,,,11164496.0,
RFAIU,RF Acquisition Corp II,Singapore,NGM,USD,,10000000.0,11164496.0,108000000.0
KSCP,"Knightscope, Inc.",United States,NCM,USD,,11172438.0,11169811.0,45575092.0
GSHRW,,United States,NGM,USD,,,11215192.0,
GSHRU,Gesher Acquisition Corp. II,United States,NGM,USD,,,11215192.0,
GSHR,Gesher Acquisition Corp. II,United States,NGM,USD,,14940625.0,11215192.0,209718016.0
AIRS,"AirSculpt Technologies, Inc.",United States,NGM,USD,,62436670.0,11240474.0,126746440.0
THFF,First Financial Corporation,United States,NMS,USD,,11850645.0,11242351.0,734977024.0
GLBS,Globus Maritime Limited,Greece,NCM,USD,,20582301.0,11246787.0,35195732.0
FORR,"Forrester Research, Inc.",United States,NMS,USD,,19003000.0,11283981.0,138351744.0
IRIX,IRIDEX Corporation,United States,NCM,USD,,17189981.0,11299662.0,21143676.0
LCUT,"Lifetime Brands, Inc.",United States,NMS,USD,,22655990.0,11307831.0,91989192.0
IBEX,IBEX Limited,United States,NGM,USD,,13467175.0,11312292.0,518082272.0
CLFD,"Clearfield, Inc.",United States,NGM,USD,,13839096.0,11314845.0,417525536.0
PFBC,Preferred Bank,United States,NMS,USD,,12197415.0,11350289.0,1224991232.0
FBYDW,"Falcon's Beyond Global, Inc.",United States,NCM,USD,,,11371382.0,
FBYD,"Falcon's Beyond Global, Inc.",United States,NGM,USD,,48410017.0,11371382.0,821033856.0
HBT,"HBT Financial, Inc.",US,NASDAQ NMS - GLOBAL MARKET,USD,2019-10-11,31431924.0,11393129.0,818487360.0
PSHG,Performance Shipping Inc.,Greece,NCM,USD,,12432158.0,11397554.0,28718284.0
CYD,China Yuchai International Limited,Singapore,NYQ,USD,,37518322.0,11399942.0,1347658112.0
MVBF,MVB Financial Corp.,United States,NCM,USD,,12584334.0,11413865.0,330759840.0
SHMD,SCHMID Group N.V.,DE,NASDAQ NMS - GLOBAL MARKET,EUR,2024-05-01,43062427.0,11434322.0,252345840.0
EMSKF,Germanium Mining Corp.,,,,,12862217.0,11435363.0,3852989.0
KINS,"Kingstone Companies, Inc.",United States,NCM,USD,,14147428.0,11444137.0,244891968.0
HCWC,Healthy Choice Wellness Corp.,United States,ASE,USD,,18165750.0,11473623.0,5451541.0
ZTMUF,Zimtu Capital Corp.,,,,,12682630.0,11474863.0,6848620.0
YHC,LQR House Inc.,US,NASDAQ NMS - GLOBAL MARKET,USD,2023-08-10,21366209.0,11515179.0,19522306.0
TBHC,"The Brand House Collective, Inc.",United States,NMS,USD,,22461383.0,11522240.0,25381364.0
TORO,Toro Corp.,Cyprus,NCM,USD,,21473509.0,11522273.0,120895856.0
AVNW,"Aviat Networks, Inc.",United States,NMS,USD,,12837468.0,11528817.0,274978560.0
LKSP,Lake Superior Acquisition Corp.,United States,NGM,USD,,15693333.0,11543970.0,193899824.0
LKSPU,Lake Superior Acquisition Corp.,United States,NGM,USD,,,11543970.0,
LKSPR,Lake Superior Acquisition Corp.,United States,NGM,USD,,,11543970.0,
CASS,"Cass Information Systems, Inc.",United States,NMS,USD,,13084279.0,11559699.0,559037056.0
OPBK,OP Bancorp,United States,NGM,USD,,14885614.0,11576542.0,212268880.0
AERTW,"Aeries Technology, Inc",Singapore,NCM,USD,,,11595278.0,
KLXE,"KLX Energy Services Holdings, Inc.",US,NASDAQ NMS - GLOBAL MARKET,USD,2018-08-29,17838125.0,11602095.0,28187922.0
SYCHF,"Sanyo Chemical Industries, Ltd.",,,,,22122200.0,11605270.0,720077568.0
NBR,Nabors Industries Ltd.,,,,,14561171.0,11634376.0,767263168.0
KAI,Kadant Inc.,United States,NYQ,USD,,11778135.0,11649871.0,3461829632.0
HY,"Hyster-Yale, Inc.",US,"NEW YORK STOCK EXCHANGE, INC.",USD,1999-02-26,14283983.0,11674334.0,549747584.0
ESLA,"Estrella Immunopharma, Inc.",United States,NCM,USD,,37765589.0,11685429.0,58159004.0
GEOS,Geospace Technologies Corporation,United States,NMS,USD,,12887198.0,11706070.0,222690784.0
FRPH,"FRP Holdings, Inc.",United States,NMS,USD,,19115522.0,11715712.0,434878112.0
DFLI,Dragonfly Energy Holdings Corp.,United States,NCM,USD,,12078705.0,11724557.0,50730564.0
DFLIW,Dragonfly Energy Holdings Corp.,United States,NCM,USD,,,11724557.0,
INACU,Indigo Acquisition Corp.,United States,NGM,USD,,,11743357.0,
INAC,Indigo Acquisition Corp.,United States,NGM,USD,,14755000.0,11743357.0,148140192.0
INACR,Indigo Acquisition Corp.,United States,NGM,USD,,,11743357.0,
AIFF,"Firefly Neuroscience, Inc.",United States,NCM,USD,,13492928.0,11756480.0,14572363.0
ASA,ASA Gold and Precious Metals Limited,United States,NYQ,USD,,18872332.0,11763502.0,1178577152.0
TNXP,Tonix Pharmaceuticals Holding Corp.,United States,NCM,USD,,11776542.0,11771831.0,191486576.0
BRT,BRT Apartments Corp.,United States,NYQ,USD,,19020394.0,11775276.0,277887936.0
NMXS,"Net Medical Xpress Solutions, Inc.",,,,,37667581.0,11779390.0,11300.0
ELTX,"Elicio Therapeutics, Inc.",,,,,17258652.0,11791297.0,139277312.0
AUID,authID Inc.,United States,NCM,USD,,15070181.0,11813955.0,14211182.0
AII,"American Integrity Insurance Group, Inc.",United States,NYQ,USD,,19576804.0,11814993.0,402890624.0
KAPA,"Kairos Pharma, Ltd.",,,,,20821353.0,11835690.0,14741517.0
GAUZ,Gauzy Ltd.,Israel,NGM,USD,,18743137.0,11851286.0,27552410.0
INUV,"Inuvo, Inc.",United States,ASE,USD,,14605575.0,11872580.0,38120548.0
SXI,Standex International Corporation,United States,NYQ,USD,,12116999.0,11872963.0,2780124160.0
IBACR,IB Acquisition Corp.,United States,NGM,USD,,,11894973.0,
IBAC,IB Acquisition Corp.,United States,NGM,USD,,15749090.0,11894973.0,164578000.0
AWRE,"Aware, Inc.",United States,NGM,USD,,21373696.0,11895744.0,42961128.0
BELFB,Bel Fuse Inc.,United States,NMS,USD,,10545300.0,11901562.0,2233956352.0
BELFA,Bel Fuse Inc.,United States,NMS,USD,,2115263.0,11901562.0,2202683648.0
ONEW,OneWater Marine Inc.,United States,NGM,USD,,16527533.0,11910567.0,174365472.0
BSRR,Sierra Bancorp,United States,NMS,USD,,13482458.0,11911551.0,450381632.0
WETH,Wetouch Technology Inc.,China,NCM,USD,,11931534.0,11916262.0,17777986.0
FLWS,"1-800-FLOWERS.COM, Inc.",United States,NMS,USD,,36598694.0,11935000.0,257851024.0
ALG,Alamo Group Inc.,United States,NYQ,USD,,12115428.0,11938300.0,2112446080.0
RELL,"Richardson Electronics, Ltd.",United States,NMS,USD,,12443851.0,11982541.0,154205760.0
PLBL,Polibeli Group Ltd,Indonesia,NGM,USD,,319108190.0,12015000.0,4077892352.0
LAFAR,LaFayette Acquisition Corp.,France,NGM,USD,,,12040027.0,
LAFA,LaFayette Acquisition Corp.,France,NGM,USD,,15713333.0,12040027.0,155719120.0
LAFAU,LaFayette Acquisition Corp.,France,NGM,USD,,13683333.0,12040027.0,137585920.0
OM,"Outset Medical, Inc.",United States,NMS,USD,,18153090.0,12086509.0,60994380.0
SSLLF,Siltronic AG,,,,,30000000.0,12087784.0,1651531904.0
RAIL,"FreightCar America, Inc.",United States,NMS,USD,,19079106.0,12095008.0,219965232.0
GPI,"Group 1 Automotive, Inc.",United States,NYQ,USD,,12057076.0,12095141.0,5147734016.0
NCL,Northann Corp.,United States,ASE,USD,,22743104.0,12109356.0,7164077.0
BRKO,Broke Out Inc.,,,,,31984125.0,12121024.0,3198.0
TECX,"Tectonic Therapeutic, Inc.",United States,NGM,USD,,18716280.0,12127962.0,390795904.0
AREN,"The Arena Group Holdings, Inc.",United States,ASE,USD,,47465749.0,12136320.0,198406816.0
LVWR,"LiveWire Group, Inc.",US,"NEW YORK STOCK EXCHANGE, INC.",USD,2020-11-23,203988736.0,12151609.0,936308352.0
ENLT,Enlight Renewable Energy Ltd,Israel,NMS,USD,,132065805.0,12153422.0,5800330240.0
JMSB,"John Marshall Bancorp, Inc.",United States,NCM,USD,,14175540.0,12155506.0,289748032.0
MLCI,Mount Logan Capital Inc.,United States,NCM,USD,,12786792.0,12170980.0,105618904.0
LYEL,"Lyell Immunopharma, Inc.",United States,NMS,USD,,21243954.0,12170981.0,745450368.0
NATR,"Nature's Sunshine Products, Inc.",United States,NCM,USD,,17495563.0,12186359.0,381104288.0
CRBP,"Corbus Pharmaceuticals Holdings, Inc.",US,NASDAQ NMS - GLOBAL MARKET,USD,2014-10-24,17553037.0,12187776.0,146216784.0
RVP,"Retractable Technologies, Inc.",US,NYSE MKT LLC,USD,2001-05-04,29937159.0,12205080.0,24937654.0
COPL,Copley Acquisition Corp,Hong Kong,NYQ,USD,,17978393.0,12228427.0,242029616.0
SPAI,Safe Pro Group Inc.,United States,NCM,USD,,20973270.0,12251745.0,89555872.0
SPFI,"South Plains Financial, Inc.",United States,NMS,USD,,16247839.0,12288403.0,642926976.0
MKL,Markel Group Inc.,United States,NYQ,USD,,12610250.0,12312270.0,27600846848.0
FMAO,"Farmers & Merchants Bancorp, Inc.",United States,NCM,USD,,13749944.0,12318757.0,358736032.0
CITR,"General Enterprise Ventures, Inc.",US,NYSE MKT LLC,USD,1997-11-12,,12335835.0,149.0
DCBO,Docebo Inc.,Canada,NMS,USD,,28734864.0,12342773.0,639198656.0
EEX,"Emerald Holding, Inc.",United States,NYQ,USD,,197807355.0,12347135.0,910675328.0
BGL,Blue Gold Limited,Cayman Islands,NGM,USD,,31124600.0,12366836.0,76255272.0
BGLWW,Blue Gold Limited,Cayman Islands,NCM,USD,,,12366836.0,
NBY,"NovaBay Pharmaceuticals, Inc.",United States,ASE,USD,,126010749.0,12393157.0,611152128.0
XZO,"Exzeo Group, Inc.",United States,NYQ,USD,,90771289.0,12440205.0,2047901824.0
ESOA,Energy Services of America Corporation,United States,NCM,USD,,16749814.0,12475596.0,134668496.0
NHC,National HealthCare Corporation,United States,ASE,USD,,15515253.0,12481400.0,2151655168.0
IBTA,"Ibotta, Inc.",United States,NYQ,USD,,23445382.0,12481425.0,590404096.0
HTB,"HomeTrust Bancshares, Inc.",United States,NYQ,USD,,17444032.0,12487159.0,759540992.0
ROOT,"Root, Inc.",US,NASDAQ NMS - GLOBAL MARKET,USD,2020-10-28,13702725.0,12490607.0,1135876224.0
KVHI,"KVH Industries, Inc.",United States,NMS,USD,,19573251.0,12491062.0,132902384.0
MCRI,"Monarch Casino & Resort, Inc.",US,NASDAQ NMS - GLOBAL MARKET,USD,1993-08-06,18250291.0,12493237.0,1796238592.0
ENEKF,ENEA AB,SE,NASDAQ OMX NORDIC,SEK,1989-12-19,,12494597.0,1520.0
ETHM,Dynamix Corporation,United States,NGM,USD,,16600000.0,12496701.0,227751984.0
ETHMU,Dynamix Corporation,US,NASDAQ NMS - GLOBAL MARKET,USD,2024-11-21,,12496701.0,227.0
ETHMW,Dynamix Corporation,United States,NGM,USD,,,12496701.0,
MAGH,Magnitude International Ltd,Singapore,NCM,USD,,33350000.0,12519257.0,225446000.0
SLND,"Southland Holdings, Inc.",United States,ASE,USD,,54113036.0,12553142.0,185607712.0
DTIL,"Precision BioSciences, Inc.",United States,NCM,USD,,24071751.0,12564881.0,101823512.0
AEOXF,Aeroports de Paris SA,FR,NYSE EURONEXT - EURONEXT PARIS,EUR,2006-06-15,98751728.0,12569822.0,13660326912.0
GEG,"Great Elm Group, Inc.",US,NASDAQ NMS - GLOBAL MARKET,USD,1999-06-11,33029368.0,12575602.0,81371536.0
GMRE,Global Medical REIT Inc.,United States,NYQ,USD,,13407358.0,12590850.0,910881536.0
AMWL,American Well Corporation,United States,NYQ,USD,,14723951.0,12601930.0,74489176.0
ASRV,"AmeriServ Financial, Inc.",United States,NGM,USD,,16522267.0,12607977.0,52375588.0
TCBX,"Third Coast Bancshares, Inc.",United States,NYQ,USD,,13895078.0,12656671.0,547327104.0
DOYU,DouYu International Holdings Limited,China,NMS,USD,,30178859.0,12666972.0,219867248.0
SNTW,Summit Networks Inc.,,,,,68911657.0,12676299.0,12403409.0
COFS,"ChoiceOne Financial Services, Inc.",United States,NCM,USD,,15023732.0,12690246.0,452514816.0
SWAG,"Stran & Company, Inc.",United States,NCM,USD,,18288158.0,12698017.0,31173014.0
SWAGW,"Stran & Company, Inc.",United States,NCM,USD,,,12698017.0,
TRAK,"ReposiTrak, Inc.",United States,NYQ,USD,,18288455.0,12725290.0,239944544.0
RDVT,"Red Violet, Inc.",United States,NCM,USD,,14088231.0,12728719.0,778092992.0
RYET,Ruanyun Edai Technology Inc.,China,NCM,USD,,34350004.0,12731514.0,41563508.0
SVCC,Stellar V Capital Corp.,United States,NGM,USD,,15555000.0,12740269.0,224146784.0
SVCCW,Stellar V Capital Corp.,United States,NGM,USD,,,12740269.0,
SVCCU,Stellar V Capital Corp.,United States,NGM,USD,,21614900.0,12740269.0,227388752.0
ATEX,Anterix Inc.,United States,NCM,USD,,18716625.0,12743588.0,411900608.0
UHT,Universal Health Realty Income Trust,United States,NYQ,USD,,13873618.0,12759983.0,545669568.0
PINE,"Alpine Income Property Trust, Inc.",United States,NYQ,USD,,14164662.0,12777800.0,253141104.0
ALMU,"Aeluma, Inc.",United States,NCM,USD,,17857863.0,12801945.0,322780896.0
DXPE,"DXP Enterprises, Inc.",United States,NMS,USD,,15679290.0,12837262.0,1817218048.0
MDGL,"Madrigal Pharmaceuticals, Inc.",United States,NMS,USD,,22711420.0,12837403.0,13602096128.0
PDS,Precision Drilling Corporation,Canada,NYQ,USD,,13173478.0,12858237.0,912922048.0
CLPR,Clipper Realty Inc.,United States,NYQ,USD,,16146546.0,12862984.0,149048448.0
TKLF,"Tokyo Lifestyle Co., Ltd.",Japan,NCM,USD,,4232781.0,12900247.0,12232738.0
OCG,Oriental Culture Holding LTD,Hong Kong,NCM,USD,,21226992.0,12904282.0,1825521.0
FVCB,"FVCBankcorp, Inc.",US,NASDAQ NMS - GLOBAL MARKET,USD,2013-06-28,18074814.0,12932891.0,251239904.0
APAD,A Paradise Acquisition Corp.,Hong Kong,NGM,USD,,20600000.0,12933398.0,274030016.0
APADU,A Paradise Acquisition Corp.,HK,NASDAQ NMS - GLOBAL MARKET,USD,2025-07-30,,12933398.0,274.0
APADR,A Paradise Acquisition Corp.,Hong Kong,NGM,USD,,0.0,12933398.0,0.0
EPOW,"Sunrise New Energy Co., Ltd.",China,NCM,USD,,32161978.0,12943481.0,38446528.0
TATT,TAT Technologies Ltd.,Israel,NGM,USD,,12950637.0,12950637.0,588930176.0
BHRB,Burke & Herbert Financial Services Corp.,United States,NCM,USD,,15028524.0,12973373.0,947999360.0
NRC,National Research Corporation,United States,NMS,USD,,22657421.0,12979757.0,430365216.0
MEC,"Mayville Engineering Company, Inc.",,,,,20318370.0,12980594.0,388284064.0
GIC,Global Industrial Company,United States,NYQ,USD,,38493978.0,12993257.0,1158668672.0
CCB,Coastal Financial Corporation,United States,NMS,USD,,15121263.0,13020466.0,1767826944.0
INSG,Inseego Corp.,United States,NMS,USD,,15327475.0,13023296.0,164617072.0
MACIW,Melar Acquisition Corp. I,United States,NGM,USD,,17250000.0,13030054.0,2432250.0
MACIU,Melar Acquisition Corp. I,United States,NGM,USD,,17250000.0,13030054.0,186127504.0
MACI,Melar Acquisition Corp. I,United States,NGM,USD,,16000000.0,13030054.0,229405408.0
EVCM,EverCommerce Inc.,United States,NMS,USD,,179367379.0,13040008.0,2178970624.0
DARE,"Daré Bioscience, Inc.",United States,NCM,USD,,14289229.0,13041208.0,30721844.0
IZEA,"IZEA Worldwide, Inc.",,,,,17125752.0,13045370.0,76894624.0
NEON,Neonode Inc.,Sweden,NCM,USD,,16782922.0,13052582.0,32391038.0
NIC,"Nicolet Bankshares, Inc.",United States,NYQ,USD,,14811409.0,13056495.0,1831578880.0
CHEC,Chenghe Acquisition III Co.,Singapore,NGM,USD,,13058000.0,13057921.0,171744752.0
CHECU,Chenghe Acquisition III Co.,Singapore,NGM,USD,,0.0,13057921.0,0.0
CHECW,Chenghe Acquisition III Co.,Singapore,NGM,USD,,,13057921.0,
FLUX,"Flux Power Holdings, Inc.",United States,NCM,USD,,21340135.0,13061443.0,29876190.0
MSB,Mesabi Trust,US,"NEW YORK STOCK EXCHANGE, INC.",USD,1980-03-17,13120010.0,13109908.0,486358752.0
DTI,Drilling Tools International Corporation,United States,NCM,USD,,35198778.0,13153079.0,97148632.0
SNFCA,Security National Financial Corporation,United States,NGM,USD,,22398332.0,13158151.0,248262640.0
VSTWF,Vast Renewables Limited,,,,,,13198577.0,
DSP,Viant Technology Inc.,United States,NMS,USD,,16678890.0,13239703.0,759237056.0
CLPS,CLPS Incorporation,Hong Kong,NGM,USD,,29743452.0,13239703.0,25876804.0
PRK,Park National Corporation,United States,ASE,USD,,16078262.0,13255884.0,2532647936.0
BGPBF,BTS Group AB (publ),SE,NASDAQ OMX NORDIC,SEK,2001-06-06,18543019.0,13269752.0,452915744.0
TDACW,Translational Development Acquisition Corp.,United States,NGM,USD,,13880000.0,13295881.0,4858000.0
TDAC,Translational Development Acquisition Corp.,United States,NGM,USD,,17250000.0,13295881.0,229154640.0
TDACU,Translational Development Acquisition Corp.,United States,NGM,USD,,,13295881.0,
CPSH,CPS Technologies Corporation,United States,NCM,USD,,17979277.0,13296574.0,57713484.0
TREE,"LendingTree, Inc.",United States,NMS,USD,,13670696.0,13314438.0,743959232.0
AGX,"Argan, Inc.",United States,NYQ,USD,,13873410.0,13315421.0,4510800896.0
LCNB,LCNB Corp.,United States,NCM,USD,,14186645.0,13335446.0,233654032.0
SMLR,"Semler Scientific, Inc.",United States,NCM,USD,,15285092.0,13364660.0,255184608.0
ALNT,Allient Inc.,United States,NGM,USD,,16943497.0,13372316.0,941380672.0
GNTA,Genenta Science S.p.A.,Italy,NCM,USD,,23432183.0,13372468.0,34210988.0
IPODU,Dune Acquisition Corporation II,,,,,,13382792.0,
IPODW,Dune Acquisition Corporation II,United States,NGM,USD,,,13382792.0,
IPOD,Dune Acquisition Corporation II,United States,NGM,USD,,14482813.0,13382792.0,206172352.0
BKTI,BK Technologies Corporation,United States,ASE,USD,,3732241.0,13389256.0,277709920.0
TSQ,"Townsquare Media, Inc.",United States,NYQ,USD,,15145320.0,13391040.0,84772176.0
NECB,"Northeast Community Bancorp, Inc.",United States,NCM,USD,,13483693.0,13413969.0,309585600.0
PHMMF,"Pharma Mar, S.A.",,,,,17161826.0,13463781.0,1497313920.0
WDFC,WD-40 Company,United States,NMS,USD,,13527835.0,13470206.0,2761314304.0
SNT,Senstar Technologies Corporation,Canada,NGM,USD,,23331653.0,13477529.0,103825848.0
ALGT,Allegiant Travel Company,United States,NMS,USD,,18313574.0,13482194.0,1553526656.0
QMCO,Quantum Corporation,United States,NGM,USD,,16374599.0,13495850.0,113967208.0
INR,"Infinity Natural Resources, Inc.",United States,NYQ,USD,,15629653.0,13501676.0,228974416.0
YORW,The York Water Company,United States,NMS,USD,,14434680.0,13502200.0,468260992.0
TURB,"Turbo Energy, S.A.",Spain,NCM,USD,,11017140.0,13503708.0,10699846.0
MSPRW,"MSP Recovery, Inc.",,,,,,13515578.0,
CMRA,"Comera Life Sciences Holdings, Inc.",,,,,30737796.0,13527704.0,3073.0
APEI,"American Public Education, Inc.",United States,NMS,USD,,18085030.0,13529773.0,677646080.0
KWR,Quaker Chemical Corporation,United States,NYQ,USD,,17340035.0,13530256.0,2514392320.0
TWFG,"TWFG, Inc.",United States,NMS,USD,,15028681.0,13537535.0,437635200.0
ASAPQ,Waitr Holdings Inc.,,,,,13545285.0,13540951.0,135.0
RDNW,"RideNow Group, Inc.",United States,NCM,USD,,38017502.0,13548224.0,207848576.0
CWGL,"Crimson Wine Group, Ltd.",,,,,20586027.0,13553840.0,100871536.0
IMKTA,"Ingles Markets, Incorporated",United States,NMS,USD,,14548611.0,13554957.0,1334544896.0
BFS,"Saul Centers, Inc.",United States,NYQ,USD,,24412314.0,13573979.0,1086083968.0
UBFO,United Security Bancshares,United States,NMS,USD,,17577353.0,13585431.0,178058576.0
LBRX,LB Pharmaceuticals Inc,US,NASDAQ NMS - GLOBAL MARKET,USD,2025-09-11,25299102.0,13611423.0,544689664.0
GIGGW,GigCapital7 Corp.,United States,NGM,USD,,,13613667.0,
GIGGU,GigCapital7 Corp.,United States,NGM,USD,,,13613667.0,
GIG,GigCapital7 Corp.,United States,NGM,USD,,20000000.0,13613667.0,350833312.0
GWRS,"Global Water Resources, Inc.",United States,NGM,USD,,28750265.0,13624751.0,246102272.0
BLMH,"Blum Holdings, Inc.",,,,,25230686.0,13659389.0,15643025.0
FJET,"Starfighters Space, Inc.",United States,ASE,USD,,27862261.0,13662260.0,409018016.0
SRTS,"Sensus Healthcare, Inc.",United States,NCM,USD,,16425036.0,13672028.0,62307740.0
SHIP,Seanergy Maritime Holdings Corp,Greece,NCM,USD,,21114098.0,13675953.0,199528224.0
MRKR,"Marker Therapeutics, Inc.",United States,NCM,USD,,16673127.0,13676466.0,23925936.0
CCBG,"Capital City Bank Group, Inc.",United States,NMS,USD,,17068825.0,13698073.0,727473344.0
HIT,"Health In Tech, Inc.",United States,NCM,USD,,45208808.0,13700226.0,87070472.0
DMRC,Digimarc Corporation,United States,NMS,USD,,21756987.0,13709370.0,148600224.0
TBH,"Brag House Holdings, Inc.",United States,NCM,USD,,20951363.0,13724531.0,11942277.0
HVT,"Haverty Furniture Companies, Inc.",US,"NEW YORK STOCK EXCHANGE, INC.",USD,1980-03-17,15046851.0,13728877.0,392030528.0
DCO,Ducommun Incorporated,United States,NYQ,USD,,14946052.0,13749023.0,1441696128.0
NRSN,NeuroSense Therapeutics Ltd.,Israel,NCM,USD,,29699319.0,13767752.0,23759456.0
NRSNW,NeuroSense Therapeutics Ltd.,,,,,,13767752.0,
NGVC,"Natural Grocers by Vitamin Cottage, Inc.",United States,NYQ,USD,,23033093.0,13782542.0,594253760.0
GMGI,"Golden Matrix Group, Inc.",United States,NCM,USD,,141237872.0,13824157.0,115815056.0
TMP,Tompkins Financial Corporation,United States,ASE,USD,,14431880.0,13858501.0,1069711488.0
CHE,Chemed Corporation,,,,,14108915.0,13876823.0,6297594880.0
EQBK,"Equity Bancshares, Inc.",United States,NYQ,USD,,19076412.0,13877136.0,877303360.0
DIN,"Dine Brands Global, Inc.",United States,NYQ,USD,,14423699.0,13881512.0,524434880.0
CAR,"Avis Budget Group, Inc.",US,NASDAQ NMS - GLOBAL MARKET,USD,1983-09-15,35196992.0,13948920.0,4643538944.0
RRGB,"Red Robin Gourmet Burgers, Inc.",United States,NMS,USD,,17964459.0,13955510.0,77426824.0
HOLO,MicroCloud Hologram Inc.,China,NCM,USD,,14167316.0,13959713.0,41808196.0
HOLOW,MicroCloud Hologram Inc.,China,NCM,USD,,,13959713.0,
ETHZ,ETHZilla Corporation,United States,NCM,USD,,18935791.0,13963384.0,98087400.0
NUKKW,Nukkleus Inc.,United States,NCM,USD,,0.0,13969626.0,1537015296.0
NUKK,Nukkleus Inc.,United States,NGM,USD,,16645766.0,13969626.0,70411592.0
PETS,"PetMed Express, Inc.",,,,,21369521.0,13983148.0,74152232.0
FTK,"Flotek Industries, Inc.",United States,NYQ,USD,,30057823.0,13983905.0,527815360.0
LUCK,Lucky Strike Entertainment Corporation,US,"NEW YORK STOCK EXCHANGE, INC.",USD,2021-04-23,81117156.0,13986001.0,1246730112.0
BRLT,"Brilliant Earth Group, Inc.",United States,NGM,USD,,15170213.0,13997556.0,178200304.0
SNLRF,Sanlorenzo S.p.A.,,,,,35312622.0,14008781.0,1255893376.0
ABLV,Able View Global Inc.,,,,,24518489.0,14036616.0,32602288.0
ABLVW,Able View Global Inc.,China,NCM,USD,,,14036616.0,
AROW,Arrow Financial Corporation,United States,NMS,USD,,16442453.0,14043335.0,518280224.0
RCTUF,Reef Casino Trust,,,,,49061036.0,14047876.0,110877944.0
BWMN,Bowman Consulting Group Ltd.,United States,NGM,USD,,17373129.0,14063200.0,601110208.0
JACK,Jack in the Box Inc.,United States,NMS,USD,,18896824.0,14116116.0,388896640.0
CHCO,City Holding Company,United States,NMS,USD,,14408651.0,14133302.0,1794895104.0
CATO,The Cato Corporation,United States,NYQ,USD,,17984954.0,14142601.0,60825704.0
NPB,"Northpointe Bancshares, Inc.",United States,NYQ,USD,,34364659.0,14152054.0,590728512.0
MWYN,"Marwynn Holdings, Inc.",United States,NCM,USD,,20194804.0,14201592.0,17892596.0
HAVLF,HAVN Life Sciences Inc.,,,,,14738611.0,14222023.0,28003.0
VEEAW,Veea Inc.,United States,NCM,USD,,,14225065.0,
OXM,"Oxford Industries, Inc.",United States,NYQ,USD,,14877391.0,14239895.0,510443296.0
QNRX,"Quoin Pharmaceuticals, Ltd.",,,,,838977.0,14250737.0,11737288.0
FNEC,First National Energy Corporation,,,,,103080228.0,14262050.0,1350351.0
QMMM,QMMM Holdings Limited,Hong Kong,NCM,USD,,48951842.0,14270596.0,6830437376.0
OPRX,OptimizeRx Corporation,United States,NCM,USD,,18640652.0,14277994.0,232635328.0
BEEP,Mobile Infrastructure Corporation,United States,NGM,USD,,42300000.0,14284287.0,118863000.0
RMR,The RMR Group Inc.,United States,NCM,USD,,16061399.0,14285851.0,257627152.0
WPRT,Westport Fuel Systems Inc.,Canada,NMS,USD,,17362535.0,14285894.0,28127308.0
BVC,BitVentures Limited,Hong Kong,NGM,USD,,84000000.0,14286720.0,100800008.0
ESCSQ,Escalera Resources Co.,,,,,14303400.0,14288711.0,1430.0
GFR,Greenfire Resources Ltd.,Canada,NYQ,USD,,125404146.0,14293084.0,581875200.0
AMWD,American Woodmark Corporation,United States,NMS,USD,,14569170.0,14303865.0,800138816.0
SEVN,Seven Hills Realty Trust,United States,NCM,USD,,15269083.0,14307163.0,137574448.0
MDGEF,Medigene AG,,,,,14737594.0,14318753.0,38170368.0
WLDN,"Willdan Group, Inc.",United States,NGM,USD,,14749882.0,14319333.0,1641219328.0
DAAQ,Digital Asset Acquisition Corp.,United States,NGM,USD,,17250000.0,14322790.0,234369984.0
DAAQW,Digital Asset Acquisition Corp.,United States,NGM,USD,,,14322790.0,
DAAQU,Digital Asset Acquisition Corp.,United States,NGM,USD,,,14322790.0,
NXPLW,NextPlat Corp,United States,NCM,USD,,,14350686.0,
AMBIQ,Ambipar Emergency Response,,,,,16195105.0,14359103.0,21063344.0
UNF,UniFirst Corporation,United States,NYQ,USD,,14530548.0,14370525.0,3579541760.0
USCB,"USCB Financial Holdings, Inc.",United States,NGM,USD,,18110385.0,14382000.0,376068128.0
PBFFF,Planet Based Foods Global Inc.,,,,,34985232.0,14392924.0,1682789.0
AP,Ampco-Pittsburgh Corporation,United States,NYQ,USD,,20326389.0,14395962.0,94517704.0
SMBK,"SmartFinancial, Inc.",United States,NYQ,USD,,17028001.0,14418971.0,643828672.0
ANAB,"AnaptysBio, Inc.",United States,NMS,USD,,27688470.0,14421540.0,1401447168.0
BMRC,Bank of Marin Bancorp,United States,NCM,USD,,16094636.0,14431804.0,427956416.0
SPRU,Spruce Power Holding Corporation,United States,NYQ,USD,,18168863.0,14445518.0,92842896.0
RBB,RBB Bancorp,United States,NMS,USD,,17046897.0,14462928.0,363647456.0
GIFI,"Gulf Island Fabrication, Inc.",United States,NMS,USD,,15998611.0,14469944.0,191023408.0
MEHA,Functional Brands Inc.,United States,NCM,USD,,16323524.0,14475701.0,3754410.0
VERU,Veru Inc.,United States,NCM,USD,,16050320.0,14480278.0,38520944.0
GWH,"ESS Tech, Inc.",United States,NYQ,USD,,19617070.0,14495053.0,36487752.0
ATLX,Atlas Lithium Corporation,Brazil,NCM,USD,,26554331.0,14497946.0,127195248.0
MGPI,"MGP Ingredients, Inc.",United States,NMS,USD,,21294315.0,14500151.0,515109504.0
GASS,StealthGas Inc.,,,,,37161373.0,14527754.0,260501232.0
BNED,"Barnes & Noble Education, Inc.",United States,NYQ,USD,,34053847.0,14534522.0,328619616.0
UFI,"Unifi, Inc.",United States,NYQ,USD,,18360663.0,14549357.0,62059048.0
TIXC,Tix Corporation,,,,,23637175.0,14563573.0,2363.0
SBR,Sabine Royalty Trust,United States,NYQ,USD,,14579345.0,14574534.0,1016909312.0
CVLG,"Covenant Logistics Group, Inc.",,,,,20347178.0,14577207.0,561808192.0
NNI,"Nelnet, Inc.",US,"NEW YORK STOCK EXCHANGE, INC.",USD,2003-12-11,25316448.0,14579146.0,4909506048.0
NMM,Navios Maritime Partners L.P.,Greece,NYQ,USD,,28866658.0,14583820.0,1515461376.0
SAFT,"Safety Insurance Group, Inc.",United States,NMS,USD,,14894054.0,14585598.0,1167703296.0
NTWO,Newbury Street II Acquisition Corp,United States,NGM,USD,,17998375.0,14613800.0,251292640.0
NTWOU,Newbury Street II Acquisition Corp,United States,NGM,USD,,,14613800.0,
NTWOW,Newbury Street II Acquisition Corp,United States,NGM,USD,,,14613800.0,
SAH,"Sonic Automotive, Inc.",United States,NYQ,USD,,22143309.0,14621466.0,2197303808.0
GMHS,Gamehaus Holdings Inc.,China,NCM,USD,,37971245.0,14625117.0,53569360.0
EGAN,eGain Corporation,United States,NCM,USD,,27051157.0,14625749.0,283496096.0
PRZO,ParaZero Technologies Ltd.,,,,,18763631.0,14641960.0,16797204.0
WEST,Westrock Coffee Company,United States,NGM,USD,,96824910.0,14645736.0,401823392.0
DERM,Journey Medical Corporation,,,,,21135905.0,14649318.0,214916368.0
NTIP,"Network-1 Technologies, Inc.",United States,ASE,USD,,22819661.0,14649994.0,30350148.0
IDR,"Idaho Strategic Resources, Inc.",United States,ASE,USD,,15592374.0,14680532.0,706646400.0
USEG,U.S. Energy Corp.,United States,NCM,USD,,35833823.0,14691340.0,33690960.0
NLOP,Net Lease Office Properties,United States,NYQ,USD,,14814075.0,14716450.0,383092000.0
QUIK,QuickLogic Corporation,US,NASDAQ NMS - GLOBAL MARKET,USD,1999-10-15,17090253.0,14740856.0,109719416.0
FSBC,Five Star Bancorp,United States,NMS,USD,,21367387.0,14752685.0,780574912.0
MG,"Mistras Group, Inc.",United States,NYQ,USD,,31548153.0,14757280.0,415173664.0
MLACR,Mountain Lake Acquisition Corp.,United States,NGM,USD,,28330000.0,14831771.0,7082500.0
GAIA,"Gaia, Inc.",United States,NGM,USD,,19644338.0,14841275.0,94166712.0
MRAM,"Everspin Technologies, Inc.",United States,NGM,USD,,22856514.0,14845992.0,214394096.0
NYAX,Nayax Ltd.,Israel,NMS,USD,,36938171.0,14851863.0,1813227136.0
CMCL,Caledonia Mining Corporation Plc,Jersey,ASE,USD,,19304784.0,14864138.0,538217344.0
CDIX,Cardiff Lexington Corporation,,,,,40404892.0,14867455.0,71516656.0
QRHC,Quest Resource Holding Corporation,United States,NCM,USD,,20870094.0,14888725.0,41114084.0
USPH,"U.S. Physical Therapy, Inc.",United States,NYQ,USD,,15204119.0,14890306.0,1231533696.0
VRAR,"The Glimpse Group, Inc.",US,NASDAQ NMS - GLOBAL MARKET,USD,2021-07-01,21076506.0,14908256.0,17154168.0
CEPO,"Cantor Equity Partners I, Inc.",United States,NGM,USD,,20500000.0,14911635.0,265965008.0
ESGOF,Enstar Group Limited,,,,,,14920869.0,
NVNBW,ENVVENO MED CORP,,,,,,14921964.0,
XGN,Exagen Inc.,United States,NGM,USD,,22663099.0,14922744.0,138924800.0
ABG,"Asbury Automotive Group, Inc.",United States,NYQ,USD,,19440558.0,14932876.0,4747258368.0
CWCO,Consolidated Water Co. Ltd.,Cayman Islands,NMS,USD,,15931336.0,14955382.0,570023168.0
HOTH,"Hoth Therapeutics, Inc.",US,NASDAQ NMS - GLOBAL MARKET,USD,2019-02-15,15514312.0,14960761.0,15669455.0
SURG,"SurgePays, Inc.",United States,NCM,USD,,21041455.0,14963420.0,35349644.0
OMSE,OMS Energy Technologies Inc.,Singapore,NCM,USD,,42448704.0,14966470.0,172766240.0
HVIIR,Hennessy Capital Investment Corp. VII,,,,,1514580.0,15023530.0,454374.0
HVII,Hennessy Capital Investment Corp. VII,US,NASDAQ NMS - GLOBAL MARKET,USD,2025-01-17,19690000.0,15023530.0,270642656.0
HVIIU,Hennessy Capital Investment Corp. VII,United States,NGM,USD,,24008300.0,15023530.0,256648720.0
ACOG,Alpha Cognition Inc.,Canada,NCM,USD,,21742104.0,15049884.0,136214272.0
RSVRW,"Reservoir Media, Inc.",United States,NGM,USD,,,15057088.0,
RSVR,"Reservoir Media, Inc.",US,NASDAQ NMS - GLOBAL MARKET,USD,2020-12-11,65588223.0,15057088.0,491911680.0
BTOC,Armlogi Holding Corp.,,,,,45443079.0,15063017.0,25593542.0
MFIN,Medallion Financial Corp.,United States,NMS,USD,,23279435.0,15067230.0,246063632.0
CLCO,Cool Company Ltd.,United Kingdom,NYQ,USD,,52868029.0,15093822.0,519692704.0
SION,"Sionna Therapeutics, Inc.",United States,NGM,USD,,44628788.0,15100597.0,1950278016.0
WTBA,"West Bancorporation, Inc.",United States,NMS,USD,,16940785.0,15117787.0,381845280.0
PGC,Peapack-Gladstone Financial Corporation,United States,NMS,USD,,17558019.0,15165573.0,497342656.0
AIEV,"Thunder Power Holdings, Inc.",US,NASDAQ NMS - GLOBAL MARKET,USD,2022-06-16,50724664.0,15171747.0,8623193.0
ONCHW,1RT Acquisition Corp.,,,,,,15187410.0,
ONCHU,1RT Acquisition Corp.,United States,NGM,USD,,,15187410.0,
ONCH,1RT Acquisition Corp.,United States,NGM,USD,,17250000.0,15187410.0,220368752.0
AOMR,"Angel Oak Mortgage REIT, Inc.",United States,NYQ,USD,,24914035.0,15188841.0,216004688.0
CDROW,"Codere Online Luxembourg, S.A.",Luxembourg,NCM,USD,,,15193106.0,
CDRO,"Codere Online Luxembourg, S.A.",Luxembourg,NCM,USD,,45555173.0,15193106.0,369234208.0
PSYGF,Psyence Group Inc.,,,,,15638267.0,15219631.0,1986060.0
MYRG,MYR Group Inc.,United States,NMS,USD,,15522834.0,15228987.0,3493413888.0
NVCT,"Nuvectis Pharma, Inc.",United States,NCM,USD,,25614896.0,15243937.0,198515440.0
SOHOB,Sotherly Hotels Inc.,United States,NGM,USD,,0.0,15248211.0,75161800.0
SOHO,Sotherly Hotels Inc.,United States,NCM,USD,,20490501.0,15248211.0,87309760.0
SOHOO,Sotherly Hotels Inc.,United States,NGM,USD,,0.0,15248211.0,77476960.0
SOHON,Sotherly Hotels Inc.,United States,NGM,USD,,0.0,15248211.0,66251608.0
IBIO,"iBio, Inc.",United States,NCM,USD,,22487308.0,15259437.0,42501012.0
RH,RH,United States,NYQ,USD,,18777699.0,15300445.0,3486080000.0
CWBC,Community West Bancshares,United States,NCM,USD,,19160403.0,15348966.0,434749568.0
CSV,"Carriage Services, Inc.",United States,NYQ,USD,,15745193.0,15352823.0,663030080.0
BCBP,"BCB Bancorp, Inc.",US,NASDAQ NMS - GLOBAL MARKET,USD,2005-12-14,17228206.0,15365320.0,142477264.0
IGIC,International General Insurance Holdings Ltd.,Jordan,NCM,USD,,43178185.0,15380021.0,1099316480.0
CMPR,Cimpress plc,Ireland,NMS,USD,,24671784.0,15380390.0,1707287424.0
ROG,Rogers Corporation,United States,NYQ,USD,,17984499.0,15393292.0,1708150144.0
JJSF,J&J Snack Foods Corp.,US,NASDAQ NMS - GLOBAL MARKET,USD,1986-02-04,19343158.0,15410501.0,1749368960.0
RCT,RedCloud Holdings plc,United Kingdom,NCM,USD,,44226638.0,15423598.0,63686364.0
AD,"Array Digital Infrastructure, Inc.",United States,NYQ,USD,,53374000.0,15465475.0,4624778752.0
AHL,Aspen Insurance Holdings Limite,Bermuda,NYQ,USD,,91838366.0,15475683.0,3401693184.0
CBL,"CBL & Associates Properties, Inc.",United States,NYQ,USD,,30682618.0,15476313.0,1137103488.0
KIDS,OrthoPediatrics Corp.,United States,NGM,USD,,25077330.0,15480988.0,434840896.0
GMM,Global Mofy AI Limited,China,NCM,USD,,30044079.0,15484566.0,37313704.0
MDCX,Medicus Pharma Ltd.,United States,NCM,USD,,24709144.0,15485166.0,38669812.0
MDCXW,Medicus Pharma Ltd.,United States,NCM,USD,,,15485166.0,
CTBI,"Community Trust Bancorp, Inc.",United States,NMS,USD,,18115847.0,15502998.0,1046552576.0
ISSC,"Innovative Aerosystems, Inc.",United States,NMS,USD,,17752354.0,15523723.0,344395648.0
CLW,Clearwater Paper Corporation,United States,NYQ,USD,,16038337.0,15543394.0,289713536.0
OWLS,Obook Holdings Inc.,Taiwan,NGM,USD,,37869671.0,15544015.0,548825344.0
RDI,"Reading International, Inc.",,,,,21036670.0,15596535.0,37069660.0
RDIB,"Reading International, Inc.",United States,NCM,USD,,1680590.0,15596535.0,261702848.0
HAVAU,Harvard Ave Acquisition Corporation,South Korea,NGM,USD,,18339964.0,15627289.0,184325808.0
HAVA,Harvard Ave Acquisition Corporation,South Korea,NGM,USD,,15859856.0,15627289.0,205069488.0
HAVAR,Harvard Ave Acquisition Corporation,South Korea,NGM,USD,,,15627289.0,
SBXD,SilverBox Corp IV,United States,NYQ,USD,,20455000.0,15628097.0,269059328.0
BLFY,Blue Foundry Bancorp,United States,NMS,USD,,20761225.0,15658848.0,266574144.0
HURN,Huron Consulting Group Inc.,United States,NMS,USD,,17241468.0,15661422.0,3126662400.0
RMAX,"RE/MAX Holdings, Inc.",United States,NYQ,USD,,20056356.0,15708539.0,401147392.0
EVMN,"Evommune, Inc.",United States,NYQ,USD,,31524093.0,15720750.0,542529600.0
MBWM,Mercantile Bank Corporation,United States,NMS,USD,,16253544.0,15728609.0,791875392.0
KFS,Kingsway Financial Services Inc.,United States,NYQ,USD,,28612850.0,15735931.0,397718592.0
KALU,Kaiser Aluminum Corporation,United States,NMS,USD,,16206255.0,15745344.0,1905045376.0
SKKRF,SKRR Exploration Inc.,,,,,17250207.0,15749094.0,4140049.0
GPOR,Gulfport Energy Corporation,United States,NYQ,USD,,19316819.0,15753639.0,4060008960.0
ALLR,"Allarity Therapeutics, Inc.",United States,NCM,USD,,16057200.0,15787061.0,17181204.0
LCHTF,Text S.A.,,,,,25750000.0,15789900.0,362817504.0
CPS,Cooper-Standard Holdings Inc.,United States,NYQ,USD,,17637009.0,15843854.0,583608576.0
USBC,"USBC, Inc.",United States,ASE,USD,,388143679.0,15886721.0,272084928.0
NXL,"Nexalin Technology, Inc.",United States,NCM,USD,,18651939.0,15931554.0,11750722.0
KNRX,Knorex Ltd.,SG,NYSE MKT LLC,USD,2025-09-29,25642538.0,15944256.0,46851596.0
ITRN,Ituran Location and Control Ltd.,Israel,NMS,USD,,19893580.0,15970469.0,862983552.0
RAAQW,Real Asset Acquisition Corp.,United States,NGM,USD,,,15999950.0,
RAAQU,Real Asset Acquisition Corp.,United States,NGM,USD,,,15999950.0,
RAAQ,Real Asset Acquisition Corp.,United States,NGM,USD,,17250000.0,15999950.0,235289984.0
KPTI,Karyopharm Therapeutics Inc.,United States,NMS,USD,,17050876.0,16000542.0,126858520.0
MOFG,"MidWestOne Financial Group, Inc.",US,NASDAQ NMS - GLOBAL MARKET,USD,2008-03-17,20634267.0,16006689.0,805974528.0
TPB,"Turning Point Brands, Inc.",United States,NYQ,USD,,19070757.0,16015431.0,2027602816.0
MOV,"Movado Group, Inc.",,,,,15682352.0,16020573.0,462240448.0
LPAAW,Launch One Acquisition Corp.,United States,NGM,USD,,,16020938.0,
LPAAU,Launch One Acquisition Corp.,United States,NGM,USD,,23000000.0,16020938.0,245180000.0
LPAA,Launch One Acquisition Corp.,United States,NGM,USD,,23000000.0,16020938.0,304462496.0
OSIS,"OSI Systems, Inc.",United States,NMS,USD,,16977873.0,16057163.0,4580969472.0
MGLD,"The Marygold Companies, Inc.",United States,ASE,USD,,42817687.0,16063483.0,41360376.0
MSAI,"MultiSensor AI Holdings, Inc.",,,,,80133381.0,16081846.0,34841996.0
MSAIW,"MultiSensor AI Holdings, Inc.",United States,NCM,USD,,,16081846.0,
MPAA,"Motorcar Parts of America, Inc.",United States,NMS,USD,,19558015.0,16090575.0,244084032.0
KFRC,Kforce Inc.,United States,NYQ,USD,,18141000.0,16095722.0,584194560.0
AFCG,Advanced Flower Capital Inc.,United States,NGM,USD,,22594541.0,16096351.0,70043080.0
FSUN,FirstSun Capital Bancorp,United States,NMS,USD,,27879811.0,16098918.0,1069469632.0
CNVS,Cineverse Corp.,United States,NCM,USD,,19150403.0,16107787.0,41173372.0
FLNT,"Fluent, Inc.",US,NASDAQ NMS - GLOBAL MARKET,USD,2007-12-26,29519002.0,16116636.0,74683072.0
BLTE,"Belite Bio, Inc",United States,NCM,USD,,37514630.0,16133245.0,5812141568.0
AMBQ,"Ambiq Micro, Inc.",United States,NYQ,USD,,18313186.0,16165416.0,549395584.0
FERAU,Fifth Era Acquisition Corp I,Cayman Islands,NGM,USD,,,16195508.0,
FERAR,Fifth Era Acquisition Corp I,Cayman Islands,NGM,USD,,,16195508.0,
FERA,Fifth Era Acquisition Corp I,Cayman Islands,NGM,USD,,23600000.0,16195508.0,320796032.0
QCRH,"QCR Holdings, Inc.",United States,NGM,USD,,16838653.0,16199795.0,1427244160.0
AEXAY,Atos SE,,,,,96891135.0,16206052.0,1931069056.0
AUUAF,ALUULA COMPOSITES INC.,,,,,25291260.0,16224090.0,83208248.0
BHB,Bar Harbor Bankshares,United States,ASE,USD,,16688573.0,16227134.0,531864832.0
TBN,Tamboran Resources Corporation,Australia,NYQ,USD,,21031663.0,16253688.0,556708160.0
TBNRL,Tamboran Resources Corporation,AU,"NEW YORK STOCK EXCHANGE, INC.",USD,2021-07-02,4206332600.0,16253688.0,440403040.0
RGR,"Sturm, Ruger & Company, Inc.",United States,NYQ,USD,,15944253.0,16345306.0,521387104.0
PRLD,Prelude Therapeutics Incorporated,United States,NMS,USD,,50015011.0,16354247.0,154019920.0
WNEB,"Western New England Bancorp, Inc.",United States,NMS,USD,,20491966.0,16378124.0,262706992.0
ONMDW,OneMedNet Corporation,United States,NCM,USD,,,16403784.0,
ONMD,OneMedNet Corporation,United States,NCM,USD,,51005205.0,16403784.0,64969476.0
ITP,"IT Tech Packaging, Inc.",China,ASE,USD,,16965420.0,16423714.0,4029287.0
ELE,Elemental Royalty Corporation,Canada,NCM,USD,,63770093.0,16427054.0,1128730624.0
BOLD,"Boundless Bio, Inc.",United States,NMS,USD,,22385611.0,16461961.0,26862736.0
CSW,"CSW Industrials, Inc.",United States,NYQ,USD,,16686708.0,16462439.0,5163230720.0
LMNR,Limoneira Company,,,,,18119117.0,16470277.0,232287056.0
JUNS,"Jupiter Neurosciences, Inc.",United States,NCM,USD,,34426355.0,16475421.0,39246044.0
SNBR,Sleep Number Corporation,United States,NMS,USD,,22790000.0,16480589.0,194854512.0
AZO,"AutoZone, Inc.",United States,NYQ,USD,,16567821.0,16518780.0,57361068032.0
BRCB,"Black Rock Coffee Bar, Inc.",United States,NGM,USD,,17478452.0,16530071.0,410743616.0
CAC,Camden National Corporation,United States,NMS,USD,,16922225.0,16531829.0,754054336.0
ALTG,Alta Equipment Group Inc.,United States,NYQ,USD,,32235283.0,16559587.0,152150528.0
CLGMF,Cleghorn Minerals Ltd.,,,,,38703854.0,16572990.0,1108476.0
GDLG,Glidelogic Corp.,,,,,66599350.0,16599222.0,14978861.0
CBAN,"Colony Bankcorp, Inc.",United States,NYQ,USD,,21274380.0,16610671.0,384002528.0
CSR,Centerspace,United States,NYQ,USD,,16703468.0,16611933.0,1191276416.0
SOFWF,,,,,,35840249.0,16625735.0,312453056.0
CVGW,"Calavo Growers, Inc.",United States,NMS,USD,,17853323.0,16627692.0,388845408.0
SLP,"Simulations Plus, Inc.",United States,NMS,USD,,20144564.0,16664389.0,377912032.0
CTNM,"Contineum Therapeutics, Inc.",United States,NMS,USD,,30446111.0,16678097.0,453330432.0
CELU,Celularity Inc.,United States,NCM,USD,,28478880.0,16718855.0,38161700.0
CELUW,Celularity Inc.,United States,NCM,USD,,,16718855.0,
CET,Central Securities Corporation,US,NYSE MKT LLC,USD,1980-03-17,28913659.0,16793921.0,1477745024.0
OPAL,OPAL Fuels Inc.,US,NASDAQ NMS - GLOBAL MARKET,USD,2021-03-25,28996177.0,16800675.0,466433152.0
FCBC,"First Community Bankshares, Inc.",US,NASDAQ NMS - GLOBAL MARKET,USD,1994-03-10,18314905.0,16809420.0,619043840.0
FACTW,FACT II Acquisition Corp,United States,NGM,USD,,,16825828.0,
FACTU,FACT II Acquisition Corp,US,NASDAQ NMS - GLOBAL MARKET,USD,2024-11-26,,16825828.0,252.0
COYA,"Coya Therapeutics, Inc.",United States,NCM,USD,,20924456.0,16831423.0,114456768.0
APVO,Aptevo Therapeutics Inc.,United States,NCM,USD,,16850494.0,16837014.0,10229935.0
LEU,Centrus Energy Corp.,United States,NYQ,USD,,17492832.0,16839027.0,4631319552.0
ACRV,"Acrivon Therapeutics, Inc.",United States,NGM,USD,,31555126.0,16857064.0,76994512.0
GRAF,Graf Global Corp.,United States,ASE,USD,,23000000.0,16875388.0,308197120.0
MUSA,Murphy USA Inc.,United States,NYQ,USD,,18734447.0,16898659.0,7813404160.0
ESTA,Establishment Labs Holdings Inc.,Costa Rica,NCM,USD,,29057868.0,16905577.0,2221473792.0
SOHU,Sohu.com Limited,China,NMS,USD,,30065400.0,16933631.0,525143616.0
FARM,Farmer Bros. Co.,US,NASDAQ NMS - GLOBAL MARKET,USD,1980-03-17,21602012.0,16944186.0,32403018.0
OWLT,"Owlet, Inc.",United States,NYQ,USD,,27580607.0,16944422.0,428842624.0
CZNC,Citizens & Northern Corporation,United States,NCM,USD,,17801873.0,16957530.0,367310944.0
CCSI,"Consensus Cloud Solutions, Inc.",United States,NMS,USD,,19005775.0,17023283.0,443784864.0
DUOT,"Duos Technologies Group, Inc.",United States,NCM,USD,,20415288.0,17026063.0,197007520.0
CXDO,"Crexendo, Inc.",United States,NCM,USD,,30731048.0,17062800.0,198522576.0
ORRF,"Orrstown Financial Services, Inc.",United States,NCM,USD,,19498770.0,17073903.0,700785792.0
INTZ,Intrusion Inc.,US,NASDAQ NMS - GLOBAL MARKET,USD,1992-05-21,20102939.0,17093730.0,23922500.0
NEXM,NexMetals Mining Corp.,,,,,35490708.0,17099905.0,146221712.0
OLP,"One Liberty Properties, Inc.",United States,NYQ,USD,,21645162.0,17117870.0,436799360.0
BWMX,"Betterware de México, S.A.P.I. de C.V.",Mexico,NYQ,USD,,37316546.0,17126244.0,512356128.0
PIPR,Piper Sandler Companies,United States,NYQ,USD,,16636315.0,17158202.0,5823875072.0
MSGS,Madison Square Garden Sports Corp.,US,"NEW YORK STOCK EXCHANGE, INC.",USD,2015-09-17,19529890.0,17168071.0,6257611264.0
AIRO,"AIRO Group Holdings, Inc.",United States,NGM,USD,,31303834.0,17175162.0,273595488.0
CNTB,Connect Biopharma Holdings Limited,United States,NGM,USD,,55903513.0,17177472.0,150380448.0
EHSI,Elite Health Systems Inc.,,,,,21939924.0,17183568.0,27644304.0
PESI,"Perma-Fix Environmental Services, Inc.",US,NASDAQ NMS - GLOBAL MARKET,USD,2002-01-01,18517662.0,17185316.0,238322304.0
PDLB,"Ponce Financial Group, Inc.",United States,NGM,USD,,24001125.0,17188502.0,403698912.0
ZUMZ,Zumiez Inc.,United States,NMS,USD,,16949578.0,17196622.0,461706496.0
EAF,GrafTech International Ltd.,United States,NYQ,USD,,25820110.0,17254805.0,419576800.0
BOOM,DMC Global Inc.,,,,,20590482.0,17256265.0,137338512.0
RITR,Reitar Logtech Holdings Limited,Hong Kong,NCM,USD,,45633750.0,17293797.0,81185976.0
TASK,"TaskUs, Inc.",United States,NMS,USD,,35384927.0,17297795.0,1040706880.0
GAMB,Gambling.com Group Limited,Jersey,NGM,USD,,35166896.0,17304223.0,186777168.0
MCHX,"Marchex, Inc.",US,NASDAQ NMS - GLOBAL MARKET,USD,2004-03-31,39245334.0,17328118.0,73323456.0
DLNG,Dynagas LNG Partners LP,MC,"NEW YORK STOCK EXCHANGE, INC.",USD,2013-11-13,36382011.0,17373096.0,139343104.0
NNVC,"NanoViricides, Inc.",,,,,21568429.0,17396620.0,25666432.0
ADUS,Addus HomeCare Corporation,,,,,18483271.0,17398076.0,2036117248.0
PLMK,Plum Acquisition Corp. IV,United States,NGM,USD,,18492875.0,17457779.0,254065328.0
PLMKW,Plum Acquisition Corp. IV,United States,NGM,USD,,,17457779.0,
PLMKU,Plum Acquisition Corp. IV,United States,NGM,USD,,27316000.0,17457779.0,282993760.0
DGICA,Donegal Group Inc.,United States,NMS,USD,,31064786.0,17468498.0,737228224.0
DGICB,Donegal Group Inc.,United States,NMS,USD,,5576775.0,17468498.0,692788416.0
TRDA,"Entrada Therapeutics, Inc.",United States,NGM,USD,,38219232.0,17473902.0,397862208.0
MOLN,Molecular Partners AG,Switzerland,NMS,USD,,37399152.0,17489339.0,158198416.0
CUBWW,Lionheart Holdings,United States,NGM,USD,,,17537347.0,
CUB,Lionheart Holdings,United States,NGM,USD,,23000000.0,17537347.0,326600000.0
CUBWU,Lionheart Holdings,United States,NGM,USD,,26666700.0,17537347.0,283467040.0
PLSE,"Pulse Biosciences, Inc.",United States,NCM,USD,,67767578.0,17572133.0,975853056.0
UTL,Unitil Corporation,United States,NYQ,USD,,17914793.0,17630664.0,875137536.0
AMPGW,"AmpliTech Group, Inc.",United States,NCM,USD,,,17631744.0,
AMPG,"AmpliTech Group, Inc.",United States,NCM,USD,,20683095.0,17631744.0,60187812.0
GNTOF,Gentor Resources Inc.,,,,,38906742.0,17641095.0,778134.0
BNTC,Benitec Biopharma Inc.,US,NASDAQ NMS - GLOBAL MARKET,USD,2012-07-11,33862226.0,17673373.0,443595136.0
FUFU,BitFuFu Inc.,Singapore,NCM,USD,,31482302.0,17673958.0,416205760.0
FUFUW,BitFuFu Inc.,Singapore,NCM,USD,,,17673958.0,
PAG,"Penske Automotive Group, Inc.",United States,NYQ,USD,,65858552.0,17677753.0,10936948736.0
FBLA,"FB Bancorp, Inc.",United States,NCM,USD,,18361590.0,17680926.0,259871264.0
TRST,TrustCo Bank Corp NY,United States,NMS,USD,,18424019.0,17747673.0,802487744.0
SEZL,Sezzle Inc.,United States,NCM,USD,,34153102.0,17749026.0,2407793920.0
RVSB,"Riverview Bancorp, Inc.",United States,NMS,USD,,20750376.0,17750494.0,104374392.0
LHSW,Lianhe Sowell International Group Ltd,China,NCM,USD,,52000000.0,17785040.0,31720000.0
ANTX,"AN2 Therapeutics, Inc.",United States,NMS,USD,,27402024.0,17793778.0,31238306.0
OYOCF,OYO CORP,,,,,22787346.0,17804209.0,404475392.0
BHST,BioHarvest Sciences Inc.,Canada,NGM,USD,,22654289.0,17815333.0,120747360.0
FISI,"Financial Institutions, Inc.",United States,NMS,USD,,20130546.0,17824391.0,643976192.0
TYRA,"Tyra Biosciences, Inc.",US,NASDAQ NMS - GLOBAL MARKET,USD,2021-09-15,53372098.0,17834820.0,1385539584.0
UNCY,"Unicycive Therapeutics, Inc.",US,NASDAQ NMS - GLOBAL MARKET,USD,2021-06-17,21491396.0,17837429.0,130452776.0
CSAI,Cloudastructure Inc.,US,NASDAQ NMS - GLOBAL MARKET,USD,2025-01-30,19516540.0,17839217.0,19972122.0
GCRCF,Golcap Resources Corp.,,,,,25092334.0,17858716.0,5650793.0
TNC,Tennant Company,United States,NYQ,USD,,18125969.0,17880543.0,1393126272.0
RIGL,"Rigel Pharmaceuticals, Inc.",United States,NMS,USD,,18151344.0,17898677.0,798840640.0
SCVL,"Shoe Carnival, Inc.",,,,,27374968.0,17904324.0,494391904.0
ETON,"Eton Pharmaceuticals, Inc.",United States,NGM,USD,,26817535.0,17919477.0,451339136.0
KGEI,Kolibri Global Energy Inc.,United States,NCM,USD,,35357258.0,17971741.0,148875488.0
SIERF,Sierra Grande Minerals Inc.,,,,,29311215.0,17975982.0,4628241.0
MBUU,"Malibu Boats, Inc.",United States,NGM,USD,,19226584.0,17982047.0,564071168.0
PKE,Park Aerospace Corp.,United States,NYQ,USD,,19905823.0,17990286.0,425387488.0
LUXE,LuxExperience B.V.,Germany,NYQ,USD,,137261608.0,17997551.0,1161233152.0
SRCE,1st Source Corporation,United States,NMS,USD,,24434704.0,18008866.0,1569680256.0
SPOK,"Spok Holdings, Inc.",United States,NMS,USD,,20598169.0,18022574.0,266952256.0
REFI,"Chicago Atlantic Real Estate Finance, Inc.",United States,NGM,USD,,21075298.0,18037505.0,276718656.0
QUAD,"Quad/Graphics, Inc.",United States,NYQ,USD,,37619392.0,18039483.0,324114368.0
LAWR,"Robot Consulting Co., Ltd.",Japan,NCM,USD,,45960000.0,18050684.0,172350000.0
MSEX,Middlesex Water Company,United States,NMS,USD,,18337819.0,18060551.0,943480832.0
FRHC,Freedom Holdings Corp.,United States,NCM,USD,,61159931.0,18064809.0,8032134144.0
IPAR,"Interparfums, Inc.",US,NASDAQ NMS - GLOBAL MARKET,USD,1984-09-16,32064728.0,18068474.0,2746343936.0
CVRX,"CVRx, Inc.",,,,,26210109.0,18086286.0,194479008.0
WBTN,WEBTOON Entertainment Inc.,United States,NMS,USD,,130765676.0,18112354.0,1720876288.0
UONE,"Urban One, Inc.",US,NASDAQ NMS - GLOBAL MARKET,USD,1999-05-06,6150809.0,18129828.0,47202212.0
CAPL,CrossAmerica Partners LP,US,"NEW YORK STOCK EXCHANGE, INC.",USD,2012-10-25,38120481.0,18132769.0,794812032.0
BRAG,Bragg Gaming Group Inc.,Canada,NMS,USD,,25449478.0,18135807.0,49626484.0
ALDFW,Aldel Financial II Inc.,United States,NGM,USD,,,18141356.0,
ALDFU,Aldel Financial II Inc.,United States,NGM,USD,,,18141356.0,
ALDF,Aldel Financial II Inc.,United States,NGM,USD,,23707500.0,18141356.0,313625216.0
LASE,Laser Photonics Corporation,US,NASDAQ NMS - GLOBAL MARKET,USD,2022-09-30,22332826.0,18142965.0,59565556.0
ICFI,"ICF International, Inc.",United States,NMS,USD,,18435932.0,18156996.0,1588808576.0
TGEN,Tecogen Inc.,United States,ASE,USD,,29846479.0,18164866.0,154604768.0
CINT,CI&T Inc.,Brazil,NYQ,USD,,18319890.0,18173006.0,563403456.0
STKE,Sol Strategies Inc.,Canada,NMS,USD,,27570801.0,18208654.0,46594652.0
SLSN,"Solesence, Inc.",United States,NCM,USD,,70536845.0,18223899.0,127671688.0
PCYO,Pure Cycle Corporation,United States,NCM,USD,,24090605.0,18232389.0,267164800.0
CAAP,Corporación América Airports S.A.,Luxembourg,NYQ,USD,,163117761.0,18236549.0,4265529344.0
BEEM,Beam Global,United States,NCM,USD,,19029346.0,18261512.0,31398420.0
GOLD,"Gold.com, Inc.",United States,NYQ,USD,,24644386.0,18273073.0,852449408.0
RNGR,"Ranger Energy Services, Inc.",US,"NEW YORK STOCK EXCHANGE, INC.",USD,2017-08-11,23612088.0,18284099.0,327027424.0
SOIEF,Stolt-Nielsen Limited,,,,,53120796.0,18313926.0,2099599488.0
PMNT,Perfect Moment Ltd. Common Stock,United States,ASE,USD,,35221933.0,18320688.0,14335328.0
RAPT,"RAPT Therapeutics, Inc.",United States,NGM,USD,,27710871.0,18332404.0,981519040.0
OACC,Oaktree Acquisition Corp. III Life Sciences,United States,NGM,USD,,19783010.0,18370211.0,260577344.0
OACCU,Oaktree Acquisition Corp. III Life Sciences,US,NASDAQ NMS - GLOBAL MARKET,USD,2024-10-24,,18370211.0,260.0
OACCW,Oaktree Acquisition Corp. III Life Sciences,United States,NGM,USD,,,18370211.0,
EUDAW,EUDA Health Holdings Limited,Singapore,NCM,USD,,,18403184.0,
EUDA,EUDA Health Holdings Limited,Singapore,NCM,USD,,37807491.0,18403184.0,92628360.0
AMZE,"Amaze Holdings, Inc.",United States,ASE,USD,,19941815.0,18404102.0,6674525.0
HIPO,Hippo Holdings Inc.,United States,NYQ,USD,,25335179.0,18431596.0,793244480.0
RGC,Regencell Bioscience Holdings Limited,HK,NASDAQ NMS - GLOBAL MARKET,USD,2021-07-16,494488908.0,18434546.0,10463384576.0
MWG,Multi Ways Holdings Limited,Singapore,ASE,USD,,51330000.0,18470153.0,19428406.0
VACHW,Voyager Acquisition Corp.,United States,NGM,USD,,,18475641.0,
VACHU,Voyager Acquisition Corp.,United States,NGM,USD,,,18475641.0,
VACH,Voyager Acquisition Corp.,United States,NGM,USD,,25300000.0,18475641.0,334908768.0
IIIN,Insteel Industries Inc.,US,"NEW YORK STOCK EXCHANGE, INC.",USD,1985-04-26,19416462.0,18496898.0,630258368.0
BYRN,Byrna Technologies Inc.,United States,NCM,USD,,22725515.0,18499478.0,380425120.0
AACG,ATA Creativity Global,CN,NASDAQ NMS - GLOBAL MARKET,CNY,2008-01-29,31772461.0,18508899.0,23638710.0
VCICU,Vine Hill Capital Investment Corp.,United States,NGM,USD,,,18511974.0,
VCIC,Vine Hill Capital Investment Corp.,United States,NGM,USD,,22000000.0,18511974.0,314453376.0
VCICW,Vine Hill Capital Investment Corp.,United States,NGM,USD,,,18511974.0,
TVACU,Texas Ventures Acquisition III Corp,United States,NGM,USD,,,18550200.0,
TVA,Texas Ventures Acquisition III Corp,United States,NGM,USD,,22500000.0,18550200.0,320700000.0
TVACW,Texas Ventures Acquisition III Corp,United States,NGM,USD,,,18550200.0,
CTXR,"Citius Pharmaceuticals, Inc.",United States,NCM,USD,,20762917.0,18567861.0,17457460.0
AMSF,"AMERISAFE, Inc.",United States,NMS,USD,,18924399.0,18569110.0,731709824.0
MNYWW,MoneyHero Limited,Singapore,NGM,USD,,,18605857.0,
MNY,MoneyHero Limited,Singapore,NGM,USD,,29999712.0,18605857.0,56230916.0
MMGRF,Momentum Group AB,SE,NASDAQ OMX NORDIC,SEK,2022-03-31,48872557.0,18629205.0,852781888.0
KOP,Koppers Holdings Inc.,US,"NEW YORK STOCK EXCHANGE, INC.",USD,2006-02-01,19613926.0,18634407.0,531333504.0
WASH,"Washington Trust Bancorp, Inc.",,,,,19034935.0,18686405.0,578870528.0
GDEN,"Golden Entertainment, Inc.",United States,NGM,USD,,26173985.0,18690581.0,708529728.0
TVAI,Thayer Ventures Acquisition Corporation II,United States,NGM,USD,,20487500.0,18737385.0,274949856.0
TVAIR,Thayer Ventures Acquisition Corporation II,,,,,,18737385.0,
TVAIU,Thayer Ventures Acquisition Corporation II,United States,NGM,USD,,,18737385.0,
BJRI,"BJ's Restaurants, Inc.",,,,,21134781.0,18737674.0,911958720.0
TELO,"Telomir Pharmaceuticals, Inc.",United States,NCM,USD,,34380971.0,18742786.0,50196220.0
SEPN,"Septerna, Inc.",United States,NGM,USD,,44774192.0,18749193.0,1281437440.0
ADSEW,ADS-TEC Energy PLC,Ireland,NCM,USD,,,18767026.0,
ADSE,ADS-TEC Energy PLC,,,,,60122536.0,18767026.0,752132928.0
CIVB,"Civista Bancshares, Inc.",United States,NCM,USD,,19312879.0,18769608.0,444775648.0
YYAI,AiRWA Inc.,United States,NCM,USD,,37927432.0,18819053.0,37404032.0
MCBS,"MetroCity Bankshares, Inc.",United States,NMS,USD,,28818282.0,18825877.0,773194560.0
DKL,"Delek Logistics Partners, LP",United States,NYQ,USD,,53480401.0,18834193.0,2398595840.0
NKTR,Nektar Therapeutics,United States,NCM,USD,,20341589.0,18881673.0,904997312.0
ANIP,"ANI Pharmaceuticals, Inc.",United States,NGM,USD,,22458168.0,18895277.0,1850777728.0
AISPW,"Airship AI Holdings, Inc.",United States,NCM,USD,,,18899428.0,
AISP,"Airship AI Holdings, Inc.",United States,NGM,USD,,34175563.0,18899428.0,96716840.0
TSSI,"TSS, Inc.",United States,NCM,USD,,28845037.0,18919748.0,205088208.0
DMNIF,Damon Inc.,,,,,2450480128.0,18945808.0,117623048.0
WHWK,"Whitehawk Therapeutics, Inc.",United States,NCM,USD,,47128362.0,18950786.0,125832728.0
AUDC,AudioCodes Ltd.,Israel,NMS,USD,,28677229.0,19047596.0,255800880.0
REE,REE Automotive Ltd.,,,,,28656046.0,19059138.0,21678300.0
XBIT,XBiotech Inc.,United States,NMS,USD,,30487731.0,19081661.0,75304696.0
HZO,"MarineMax, Inc.",United States,NYQ,USD,,21869518.0,19086184.0,535147104.0
HWKN,"Hawkins, Inc.",United States,NMS,USD,,20890239.0,19128147.0,3067105280.0
FOR,Forestar Group Inc.,US,"NEW YORK STOCK EXCHANGE, INC.",USD,2007-12-12,50885325.0,19128823.0,1248217088.0
GIFT,"Giftify, Inc.",United States,NCM,USD,,30963913.0,19177190.0,32512106.0
AACBR,Artius II Acquisition Inc.,United States,NGM,USD,,,19184864.0,
AACBU,Artius II Acquisition Inc.,United States,NGM,USD,,25175000.0,19184864.0,266099744.0
AACB,Artius II Acquisition Inc.,United States,NGM,USD,,22175000.0,19184864.0,284914112.0
INVE,"Identiv, Inc.",United States,NCM,USD,,23754389.0,19205424.0,81477552.0
IDN,"Intellicheck, Inc.",United States,NGM,USD,,20204907.0,19206380.0,134564688.0
MNDO,MIND C.T.I. Ltd,Israel,NGM,USD,,20366326.0,19255089.0,23828600.0
LGND,Ligand Pharmaceuticals Incorporated,United States,NGM,USD,,19681720.0,19256201.0,3854271232.0
INFU,"InfuSystem Holdings, Inc.",US,NYSE MKT LLC,USD,2006-06-15,20336183.0,19259179.0,183016640.0
WLKP,Westlake Chemical Partners LP,,,,,35245879.0,19260463.0,657688128.0
LEGT,Legato Merger Corp. III,United States,ASE,USD,,25799375.0,19330182.0,279923232.0
BZFD,"BuzzFeed, Inc.",United States,NCM,USD,,35864575.0,19346234.0,37952028.0
BZFDW,"BuzzFeed, Inc.",United States,NCM,USD,,,19346234.0,
ESGL,ESGL Holdings Limited,Singapore,NCM,USD,,42391240.0,19363471.0,169564960.0
ESGLW,ESGL Holdings Limited,Singapore,NCM,USD,,,19363471.0,
VMI,"Valmont Industries, Inc.",United States,NYQ,USD,,19699639.0,19363957.0,8136207360.0
TEN,Tsakos Energy Navigation Limited,Greece,NYQ,USD,,30127603.0,19435654.0,677871104.0
PEW,GrabAGun Digital Holdings Inc.,United States,NYQ,USD,,30015922.0,19442513.0,91848720.0
LPBBW,Launch Two Acquisition Corp.,United States,NGM,USD,,,19445063.0,
LPBB,Launch Two Acquisition Corp.,United States,NGM,USD,,23000000.0,19445063.0,301300000.0
LPBBU,Launch Two Acquisition Corp.,United States,NGM,USD,,20000000.0,19445063.0,212000000.0
MATH,Metalpha Technology Holding Limited,Hong Kong,NCM,USD,,39498371.0,19450311.0,94006128.0
LOKV,Live Oak Acquisition Corp. V,United States,NGM,USD,,23000000.0,19499975.0,295621888.0
LOKVU,Live Oak Acquisition Corp. V,United States,NGM,USD,,,19499975.0,
LOKVW,Live Oak Acquisition Corp. V,United States,NGM,USD,,,19499975.0,
SBVTF,,,,,,37600000.0,19517135.0,276360000.0
RPID,"Rapid Micro Biosystems, Inc.",United States,NCM,USD,,39823026.0,19522756.0,132081216.0
AVBC,"Avidia Bancorp, Inc.",United States,NYQ,USD,,18530379.0,19547040.0,348122176.0
VRA,"Vera Bradley, Inc.",United States,NMS,USD,,27955022.0,19591439.0,63737448.0
TELA,"TELA Bio, Inc.",United States,NGM,USD,,44530535.0,19627770.0,50764812.0
SZZL,Sizzle Acquisition Corp. II,United States,NGM,USD,,23600000.0,19699876.0,317669344.0
SZZLU,Sizzle Acquisition Corp. II,US,NASDAQ NMS - GLOBAL MARKET,USD,2025-04-02,,19699876.0,218.0
SZZLR,Sizzle Acquisition Corp. II,,,,,,19699876.0,
BNXR,Brinx Resources Ltd.,,,,,24629832.0,19704851.0,2462.0
MZTI,The Marzetti Company,US,NASDAQ NMS - GLOBAL MARKET,USD,1980-03-17,27486000.0,19711585.0,4566514176.0
YB,Yuanbao Inc.,China,NGM,USD,,32391451.0,19721280.0,925290432.0
BCAL,California BanCorp,United States,NCM,USD,,32322651.0,19727160.0,613932160.0
LFCR,"Lifecore Biomedical, Inc.",United States,NMS,USD,,37466352.0,19780933.0,310970720.0
SOGFF,Strategic Oil & Gas Ltd.,,,,,1817142079.0,19800396.0,30987.0
ISPR,Ispire Technology Inc.,United States,NCM,USD,,57275264.0,19813127.0,163234496.0
TCMD,"Tactile Systems Technology, Inc.",United States,NGM,USD,,22335582.0,19820819.0,662473344.0
CBRL,"Cracker Barrel Old Country Store, Inc.",United States,NMS,USD,,22328095.0,19829804.0,579414080.0
KYTX,"Kyverna Therapeutics, Inc.",United States,NMS,USD,,59606603.0,19830468.0,560302080.0
ADUR,Aduro Clean Technologies Inc.,Canada,NCM,USD,,33152828.0,19856850.0,375953088.0
SKYE,"Skye Bioscience, Inc.",United States,NGM,USD,,32057461.0,19882037.0,25645968.0
MOGO,Mogo Inc.,Canada,NCM,USD,,23777844.0,19889215.0,25208508.0
AKEJF,"ARIAKE JAPAN Co., Ltd.",,,,,31848529.0,19926708.0,1082849920.0
EJH,E-Home Household Service Holdings Limited,China,NCM,USD,,80003859.0,19927044.0,74011568.0
MPB,"Mid Penn Bancorp, Inc.",,,,,23042389.0,19956771.0,730674176.0
TRC,Tejon Ranch Co.,United States,NYQ,USD,,26893955.0,19959349.0,426807072.0
CSTE,Caesarstone Ltd.,Israel,NMS,USD,,34571274.0,19961581.0,59116876.0
AGRO,Adecoagro S.A.,,,,,141465751.0,19962240.0,1130311296.0
BWEN,"Broadwind, Inc.",United States,NCM,USD,,23200988.0,19999716.0,72155072.0
LENZ,"LENZ Therapeutics, Inc.",United States,NMS,USD,,31289969.0,20052177.0,527861792.0
PHUN,"Phunware, Inc.",United States,NCM,USD,,20187326.0,20107586.0,38759668.0
EKNPF,EKINOPS S.A.,FR,NYSE EURONEXT - EURONEXT PARIS,EUR,2013-05-02,27023319.0,20111678.0,109444448.0
LGIH,"LGI Homes, Inc.",United States,NMS,USD,,23079100.0,20115974.0,996786304.0
OSS,"One Stop Systems, Inc.",United States,NCM,USD,,24515491.0,20123786.0,176266384.0
TTEC,"TTEC Holdings, Inc.",United States,NMS,USD,,48549666.0,20141314.0,173079552.0
GNE,Genie Energy Ltd.,United States,NYQ,USD,,24920628.0,20159216.0,370452576.0
VINP,Vinci Compass Investments Ltd.,Brazil,NMS,USD,,48778420.0,20170619.0,829769920.0
IBCP,Independent Bank Corporation,US,NASDAQ NMS - GLOBAL MARKET,USD,1984-01-16,20691952.0,20184999.0,685899008.0
BNT,Brookfield Wealth Solutions Ltd.,Bermuda,NYQ,USD,,59928210.0,20203044.0,12843448320.0
MSBI,"Midland States Bancorp, Inc.",United States,NMS,USD,,21551721.0,20278876.0,456896480.0
MSBIP,"Midland States Bancorp, Inc.",,,,,,20278876.0,
VSEC,VSE Corporation,United States,NMS,USD,,23392243.0,20281115.0,4198673920.0
TITN,Titan Machinery Inc.,United States,NMS,USD,,23370174.0,20284046.0,360411296.0
PAHC,Phibro Animal Health Corporation,United States,NGM,USD,,20447574.0,20297204.0,1547167744.0
FVR,"FrontView REIT, Inc.",United States,NYQ,USD,,21653669.0,20311791.0,332816864.0
MTD,Mettler-Toledo International Inc.,United States,NYQ,USD,,20428445.0,20317723.0,29252696064.0
FENC,Fennec Pharmaceuticals Inc.,United States,NCM,USD,,34153496.0,20324531.0,276301792.0
NRXP,"NRx Pharmaceuticals, Inc.",United States,NCM,USD,,29605150.0,20326385.0,75789184.0
NRXPW,"NRx Pharmaceuticals, Inc.",United States,NCM,USD,,,20326385.0,
NHICW,NewHold Investment Corp III,United States,PNK,USD,,,20352539.0,
FG,"F&G Annuities & Life, Inc.",United States,NYQ,USD,,134619537.0,20359859.0,4326265856.0
PAL,"Proficient Auto Logistics, Inc.",United States,NMS,USD,,27830037.0,20374648.0,278300352.0
CREG,Smart Powerr Corp.,China,NCM,USD,,20809123.0,20401056.0,28300408.0
GAM,"General American Investors Company, Inc.",United States,NYQ,USD,,23279512.0,20405423.0,1377798528.0
GFAIW,"Guardforce AI Co., Limited",Singapore,NCM,USD,,,20417588.0,
IDT,IDT Corporation,United States,NYQ,USD,,23499021.0,20444807.0,1303312640.0
GPRK,GeoPark Limited,CO,"NEW YORK STOCK EXCHANGE, INC.",USD,2006-05-16,51663988.0,20457389.0,375597184.0
MTRN,Materion Corporation,United States,NYQ,USD,,20732741.0,20487265.0,2672450048.0
RPNMF,Rapala VMC Corporation,FI,NASDAQ OMX HELSINKI LTD.,EUR,1998-12-01,38876109.0,20494318.0,111185664.0
HLLGY,HELLA GmbH & Co. KGaA,,,,,222222224.0,20513203.0,11032976384.0
FRBA,First Bank,United States,NGM,USD,,24810520.0,20519292.0,418156896.0
PRAX,"Praxis Precision Medicines, Inc.",United States,NMS,USD,,25007171.0,20522135.0,6725679104.0
GYRE,"Gyre Therapeutics, Inc.",United States,NCM,USD,,96333157.0,20523048.0,699378752.0
SCHL,Scholastic Corporation,United States,NMS,USD,,24613593.0,20556634.0,748494592.0
INMB,"INmune Bio, Inc.",United States,NCM,USD,,26585258.0,20608626.0,45992500.0
SCAGW,Scage Future,China,NCM,USD,,,20616788.0,
SCAG,Scage Future,China,NGM,USD,,72609665.0,20616788.0,151754192.0
MORN,"Morningstar, Inc.",US,NASDAQ NMS - GLOBAL MARKET,USD,2005-05-03,41129198.0,20643567.0,9239454720.0
FLGT,"Fulgent Genetics, Inc.",United States,NGM,USD,,30912392.0,20645768.0,825979072.0
WYHG,Wing Yip Food Holdings Group Limited,China,NCM,USD,,50330928.0,20653607.0,32453382.0
SPB,"Spectrum Brands Holdings, Inc.",US,"NEW YORK STOCK EXCHANGE, INC.",USD,1980-03-17,23375279.0,20656734.0,1453874560.0
THH,TryHard Holdings Limited,Japan,NCM,USD,,50046250.0,20662595.0,847533184.0
WGSWW,GeneDx Holdings Corp.,United States,NMS,USD,,,20684703.0,
WGS,GeneDx Holdings Corp.,United States,NMS,USD,,28904590.0,20684703.0,3867144960.0
AMAL,Amalgamated Financial Corp.,United States,NGM,USD,,29936320.0,20715634.0,984867968.0
CNA,CNA Financial Corporation,United States,NYQ,USD,,270666584.0,20746594.0,12927036416.0
ANRO,"Alto Neuroscience, Inc.",US,"NEW YORK STOCK EXCHANGE, INC.",USD,2024-02-02,31066335.0,20754486.0,572552576.0
CEPT,"Cantor Equity Partners II, Inc.",,,,,24580000.0,20756175.0,340661216.0
DRDBU,Roman DBDR Acquisition Corp. II,United States,NGM,USD,,26666700.0,20764400.0,285067008.0
DRDB,Roman DBDR Acquisition Corp. II,United States,NGM,USD,,23000000.0,20764400.0,319546688.0
DRDBW,Roman DBDR Acquisition Corp. II,United States,NGM,USD,,26670000.0,20764400.0,16002001.0
GRC,The Gorman-Rupp Company,United States,NYQ,USD,,26312842.0,20765569.0,1298538752.0
SMP,"Standard Motor Products, Inc.",US,"NEW YORK STOCK EXCHANGE, INC.",USD,1981-05-22,21999190.0,20805954.0,824309696.0
ABVC,"ABVC BioPharma, Inc.",United States,NCM,USD,,24301089.0,20808227.0,59051644.0
STKS,"The ONE Group Hospitality, Inc.",United States,NCM,USD,,31104781.0,20848602.0,55988604.0
LMAT,"LeMaitre Vascular, Inc.",United States,NGM,USD,,22685994.0,20852739.0,1900632576.0
NPO,Enpro Inc.,United States,NYQ,USD,,21065729.0,20891937.0,4716616192.0
KEN,Kenon Holdings Ltd.,Singapore,NYQ,USD,,52150242.0,20905000.0,3352739072.0
GCHHF,Gooch & Housego PLC,,,,,27199510.0,20933928.0,208076256.0
APOG,"Apogee Enterprises, Inc.",US,NASDAQ NMS - GLOBAL MARKET,USD,1971-07-01,21510930.0,20965198.0,817262464.0
SIMAU,SIM Acquisition Corp. I,United States,NGM,USD,,23000000.0,20994707.0,248400000.0
SIMAW,SIM Acquisition Corp. I,United States,NGM,USD,,,20994707.0,
SIMA,SIM Acquisition Corp. I,US,NASDAQ NMS - GLOBAL MARKET,USD,2024-07-10,23000000.0,20994707.0,323840032.0
BEAGU,Bold Eagle Acquisition Corp.,United States,NGM,USD,,,20995274.0,
BEAG,Bold Eagle Acquisition Corp.,US,NASDAQ NMS - GLOBAL MARKET,USD,2024-10-24,26158000.0,20995274.0,330404896.0
BEAGR,Bold Eagle Acquisition Corp.,United States,NGM,USD,,,20995274.0,
LEXXW,Lexaria Bioscience Corp.,Canada,NCM,USD,,,21021427.0,
LEXX,Lexaria Bioscience Corp.,Canada,NCM,USD,,24887446.0,21021427.0,13212746.0
FLOC,Flowco Holdings Inc.,United States,NYQ,USD,,28263707.0,21032155.0,1676492416.0
NYXH,Nyxoah SA,Belgium,NGM,USD,,43026460.0,21035215.0,192328272.0
PRSU,"Pursuit Attractions and Hospitality, Inc.",United States,NYQ,USD,,28283264.0,21042183.0,968419008.0
DPRO,Draganfly Inc.,Canada,NCM,USD,,25581802.0,21076570.0,188282064.0
HYAC,Haymaker Acquisition Corp. 4,United States,NYQ,USD,,23425499.0,21088342.0,331871328.0
BIO,"Bio-Rad Laboratories, Inc.",,,,,21906399.0,21118868.0,8197113344.0
BOKF,BOK Financial Corporation,United States,NMS,USD,,63247676.0,21151288.0,7754192896.0
ALFNF,Alfen N.V.,,,,,21742981.0,21223541.0,242434224.0
CARE,"Carter Bankshares, Inc.",United States,NMS,USD,,22087044.0,21262976.0,450449664.0
LQDT,"Liquidity Services, Inc.",US,NASDAQ NMS - GLOBAL MARKET,USD,2006-02-23,30639767.0,21278399.0,973030656.0
BTAI,"BioXcel Therapeutics, Inc.",United States,NCM,USD,,21869491.0,21302415.0,36303356.0
NTZ,Natuzzi S.p.A.,IT,"NEW YORK STOCK EXCHANGE, INC.",EUR,1993-05-13,11014609.0,21305558.0,26324916.0
AWLIF,Ameriwest Critical Metals Inc.,,,,,22747245.0,21307344.0,5149843.0
WLTH,Wealthfront Corporation,United States,NMS,USD,,146268749.0,21338748.0,1940986368.0
TFIN,"Triumph Financial, Inc.",United States,NYQ,USD,,23763401.0,21350941.0,1521808128.0
BTMD,biote Corp.,United States,NGM,USD,,30680960.0,21390439.0,128241496.0
LAD,"Lithia Motors, Inc.",US,"NEW YORK STOCK EXCHANGE, INC.",USD,1996-12-18,24250030.0,21397984.0,8351952896.0
BACQU,Inflection Point Acquisition Corp. IV,United States,NGM,USD,,,21408184.0,
BACQ,Inflection Point Acquisition Corp. IV,United States,NGM,USD,,25425000.0,21408184.0,455010912.0
BACQR,Inflection Point Acquisition Corp. IV,United States,NGM,USD,,,21408184.0,
BGSI,Boyd Group Services Inc.,Canada,NYQ,USD,,27829821.0,21408340.0,4632558080.0
INNV,InnovAge Holding Corp.,United States,NMS,USD,,135681431.0,21415957.0,751675072.0
CCIX,Churchill Capital Corp IX,United States,NGM,USD,,29475000.0,21420432.0,388622528.0
CCIXU,Churchill Capital Corp IX,United States,NGM,USD,,,21420432.0,
CCIXW,Churchill Capital Corp IX,United States,NGM,USD,,31900000.0,21420432.0,25201000.0
CURV,Torrid Holdings Inc.,United States,NYQ,USD,,99196942.0,21436459.0,103164816.0
NRIM,"Northrim BanCorp, Inc.",United States,NMS,USD,,22090668.0,21453573.0,599319808.0
SCL,Stepan Company,,,,,22619015.0,21462279.0,1064677056.0
SRXH,SRx Health Solutions Inc.,United States,ASE,USD,,27723906.0,21485092.0,7787645.0
CEVA,"CEVA, Inc.",United States,NMS,USD,,27017805.0,21489691.0,585475840.0
KIDZW,"Classover Holdings, Inc.",United States,NCM,USD,,,21493399.0,
UPLD,"Upland Software, Inc.",United States,NGM,USD,,28891348.0,21504986.0,44203760.0
KRO,"Kronos Worldwide, Inc.",US,"NEW YORK STOCK EXCHANGE, INC.",USD,2003-12-04,115053116.0,21510331.0,528093824.0
FMBH,"First Mid Bancshares, Inc.",United States,NGM,USD,,24003654.0,21515435.0,960146176.0
XRPNW,Armada Acquisition Corp. II,United States,NGM,USD,,,21528901.0,
XRPNU,Armada Acquisition Corp. II,KY,NASDAQ NMS - GLOBAL MARKET,USD,2025-05-21,,21528901.0,320.0
XRPN,Armada Acquisition Corp. II,United States,NGM,USD,,23710000.0,21528901.0,404172800.0
SKBL,Skyline Builders Group Holding Limited,Hong Kong,NCM,USD,,11816586.0,21580348.0,41710988.0
GRRRW,Gorilla Technology Group Inc.,,,,,,21580402.0,
GRRR,Gorilla Technology Group Inc.,GB,NASDAQ NMS - GLOBAL MARKET,USD,2021-05-10,22669015.0,21580402.0,255253120.0
ABSSF,AirBoss of America Corp.,,,,,27149224.0,21591506.0,89592440.0
SCSC,"ScanSource, Inc.",United States,NMS,USD,,21942503.0,21598883.0,876285632.0
CNTY,"Century Casinos, Inc.",United States,NCM,USD,,29445056.0,21647711.0,42955644.0
TR,"Tootsie Roll Industries, Inc.",US,"NEW YORK STOCK EXCHANGE, INC.",USD,1980-03-17,41820835.0,21650783.0,2734809088.0
SIEB,Siebert Financial Corp.,United States,NCM,USD,,40426936.0,21654688.0,148366864.0
KROS,"Keros Therapeutics, Inc.",United States,NGM,USD,,30466069.0,21668382.0,640701440.0
ECPG,"Encore Capital Group, Inc.",United States,NMS,USD,,22303676.0,21670921.0,1277613568.0
APPF,"AppFolio, Inc.",United States,NGM,USD,,23073192.0,21674236.0,8523781120.0
ATPC,Agape ATP Corporation,,,,,50027000.0,21685704.0,6043262.0
DFDV,DeFi Development Corp.,United States,NCM,USD,,31857148.0,21694155.0,183497184.0
DFDVW,DeFi Development Corp.,United States,NCM,USD,,,21694155.0,
CHPT,"ChargePoint Holdings, Inc.",United States,NYQ,USD,,23653089.0,21698398.0,167463856.0
JSPRW,"Jasper Therapeutics, Inc.",United States,NCM,USD,,,21701342.0,
JSPR,"Jasper Therapeutics, Inc.",United States,NCM,USD,,27984039.0,21701342.0,49251912.0
PTNYF,ParcelPal Logistics Inc.,,,,,23315273.0,21713515.0,262271.0
SOUL,Soulpower Acquisition Corporation,United States,NYQ,USD,,25620000.0,21719947.0,344626304.0
GCL,GCL Global Holdings Ltd,,,,,122572978.0,21734788.0,123798704.0
GCLWW,GCL Global Holdings Ltd,Singapore,NMS,USD,,16500000.0,21734788.0,742500.0
TTGT,"TechTarget, Inc.",United States,NMS,USD,,72157906.0,21767876.0,375221088.0
BBUC,Brookfield Business Corporation,United States,NYQ,USD,,69996733.0,21781585.0,2582179584.0
CACI,CACI International Inc,United States,NYQ,USD,,22079710.0,21789362.0,11966539776.0
BBCP,"Concrete Pumping Holdings, Inc.",United States,NCM,USD,,51474450.0,21804577.0,367318528.0
ATIIW,Archimedes Tech SPAC Partners II Co.,,,,,,21809901.0,
ATIIU,Archimedes Tech SPAC Partners II Co.,United States,NGM,USD,,25765000.0,21809901.0,270532512.0
ATII,Archimedes Tech SPAC Partners II Co.,United States,NGM,USD,,29590000.0,21809901.0,307440096.0
SMHI,SEACOR Marine Holdings Inc.,United States,NYQ,USD,,26976259.0,21834045.0,167522576.0
IPCXR,Inflection Point Acquisition Corp. III,United States,NGM,USD,,,21841959.0,
IPCX,Inflection Point Acquisition Corp. III,United States,NGM,USD,,26040000.0,21841959.0,349559648.0
IPCXU,Inflection Point Acquisition Corp. III,United States,NGM,USD,,,21841959.0,
FRST,Primis Financial Corp.,United States,NGM,USD,,24644385.0,21851190.0,321116320.0
ENTA,"Enanta Pharmaceuticals, Inc.",United States,NMS,USD,,28862601.0,21863709.0,486334816.0
MNTN,"MNTN, Inc.",US,"NEW YORK STOCK EXCHANGE, INC.",USD,2025-05-22,44231894.0,21865935.0,868428096.0
BWB,"Bridgewater Bancshares, Inc.",United States,NCM,USD,,27584732.0,21926276.0,497076896.0
BWBBP,"Bridgewater Bancshares, Inc.",United States,NCM,USD,,,21926276.0,
INGM,Ingram Micro Holding Corporation,United States,NYQ,USD,,235072655.0,21983995.0,5202157568.0
NDMCF,New Destiny Mining Corp.,,,,,22605669.0,22010688.0,372993.0
NXRT,"NexPoint Residential Trust, Inc.",United States,NYQ,USD,,25364470.0,22027013.0,1488564352.0
KNSL,"Kinsale Capital Group, Inc.",United States,NYQ,USD,,23263426.0,22033954.0,9165987840.0
USIO,"Usio, Inc.",United States,NGM,USD,,27307839.0,22047530.0,36319428.0
CASH,"Pathward Financial, Inc.",United States,NMS,USD,,22339006.0,22067364.0,1672417792.0
UFCS,"United Fire Group, Inc.",United States,NMS,USD,,25514329.0,22072446.0,929742080.0
KNOP,KNOT Offshore Partners LP,United Kingdom,NYQ,USD,,34045081.0,22076629.0,370689664.0
ASXSF,Elysee Development Corp.,,,,,28382359.0,22080624.0,11069120.0
NPCE,"NeuroPace, Inc.",US,NASDAQ NMS - GLOBAL MARKET,USD,2021-04-22,33307734.0,22087691.0,533589920.0
BOC,Boston Omaha Corporation,United States,NYQ,USD,,30872876.0,22091634.0,392538848.0
BKV,BKV Corporation,United States,NYQ,USD,,96870076.0,22092561.0,2641647104.0
ARCB,ArcBest Corporation,United States,NMS,USD,,22511021.0,22098619.0,1755651456.0
HRTG,"Heritage Insurance Holdings, Inc.",United States,NYQ,USD,,30911435.0,22112393.0,899199360.0
MONSF,Montea Comm. VA,BE,NYSE EURONEXT - EURONEXT BRUSSELS,EUR,2006-10-17,23282053.0,22123282.0,1658380672.0
EIG,"Employers Holdings, Inc.",United States,NYQ,USD,,22466606.0,22130905.0,1009117376.0
MCS,The Marcus Corporation,United States,NYQ,USD,,23729171.0,22153524.0,482190560.0
ACIC,American Coastal Insurance Corporation,United States,NCM,USD,,48765302.0,22174033.0,611516928.0
FWRD,Forward Air Corporation,United States,NMS,USD,,31248234.0,22192496.0,797454976.0
POLEU,Andretti Acquisition Corp. II,United States,NGM,USD,,,22210111.0,
POLE,Andretti Acquisition Corp. II,US,NASDAQ NMS - GLOBAL MARKET,USD,2024-09-06,23760000.0,22210111.0,310445216.0
POLEW,Andretti Acquisition Corp. II,United States,NGM,USD,,,22210111.0,
MASS,908 Devices Inc.,United States,NGM,USD,,36192978.0,22252167.0,195804000.0
JACS,Jackson Acquisition Company II,United States,NYQ,USD,,23840000.0,22264700.0,308031904.0
MAX,"MediaAlpha, Inc.",United States,NYQ,USD,,46228000.0,22313522.0,832654336.0
IIIV,"i3 Verticals, Inc.",United States,NMS,USD,,23972102.0,22323541.0,846374976.0
SITM,SiTime Corporation,United States,NGM,USD,,26100630.0,22329350.0,9842807808.0
PLOW,"Douglas Dynamics, Inc.",United States,NYQ,USD,,23040878.0,22369697.0,769104576.0
NIXXW,"Nixxy, Inc.",United States,NCM,USD,,,22373841.0,
NIXX,"Nixxy, Inc.",United States,NCM,USD,,24875575.0,22373841.0,26865624.0
STRA,"Strategic Education, Inc.",United States,NMS,USD,,23486618.0,22384497.0,1939518208.0
OVHGY,OVH Groupe S.A.,,,,,300801560.0,22397684.0,1504007808.0
ANVS,"Annovis Bio, Inc.",United States,NYQ,USD,,26502889.0,22408193.0,95410392.0
HELE,Helen of Troy Limited,United States,NMS,USD,,23028819.0,22410265.0,486829248.0
BIOA,"BioAge Labs, Inc.",United States,NMS,USD,,35855037.0,22444895.0,497667904.0
OKYO,OKYO Pharma Limited,United Kingdom,NCM,USD,,37610676.0,22469746.0,74845248.0
UBXG,U-BX Technology Ltd.,China,NCM,USD,,22624607.0,22486884.0,59054084.0
PJT,PJT Partners Inc.,United States,NYQ,USD,,24307171.0,22511114.0,6845906432.0
ASTE,"Astec Industries, Inc.",United States,NMS,USD,,22875841.0,22544141.0,1050229824.0
CBLL,"CeriBell, Inc.",United States,NMS,USD,,37095690.0,22555292.0,790138112.0
LOOP,"Loop Industries, Inc.",Canada,NGM,USD,,48043068.0,22559103.0,48523500.0
ENJPY,en Inc.,,,,,77474786.0,22566114.0,678679104.0
BLNE,"Beeline Holdings, Inc.",US,NASDAQ NMS - GLOBAL MARKET,USD,2013-07-22,27755039.0,22584275.0,54399880.0
SABS,"SAB Biotherapeutics, Inc.",United States,NCM,USD,,47606851.0,22587070.0,179953904.0
SABSW,"SAB Biotherapeutics, Inc.",United States,NCM,USD,,,22587070.0,
FTHM,Fathom Holdings Inc.,US,NASDAQ NMS - GLOBAL MARKET,USD,2020-07-31,32390959.0,22598200.0,35630056.0
RNTX,Rein Therapeutics Inc.,United States,NCM,USD,,26286382.0,22628895.0,32595114.0
MEDP,"Medpace Holdings, Inc.",United States,NMS,USD,,28168223.0,22646970.0,15987156992.0
TBPH,"Theravance Biopharma, Inc.",United States,NGM,USD,,50672431.0,22648043.0,954668608.0
VICR,Vicor Corporation,United States,NMS,USD,,32925914.0,22657639.0,4986936320.0
LNKB,"LINKBANCORP, Inc.",United States,NCM,USD,,37457914.0,22690632.0,312398976.0
BANF,BancFirst Corporation,United States,NMS,USD,,33334172.0,22691238.0,3657758720.0
AVBP,"ArriVent BioPharma, Inc.",US,NASDAQ NMS - GLOBAL MARKET,USD,2024-01-26,41281361.0,22710941.0,906951424.0
OOMA,"Ooma, Inc.",United States,NYQ,USD,,27560725.0,22779660.0,318877600.0
HYMC,Hycroft Mining Holding Corporation,United States,NCM,USD,,81283600.0,22818589.0,2032902912.0
NKLR,Terra Innovatum Global N.V.,Italy,NGM,USD,,70300948.0,22828124.0,312839200.0
IBP,"Installed Building Products, Inc.",United States,NYQ,USD,,26975357.0,22831821.0,7207815680.0
NSPR,"InspireMD, Inc.",United States,NCM,USD,,42370995.0,22863389.0,82623448.0
MDAI,"Spectral AI, Inc.",US,NASDAQ NMS - GLOBAL MARKET,USD,2021-02-12,30688895.0,22865682.0,43578232.0
MDAIW,"Spectral AI, Inc.",United States,NCM,USD,,,22865682.0,
KRYS,"Krystal Biotech, Inc.",United States,NMS,USD,,28997519.0,22881362.0,7312304640.0
GSHD,"Goosehead Insurance, Inc",US,NASDAQ NMS - GLOBAL MARKET,USD,2018-04-27,24908881.0,22922647.0,2828497920.0
BLLN,"BillionToOne, Inc.",United States,NMS,USD,,41216110.0,22947541.0,4087150336.0
EBF,"Ennis, Inc.",United States,NYQ,USD,,25629751.0,22970011.0,471043648.0
FICO,Fair Isaac Corporation,United States,NYQ,USD,,23709047.0,22998961.0,42082967552.0
SSSS,SuRo Capital Corp.,United States,NMS,USD,,25119091.0,22999793.0,241394464.0
VSEEW,"VSee Health, Inc.",United States,NCM,USD,,,23001574.0,
GHI,Greystone Housing Impact Investors LP,United States,NYQ,USD,,23582453.0,23057743.0,170029488.0
LOCO,"El Pollo Loco Holdings, Inc.",United States,NMS,USD,,29954935.0,23097352.0,326050560.0
CDTX,"Cidara Therapeutics, Inc.",United States,NCM,USD,,31446306.0,23100707.0,6943344640.0
CCIIW,Cohen Circle Acquisition Corp. II,United States,NGM,USD,,6325000.0,23109576.0,3944902.0
CCII,Cohen Circle Acquisition Corp. II,United States,NGM,USD,,26020000.0,23109576.0,355606688.0
CCIIU,Cohen Circle Acquisition Corp. II,United States,NGM,USD,,,23109576.0,
TLNCU,Talon Capital Corp.,United States,NGM,USD,,,23124069.0,
TLNCW,Talon Capital Corp.,United States,NGM,USD,,,23124069.0,
TLNC,Talon Capital Corp.,United States,NGM,USD,,25679000.0,23124069.0,427440672.0
GRDN,"Guardian Pharmacy Services, Inc.",US,"NEW YORK STOCK EXCHANGE, INC.",USD,2024-09-26,36253744.0,23131028.0,1946492416.0
ZENA,"ZenaTech, Inc.",Canada,NCM,USD,,37981124.0,23156393.0,129895448.0
BKKT,"Bakkt Holdings, Inc.",United States,NYQ,USD,,24038434.0,23178339.0,253365088.0
ENLV,Enlivex Therapeutics Ltd.,Israel,NCM,USD,,237381498.0,23193825.0,177490144.0
EHTH,"eHealth, Inc.",United States,NMS,USD,,30764785.0,23214491.0,126750904.0
LCII,LCI Industries,United States,NYQ,USD,,24198010.0,23269774.0,2999260416.0
FTW,EQV Ventures Acquisition Corp.,United States,NYQ,USD,,35822500.0,23289131.0,467119776.0
TIPT,Tiptree Inc.,,,,,37823734.0,23317197.0,684987904.0
GHRS,GH Research PLC,Ireland,NGM,USD,,62029395.0,23346624.0,781570432.0
MAGN,Magnera Corporation,United States,NYQ,USD,,35600000.0,23362500.0,536848000.0
WAVE,Eco Wave Power Global AB (publ),Israel,NCM,USD,,5829039.0,23369572.0,33414706.0
CPK,Chesapeake Utilities Corporation,United States,NYQ,USD,,23650684.0,23390999.0,2978094080.0
XPOF,"Xponential Fitness, Inc.",United States,NYQ,USD,,35169000.0,23395826.0,427447168.0
MBAVW,M3-Brigade Acquisition V Corp.,United States,NGM,USD,,28750000.0,23396391.0,24440374.0
MBAV,M3-Brigade Acquisition V Corp.,United States,NGM,USD,,28750000.0,23396391.0,383812512.0
MBAVU,M3-Brigade Acquisition V Corp.,United States,NGM,USD,,25000000.0,23396391.0,255000000.0
TACH,Titan Acquisition Corp,United States,NGM,USD,,27600000.0,23399970.0,353624992.0
TACHU,Titan Acquisition Corp,United States,NGM,USD,,,23399970.0,
TACHW,Titan Acquisition Corp,United States,NGM,USD,,,23399970.0,
PRLB,"Proto Labs, Inc.",United States,NYQ,USD,,23678745.0,23427277.0,1258199808.0
ALRS,Alerus Financial Corporation,United States,NCM,USD,,25397303.0,23429520.0,552645312.0
FBIO,"Fortress Biotech, Inc.",United States,NCM,USD,,31037937.0,23451334.0,116081888.0
FBIOP,"Fortress Biotech, Inc.",United States,NCM,USD,,56679500.0,23451334.0,50404300.0
CAMP,CAMP4 THERAPEUTICS CORPORATION,United States,NGM,USD,,51881134.0,23474321.0,309211584.0
DMAC,DiaMedica Therapeutics Inc.,United States,NCM,USD,,52077439.0,23476510.0,428597312.0
CCG,Cheche Group Inc.,China,NCM,USD,,65046611.0,23485314.0,72184000.0
CCGWW,Cheche Group Inc.,,,,,,23485314.0,
STSS,"Sharps Technology, Inc.",United States,NCM,USD,,28995402.0,23519724.0,64369792.0
STSSW,"Sharps Technology, Inc.",United States,NCM,USD,,,23519724.0,
DIBS,"1stdibs.Com, Inc.",United States,NGM,USD,,36614348.0,23564628.0,216390784.0
PVL,Permianville Royalty Trust,,,,,33000000.0,23581140.0,59070000.0
ENVA,"Enova International, Inc.",United States,NYQ,USD,,24777389.0,23627224.0,4084304896.0
AIRJW,AirJoule Technologies Corporation,United States,NCM,USD,,,23653556.0,
AIRJ,AirJoule Technologies Corporation,United States,NCM,USD,,60679706.0,23653556.0,233010064.0
XPEL,"XPEL, Inc.",,,,,27678601.0,23653856.0,1440948096.0
GSRFR,GSR IV Acquisition Corp.,,,,,,23655549.0,
GSRFU,GSR IV Acquisition Corp.,US,NASDAQ NMS - GLOBAL MARKET,USD,2025-09-04,26360500.0,23655549.0,272831200.0
GSRF,GSR IV Acquisition Corp.,United States,NGM,USD,,23655500.0,23655549.0,293466880.0
WABC,Westamerica Bancorporation,United States,NMS,USD,,24933051.0,23674431.0,1250686336.0
FIZZ,National Beverage Corp.,US,NASDAQ NMS - GLOBAL MARKET,USD,1991-09-13,93632102.0,23701094.0,3026189568.0
HSTM,"HealthStream, Inc.",United States,NMS,USD,,29668137.0,23702171.0,700464704.0
FTEK,"Fuel Tech, Inc.",United States,NCM,USD,,31074438.0,23709796.0,50651332.0
SNHO,Shonghoya Intl Group Inc.,,,,,84501895.0,23724669.0,39251132.0
GTE,Gran Tierra Energy Inc.,Canada,ASE,USD,,35295753.0,23773807.0,146477376.0
AUNA,Auna SA,Luxembourg,NYQ,USD,,30095388.0,23805746.0,340459648.0
ETD,Ethan Allen Interiors Inc.,United States,NYQ,USD,,25446339.0,23818537.0,592136320.0
DY,"Dycom Industries, Inc.",United States,NYQ,USD,,29967120.0,23827934.0,10417470464.0
SKYH,Sky Harbour Group Corporation,US,NYSE MKT LLC,USD,2020-10-22,33989673.0,23845698.0,690407168.0
INSE,"Inspired Entertainment, Inc.",United States,NCM,USD,,26926868.0,23845896.0,256074528.0
KOYNU,"CSLM Digital Asset Acquisition Corp III, Ltd",,,,,,23854629.0,
KOYNW,"CSLM Digital Asset Acquisition Corp III, Ltd",,,,,,23854629.0,
KOYN,"CSLM Digital Asset Acquisition Corp III, Ltd",United States,NGM,USD,,23891250.0,23854629.0,314001248.0
KE,"Kimball Electronics, Inc.",United States,NMS,USD,,24338363.0,23869119.0,712352192.0
ADIL,"Adial Pharmaceuticals, Inc.",,,,,26649587.0,23889958.0,6196029.0
CPF,Central Pacific Financial Corp.,United States,NYQ,USD,,26806922.0,23896070.0,863987072.0
TNK,Teekay Tankers Ltd.,Bermuda,NYQ,USD,,29912967.0,23896473.0,1876847360.0
ICUI,"ICU Medical, Inc.",United States,NMS,USD,,24686660.0,23905327.0,3650416384.0
ESBA,"Empire State Realty OP, L.P.",United States,PCX,USD,,17118268.0,23933114.0,1712692480.0
OGCP,"Empire State Realty OP, L.P.",United States,PCX,USD,,4422274.0,23933114.0,1695489792.0
FISK,"Empire State Realty OP, L.P.",United States,PCX,USD,,2248339.0,23933114.0,1836817408.0
LZM,Lifezone Metals Limited,,,,,83784302.0,23940162.0,372840128.0
OPFI,OppFi Inc.,United States,NYQ,USD,,27664310.0,23944290.0,971717184.0
FGNXP,FG Nexus Inc.,United States,NGM,USD,,,23945252.0,
FGNX,FG Nexus Inc.,United States,NGM,USD,,39574350.0,23945252.0,123268456.0
SII,Sprott Inc.,Canada,NYQ,USD,,25786258.0,23983541.0,2590745344.0
LAW,"CS Disco, Inc.",,,,,62491594.0,24006771.0,499307808.0
INGN,"Inogen, Inc.",US,NASDAQ NMS - GLOBAL MARKET,USD,2014-02-14,27148482.0,24019619.0,184609680.0
EGTIF,"eGuarantee, Inc.",,,,,45161367.0,24057507.0,543742848.0
PEO,"Adams Natural Resources Fund, Inc.",United States,NYQ,USD,,26888697.0,24076139.0,583215808.0
BBNX,"Beta Bionics, Inc.",United States,NGM,USD,,44024631.0,24085435.0,1402624768.0
RENT,"Rent the Runway, Inc.",United States,NGM,USD,,33390904.0,24088198.0,291855456.0
MMYT,MakeMyTrip Limited,India,NMS,USD,,89851697.0,24163533.0,7921020416.0
SSTK,"Shutterstock, Inc.",United States,NYQ,USD,,35520353.0,24175977.0,648956864.0
MTLS,Materialise NV,Belgium,NMS,USD,,59067186.0,24177895.0,347188768.0
SPHR,Sphere Entertainment Co.,United States,NYQ,USD,,28447507.0,24205101.0,3363425536.0
MMI,"Marcus & Millichap, Inc.",United States,NYQ,USD,,38922604.0,24227642.0,1073976704.0
BCAX,Bicara Therapeutics Inc.,,,,,54781950.0,24255804.0,920336768.0
HCKT,"The Hackett Group, Inc.",United States,NMS,USD,,25099082.0,24260646.0,541802368.0
BRQL,Dynamic Aerospace Systems,,,,,26143000.0,24267482.0,16992950.0
MGRC,McGrath RentCorp,United States,NMS,USD,,24611657.0,24337483.0,2659289600.0
UVV,Universal Corporation,United States,NYQ,USD,,24921155.0,24348716.0,1324559488.0
WEXPF,Western Exploration Inc.,,,,,52582798.0,24357404.0,25961494.0
NEWTH,"NewtekOne, Inc.",United States,NGM,USD,,,24392442.0,
PLAY,"Dave & Buster's Entertainment, Inc.",United States,NMS,USD,,34680265.0,24416987.0,566675520.0
IOSP,Innospec Inc.,United States,NMS,USD,,24777582.0,24482977.0,1946919808.0
HSDT,Solana Company,United States,NCM,USD,,41301400.0,24506599.0,114817888.0
ARDT,"Ardent Health, Inc.",US,"NEW YORK STOCK EXCHANGE, INC.",USD,2024-07-18,143187681.0,24539505.0,1320190464.0
LFUS,"Littelfuse, Inc.",United States,NMS,USD,,24901687.0,24616065.0,6526981120.0
PSTL,"Postal Realty Trust, Inc.",United States,NYQ,USD,,26062636.0,24622027.0,528536704.0
SGU,"Star Group, L.P.",US,"NEW YORK STOCK EXCHANGE, INC.",USD,1995-12-15,32976515.0,24640382.0,389782400.0
OMH,Ohmyhome Limited,Singapore,NCM,USD,,25660978.0,24686631.0,20018128.0
BWAY,BrainsWay Ltd.,Israel,NGM,USD,,19577089.0,24718919.0,379208224.0
LKFN,Lakeland Financial Corporation,United States,NMS,USD,,25528732.0,24733001.0,1499896320.0
ONTF,"ON24, Inc.",United States,NYQ,USD,,42282395.0,24765222.0,246645680.0
RYI,Ryerson Holding Corporation,United States,NYQ,USD,,32209364.0,24795091.0,846140032.0
CCS,"Century Communities, Inc.",United States,NYQ,USD,,29384289.0,24817383.0,1750810368.0
YPPN,Yappn Corp.,,,,,49277248.0,24877619.0,4927.0
NEWTP,"NewtekOne, Inc.",United States,NGM,USD,,,24913559.0,
NEWT,"NewtekOne, Inc.",United States,NGM,USD,,28887295.0,24913559.0,331626144.0
MH,"McGraw Hill, Inc.",United States,NYQ,USD,,191001519.0,24996369.0,3245115904.0
CEPV,"Cantor Equity Partners V, Inc.",United States,NGM,USD,,25540000.0,24999974.0,325211680.0
SRI,"Stoneridge, Inc.",US,"NEW YORK STOCK EXCHANGE, INC.",USD,1997-10-10,28016931.0,25005671.0,159416352.0
ALFUW,Centurion Acquisition Corp.,,,,,,25018609.0,
ALFUU,Centurion Acquisition Corp.,United States,NGM,USD,,,25018609.0,
ALF,Centurion Acquisition Corp.,United States,NGM,USD,,28750000.0,25018609.0,381835936.0
XVIPF,Xvivo Perfusion AB (publ),,,,,31499470.0,25043969.0,633296832.0
XVIPY,Xvivo Perfusion AB (publ),SE,NASDAQ OMX NORDIC,SEK,2012-10-08,,25043969.0,5669.0
MNRO,"Monro, Inc.",United States,NMS,USD,,30019660.0,25075122.0,624408896.0
AOSL,Alpha and Omega Semiconductor Limited,United States,NMS,USD,,30061450.0,25075458.0,605437568.0
SAIA,"Saia, Inc.",United States,NMS,USD,,26642641.0,25095340.0,8819246080.0
ERIE,Erie Indemnity Company,United States,NMS,USD,,46189068.0,25131033.0,14766658560.0
RSSS,"Research Solutions, Inc.",US,NASDAQ NMS - GLOBAL MARKET,USD,2009-04-14,32866068.0,25137313.0,95640264.0
TEAD,Teads Holding Co.,United States,NMS,USD,,95470825.0,25138423.0,86887992.0
MTC,"MMTec, Inc.",Hong Kong,NCM,USD,,25186864.0,25141528.0,80346176.0
EGBN,"Eagle Bancorp, Inc.",United States,NCM,USD,,30371236.0,25162569.0,643262784.0
LB,LandBridge Company LLC,United States,NYQ,USD,,27838199.0,25195292.0,4135450112.0
DMAA,Drugs Made In America Acquisition Corp.,United States,NGM,USD,,33517143.0,25206232.0,347572768.0
DMAAR,Drugs Made In America Acquisition Corp.,United States,NGM,USD,,20400000.0,25206232.0,3853560.0
DMAAU,Drugs Made In America Acquisition Corp.,United States,NGM,USD,,29171400.0,25206232.0,304257696.0
IDCC,"InterDigital, Inc.",United States,NMS,USD,,25744552.0,25238414.0,8532582400.0
NTGR,"NETGEAR, Inc.",United States,NMS,USD,,28402755.0,25269363.0,714480704.0
NOA,North American Construction Group Ltd.,Canada,NYQ,USD,,29074539.0,25292241.0,401228672.0
CRWRF,Craneware plc,,,,,35508820.0,25294926.0,933881920.0
OBAWU,Oxley Bridge Acquisition Limited,Canada,NGM,USD,,,25300000.0,
OBAWW,Oxley Bridge Acquisition Limited,Canada,NGM,USD,,,25300000.0,
PACHU,Pioneer Acquisition I Corp,US,NASDAQ NMS - GLOBAL MARKET,USD,2025-06-18,,25300000.0,318.0
PACHW,Pioneer Acquisition I Corp,United States,NGM,USD,,,25300000.0,
OBA,Oxley Bridge Acquisition Limited,Canada,NGM,USD,,25300000.0,25300000.0,316876192.0
PACH,Pioneer Acquisition I Corp,United States,NGM,USD,,25300000.0,25300000.0,318147520.0
CHCT,Community Healthcare Trust Incorporated,United States,NYQ,USD,,28471424.0,25302796.0,454119200.0
TVGNW,Tevogen Bio Holdings Inc.,,,,,,25360782.0,
INSP,"Inspire Medical Systems, Inc.",United States,NYQ,USD,,29056434.0,25368301.0,2823460096.0
DFIN,"Donnelley Financial Solutions, Inc.",United States,NYQ,USD,,26537083.0,25406073.0,1277682304.0
VTOL,Bristow Group Inc.,US,"NEW YORK STOCK EXCHANGE, INC.",USD,2013-01-22,28920000.0,25449889.0,1059050368.0
UVE,"Universal Insurance Holdings, Inc.",,,,,28048881.0,25454360.0,957733632.0
TLPH,"Talphera, Inc.",United States,NCM,USD,,46609618.0,25495461.0,51270584.0
SANG,Sangoma Technologies Corporation,Canada,NMS,USD,,33139165.0,25506262.0,169401696.0
MHO,"M/I Homes, Inc.",United States,NYQ,USD,,26148509.0,25541341.0,3403873280.0
BDCIU,BTC Development Corp.,United States,NGM,USD,,,25547578.0,
BDCI,BTC Development Corp.,United States,NGM,USD,,26060000.0,25547578.0,347814144.0
BDCIW,BTC Development Corp.,United States,NGM,USD,,,25547578.0,
OYSER,Oyster Enterprises II Acquisition Corp,United States,NGM,USD,,,25553031.0,
OYSEU,Oyster Enterprises II Acquisiti,United States,NGM,USD,,,25553031.0,
OYSE,Oyster Enterprises II Acquisition Corp,United States,NGM,USD,,26008000.0,25553031.0,341855648.0
BLUWU,Blue Water Acquisition Corp. III,United States,NGM,USD,,,25553043.0,
BLUWW,Blue Water Acquisition Corp. III,United States,NGM,USD,,,25553043.0,
BLUW,Blue Water Acquisition Corp. III,US,NASDAQ NMS - GLOBAL MARKET,USD,2025-06-10,25983000.0,25553043.0,332449312.0
APCX,AppTech Payments Corp.,,,,,39488934.0,25558714.0,15203240.0
EP,Empire Petroleum Corporation,United States,ASE,USD,,34855801.0,25617271.0,104218840.0
PLUS,ePlus inc.,United States,NMS,USD,,26438876.0,25662851.0,2397100288.0
CLAR,Clarus Corporation,United States,NMS,USD,,38401824.0,25674307.0,129798168.0
ASUR,"Asure Software, Inc.",US,NASDAQ NMS - GLOBAL MARKET,USD,1992-04-07,27763877.0,25686306.0,258481696.0
VVX,"V2X, Inc.",United States,NYQ,USD,,31171445.0,25697939.0,1737808000.0
GLIBA,"GCI Liberty, Inc. - Series A GC",,,,,3930949.0,25701785.0,1111792128.0
GLIBK,"GCI Liberty, Inc.",United States,NMS,USD,,35743455.0,25701785.0,1440475008.0
ESE,ESCO Technologies Inc.,United States,NYQ,USD,,25874368.0,25704488.0,5187810816.0
GLRE,"Greenlight Capital Re, Ltd.",Cayman Islands,NMS,USD,,34099226.0,25758896.0,493479328.0
ICG,Intchains Group Limited,China,NCM,USD,,28715807.0,25772213.0,111102832.0
RPTX,Repare Therapeutics Inc.,Canada,NMS,USD,,43108362.0,25786295.0,110788480.0
FF,FutureFuel Corp.,,,,,43803243.0,25836029.0,141922512.0
CSGS,"CSG Systems International, Inc.",US,NASDAQ NMS - GLOBAL MARKET,USD,1996-02-28,28520509.0,25848616.0,2196079104.0
COSM,Cosmos Health Inc.,GR,NASDAQ NMS - GLOBAL MARKET,USD,2010-05-19,37281724.0,25852963.0,19173990.0
PLMR,"Palomar Holdings, Inc.",United States,NMS,USD,,26501692.0,25887383.0,3609875456.0
MGIC,Magic Software Enterprises Ltd.,Israel,NMS,USD,,49099305.0,25972389.0,1288856704.0
ASIX,AdvanSix Inc.,United States,NYQ,USD,,26864035.0,26013788.0,466896928.0
EMPD,Empery Digital Inc.,United States,NMS,USD,,33800951.0,26063824.0,147164480.0
CLPT,"ClearPoint Neuro, Inc.",United States,NCM,USD,,29748308.0,26107377.0,417071296.0
GCT,GigaCloud Technology Inc.,United States,NGM,USD,,28980012.0,26129081.0,1513799040.0
GES,"Guess?, Inc.",Switzerland,NYQ,USD,,52151599.0,26134209.0,873020032.0
PMI,"Picard Medical, Inc.",United States,ASE,USD,,73701176.0,26138859.0,145191312.0
GROV,"Grove Collaborative Holdings, Inc.",United States,NYQ,USD,,41387655.0,26173967.0,48837432.0
CAEP,"Cantor Equity Partners III, Inc.",United States,NGM,USD,,28180000.0,26175994.0,357816000.0
SDHIU,Siddhi Acquisition Corp.,United States,NGM,USD,,,26188073.0,
SDHIR,Siddhi Acquisition Corp.,United States,NGM,USD,,,26188073.0,
SDHI,Siddhi Acquisition Corp.,United States,NGM,USD,,27938000.0,26188073.0,356741120.0
LANV,Lanvin Group Holdings Limited,China,NYQ,USD,,116944667.0,26188589.0,266971792.0
MBX,"MBX Biosciences, Inc.",United States,NMS,USD,,44902302.0,26204085.0,1387481216.0
CVGI,"Commercial Vehicle Group, Inc.",United States,NMS,USD,,36731381.0,26219071.0,55097076.0
CDRE,"Cadre Holdings, Inc.",US,"NEW YORK STOCK EXCHANGE, INC.",USD,2021-11-04,40681668.0,26267339.0,1706189056.0
ARCT,Arcturus Therapeutics Holdings Inc.,United States,NGM,USD,,28412537.0,26273073.0,175021216.0
NIPG,NIP Group Inc.,Sweden,NGM,USD,,98681578.0,26276879.0,124744752.0
IMXI,"International Money Express, Inc.",,,,,29718731.0,26317719.0,458262848.0
TGLS,Tecnoglass Inc.,Colombia,NYQ,USD,,46569446.0,26328968.0,2392272384.0
REFR,Research Frontiers Incorporated,United States,NCM,USD,,33648221.0,26337136.0,46434548.0
PLXS,Plexus Corp.,United States,NMS,USD,,26759184.0,26341473.0,4129150464.0
DAO,"Youdao, Inc.",China,NYQ,USD,,31280889.0,26344775.0,1133516416.0
LXFR,Luxfer Holdings PLC,US,"NEW YORK STOCK EXCHANGE, INC.",USD,2012-10-03,26721510.0,26372794.0,375971648.0
XPPLF,XP Power Limited,,,,,28032178.0,26374242.0,322370048.0
GRPN,"Groupon, Inc.",United States,NMS,USD,,40754803.0,26389550.0,736031744.0
SYBT,"Stock Yards Bancorp, Inc.",United States,NMS,USD,,29473458.0,26400555.0,1965290240.0
AGYS,"Agilysys, Inc.",United States,NMS,USD,,28042508.0,26405553.0,3406638848.0
RYDE,Ryde Group Ltd.,SG,NYSE MKT LLC,SGD,2024-03-06,108964651.0,26417056.0,34607100.0
MX,Magnachip Semiconductor Corporation,South Korea,NYQ,USD,,35981823.0,26443042.0,94992016.0
PRKS,United Parks & Resorts Inc.,United States,NYQ,USD,,54550611.0,26555237.0,1980335872.0
MCY,Mercury General Corporation,United States,NYQ,USD,,55388627.0,26555523.0,5203761664.0
AEHR,"Aehr Test Systems, Inc.",United States,NCM,USD,,30006590.0,26573536.0,643941376.0
IRBTQ,iRobot Corporation,,,,,31826203.0,26579706.0,4455668.0
DORM,"Dorman Products, Inc.",,,,,30562644.0,26589195.0,3869842176.0
AVD,American Vanguard Corporation,United States,NYQ,USD,,28468140.0,26595790.0,114157248.0
DSGN,"Design Therapeutics, Inc.",United States,NMS,USD,,56963757.0,26602075.0,548560960.0
MTRX,Matrix Service Company,United States,NMS,USD,,28124527.0,26686801.0,330463200.0
HPK,"HighPeak Energy, Inc.",United States,NGM,USD,,125587093.0,26711119.0,538584896.0
ESLT,Elbit Systems Ltd.,Israel,NMS,USD,,46436200.0,26721125.0,26519250944.0
LYTS,LSI Industries Inc.,United States,NMS,USD,,31092786.0,26733438.0,583922560.0
IMMX,"Immix Biopharma, Inc.",United States,NCM,USD,,52695519.0,26750148.0,297202720.0
SERA,"Sera Prognostics, Inc.",US,NASDAQ NMS - GLOBAL MARKET,USD,2021-07-15,37627034.0,26795979.0,135853664.0
VAC,Marriott Vacations Worldwide Corporation,,,,,34613991.0,26806805.0,2026649216.0
IPGP,IPG Photonics Corporation,United States,NMS,USD,,42124481.0,26811390.0,3174093568.0
VC,Visteon Corporation,United States,NMS,USD,,27285922.0,26834886.0,2654920192.0
FHTX,Foghorn Therapeutics Inc.,United States,NGM,USD,,56551289.0,26838676.0,305376960.0
BRVO,Bravo Multinational Incorporated,,,,,47641010.0,26880011.0,2382050.0
OSTX,OS Therapies Incorporated,United States,ASE,USD,,35214352.0,26884045.0,53173672.0
SUUN,PowerBank Corporation,Canada,NGM,USD,,36640486.0,26898585.0,69983328.0
COLL,"Collegium Pharmaceutical, Inc.",,,,,31610976.0,26904418.0,1575491072.0
DYAI,"Dyadic International, Inc.",,,,,36187798.0,26907437.0,34447168.0
HYPAF,HYPER BIT TECHNOLOGIES LTD.,,,,,,26910872.0,
CMTL,Comtech Telecommunications Corp.,United States,NMS,USD,,29629375.0,26917102.0,140146944.0
HOVR,New Horizon Aircraft Ltd.,Canada,NCM,USD,,43355189.0,26926750.0,67634088.0
HOVRW,New Horizon Aircraft Ltd.,,,,,,26926750.0,
APYX,Apyx Medical Corporation,United States,NMS,USD,,41029622.0,26943334.0,141141904.0
BZH,"Beazer Homes USA, Inc.",US,"NEW YORK STOCK EXCHANGE, INC.",USD,1994-02-23,29508027.0,26946940.0,603531776.0
CSTL,"Castle Biosciences, Inc.",United States,NGM,USD,,29188659.0,26975575.0,1149887232.0
LOPE,"Grand Canyon Education, Inc.",United States,NMS,USD,,27968476.0,26990978.0,4728201216.0
AMG,"Affiliated Managers Group, Inc.",United States,NYQ,USD,,28128908.0,27006565.0,8411959808.0
MAZE,"Maze Therapeutics, Inc.",United States,NGM,USD,,48119444.0,27046977.0,2025828480.0
GNVR,Genvor Incorporated,,,,,19623536.0,27047976.0,33360012.0
CLBK,"Columbia Financial, Inc.",United States,NMS,USD,,104313352.0,27052045.0,1691425536.0
MGX,"Metagenomi, Inc.",United States,NMS,USD,,37546751.0,27055062.0,63829480.0
WTS,"Watts Water Technologies, Inc.",United States,NYQ,USD,,27406631.0,27069898.0,9480901632.0
SGMT,Sagimet Biosciences Inc.,United States,NGM,USD,,31001109.0,27078459.0,193828736.0
EWCZ,"European Wax Center, Inc.",United States,NMS,USD,,43692903.0,27093969.0,206103296.0
PED,PEDEVCO Corp.,United States,ASE,USD,,95519352.0,27094064.0,52917724.0
WGO,"Winnebago Industries, Inc.",United States,NYQ,USD,,28220626.0,27108733.0,1181033216.0
LINC,Lincoln Educational Services Corporation,United States,NMS,USD,,31623795.0,27127840.0,785218880.0
HROW,"Harrow, Inc.",United States,NGM,USD,,37037453.0,27131045.0,1855206016.0
KFIIR,K&F Growth Acquisition Corp. II,United States,NGM,USD,,,27176185.0,
KFII,K&F Growth Acquisition Corp. II,United States,NGM,USD,,29672727.0,27176185.0,405122528.0
KFIIU,K&F Growth Acquisition Corp. II,United States,NGM,USD,,25829000.0,27176185.0,277661760.0
KOD,Kodiak Sciences Inc.,United States,NGM,USD,,61048428.0,27193797.0,1824737536.0
LFT,"Lument Finance Trust, Inc.",United States,NYQ,USD,,52364930.0,27228716.0,76452800.0
BAND,Bandwidth Inc.,United States,NMS,USD,,28563553.0,27235628.0,463928000.0
AEVAW,"Aeva Technologies, Inc.",United States,NMS,USD,,,27245037.0,
AEVA,"Aeva Technologies, Inc.",United States,NMS,USD,,60079908.0,27245037.0,794256384.0
AAMI,Acadian Asset Management Inc.,United States,NYQ,USD,,35709120.0,27250344.0,1732580352.0
BEAT,"HeartBeam, Inc.",United States,NCM,USD,,34443563.0,27250714.0,84042296.0
IINN,Inspira Technologies Oxy B.H.N. Ltd.,Israel,NCM,USD,,35949247.0,27252254.0,34874364.0
IINNW,Inspira Technologies Oxy B.H.N. Ltd.,Israel,NCM,USD,,,27252254.0,
CNS,"Cohen & Steers, Inc.",United States,NYQ,USD,,51007541.0,27359425.0,3274683904.0
PFSI,"PennyMac Financial Services, Inc.",US,"NEW YORK STOCK EXCHANGE, INC.",USD,2013-05-09,51965474.0,27373853.0,6957657088.0
VBNK,VersaBank,Canada,NMS,USD,,31945535.0,27380838.0,479183040.0
GLP,Global Partners LP,United States,NYQ,USD,,33825839.0,27487215.0,1443505280.0
STC,Stewart Information Services Corporation,United States,NYQ,USD,,30209203.0,27497628.0,2147270272.0
GOLF,Acushnet Holdings Corp.,United States,NYQ,USD,,58661329.0,27508057.0,4870649856.0
IIPR,"Innovative Industrial Properties, Inc.",,,,,28022975.0,27564239.0,1425809024.0
DXLG,"Destination XL Group, Inc.",United States,NGM,USD,,54656415.0,27571975.0,50797676.0
CGCTU,Cartesian Growth Corporation III,United States,NGM,USD,,,27600000.0,
CGCTW,Cartesian Growth Corporation III,United States,NGM,USD,,,27600000.0,
CGCT,Cartesian Growth Corporation III,United States,NGM,USD,,27600000.0,27600000.0,355695008.0
ACT,"Enact Holdings, Inc.",US,NASDAQ NMS - GLOBAL MARKET,USD,2021-05-13,144395767.0,27640238.0,5913500160.0
COLM,Columbia Sportswear Company,United States,NMS,USD,,53888892.0,27654702.0,3044120576.0
PSMT,"PriceSmart, Inc.",United States,NMS,USD,,30816360.0,27693490.0,3859552000.0
BLD,TopBuild Corp.,United States,NYQ,USD,,28071651.0,27696136.0,12153724928.0
UVSP,Univest Financial Corporation,United States,NMS,USD,,28475713.0,27711425.0,949949824.0
SND,"Smart Sand, Inc.",United States,NMS,USD,,39711792.0,27723026.0,153347088.0
CMCO,Columbus McKinnon Corporation,United States,NMS,USD,,28728261.0,27765140.0,511075776.0
GEF,"Greif, Inc.",United States,NYQ,USD,,25996487.0,27838126.0,4067632896.0
RGTLF,Argent BioPharma Limited,,,,,83384867.0,27846817.0,5003091.0
ASLE,AerSale Corporation,United States,NCM,USD,,47185011.0,27926921.0,335485440.0
ALLT,Allot Ltd.,IL,NASDAQ NMS - GLOBAL MARKET,USD,2006-11-16,48425616.0,27988413.0,448905472.0
NVGS,Navigator Holdings Ltd.,United Kingdom,NYQ,USD,,65537859.0,28006293.0,1151327232.0
BKSY,BlackSky Technology Inc.,United States,NYQ,USD,,35992596.0,28029499.0,695017024.0
NPACW,New Providence Acquisition Corp. III,United States,NGM,USD,,,28075978.0,
NPACU,New Providence Acquisition Corp. III,United States,NGM,USD,,,28075978.0,
NPAC,New Providence Acquisition Corp. III,United States,NGM,USD,,30887075.0,28075978.0,394166272.0
OPRA,Opera Limited,Norway,NMS,USD,,89648056.0,28080461.0,1300793344.0
BLX,"Banco Latinoamericano de Comercio Exterior, S. A.",Panama,NYQ,USD,,28736597.0,28101586.0,1636469760.0
BFST,"Business First Bancshares, Inc.",United States,NMS,USD,,29615370.0,28113278.0,791322688.0
PCCOF,,,,,,61172848.0,28171898.0,1838244096.0
YTRA,"Yatra Online, Inc.",India,NCM,USD,,60496204.0,28172549.0,112825424.0
NHPAP,"National Healthcare Properties, Inc.",United States,NGM,USD,,,28181087.0,
NHPBP,"National Healthcare Properties, Inc.",United States,NGM,USD,,,28181087.0,
DBI,Designer Brands Inc.,US,"NEW YORK STOCK EXCHANGE, INC.",USD,2005-06-29,41903371.0,28220600.0,386168800.0
HGBL,Heritage Global Inc.,United States,NCM,USD,,34741553.0,28232028.0,43774356.0
VTS,"Vitesse Energy, Inc.",United States,NYQ,USD,,38673632.0,28251475.0,738279616.0
CAMT,Camtek Ltd.,Israel,NGM,USD,,45766257.0,28266156.0,4990810112.0
NXST,"Nexstar Media Group, Inc.",United States,NMS,USD,,30326192.0,28273412.0,6215352832.0
JEWL,Adamas One Corp.,,,,,38047648.0,28320386.0,190238.0
THRM,Gentherm Incorporated,United States,NMS,USD,,30525148.0,28333442.0,1134314496.0
TG,Tredegar Corporation,United States,NYQ,USD,,34792151.0,28333995.0,258157776.0
SBSI,"Southside Bancshares, Inc.",,,,,30066126.0,28349952.0,940304192.0
RBC,RBC Bearings Incorporated,United States,NYQ,USD,,31611442.0,28410408.0,14425248768.0
AIN,Albany International Corp.,,,,,28663591.0,28425628.0,1519962368.0
CCNE,CNB Financial Corporation,United States,NMS,USD,,29476240.0,28438243.0,790552768.0
CCNEP,CNB Financial Corporation,United States,NMS,USD,,,28438243.0,
EVER,"EverQuote, Inc.",United States,NGM,USD,,32351643.0,28446886.0,974528128.0
LTBR,Lightbridge Corporation,United States,NCM,USD,,32371338.0,28470642.0,445105888.0
SPIR,"Spire Global, Inc.",United States,NYQ,USD,,33100260.0,28490056.0,256196000.0
HRI,Herc Holdings Inc.,United States,NYQ,USD,,33269714.0,28520795.0,5205712384.0
PANL,"Pangaea Logistics Solutions, Ltd.",,,,,64973688.0,28552037.0,450821600.0
CTS,CTS Corporation,United States,NYQ,USD,,29052423.0,28554464.0,1310236544.0
BIGGQ,"Former BL Stores, Inc.",,,,,29694012.0,28558216.0,11877.0
MENS,Jyong Biotech Ltd.,Taiwan,NGM,USD,,76027667.0,28587286.0,244809088.0
TSE,Trinseo PLC,United States,NYQ,USD,,35993589.0,28635060.0,19796474.0
CV,"CapsoVision, Inc.",US,NASDAQ NMS - GLOBAL MARKET,USD,2025-07-02,46843225.0,28663369.0,609430336.0
EUUNF,Azarga Metals Corp.,,,,,76889855.0,28666845.0,6535638.0
PROF,Profound Medical Corp.,Canada,NCM,USD,,35371531.0,28718937.0,260688192.0
GPAT,GP-Act III Acquisition Corp.,United States,NGM,USD,,28750000.0,28750000.0,383812512.0
GPATU,GP-Act III Acquisition Corp.,United States,NGM,USD,,,28750000.0,
GPATW,GP-Act III Acquisition Corp.,United States,NGM,USD,,,28750000.0,
CHA,Chagee Holdings Limited,,,,,120478383.0,28756586.0,2210454528.0
CRVL,CorVel Corporation,United States,NMS,USD,,51246949.0,28789511.0,3545197568.0
TCIIF,Tracsis plc,,,,,29749061.0,28798528.0,166594736.0
TRON,Tron Inc.,United States,NCM,USD,,257115400.0,28802067.0,370246176.0
GLUE,"Monte Rosa Therapeutics, Inc.",United States,NMS,USD,,65117761.0,28946147.0,1125886080.0
REX,REX American Resources Corporation,United States,NYQ,USD,,32937718.0,28954560.0,1129907840.0
OBK,"Origin Bancorp, Inc.",United States,NYQ,USD,,30972121.0,29015922.0,1188710016.0
GRSFF,Greencastle Resources Ltd.,,,,,36210671.0,29028284.0,12288549.0
EDAP,EDAP TMS S.A.,France,NGM,USD,,37392086.0,29046387.0,127133104.0
ALXO,ALX Oncology Holdings Inc.,United States,NMS,USD,,54218001.0,29049463.0,72109944.0
DFH,"Dream Finders Homes, Inc.",US,"NEW YORK STOCK EXCHANGE, INC.",USD,2021-01-20,35028565.0,29050778.0,1658866816.0
PRTH,"Priority Technology Holdings, Inc.",United States,NCM,USD,,81871568.0,29083237.0,452749792.0
HAFC,Hanmi Financial Corporation,United States,NMS,USD,,29955307.0,29097129.0,835997312.0
MATW,Matthews International Corporation,United States,NMS,USD,,30795844.0,29104228.0,827176384.0
TBI,"TrueBlue, Inc.",United States,NYQ,USD,,29939468.0,29155952.0,139218528.0
TNET,"TriNet Group, Inc.",US,"NEW YORK STOCK EXCHANGE, INC.",USD,2014-03-27,48030361.0,29158272.0,2849799680.0
PI,"Impinj, Inc.",United States,NMS,USD,,30109132.0,29165211.0,5239289856.0
HYREQ,HyreCar Inc.,,,,,32105782.0,29170002.0,321.0
YXT,YXT.COM Group Holding Limited,China,NGM,USD,,54047675.0,29176665.0,41458124.0
VTGN,"Vistagen Therapeutics, Inc.",United States,NCM,USD,,39495451.0,29189903.0,28768486.0
PERF,Perfect Corp.,Taiwan,NYQ,USD,,85059953.0,29192800.0,176198208.0
SMNRW,"Semnur Pharmaceuticals, Inc.",,,,,,29241432.0,
TYGO,"Tigo Energy, Inc.",United States,NCM,USD,,70352248.0,29244022.0,104824848.0
ROCK,"Gibraltar Industries, Inc.",,,,,29542662.0,29245167.0,1501948928.0
SGHT,"Sight Sciences, Inc.",United States,NMS,USD,,52871731.0,29275077.0,466328672.0
MBINM,Merchants Bancorp,United States,NCM,USD,,,29282382.0,
MBINL,Merchants Bancorp,United States,NCM,USD,,,29282382.0,
MBINN,Merchants Bancorp,United States,NCM,USD,,,29282382.0,
MBIN,Merchants Bancorp,United States,NCM,USD,,45889238.0,29282382.0,1547385216.0
BMI,"Badger Meter, Inc.",United States,NYQ,USD,,29469785.0,29320078.0,5326663680.0
PDFS,"PDF Solutions, Inc.",US,NASDAQ NMS - GLOBAL MARKET,USD,2001-07-26,39512959.0,29343114.0,1158124800.0
HSHP,Himalaya Shipping Ltd.,Bermuda,NYQ,USD,,46650000.0,29356758.0,425773280.0
YRD,Yiren Digital Ltd.,China,NYQ,USD,,86406484.0,29364989.0,347738176.0
GNLX,Genelux Corporation,United States,NCM,USD,,38051771.0,29367586.0,166286240.0
MOBXW,"Mobix Labs, Inc.",United States,NCM,USD,,,29377014.0,
JBIO,"Jade Biosciences, Inc.",United States,NCM,USD,,49314337.0,29440391.0,811220864.0
AZZ,AZZ Inc.,,,,,30057082.0,29460749.0,3320706560.0
YDKG,Yueda Digital Holding,US,NASDAQ NMS - GLOBAL MARKET,USD,2007-11-07,5542224.0,29475491.0,5347693.0
MRT,"Marti Technologies, Inc.",Turkey,ASE,USD,,78708475.0,29576648.0,181816560.0
FCN,"FTI Consulting, Inc.",United States,NYQ,USD,,30876070.0,29581685.0,5678535680.0
PAYS,"Paysign, Inc.",United States,NCM,USD,,55042888.0,29620229.0,289525600.0
NEOV,NeoVolta Inc.,,,,,34737923.0,29679387.0,103171632.0
NEOVW,NeoVolta Inc.,United States,NCM,USD,,,29679387.0,
PNPL,"Pineapple, Inc.",,,,,73103569.0,29708559.0,9503463.0
WBI,WaterBridge Infrastructure LLC,United States,NYQ,USD,,43264850.0,29725548.0,873517376.0
SPUP,Sipup Corporation,,,,,71047594.0,29766299.0,7104.0
ADAG,Adagene Inc.,China,NGM,USD,,47131270.0,29785784.0,83893664.0
IFS,Intercorp Financial Services Inc.,Peru,NYQ,USD,,111351705.0,29811078.0,4781442048.0
GSIT,"GSI Technology, Inc.",,,,,35241703.0,29840207.0,269599040.0
WEX,WEX Inc.,,,,,34288525.0,29849875.0,5250258432.0
CPA,"Copa Holdings, S.A.",Panama,NYQ,USD,,30199961.0,29859042.0,4999511552.0
DBD,"Diebold Nixdorf, Incorporated",United States,NYQ,USD,,35867156.0,29865146.0,2538338304.0
EQ,"Equillium, Inc.",United States,NCM,USD,,60893283.0,29868764.0,91339928.0
NVMI,Nova Ltd.,IL,NASDAQ NMS - GLOBAL MARKET,USD,2000-04-11,29652464.0,29907860.0,9812593664.0
OPRT,Oportun Financial Corporation,United States,NMS,USD,,44129020.0,29985669.0,236972832.0
ACBM,"Acro Biomedical Co., Ltd.",,,,,60042000.0,30042015.0,42029.0
EPM,Evolution Petroleum Corporation,United States,ASE,USD,,34690864.0,30078144.0,124193288.0
CVI,"CVR Energy, Inc.",US,"NEW YORK STOCK EXCHANGE, INC.",USD,2007-10-23,100530599.0,30103888.0,2615806208.0
GBX,"The Greenbrier Companies, Inc.",United States,NYQ,USD,,31190881.0,30142301.0,1464099840.0
RCEL,"AVITA Medical, Inc.",United States,NCM,USD,,30493111.0,30198852.0,104896304.0
RGP,"Resources Connection, Inc.",United States,NMS,USD,,33390494.0,30212721.0,175634000.0
AYI,Acuity Inc.,United States,NYQ,USD,,30727680.0,30214677.0,11471257600.0
VMD,"Viemed Healthcare, Inc.",United States,NCM,USD,,38017907.0,30219674.0,283136064.0
TARS,"Tarsus Pharmaceuticals, Inc.",United States,NMS,USD,,42449105.0,30245836.0,3471487744.0
ELVA,Electrovaya Inc.,Canada,NCM,USD,,45511915.0,30285156.0,363185088.0
CECO,CECO Environmental Corp.,United States,NMS,USD,,35641031.0,30310915.0,2188537600.0
TACOU,Berto Acquisition Corp.,United States,NGM,USD,,,30328282.0,
TACO,Berto Acquisition Corp.,United States,NGM,USD,,37518750.0,30328282.0,380064960.0
TACOW,Berto Acquisition Corp.,United States,NGM,USD,,,30328282.0,
NRDS,"NerdWallet, Inc.",US,NASDAQ NMS - GLOBAL MARKET,USD,2021-11-04,41027578.0,30349775.0,1059441408.0
SHBI,"Shore Bancshares, Inc.",United States,NMS,USD,,33426756.0,30358514.0,599676032.0
BOOT,"Boot Barn Holdings, Inc.",United States,NYQ,USD,,30483634.0,30362309.0,5682734592.0
PDYNW,Palladyne AI Corp.,United States,NGM,USD,,,30362360.0,
PDYN,Palladyne AI Corp.,United States,NGM,USD,,44709423.0,30362360.0,201192416.0
HHH,Howard Hughes Holdings Inc.,United States,NYQ,USD,,59390960.0,30368841.0,4686574592.0
KALV,"KalVista Pharmaceuticals, Inc.",United States,NGM,USD,,50546293.0,30381355.0,766787264.0
ATOM,Atomera Incorporated,US,NASDAQ NMS - GLOBAL MARKET,USD,2016-08-05,31681033.0,30388447.0,68431032.0
BKE,"The Buckle, Inc.",United States,NYQ,USD,,51156626.0,30406953.0,2777804800.0
ATKR,Atkore Inc.,,,,,33750639.0,30418301.0,2192103936.0
RAPP,"Rapport Therapeutics, Inc.",United States,NGM,USD,,47661138.0,30432590.0,1439366400.0
RGBPP,"Regen BioPharma, Inc.",,,,,158726000.0,30457547.0,2426352.0
RGBP,"Regen BioPharma, Inc.",,,,,55234704.0,30457547.0,524729.0
MATX,"Matson, Inc.",United States,NYQ,USD,,31180035.0,30474431.0,3974581248.0
INREF,InRetail Perú Corp.,,,,,106256142.0,30481699.0,2922043648.0
INOD,Innodata Inc.,United States,NGM,USD,,31860951.0,30502719.0,1673018496.0
NSIT,"Insight Enterprises, Inc.",United States,NMS,USD,,30979597.0,30509327.0,2598813440.0
GRBK,"Green Brick Partners, Inc.",United States,NYQ,USD,,43565098.0,30511252.0,2779889152.0
KELYB,"Kelly Services, Inc.",United States,NMS,USD,,3295941.0,30529367.0,299710112.0
KELYA,"Kelly Services, Inc.",United States,NMS,USD,,32043065.0,30529367.0,304268832.0
CCRN,"Cross Country Healthcare, Inc.",United States,NMS,USD,,32759952.0,30550621.0,262079616.0
AMVMF,AMG Critical Materials N.V.,NL,NYSE EURONEXT - EURONEXT AMSTERDAM,USD,2007-07-11,32269144.0,30588911.0,1077789440.0
MITT,"TPG Mortgage Investment Trust, Inc.",United States,NYQ,USD,,31744449.0,30595935.0,280303488.0
SLVM,Sylvamo Corporation,United States,NYQ,USD,,39438257.0,30616708.0,1977044096.0
AGTX,Agentix Corp.,,,,,40066951.0,30637194.0,1602678.0
CNMD,CONMED Corporation,,,,,30967954.0,30681810.0,1263492480.0
MTX,Minerals Technologies Inc.,,,,,31134308.0,30706211.0,1949711872.0
ACLS,"Axcelis Technologies, Inc.",,,,,30999133.0,30793299.0,2595512064.0
QIPT,Quipt Home Medical Corp.,United States,NCM,USD,,44027472.0,30833759.0,155416976.0
KMTS,"Kestra Medical Technologies, Ltd.",US,NASDAQ NMS - GLOBAL MARKET,USD,2025-03-06,58349053.0,30837475.0,1583009792.0
BYSI,BeyondSpring Inc.,United States,NCM,USD,,41122320.0,30852623.0,75665072.0
NBTX,Nanobiotix S.A.,FR,NYSE EURONEXT - EURONEXT PARIS,EUR,2012-10-29,48379000.0,30854903.0,1114652160.0
LFLRF,LaFleur Minerals Inc.,,,,,73784225.0,30856563.0,28499156.0
ATNM,"Actinium Pharmaceuticals, Inc.",United States,ASE,USD,,31195891.0,30858663.0,47417756.0
CELC,Celcuity Inc.,US,NASDAQ NMS - GLOBAL MARKET,USD,2017-09-20,46271259.0,30876348.0,4731236352.0
FLNG,FLEX LNG Ltd.,Bermuda,NYQ,USD,,54087768.0,30890065.0,1326232064.0
NMAX,"Newsmax, Inc.",United States,NYQ,USD,,89889822.0,30913511.0,1119549440.0
TCBK,TriCo Bancshares,,,,,32511648.0,30922479.0,1572924160.0
CTO,"CTO Realty Growth, Inc.",United States,NYQ,USD,,32372291.0,30947910.0,592254144.0
BOW,Bowhead Specialty Holdings Inc.,United States,NYQ,USD,,32782974.0,31051705.0,991622528.0
RMESF,Red Metal Resources Ltd.,,,,,40035726.0,31052510.0,468418.0
TRLFF,Maven Brands Inc.,,,,,35140866.0,31055389.0,3514.0
GRND,Grindr Inc.,United States,NYQ,USD,,184734121.0,31083363.0,2589778432.0
BBOT,"BridgeBio Oncology Therapeutics, Inc.",United States,NGM,USD,,79988687.0,31113999.0,986260544.0
ANIX,"Anixa Biosciences, Inc.",United States,NCM,USD,,32916915.0,31121956.0,105334136.0
PNTG,"The Pennant Group, Inc.",,,,,34593720.0,31206995.0,1004947520.0
NOTV,"Inotiv, Inc.",United States,NCM,USD,,34367251.0,31272136.0,20939968.0
FVRR,Fiverr International Ltd.,IL,"NEW YORK STOCK EXCHANGE, INC.",USD,2019-06-13,36932903.0,31330900.0,729794176.0
AMCX,AMC Networks Inc.,,,,,32042361.0,31332309.0,426562336.0
ORMP,Oramed Pharmaceuticals Inc.,United States,NCM,USD,,39802455.0,31351598.0,117552288.0
BLBD,Blue Bird Corporation,United States,NGM,USD,,31714959.0,31365143.0,1609217152.0
MMLP,Martin Midstream Partners L.P.,United States,NMS,USD,,39055086.0,31538544.0,102324328.0
AUGO,Aura Minerals Inc.,United States,NMS,USD,,83534506.0,31550983.0,4515875328.0
ORKA,"Oruka Therapeutics, Inc.",United States,NGM,USD,,48409232.0,31574922.0,1534572672.0
EG,"Everest Group, Ltd.",,,,,41978058.0,31598983.0,14168853504.0
TRS,TriMas Corporation,United States,NMS,USD,,40645671.0,31628429.0,1468934528.0
ENTX,Entera Bio Ltd.,Israel,NCM,USD,,45857242.0,31657547.0,78874456.0
EE,"Excelerate Energy, Inc.",United States,NYQ,USD,,32009581.0,31664198.0,3175762432.0
EXP,Eagle Materials Inc.,United States,NYQ,USD,,32063877.0,31665323.0,6973678592.0
PRI,"Primerica, Inc.",United States,NYQ,USD,,31916058.0,31729349.0,8428548608.0
SSII,"SS Innovations International, Inc.",India,NCM,USD,,193621149.0,31730634.0,1111385344.0
LII,Lennox International Inc.,United States,NYQ,USD,,35072782.0,31746479.0,17497511936.0
OPAD,Offerpad Solutions Inc.,United States,NYQ,USD,,36859946.0,31747103.0,47180728.0
ANDE,"The Andersons, Inc.",United States,NMS,USD,,33839123.0,31769502.0,1824785920.0
PSQH,"PSQ Holdings, Inc.",United States,NYQ,USD,,46492639.0,31786010.0,54179892.0
ZBIO,"Zenas BioPharma, Inc.",United States,NMS,USD,,53679166.0,31796317.0,2280827904.0
KLC,"KinderCare Learning Companies, Inc.",United States,NYQ,USD,,118318554.0,31802844.0,506403424.0
PATK,"Patrick Industries, Inc.",United States,NMS,USD,,33276096.0,31850881.0,3728875776.0
PSFE,Paysafe Limited,United Kingdom,NYQ,USD,,57462927.0,31863768.0,472539232.0
FREKF,freee K.K.,,,,,59548556.0,31890066.0,1143915392.0
IRTC,"iRhythm Technologies, Inc.",United States,NMS,USD,,32219143.0,31902751.0,5689901056.0
RFL,"Rafael Holdings, Inc.",United States,NYQ,USD,,50975638.0,31921602.0,62115364.0
HNGE,"Hinge Health, Inc.",United States,NYQ,USD,,37919155.0,31936466.0,3742321152.0
AAM,AA Mission Acquisition Corp.,United States,NYQ,USD,,35349000.0,31941394.0,467883360.0
AMRC,"Ameresco, Inc.",US,"NEW YORK STOCK EXCHANGE, INC.",USD,2010-07-22,34797456.0,31941933.0,1593427200.0
STAA,STAAR Surgical Company,United States,NGM,USD,,49365953.0,31951744.0,1152695040.0
MAIA,"MAIA Biotechnology, Inc.",United States,ASE,USD,,37032307.0,31984063.0,58140724.0
THR,"Thermon Group Holdings, Inc.",United States,NYQ,USD,,32840075.0,31990174.0,1250519168.0
BTM,Bitcoin Depot Inc.,United States,NCM,USD,,35360672.0,31997354.0,93704672.0
CURR,CURRENC Group Inc.,Singapore,NGM,USD,,76597293.0,32013839.0,146300832.0
TTAM,Titan America SA,Belgium,NYQ,USD,,184362465.0,32018229.0,3139692800.0
DOMO,"Domo, Inc.",US,NASDAQ NMS - GLOBAL MARKET,USD,2018-06-29,38534833.0,32091628.0,373678496.0
CUBI,"Customers Bancorp, Inc.",United States,NYQ,USD,,34168077.0,32130293.0,2585498368.0
BKNG,Booking Holdings Inc.,United States,NMS,USD,,32233815.0,32141949.0,176314318848.0
TH,Target Hospitality Corp.,US,NASDAQ NMS - GLOBAL MARKET,USD,2018-03-05,99779532.0,32172912.0,846130432.0
BCPC,Balchem Corporation,United States,NMS,USD,,32386260.0,32227243.0,5110394880.0
LTRX,"Lantronix, Inc.",United States,NCM,USD,,39358610.0,32253200.0,228279936.0
SLAB,Silicon Laboratories Inc.,US,NASDAQ NMS - GLOBAL MARKET,USD,2000-03-24,32852942.0,32254033.0,4414778368.0
SMTEF,Smart Eye AB (publ),SE,NASDAQ OMX NORDIC,SEK,2016-12-07,37953933.0,32260084.0,337433600.0
ARQ,"Arq, Inc.",United States,NGM,USD,,42693884.0,32262060.0,145586144.0
NBBK,"NB Bancorp, Inc.",United States,NCM,USD,,45770800.0,32293636.0,942878528.0
FFIC,Flushing Financial Corporation,United States,NMS,USD,,33778438.0,32310765.0,575246848.0
YOUL,Youlife Group Inc.,China,NCM,USD,,64887692.0,32346837.0,121677592.0
TXRP,"TX Rail Products, Inc",,,,,45000000.0,32368950.0,9342000.0
HURA,"TuHURA Biosciences, Inc.",United States,NCM,USD,,56478084.0,32396135.0,44945256.0
CAL,"Caleres, Inc.",United States,NYQ,USD,,33895562.0,32441781.0,450133024.0
CIO,"City Office REIT, Inc.",Canada,NYQ,USD,,40363640.0,32468108.0,281334560.0
PZZA,"Papa John's International, Inc.",United States,NMS,USD,,32789416.0,32472670.0,1288624000.0
GSL,"Global Ship Lease, Inc.",Greece,NYQ,USD,,35770652.0,32513734.0,1238737664.0
OBIO,"Orchestra BioMed Holdings, Inc.",United States,NGM,USD,,56464731.0,32525944.0,243927648.0
STTK,"Shattuck Labs, Inc.",United States,NMS,USD,,63279843.0,32537862.0,211987472.0
POOL,Pool Corporation,United States,NMS,USD,,37249484.0,32598141.0,8676064256.0
SSSAF,Shurgard Self Storage Ltd,GG,NYSE EURONEXT - EURONEXT BRUSSELS,EUR,2018-10-15,100972323.0,32601686.0,3411352320.0
AMPY,Amplify Energy Corp.,United States,NYQ,USD,,40475997.0,32611106.0,184570544.0
ABL,"Abacus Global Management, Inc.",United States,NCM,USD,,97752855.0,32626970.0,830899264.0
AIP,"Arteris, Inc.",United States,NGM,USD,,43683773.0,32678957.0,695445632.0
MEG,"Montrose Environmental Group, Inc.",United States,NYQ,USD,,35337667.0,32731161.0,920192896.0
RNXT,"RenovoRx, Inc.",United States,NCM,USD,,36649916.0,32755496.0,31324684.0
THAR,"Tharimmune, Inc.",,,,,35044812.0,32767600.0,90766064.0
XTIA,"XTI Aerospace, Inc.",United States,NCM,USD,,32786816.0,32768455.0,44590072.0
WD,"Walker & Dunlop, Inc.",US,"NEW YORK STOCK EXCHANGE, INC.",USD,2010-12-15,34064232.0,32783417.0,2077194240.0
ACDC,ProFrac Holding Corp.,United States,NMS,USD,,180871183.0,32797372.0,678266944.0
LGN,Legence Corp.,United States,NMS,USD,,58656167.0,32815193.0,4698027008.0
DPZ,"Domino's Pizza, Inc.",United States,NMS,USD,,33786218.0,32829970.0,14447302656.0
ENGNW,enGene Holdings Inc.,Canada,NCM,USD,,,32831192.0,
ENGN,enGene Holdings Inc.,Canada,NCM,USD,,66984661.0,32831192.0,636354240.0
HLIO,"Helios Technologies, Inc.",United States,NYQ,USD,,33128494.0,32844914.0,1840038144.0
BY,"Byline Bancorp, Inc.",United States,NYQ,USD,,45819227.0,32860633.0,1362646912.0
GRAL,"GRAIL, Inc.",United States,NMS,USD,,38982223.0,32893590.0,3570381824.0
WSO,"Watsco, Inc.",,,,,34923800.0,32911048.0,14156713984.0
ANSCW,Agriculture & Natural Solutions Acquisition Corporation,,,,,,32922446.0,
ANSCU,Agriculture & Natural Solutions Acquisition Corporation,United States,NGM,USD,,,32922446.0,
ANSC,Agriculture & Natural Solutions Acquisition Corporation,United States,NGM,USD,,32922237.0,32922446.0,463874944.0
HNRG,Hallador Energy Company,US,NASDAQ NMS - GLOBAL MARKET,USD,1981-06-05,43825006.0,32940189.0,846699136.0
TOVX,"Theriva Biologics, Inc.",United States,ASE,USD,,33739643.0,32990286.0,6454394.0
ESSI,"Eco Science Solutions, Inc.",,,,,52957572.0,33023283.0,664087.0
TMDX,"TransMedics Group, Inc.",United States,NGM,USD,,34174325.0,33027435.0,4244450816.0
BIOX,Bioceres Crop Solutions Corp.,Argentina,NMS,USD,,63478813.0,33045800.0,83792032.0
BTEAF,Bénéteau S.A.,FR,NYSE EURONEXT - EURONEXT PARIS,EUR,1984-01-01,80200224.0,33068514.0,750770112.0
HTO,H2O America,United States,NMS,USD,,35805089.0,33080680.0,1748362496.0
FLL,"Full House Resorts, Inc.",United States,NCM,USD,,36121498.0,33119802.0,97166824.0
SDA,SunCar Technology Group Inc.,China,NCM,USD,,55569794.0,33137647.0,211444256.0
STEX,Streamex Corp.,United States,NCM,USD,,40803711.0,33157168.0,470603616.0
BVS,Bioventus Inc.,United States,NMS,USD,,66976477.0,33302044.0,499644512.0
BANR,Banner Corporation,,,,,34085930.0,33322064.0,2234504704.0
HFWA,Heritage Financial Corporation,United States,NMS,USD,,33956738.0,33332613.0,830242304.0
ACTG,Acacia Research Corporation,United States,NMS,USD,,96460378.0,33332848.0,359797216.0
ATRO,Astronics Corporation,United States,NMS,USD,,31619410.0,33344938.0,1974209536.0
PKST,Peakstone Realty Trust,United States,NYQ,USD,,36790867.0,33354968.0,531995968.0
AGEN,Agenus Inc.,United States,NCM,USD,,34008349.0,33430207.0,112567632.0
ZURA,Zura Bio Limited,US,NASDAQ NMS - GLOBAL MARKET,USD,2021-07-16,65023308.0,33459044.0,302358400.0
MYO,"Myomo, Inc.",United States,ASE,USD,,38435524.0,33461967.0,39204232.0
PHVS,Pharvaris N.V.,,,,,64959454.0,33470359.0,1673355648.0
ANGO,"AngioDynamics, Inc.",US,NASDAQ NMS - GLOBAL MARKET,USD,2004-05-27,41199844.0,33481877.0,539717952.0
NINE,"Nine Energy Service, Inc.",United States,NYQ,USD,,43361339.0,33550836.0,14408974.0
TRUP,"Trupanion, Inc.",United States,NGM,USD,,43198164.0,33611627.0,1630730752.0
RDWR,Radware Ltd.,Israel,NMS,USD,,43434362.0,33684230.0,1058495360.0
VANI,"Vivani Medical, Inc.",United States,NCM,USD,,72952235.0,33695178.0,92649344.0
WLK,Westlake Corporation,United States,NYQ,USD,,128273152.0,33696092.0,9460145152.0
ICHR,"Ichor Holdings, Ltd.",United States,NMS,USD,,34384231.0,33734025.0,651581248.0
SCNX,"Scienture Holdings, Inc.",US,NASDAQ NMS - GLOBAL MARKET,USD,2020-02-18,40630815.0,33792649.0,20441362.0
PEBO,Peoples Bancorp Inc.,United States,NMS,USD,,35702963.0,33796313.0,1090011520.0
CRGO,Freightos Limited,ES,NASDAQ NMS - GLOBAL MARKET,USD,2021-11-09,51285848.0,33944107.0,118983160.0
CRGOW,Freightos Limited,Spain,NCM,USD,,,33944107.0,
KRMD,"KORU Medical Systems, Inc.",United States,NCM,USD,,46322655.0,33985079.0,288590144.0
ISOU,IsoEnergy Ltd.,Canada,ASE,USD,,54793936.0,34027582.0,502940992.0
LSTR,"Landstar System, Inc.",United States,NMS,USD,,34344702.0,34030791.0,5060109312.0
CHH,"Choice Hotels International, Inc.",United States,NYQ,USD,,46272618.0,34068341.0,4439857152.0
NSSC,"Napco Security Technologies, Inc.",United States,NMS,USD,,35664324.0,34097947.0,1525006464.0
MGTX,MeiraGTx Holdings plc,United States,NMS,USD,,80490889.0,34169187.0,641512384.0
UPB,"Upstream Bio, Inc.",United States,NMS,USD,,54038591.0,34181030.0,1593057664.0
UMAC,"Unusual Machines, Inc.",United States,ASE,USD,,36875549.0,34224197.0,450250496.0
MTW,"The Manitowoc Company, Inc.",United States,NYQ,USD,,35470942.0,34233006.0,447643296.0
AMBO,Ambow Education Holding Ltd.,United States,ASE,USD,,2620955.0,34316501.0,8569131.0
DCTH,"Delcath Systems, Inc.",United States,NCM,USD,,35313718.0,34345416.0,363731328.0
DHX,"DHI Group, Inc.",United States,NYQ,USD,,47157027.0,34477329.0,77776768.0
NWGL,Nature Wood Group Limited,Macau,NCM,USD,,16553165.0,34492823.0,23008900.0
AN,"AutoNation, Inc.",US,"NEW YORK STOCK EXCHANGE, INC.",USD,1997-06-20,36272177.0,34503409.0,7713135616.0
IRON,"Disc Medicine, Inc.",US,NASDAQ NMS - GLOBAL MARKET,USD,2020-08-12,37750162.0,34530828.0,3032470528.0
PRWYF,Prodways Group SA,FR,NYSE EURONEXT - EURONEXT PARIS,EUR,2017-05-12,50597688.0,34617926.0,60507896.0
JG,Aurora Mobile Limited,CN,NASDAQ NMS - GLOBAL MARKET,CNY,2018-07-26,4698424.0,34629919.0,37987884.0
SHTPY,,,,,,602458464.0,34641362.0,4608807424.0
RLGT,"Radiant Logistics, Inc.",United States,ASE,USD,,46826544.0,34645167.0,305613248.0
MAMA,"Mama's Creations, Inc.",,,,,40653333.0,34683798.0,552072320.0
ITGR,Integer Holdings Corporation,United States,NYQ,USD,,35038426.0,34690845.0,2763830784.0
LANDM,Gladstone Land Corporation,United States,NGM,USD,,2415000.0,34725608.0,409700768.0
LANDP,Gladstone Land Corporation,US,NASDAQ NMS - GLOBAL MARKET,USD,2013-01-29,,34725608.0,330.0
LANDO,Gladstone Land Corporation,United States,NGM,USD,,,34725608.0,
LAND,Gladstone Land Corporation,United States,NGM,USD,,37266833.0,34725608.0,328320800.0
FIX,"Comfort Systems USA, Inc.",United States,NYQ,USD,,35271950.0,34734386.0,34005321728.0
AIR,AAR Corp.,United States,NYQ,USD,,39562491.0,34799856.0,3365581056.0
AMPH,"Amphastar Pharmaceuticals, Inc.",United States,NMS,USD,,45952174.0,34803717.0,1260946560.0
GANX,"Gain Therapeutics, Inc.",,,,,38462085.0,34841342.0,121155568.0
EPRX,Eupraxia Pharmaceuticals Inc.,Canada,NCM,USD,,50648331.0,34844532.0,386839552.0
III,"Information Services Group, Inc.",United States,NGM,USD,,47884104.0,34865374.0,285317184.0
BHE,"Benchmark Electronics, Inc.",US,"NEW YORK STOCK EXCHANGE, INC.",USD,1990-06-27,35678935.0,34879727.0,1607722240.0
MEI,"Methode Electronics, Inc.",United States,NYQ,USD,,35408249.0,34910409.0,239359760.0
MIRA,"MIRA Pharmaceuticals, Inc.",US,NASDAQ NMS - GLOBAL MARKET,USD,2023-08-03,41876087.0,34944338.0,63232892.0
NNE,NANO Nuclear Energy Inc.,United States,NCM,USD,,50474294.0,34960010.0,1438012672.0
CRI,"Carter's, Inc.",United States,NYQ,USD,,36447868.0,35024579.0,1154668416.0
SKYT,"SkyWater Technology, Inc.",United States,NCM,USD,,48508000.0,35024716.0,881875456.0
PGABF,Prostatype Genomics AB (publ),,,,,,35036661.0,
PUBM,"PubMatic, Inc.",United States,NGM,USD,,38151563.0,35039926.0,416804896.0
SIDU,"Sidus Space, Inc.",US,NASDAQ NMS - GLOBAL MARKET,USD,2021-12-15,54378283.0,35040228.0,105143088.0
RPT,Rithm Property Trust Inc.,US,"NEW YORK STOCK EXCHANGE, INC.",USD,1996-05-13,45401123.0,35057597.0,120385424.0
VITL,"Vital Farms, Inc.",United States,NGM,USD,,44774520.0,35125163.0,1420695552.0
KNSA,"Kiniksa Pharmaceuticals International, plc",United Kingdom,NMS,USD,,45161019.0,35166200.0,3183421952.0
NNBR,"NN, Inc.",US,NASDAQ NMS - GLOBAL MARKET,USD,1994-03-15,50195810.0,35170196.0,68405976.0
RMTI,"Rockwell Medical, Inc.",US,NASDAQ NMS - GLOBAL MARKET,USD,1998-01-27,39405302.0,35237009.0,34069824.0
VNRGF,Vienna Insurance Group AG,,,,,128000000.0,35238400.0,7246080000.0
SIG,Signet Jewelers Limited,BM,"NEW YORK STOCK EXCHANGE, INC.",USD,1988-07-14,40684442.0,35243712.0,3489252352.0
THG,"The Hanover Insurance Group, Inc.",United States,NYQ,USD,,35583964.0,35260150.0,6588916224.0
MTN,"Vail Resorts, Inc.",United States,NYQ,USD,,35775575.0,35262553.0,5042437632.0
SPWH,"Sportsman's Warehouse Holdings, Inc.",United States,NMS,USD,,38481095.0,35274850.0,52334292.0
ZGN,Ermenegildo Zegna N.V.,Italy,NYQ,USD,,254089368.0,35310799.0,2660315904.0
LOB,"Live Oak Bancshares, Inc.",US,"NEW YORK STOCK EXCHANGE, INC.",USD,2015-07-23,45857617.0,35369521.0,1614646656.0
NOVT,Novanta Inc.,United States,NMS,USD,,35775123.0,35454936.0,4414684160.0
NOVTU,Novanta Inc.,United States,NMS,USD,,,35454936.0,
GATX,GATX Corporation,United States,NYQ,USD,,35678804.0,35475792.0,6179926016.0
LTESF,LEET Inc.,,,,,151096262.0,35478913.0,1813155.0
ATGE,Adtalem Global Education Inc.,United States,NYQ,USD,,36328546.0,35485724.0,3803153920.0
ANGI,Angi Inc.,United States,NMS,USD,,43150575.0,35527594.0,561371776.0
MLTX,MoonLake Immunotherapeutics,Switzerland,NCM,USD,,70847401.0,35552232.0,979819520.0
PRAA,"PRA Group, Inc.",United States,NMS,USD,,39015442.0,35582863.0,688478528.0
CYPH,Cypherpunk Technologies Inc.,US,NASDAQ NMS - GLOBAL MARKET,USD,2017-01-24,56651840.0,35597750.0,67982208.0
ABOS,"Acumen Pharmaceuticals, Inc.",United States,NMS,USD,,60573425.0,35610511.0,127809920.0
QLYS,"Qualys, Inc.",United States,NMS,USD,,35858308.0,35653557.0,4991698944.0
XWIN,XMax Inc.,United States,NCM,USD,,41884227.0,35670106.0,251305376.0
GNK,Genco Shipping & Trading Limited,US,"NEW YORK STOCK EXCHANGE, INC.",USD,2005-07-22,43243165.0,35676044.0,812539072.0
AMN,"AMN Healthcare Services, Inc.",United States,NYQ,USD,,38413780.0,35691780.0,618461888.0
PBT,Permian Basin Royalty Trust,United States,NYQ,USD,,46608796.0,35706533.0,790951232.0
FN,Fabrinet,Cayman Islands,NYQ,USD,,35827210.0,35753406.0,17136870400.0
ICUCW,SeaStar Medical Holding Corporation,United States,NCM,USD,,,35756234.0,
NGVT,Ingevity Corporation,United States,NYQ,USD,,35964032.0,35759397.0,2193446912.0
SEER,"Seer, Inc.",United States,NMS,USD,,56251522.0,35788460.0,103502800.0
NSP,"Insperity, Inc.",United States,NYQ,USD,,37704152.0,35799338.0,1454249088.0
FULC,"Fulcrum Therapeutics, Inc.",United States,NGM,USD,,65970291.0,35885395.0,763936000.0
GABC,"German American Bancorp, Inc.",US,NASDAQ NMS - GLOBAL MARKET,USD,1993-05-18,37491797.0,35903644.0,1504216064.0
EFSCP,Enterprise Financial Services Corp,United States,NMS,USD,,,35915756.0,
EFSC,Enterprise Financial Services Corp,United States,NMS,USD,,37010909.0,35915756.0,2052624896.0
FMNB,Farmers National Banc Corp.,United States,NCM,USD,,37653183.0,35962179.0,514342496.0
CCLD,"CareCloud, Inc.",,,,,42397039.0,36036635.0,128887000.0
BRNS,Barinthus Biotherapeutics plc,United Kingdom,NGM,USD,,40830353.0,36036870.0,28752736.0
SD,"SandRidge Energy, Inc.",United States,NYQ,USD,,36773746.0,36061609.0,526232288.0
CNNE,"Cannae Holdings, Inc.",US,"NEW YORK STOCK EXCHANGE, INC.",USD,2017-11-20,51698763.0,36071496.0,830203456.0
RDZNW,"Roadzen, Inc.",United States,NCM,USD,,,36074937.0,
RDZN,"Roadzen, Inc.",US,NASDAQ NMS - GLOBAL MARKET,USD,2021-11-23,79195068.0,36074937.0,162349888.0
NMTLF,New Age Metals Inc.,,,,,66420940.0,36089628.0,25107114.0
FNKO,"Funko, Inc.",United States,NMS,USD,,54742995.0,36127640.0,192695344.0
MSGE,Madison Square Garden Entertainment Corp.,US,"NEW YORK STOCK EXCHANGE, INC.",USD,2023-04-17,40364953.0,36148315.0,2550984448.0
INCR,InterCure Ltd.,Israel,NGM,USD,,54681335.0,36163424.0,61516504.0
MTUS,Metallus Inc.,United States,NYQ,USD,,41648794.0,36207796.0,744092864.0
MDXH,MDxHealth SA,Belgium,NCM,USD,,49497334.0,36213711.0,168785920.0
DGII,Digi International Inc.,United States,NMS,USD,,37589332.0,36245185.0,1672349440.0
BLKB,"Blackbaud, Inc.",United States,NMS,USD,,47834179.0,36285683.0,3114764800.0
HOWL,"Werewolf Therapeutics, Inc.",United States,NMS,USD,,48540200.0,36293508.0,31759852.0
TRLC,"TriLinc Global Impact Fund, LLC",,,,,18303923.0,36327515.0,54944684.0
DKCLF,,,,,,99881679.0,36351237.0,2082533120.0
CHMI,Cherry Hill Mortgage Investment Corporation,,,,,36739538.0,36377654.0,101547816.0
CHEF,"The Chefs' Warehouse, Inc.",United States,NMS,USD,,40685549.0,36407464.0,2589651456.0
MKTX,MarketAxess Holdings Inc.,,,,,37171508.0,36422874.0,6832339456.0
MGEE,"MGE Energy, Inc.",United States,NMS,USD,,36541849.0,36459630.0,2863053824.0
ASC,Ardmore Shipping Corporation,Bermuda,NYQ,USD,,40697657.0,36519453.0,439534688.0
WRAP,"Wrap Technologies, Inc.",United States,NCM,USD,,51549094.0,36535936.0,111861544.0
CBUS,"Cibus, Inc.",United States,NCM,USD,,52707626.0,36584890.0,92489320.0
EVR,Evercore Inc.,United States,NYQ,USD,,38678117.0,36585631.0,13621658624.0
THRY,"Thryv Holdings, Inc.",United States,NCM,USD,,43576891.0,36625070.0,268011360.0
BCC,Boise Cascade Company,United States,NYQ,USD,,37043073.0,36633006.0,2805164288.0
AURA,"Aura Biosciences, Inc.",US,NASDAQ NMS - GLOBAL MARKET,USD,2021-10-29,63503269.0,36647102.0,372764160.0
AEBI,Aebi Schmidt Holding AG,Switzerland,NMS,USD,,77341785.0,36668281.0,995388736.0
ZVIA,Zevia PBC,US,"NEW YORK STOCK EXCHANGE, INC.",USD,2021-07-22,64530000.0,36669141.0,153486272.0
CW,Curtiss-Wright Corporation,United States,NYQ,USD,,36874638.0,36679202.0,21332215808.0
MYE,"Myers Industries, Inc.",United States,NYQ,USD,,37407915.0,36688187.0,721633664.0
MSA,MSA Safety Incorporated,United States,NYQ,USD,,39152061.0,36710538.0,6415456768.0
RXST,"RxSight, Inc.",United States,NGM,USD,,41116640.0,36741830.0,449404896.0
LOAR,Loar Holdings Inc.,US,"NEW YORK STOCK EXCHANGE, INC.",USD,2024-04-25,93622471.0,36753373.0,6468376064.0
ENS,EnerSys,United States,NYQ,USD,,36909135.0,36757808.0,5657131520.0
XTKG,"X3 Holdings Co., Ltd.",Singapore,NCM,USD,,96046664.0,36794614.0,13489803.0
BAER,"Bridger Aerospace Group Holdings, Inc.",US,NASDAQ NMS - GLOBAL MARKET,USD,2021-03-15,55543104.0,36833965.0,94423280.0
BAERW,"Bridger Aerospace Group Holdings, Inc.",United States,NGM,USD,,,36833965.0,
CASY,"Casey's General Stores, Inc.",United States,NMS,USD,,37066933.0,36843790.0,21083670528.0
PTRN,Pattern Group Inc.,United States,NMS,USD,,154522413.0,36853918.0,2343460864.0
LPG,Dorian LPG Ltd.,United States,NYQ,USD,,42838114.0,36886186.0,1043964800.0
GIII,"G-III Apparel Group, Ltd.",,,,,42189287.0,36891578.0,1284194688.0
DCOMG,"Dime Community Bancshares, Inc.",United States,NGM,USD,,,36914215.0,
NBHC,National Bank Holdings Corporation,United States,NYQ,USD,,37829912.0,36918287.0,1468178944.0
QTRX,Quanterix Corporation,US,NASDAQ NMS - GLOBAL MARKET,USD,2017-12-07,46710797.0,36925819.0,301751744.0
NUUU,"Rejuvel Bio-Sciences, Inc.",,,,,51841723.0,36948633.0,5184.0
SENS,"Senseonics Holdings, Inc.",United States,NMS,USD,,40858460.0,36989572.0,245967936.0
SBGI,"Sinclair, Inc.",United States,NMS,USD,,45908531.0,37026374.0,1063371520.0
DOO,BRP Inc.,Canada,NMS,USD,,36439047.0,37035143.0,5341817344.0
EARN,Ellington Credit Company,United States,NYQ,USD,,37570604.0,37040021.0,200251312.0
URGN,UroGen Pharma Ltd.,United States,NGM,USD,,46808892.0,37059068.0,1078008832.0
DAVA,Endava plc,United Kingdom,NYQ,USD,,39397924.0,37146672.0,359648736.0
PAR,PAR Technology Corporation,United States,NYQ,USD,,40591032.0,37193157.0,1531499648.0
SSSGY,Sartorius Aktiengesellschaft,,,,,171154640.0,37203303.0,16213774336.0
WNC,Wabash National Corporation,United States,NYQ,USD,,40516637.0,37206833.0,363531424.0
OSPN,OneSpan Inc.,,,,,38027123.0,37213723.0,495154144.0
AVAV,"AeroVironment, Inc.",United States,NMS,USD,,49925878.0,37235083.0,12732712960.0
SPSC,"SPS Commerce, Inc.",United States,NMS,USD,,37709094.0,37239993.0,3484573440.0
FDS,FactSet Research Systems Inc.,United States,NYQ,USD,,37419936.0,37285924.0,11044493312.0
ELVN,"Enliven Therapeutics, Inc.",United States,NMS,USD,,59347317.0,37309878.0,967361216.0
LRMR,"Larimar Therapeutics, Inc.",,,,,83090392.0,37318267.0,336370240.0
AIT,"Applied Industrial Technologies, Inc.",United States,NYQ,USD,,37717910.0,37344880.0,9995728896.0
DVA,DaVita Inc.,United States,NYQ,USD,,70600000.0,37365756.0,8149570048.0
ETOR,eToro Group Ltd.,Israel,NMS,USD,,47220866.0,37369739.0,3001625088.0
AEIS,"Advanced Energy Industries, Inc.",United States,NMS,USD,,37745489.0,37388039.0,8223232000.0
AMTB,Amerant Bancorp Inc.,United States,NYQ,USD,,41952590.0,37431869.0,849523136.0
SKWD,"Skyward Specialty Insurance Group, Inc.",United States,NMS,USD,,40487365.0,37437047.0,2099269760.0
PREM,Premier Air Charter Holdings Inc.,,,,,32803527.0,37459545.0,1049713.0
DNTH,"Dianthus Therapeutics, Inc.",US,NASDAQ NMS - GLOBAL MARKET,USD,2018-06-21,42876015.0,37527661.0,1793503872.0
ORN,"Orion Group Holdings, Inc.",US,"NEW YORK STOCK EXCHANGE, INC.",USD,2007-12-20,39900978.0,37573953.0,415768160.0
PHIN,PHINIA Inc.,United States,NYQ,USD,,38442674.0,37647680.0,2388734976.0
ASTH,"Astrana Health, Inc.",United States,NCM,USD,,50155613.0,37707491.0,1274454144.0
IMCR,Immunocore Holdings plc,United Kingdom,NMS,USD,,50530419.0,37718937.0,1825664128.0
STBA,"S&T Bancorp, Inc.",United States,NMS,USD,,38222500.0,37719492.0,1546494464.0
RBOHF,Humanoid Global Holdings Corp.,,,,,38160946.0,37777810.0,22896568.0
HLNE,Hamilton Lane Incorporated,United States,NMS,USD,,43967288.0,37783289.0,7774495232.0
STNG,Scorpio Tankers Inc.,Monaco,NYQ,USD,,51762790.0,37865377.0,2663195648.0
IRD,"Opus Genetics, Inc.",United States,NCM,USD,,68964208.0,37881350.0,139307696.0
TARA,"Protara Therapeutics, Inc.",US,NASDAQ NMS - GLOBAL MARKET,USD,2014-10-22,53587260.0,37890760.0,297409312.0
PEN,"Penumbra, Inc.",US,"NEW YORK STOCK EXCHANGE, INC.",USD,2015-09-18,39162177.0,37979871.0,12413235200.0
INVX,"Innovex International, Inc.",United States,NYQ,USD,,68927791.0,38048141.0,1519857792.0
RL,Ralph Lauren Corporation,United States,NYQ,USD,,38759382.0,38077482.0,21716025344.0
AVR,Anteris Technologies Global Corp.,Australia,NGM,USD,,41197570.0,38104868.0,230294416.0
TII,Titan Mining Corporation,Canada,ASE,USD,,91489771.0,38128362.0,297005856.0
UAVS,"AgEagle Aerial Systems, Inc.",US,NYSE MKT LLC,USD,1999-12-03,43551112.0,38137082.0,40938044.0
PROP,Prairie Operating Co.,United States,NCM,USD,,59646610.0,38138639.0,93645176.0
MXLLF,"Maxell, Ltd.",,,,,43125594.0,38163788.0,653352704.0
MANU,Manchester United plc,United Kingdom,NYQ,USD,,56086184.0,38185588.0,2734808832.0
FELE,"Franklin Electric Co., Inc.",United States,NMS,USD,,44510381.0,38227296.0,4415874560.0
SYNA,Synaptics Incorporated,United States,NMS,USD,,38990073.0,38248872.0,2868628736.0
OSG,"Octave Specialty Group, Inc.",,,,,43812035.0,38249221.0,371213888.0
LIND,"Lindblad Expeditions Holdings, Inc.",United States,NCM,USD,,55400743.0,38260910.0,799986752.0
AZ,A2Z Cust2Mate Solutions Corp.,CA,NASDAQ NMS - GLOBAL MARKET,USD,2018-04-18,41923303.0,38265659.0,268309152.0
NPWR,NET Power Inc.,United States,NYQ,USD,,83919757.0,38291746.0,183784272.0
AWR,American States Water Company,United States,NYQ,USD,,38714426.0,38332315.0,2827701504.0
OMEX,"Odyssey Marine Exploration, Inc.",United States,NCM,USD,,55738491.0,38336377.0,118722992.0
PRG,"PROG Holdings, Inc.",United States,NYQ,USD,,39545593.0,38365553.0,1205349632.0
GNSS,Genasys Inc.,United States,NCM,USD,,45193561.0,38374305.0,100329704.0
SHAK,Shake Shack Inc.,United States,NYQ,USD,,40253589.0,38446203.0,3575997184.0
SVV,"Savers Value Village, Inc.",United States,NYQ,USD,,156227451.0,38524127.0,1473224960.0
ZD,"Ziff Davis, Inc.",United States,NMS,USD,,39504872.0,38542138.0,1469954048.0
CYBN,Cybin Inc.,Canada,ASE,USD,,49894131.0,38554692.0,416420960.0
HDSN,"Hudson Technologies, Inc.",United States,NCM,USD,,43003185.0,38572201.0,305187392.0
FLTLF,Flow Traders Ltd.,NL,NYSE EURONEXT - EURONEXT AMSTERDAM,EUR,2015-07-10,43068756.0,38583371.0,1240380160.0
PBYI,"Puma Biotechnology, Inc.",United States,NMS,USD,,50391107.0,38615713.0,310409216.0
XIORF,Xior Student Housing NV,,,,,46695094.0,38642058.0,1510119424.0
CISO,CISO Global Inc.,United States,NCM,USD,,44046343.0,38643741.0,19389200.0
IMTH,"AnTix Holdings, Inc.",,,,,59838963.0,38658986.0,3051787.0
WALDW,Waldencast plc,,,,,,38744196.0,
WALD,Waldencast plc,United States,NCM,USD,,113589672.0,38744196.0,246672832.0
CCCX,Churchill Capital Corp X,United States,NGM,USD,,41700000.0,38760074.0,911916032.0
CCCXU,Churchill Capital Corp X,United States,NGM,USD,,,38760074.0,
CCCXW,Churchill Capital Corp X,United States,NGM,USD,,,38760074.0,
BDC,Belden Inc.,United States,NYQ,USD,,39300209.0,38804633.0,4689800704.0
STIM,"Neuronetics, Inc.",United States,NGM,USD,,68485922.0,38810287.0,97250000.0
LICYQ,Li-Cycle Holdings Corp.,,,,,,38826100.0,
TLN,Talen Energy Corporation,United States,NMS,USD,,45687828.0,38849274.0,17567883264.0
MIDD,The Middleby Corporation,United States,NMS,USD,,50371250.0,38855879.0,7658615296.0
ATXS,"Astria Therapeutics, Inc.",United States,NGM,USD,,57084838.0,38901605.0,739248640.0
BOH,Bank of Hawaii Corporation,United States,NYQ,USD,,39785092.0,38950799.0,2784160768.0
HII,"Huntington Ingalls Industries, Inc.",US,"NEW YORK STOCK EXCHANGE, INC.",USD,2011-03-19,39241434.0,38987542.0,13778844672.0
R,"Ryder System, Inc.",United States,NYQ,USD,,40376534.0,39022709.0,8002306560.0
FCFS,"FirstCash Holdings, Inc.",United States,NMS,USD,,44134150.0,39062253.0,7140921344.0
OFIX,Orthofix Medical Inc.,United States,NMS,USD,,39599659.0,39113771.0,603498816.0
LFMDP,"LifeMD, Inc.",United States,NGM,USD,,,39176353.0,
LFMD,"LifeMD, Inc.",US,NASDAQ NMS - GLOBAL MARKET,USD,2001-07-11,48135885.0,39176353.0,168475600.0
EEFT,"Euronet Worldwide, Inc.",United States,NMS,USD,,42044681.0,39231471.0,3218940672.0
FDP,Fresh Del Monte Produce Inc.,Cayman Islands,NYQ,USD,,47774777.0,39237902.0,1720381440.0
SMXT,"SolarMax Technology, Inc.",United States,NCM,USD,,54302950.0,39282211.0,43398920.0
ASH,Ashland Inc.,US,"NEW YORK STOCK EXCHANGE, INC.",USD,1980-03-17,45762099.0,39286946.0,2731997440.0
FPI,Farmland Partners Inc.,United States,NYQ,USD,,43097555.0,39325661.0,436558112.0
BDTX,"Black Diamond Therapeutics, Inc.",,,,,56974913.0,39353712.0,147565024.0
CNXC,Concentrix Corporation,United States,NMS,USD,,62257439.0,39394017.0,2644534016.0
SIBN,"SI-BONE, Inc.",US,NASDAQ NMS - GLOBAL MARKET,USD,2018-10-17,43391254.0,39426161.0,883446016.0
LUNG,Pulmonx Corporation,United States,NMS,USD,,41247034.0,39438764.0,91568416.0
TLSIW,"TriSalus Life Sciences, Inc.",,,,,,39539258.0,
TLSI,"TriSalus Life Sciences, Inc.",United States,NGM,USD,,49964311.0,39539258.0,343254816.0
BTCS,BTCS Inc.,United States,NCM,USD,,46838532.0,39540152.0,139833584.0
WLYB,"John Wiley & Sons, Inc.",United States,NYQ,USD,,8766037.0,39549666.0,1735478144.0
WLY,"John Wiley & Sons, Inc.",,,,,43792357.0,39549666.0,1636142720.0
DUOL,"Duolingo, Inc.",United States,NMS,USD,,40013533.0,39610835.0,8397661696.0
SKYW,"SkyWest, Inc.",United States,NMS,USD,,40103900.0,39642304.0,4148865792.0
BBU,Brookfield Business Partners L.P.,Bermuda,NYQ,USD,,88675931.0,39644756.0,3246425856.0
NFBK,"Northfield Bancorp, Inc. (Staten Island, NY)",United States,NMS,USD,,41801495.0,39670873.0,490437472.0
NNNN,Anbio Biotechnology,Germany,NGM,USD,,43891200.0,39691251.0,1470355200.0
ACLX,"Arcellx, Inc.",United States,NMS,USD,,57822871.0,39703496.0,3799540992.0
INV,"Innventure, Inc.",,,,,67743847.0,39740295.0,288588800.0
EHAB,"Enhabit, Inc.",United States,NYQ,USD,,50607075.0,39770582.0,475475808.0
CNTX,Context Therapeutics Inc.,United States,NCM,USD,,91879177.0,39796547.0,103823472.0
SRG,Seritage Growth Properties,United States,NYQ,USD,,56324607.0,39875569.0,188687424.0
THS,"TreeHouse Foods, Inc.",United States,NYQ,USD,,50500000.0,39901060.0,1195335040.0
OCS,Oculis Holding AG,Switzerland,NGM,USD,,57806909.0,39934746.0,1185041664.0
GCRIF,Clean Energy Transition Inc.,,,,,41743850.0,39972241.0,757849.0
GRO,Brazil Potash Corp.,CA,NYSE MKT LLC,USD,2024-11-27,53367089.0,39984305.0,106734176.0
APPN,Appian Corporation,United States,NGM,USD,,42735083.0,40045377.0,2649603840.0
UTHR,United Therapeutics Corporation,United States,NMS,USD,,43056599.0,40055123.0,22936952832.0
CIGI,Colliers International Group Inc.,Canada,NMS,USD,,49615627.0,40062802.0,7629990912.0
ACIU,AC Immune SA,Switzerland,NGM,USD,,100600000.0,40064895.0,314878016.0
BNC,CEA Industries Inc.,,,,,42300904.0,40067751.0,287364160.0
BNCWW,CEA Industries Inc.,United States,NCM,USD,,,40067751.0,
XPER,Xperi Inc.,United States,NYQ,USD,,46335385.0,40076401.0,274768832.0
HFFG,HF Foods Group Inc.,United States,NCM,USD,,53043832.0,40131372.0,119348624.0
RVLV,"Revolve Group, Inc.",US,"NEW YORK STOCK EXCHANGE, INC.",USD,2019-06-07,40415438.0,40159034.0,2169987328.0
PEPG,PepGen Inc.,US,NASDAQ NMS - GLOBAL MARKET,USD,2022-05-06,68748224.0,40177150.0,399427168.0
DNA,"Ginkgo Bioworks Holdings, Inc.",US,"NEW YORK STOCK EXCHANGE, INC.",USD,2021-04-19,48523595.0,40186068.0,508957824.0
GLOB,Globant S.A.,Luxembourg,NYQ,USD,,44053708.0,40190201.0,2972744448.0
MXUBY,MIXUE BINGCHENG CO LTD.,,,,,,40266166.0,
INSW,"International Seaways, Inc.",United States,NYQ,USD,,49394531.0,40308901.0,2397610752.0
TINFF,Tincorp Metals Inc.,,,,,71151868.0,40311091.0,10751156.0
H,Hyatt Hotels Corporation,United States,NYQ,USD,,41819241.0,40337312.0,15820908544.0
MDIA,MediaCo Holding Inc.,United States,NCM,USD,,76435287.0,40361124.0,53928432.0
NX,Quanex Building Products Corporation,US,"NEW YORK STOCK EXCHANGE, INC.",USD,1980-03-17,45674726.0,40394106.0,702833152.0
CAKE,The Cheesecake Factory Incorporated,United States,NMS,USD,,49841690.0,40401592.0,2619180544.0
SLDB,Solid Biosciences Inc.,United States,NMS,USD,,77910239.0,40407366.0,454995808.0
CQP,"Cheniere Energy Partners, L.P.",United States,NYQ,USD,,484052623.0,40418394.0,25872611328.0
HMN,Horace Mann Educators Corporation,United States,NYQ,USD,,40684968.0,40440044.0,1891851008.0
LZB,La-Z-Boy Incorporated,United States,NYQ,USD,,41248970.0,40463177.0,1557973504.0
JRVR,"James River Group Holdings, Inc.",US,NASDAQ NMS - GLOBAL MARKET,USD,2014-12-12,45965839.0,40483953.0,293721696.0
NDATF,nDatalyze Corp.,,,,,41327425.0,40495091.0,450468.0
SY,So-Young International Inc.,China,NCM,USD,,84037896.0,40499889.0,262047680.0
CURI,CuriosityStream Inc.,United States,NCM,USD,,58298507.0,40502888.0,223283280.0
OVID,Ovid Therapeutics Inc.,United States,NCM,USD,,71212353.0,40555435.0,126757984.0
GCTS,"GCT Semiconductor Holding, Inc.",United States,NYQ,USD,,57099558.0,40572091.0,69661464.0
SIGA,"SIGA Technologies, Inc.",United States,NGM,USD,,71611302.0,40592150.0,449002880.0
AZTA,"Azenta, Inc.",United States,NMS,USD,,45989578.0,40592442.0,1598137728.0
NXDT,NexPoint Diversified Real Estate Trust,United States,NYQ,USD,,49020409.0,40593310.0,190199184.0
DAKT,"Daktronics, Inc.",United States,NMS,USD,,48747817.0,40613756.0,904271936.0
FBNC,First Bancorp,United States,NMS,USD,,41465329.0,40686610.0,2159099648.0
AMBA,"Ambarella, Inc.",,,,,43050486.0,40697346.0,3073804800.0
ODD,Oddity Tech Ltd.,Israel,NGM,USD,,45891873.0,40744544.0,2407837440.0
MNR,Mach Natural Resources LP,United States,NYQ,USD,,168422811.0,40790321.0,1877914368.0
CYRX,"Cryoport, Inc.",United States,NCM,USD,,50068904.0,40815670.0,483665600.0
CAPR,"Capricor Therapeutics, Inc.",United States,NCM,USD,,54399282.0,40826141.0,1615114752.0
STOK,"Stoke Therapeutics, Inc.",United States,NMS,USD,,57117150.0,40828481.0,1823179520.0
BLFS,"BioLife Solutions, Inc.",United States,NCM,USD,,48148046.0,40831950.0,1198886400.0
TONX,TON Strategy Co,United States,NCM,USD,,59090521.0,40835095.0,130430128.0
PERI,Perion Network Ltd.,Israel,NMS,USD,,40897448.0,40853222.0,404675968.0
ABEO,Abeona Therapeutics Inc.,,,,,54191361.0,40971920.0,295342912.0
SJT,San Juan Basin Royalty Trust,United States,NYQ,USD,,46608796.0,40996631.0,247026624.0
KRNT,Kornit Digital Ltd.,Israel,NMS,USD,,45972712.0,41015006.0,666144576.0
PLYM,"Plymouth Industrial REIT, Inc.",United States,NYQ,USD,,44551164.0,41040532.0,985507200.0
GDOT,Green Dot Corporation,United States,NYQ,USD,,55548617.0,41060249.0,727686912.0
VREX,Varex Imaging Corporation,,,,,41689672.0,41087010.0,493188832.0
OTTR,Otter Tail Corporation,,,,,41905520.0,41109734.0,3454691072.0
PYXS,"Pyxis Oncology, Inc.",United States,NMS,USD,,62264215.0,41131118.0,69113280.0
PMVP,"PMV Pharmaceuticals, Inc.",United States,NMS,USD,,53211507.0,41147926.0,65982272.0
ASGN,ASGN Incorporated,United States,NYQ,USD,,42700000.0,41161946.0,2190875904.0
EVTL,Vertical Aerospace Ltd.,United Kingdom,NYQ,USD,,99787293.0,41162258.0,548830144.0
CSL,Carlisle Companies Incorporated,United States,NYQ,USD,,41785774.0,41178458.0,14121423872.0
GEMI,"Gemini Space Station, Inc.",United States,NMS,USD,,42526934.0,41192920.0,1251835648.0
BCO,The Brink's Company,United States,NYQ,USD,,41545506.0,41198601.0,4984059392.0
NWN,Northwest Natural Holding Company,United States,NYQ,USD,,41507042.0,41301582.0,1944189696.0
SSD,"Simpson Manufacturing Co., Inc.",United States,NYQ,USD,,41459275.0,41310851.0,6957579776.0
SWBI,"Smith & Wesson Brands, Inc.",United States,NMS,USD,,44493745.0,41395646.0,444492480.0
TXO,"TXO Partners, L.P.",United States,NYQ,USD,,54784292.0,41425142.0,577974272.0
FOXF,Fox Factory Holding Corp.,United States,NMS,USD,,41801357.0,41576466.0,741556032.0
BGIN,Bgin Blockchain Limited,Singapore,NGM,USD,,90581566.0,41603141.0,282839872.0
TBBK,"The Bancorp, Inc.",United States,NMS,USD,,43917627.0,41604486.0,3217667072.0
CMP,"Compass Minerals International, Inc.",United States,NYQ,USD,,41819495.0,41651799.0,838899072.0
POST,"Post Holdings, Inc.",United States,NYQ,USD,,51603620.0,41678985.0,5275979776.0
OMDA,"Omada Health, Inc.",US,NASDAQ NMS - GLOBAL MARKET,USD,2025-06-06,57908047.0,41680475.0,923633344.0
TFX,Teleflex Incorporated,United States,NYQ,USD,,44194408.0,41709356.0,5425305600.0
FSV,FirstService Corporation,Canada,NMS,USD,,45712236.0,41752185.0,7176770560.0
SXT,Sensient Technologies Corporation,United States,NYQ,USD,,42481950.0,41810735.0,4082940416.0
MAN,ManpowerGroup Inc.,United States,NYQ,USD,,46297180.0,41854040.0,1381044864.0
PPC,Pilgrim's Pride Corporation,United States,NMS,USD,,237547447.0,41898619.0,9459139584.0
RGNX,REGENXBIO Inc.,United States,NMS,USD,,50623086.0,41907816.0,716822912.0
ABVX,ABIVAX Société Anonyme,,,,,77930948.0,41916939.0,11228963840.0
EONR,EON Resources Inc.,United States,ASE,USD,,49968344.0,41933434.0,19337748.0
LRN,"Stride, Inc.",United States,NYQ,USD,,43858627.0,41937008.0,2903959552.0
DCOM,"Dime Community Bancshares, Inc.",United States,NMS,USD,,43894345.0,41952459.0,1369942400.0
DCOMP,"Dime Community Bancshares, Inc.",United States,NMS,USD,,,41952459.0,
HTH,Hilltop Holdings Inc.,US,"NEW YORK STOCK EXCHANGE, INC.",USD,2004-02-12,61328537.0,42000849.0,2180491008.0
CEPF,"Cantor Equity Partners IV, Inc.",United States,NGM,USD,,45900000.0,42005250.0,588073472.0
RMNI,"Rimini Street, Inc.",United States,NGM,USD,,91752000.0,42011406.0,364520928.0
MNOV,"MediciNova, Inc.",United States,NGM,USD,,49146246.0,42094922.0,62415736.0
METC,"Ramaco Resources, Inc.",US,NASDAQ NMS - GLOBAL MARKET,USD,2017-02-03,55159985.0,42145669.0,1183577216.0
METCB,"Ramaco Resources, Inc.",United States,NMS,USD,,10998605.0,42145669.0,1562385408.0
METCI,"Ramaco Resources, Inc.",United States,NGM,USD,,,42145669.0,
METCZ,"Ramaco Resources, Inc.",,,,,,42145669.0,
DSGR,"Distribution Solutions Group, Inc.",United States,NMS,USD,,46227784.0,42159277.0,1329020672.0
CLLKF,BICO Group AB (publ),,,,,69074895.0,42176263.0,156186064.0
TTTRF,Treatt plc,,,,,58954288.0,42272091.0,183812000.0
CLLS,Cellectis S.A.,France,NGM,USD,,72325229.0,42290731.0,476544864.0
CCM,Concord Medical Services Holdings Limited,CN,"NEW YORK STOCK EXCHANGE, INC.",CNY,2009-12-11,2815458.0,42334328.0,16324878.0
NTB,The Bank of N.T. Butterfield & Son Limited,Bermuda,NYQ,USD,,41201173.0,42356102.0,2107900544.0
PRGS,Progress Software Corporation,United States,NMS,USD,,42907573.0,42372086.0,1876506368.0
NUAI,"New Era Energy & Digital, Inc.",United States,NGM,USD,,53449171.0,42386796.0,243728224.0
NUAIW,"New Era Energy & Digital, Inc.",United States,NCM,USD,,,42386796.0,
MNDY,monday.com Ltd.,Israel,NMS,USD,,51551462.0,42433373.0,7515172352.0
BLCO,Bausch + Lomb Corporation,Canada,NYQ,USD,,354189784.0,42456729.0,6084980736.0
TUSK,"Mammoth Energy Services, Inc.",United States,NMS,USD,,48194035.0,42473885.0,90604784.0
BRC,Brady Corporation,United States,NYQ,USD,,43638096.0,42479338.0,3776496896.0
HYFT,MindWalk Holdings Corp.,US,NASDAQ NMS - GLOBAL MARKET,CAD,1987-01-30,46691281.0,42488599.0,79375176.0
AXSM,"Axsome Therapeutics, Inc.",United States,NGM,USD,,50412640.0,42498360.0,7665242112.0
PCRX,"Pacira BioSciences, Inc.",United States,NMS,USD,,43021275.0,42508892.0,1191166464.0
TSGMY,,,,,,4675816.0,42520960.0,308603840.0
AVO,"Mission Produce, Inc.",United States,NMS,USD,,70569517.0,42532248.0,824124736.0
AWI,"Armstrong World Industries, Inc.",United States,NYQ,USD,,43128042.0,42547970.0,8316414464.0
BLSH,Bullish,Cayman Islands,NYQ,USD,,150683739.0,42682750.0,6199129088.0
GFF,Griffon Corporation,United States,NYQ,USD,,46231089.0,42725386.0,3517971456.0
TYL,"Tyler Technologies, Inc.",United States,NYQ,USD,,43027728.0,42819474.0,19946291200.0
KULR,"KULR Technology Group, Inc.",United States,ASE,USD,,45682027.0,42851717.0,156232544.0
AVNS,"Avanos Medical, Inc.",United States,NYQ,USD,,46418907.0,42870182.0,529639744.0
FDMT,"4D Molecular Therapeutics, Inc.",United States,NMS,USD,,57135075.0,42909584.0,455366528.0
SEMR,"Semrush Holdings, Inc.",United States,NYQ,USD,,128226377.0,42915668.0,1770059776.0
SAVA,"Cassava Sciences, Inc.",United States,NCM,USD,,48307896.0,42984366.0,105311216.0
AMSC,American Superconductor Corporation,United States,NMS,USD,,47603931.0,43066625.0,1455728256.0
BSFFF,Basic-Fit N.V.,NL,NYSE EURONEXT - EURONEXT AMSTERDAM,EUR,2016-06-10,65375719.0,43119863.0,3061695744.0
NP,Neptune Insurance Holdings Inc.,United States,NYQ,USD,,94600000.0,43130416.0,4127246592.0
SEI,"Solaris Energy Infrastructure, Inc.",United States,NYQ,USD,,48802385.0,43242817.0,3205045248.0
CRNC,Cerence Inc.,US,NASDAQ NMS - GLOBAL MARKET,USD,2019-09-16,44938757.0,43243218.0,496573248.0
EOLS,"Evolus, Inc.",United States,NGM,USD,,64819784.0,43265909.0,447256512.0
GVA,Granite Construction Incorporated,United States,NYQ,USD,,43649806.0,43302790.0,5226315776.0
IMAX,IMAX Corporation,Canada,NYQ,USD,,53798934.0,43366783.0,2026605824.0
AGO,Assured Guaranty Ltd.,BM,"NEW YORK STOCK EXCHANGE, INC.",USD,2004-04-23,46109095.0,43368415.0,4314325504.0
PRTA,Prothena Corporation plc,Ireland,NMS,USD,,53829982.0,43391810.0,513538048.0
OFG,OFG Bancorp,United States,NYQ,USD,,43955219.0,43477426.0,1858675584.0
DEA,"Easterly Government Properties, Inc.",United States,NYQ,USD,,46108379.0,43511211.0,1098400640.0
GWW,"W.W. Grainger, Inc.",United States,NYQ,USD,,47549337.0,43558521.0,48993611776.0
ACEL,"Accel Entertainment, Inc.",United States,NYQ,USD,,83207946.0,43677515.0,986237440.0
EAT,"Brinker International, Inc.",United States,NYQ,USD,,44431215.0,43716317.0,6647354368.0
PCTY,Paylocity Holding Corporation,US,NASDAQ NMS - GLOBAL MARKET,USD,2014-03-19,54381607.0,43726075.0,8475584000.0
LIDR,"AEye, Inc.",United States,NCM,USD,,45054997.0,43761919.0,98219896.0
LIDRW,"AEye, Inc.",United States,NCM,USD,,,43761919.0,
CVLT,"Commvault Systems, Inc.",United States,NMS,USD,,44094362.0,43768946.0,5708620288.0
NXXT,NextNRG Inc.,United States,NCM,USD,,135406340.0,43776845.0,213942016.0
OMCL,"Omnicell, Inc.",,,,,44876522.0,43778394.0,2131349376.0
OLED,Universal Display Corporation,United States,NMS,USD,,47542245.0,43810654.0,5686052352.0
SITE,"SiteOne Landscape Supply, Inc.",United States,NYQ,USD,,44536512.0,43839070.0,5675166720.0
CALM,"Cal-Maine Foods, Inc.",United States,NMS,USD,,48499606.0,43854799.0,3975997952.0
FOSL,"Fossil Group, Inc.",US,NASDAQ NMS - GLOBAL MARKET,USD,1993-04-01,56387431.0,43861706.0,217091600.0
HTLD,"Heartland Express, Inc.",United States,NMS,USD,,77447537.0,43872481.0,712517312.0
MIRM,"Mirum Pharmaceuticals, Inc.",United States,NGM,USD,,51683837.0,43874694.0,4096461056.0
NHI,"National Health Investors, Inc.",United States,NYQ,USD,,47638502.0,43907451.0,3674357760.0
DLX,Deluxe Corporation,United States,NYQ,USD,,45007664.0,43916678.0,1021223936.0
TCRX,"TScan Therapeutics, Inc.",United States,NGM,USD,,52471405.0,44031335.0,60152868.0
WS,"Worthington Steel, Inc.",United States,NYQ,USD,,49857111.0,44078672.0,1796850304.0
CCPUF,SATO Technologies Corp.,,,,,73277783.0,44104432.0,8023917.0
XMTR,"Xometry, Inc.",,,,,49772345.0,44140631.0,3214253056.0
EME,"EMCOR Group, Inc.",United States,NYQ,USD,,44765864.0,44154362.0,28072226816.0
ULTA,"Ulta Beauty, Inc.",US,NASDAQ NMS - GLOBAL MARKET,USD,2007-10-25,44362172.0,44189603.0,27240204288.0
MYND,"Mynd.ai, Inc.",United States,ASE,USD,,45644686.0,44225136.0,22553040.0
SMG,The Scotts Miracle-Gro Company,,,,,58007149.0,44350799.0,3360354048.0
UCTT,"Ultra Clean Holdings, Inc.",United States,NMS,USD,,45387088.0,44519287.0,1181879808.0
GLPG,Galapagos NV,,,,,65897071.0,44533539.0,2176580096.0
LFIN,Longfin Corp.,,,,,44540989.0,44541223.0,745.0
GTLS,"Chart Industries, Inc.",United States,NYQ,USD,,44952953.0,44689529.0,9253565440.0
CYJBF,Hiab Oyj,FI,NASDAQ OMX HELSINKI LTD.,EUR,2005-06-01,54992564.0,44704975.0,4129193728.0
SAIC,Science Applications International Corporation,United States,NMS,USD,,45127414.0,44714498.0,4726919680.0
BMXXY,bioMérieux S.A.,,,,,1180672050.0,44732122.0,14675752960.0
NUVL,"Nuvalent, Inc.",United States,NMS,USD,,72221957.0,44742985.0,8083727872.0
MITK,"Mitek Systems, Inc.",United States,NCM,USD,,45742350.0,44752486.0,482124384.0
ANF,Abercrombie & Fitch Co.,United States,NYQ,USD,,45857556.0,44756975.0,5970335744.0
TCBIO,"Texas Capital Bancshares, Inc.",United States,NMS,USD,,,44827478.0,
TCBI,"Texas Capital Bancshares, Inc.",United States,NMS,USD,,45643585.0,44827478.0,4291833088.0
LPTH,"LightPath Technologies, Inc.",United States,NCM,USD,,45530177.0,44827743.0,410682208.0
HNI,HNI Corporation,United States,NYQ,USD,,45843684.0,44855972.0,1940563200.0
CRCT,"Cricut, Inc.",US,NASDAQ NMS - GLOBAL MARKET,USD,2021-03-25,53255194.0,44862437.0,1070830656.0
SHEN,Shenandoah Telecommunications Company,United States,NMS,USD,,54898139.0,44894600.0,620897984.0
INUMF,Infinitum Copper Corp.,,,,,49031508.0,44901094.0,976217.0
WSR,Whitestone REIT,,,,,51020124.0,44958933.0,708818048.0
SACH,Sachem Capital Corp.,United States,ASE,USD,,47691121.0,44999434.0,47457436.0
JANX,"Janux Therapeutics, Inc.",US,NASDAQ NMS - GLOBAL MARKET,USD,2021-06-11,60147807.0,45018228.0,857106240.0
GPMT,Granite Point Mortgage Trust Inc.,United States,NYQ,USD,,47405734.0,45043980.0,115670000.0
TPC,Tutor Perini Corporation,United States,NYQ,USD,,52743248.0,45049590.0,3642448640.0
CBZ,"CBIZ, Inc.",United States,NYQ,USD,,54401424.0,45061990.0,2879467264.0
CGEM,"Cullinan Therapeutics, Inc.",United States,NMS,USD,,59076259.0,45079321.0,612620800.0
RNR,RenaissanceRe Holdings Ltd.,BM,"NEW YORK STOCK EXCHANGE, INC.",USD,1996-07-24,46109518.0,45108019.0,13244432384.0
AXGN,"Axogen, Inc.",United States,NCM,USD,,46122289.0,45109905.0,1512811008.0
CIA,"Citizens, Inc.",United States,NYQ,USD,,50296848.0,45118285.0,259531728.0
MSM,"MSC Industrial Direct Co., Inc.",United States,NYQ,USD,,55791582.0,45150412.0,4877300224.0
ITRI,"Itron, Inc.",United States,NMS,USD,,44858794.0,45176182.0,4418000384.0
AORT,"Artivion, Inc.",United States,NYQ,USD,,47374939.0,45182901.0,2193933568.0
BCAB,"BioAtla, Inc.",,,,,58792088.0,45184071.0,49079636.0
BFH,"Bread Financial Holdings, Inc.",United States,NYQ,USD,,45600000.0,45224619.0,3494784000.0
MBI,MBIA Inc.,United States,NYQ,USD,,50493626.0,45229665.0,359514592.0
SRTA,"Strata Critical Medical, Inc.",United States,NCM,USD,,86366526.0,45245150.0,420604992.0
SRTAW,"Strata Critical Medical, Inc.",United States,NCM,USD,,,45245150.0,
IMRX,Immuneering Corporation,United States,NGM,USD,,64569967.0,45260318.0,434555872.0
XTNT,"Xtant Medical Holdings, Inc.",United States,ASE,USD,,140004240.0,45275971.0,108643296.0
DIOD,Diodes Incorporated,US,NASDAQ NMS - GLOBAL MARKET,USD,1980-03-17,46385331.0,45324035.0,2340249344.0
FBK,FB Financial Corporation,United States,NYQ,USD,,53462482.0,45382697.0,3037203712.0
PVH,PVH Corp.,US,"NEW YORK STOCK EXCHANGE, INC.",USD,1920-03-25,45802696.0,45390472.0,3303423232.0
COHU,"Cohu, Inc.",United States,NMS,USD,,46692617.0,45449660.0,1096809600.0
CADL,"Candel Therapeutics, Inc.",United States,NGM,USD,,54898303.0,45481597.0,329938816.0
PACS,"PACS Group, Inc.",United States,NYQ,USD,,156615144.0,45490435.0,5968603136.0
SHCO,Soho House & Co Inc.,United Kingdom,NYQ,USD,,54149151.0,45508609.0,1753019904.0
SNEX,StoneX Group Inc.,United States,NMS,USD,,52243891.0,45584362.0,5234315776.0
ALH,Alliance Laundry Holdings Inc.,United States,NYQ,USD,,202826920.0,45617212.0,4330355200.0
RAYA,Erayak Power Solution Group Inc.,China,NCM,USD,,854061.0,45648800.0,3615686.0
TDW,Tidewater Inc.,United States,NYQ,USD,,49563157.0,45668484.0,2494513664.0
EPC,Edgewell Personal Care Company,United States,NYQ,USD,,46715107.0,45682715.0,816580096.0
GALT,Galectin Therapeutics Inc.,United States,NCM,USD,,64472792.0,45758275.0,261140800.0
FNGR,"FingerMotion, Inc.",SG,NASDAQ NMS - GLOBAL MARKET,USD,2014-09-23,61217225.0,45832375.0,86316280.0
GOOS,Canada Goose Holdings Inc.,Canada,NYQ,USD,,46066744.0,45837812.0,1249302016.0
VIA,"Via Transportation, Inc.",United States,NYQ,USD,,77144637.0,45864291.0,2585831680.0
SFD,"Smithfield Foods, Inc.",United States,NMS,USD,,393112711.0,45895909.0,8821449728.0
MUX,McEwen Inc.,Canada,NYQ,USD,,54480457.0,45898695.0,1095057152.0
GCMG,GCM Grosvenor Inc.,United States,NGM,USD,,186880000.0,45908592.0,2139776000.0
QURE,uniQure N.V.,Netherlands,NMS,USD,,62291663.0,45909579.0,1545456128.0
CNL,Collective Mining Ltd.,Canada,ASE,USD,,92264749.0,45940464.0,1428106112.0
SRFM,Surf Air Mobility Inc.,United States,NYQ,USD,,63223450.0,45944472.0,128343600.0
ALTI,"AlTi Global, Inc.",United States,NCM,USD,,102464812.0,45950345.0,693602688.0
NAUT,"Nautilus Biotechnology, Inc.",United States,NCM,USD,,126305122.0,45999062.0,250084144.0
SPRO,"Spero Therapeutics, Inc.",United States,NMS,USD,,56339295.0,46006105.0,130707160.0
DENN,Denny's Corporation,United States,NCM,USD,,51498994.0,46009716.0,319808768.0
MASI,Masimo Corporation,,,,,53713949.0,46018889.0,7131063296.0
VERA,"Vera Therapeutics, Inc.",United States,NGM,USD,,70986890.0,46032682.0,3803477504.0
MPWR,"Monolithic Power Systems, Inc.",United States,NMS,USD,,47907000.0,46041501.0,45335351296.0
CLB,Core Laboratories Inc.,United States,NYQ,USD,,46563387.0,46051190.0,767183232.0
STEL,"Stellar Bancorp, Inc.",United States,NYQ,USD,,51187494.0,46052365.0,1600661888.0
HGTY,"Hagerty, Inc.",United States,NYQ,USD,,100511893.0,46133954.0,4744416768.0
LAB,Standard BioTools Inc.,United States,NMS,USD,,384565414.0,46147570.0,530700256.0
ONXXF,Ontex Group NV,BE,NYSE EURONEXT - EURONEXT BRUSSELS,EUR,2014-06-25,79733512.0,46148608.0,411863456.0
GEMSF,Infinity Stone Ventures Corp.,,,,,44507216.0,46180085.0,4885.0
HAE,Haemonetics Corporation,United States,NYQ,USD,,46809672.0,46219870.0,3867670016.0
EVAC,EQV Ventures Acquisition Corp. II,United States,NYQ,USD,,46947857.0,46227579.0,590818816.0
CCOI,"Cogent Communications Holdings, Inc.",United States,NMS,USD,,49121159.0,46249387.0,1109561856.0
HG,"Hamilton Insurance Group, Ltd.",Bermuda,NYQ,USD,,64537772.0,46303676.0,2801951232.0
RCIT,"Reelcause, Inc.",,,,,130732697.0,46339668.0,286491541504.0
NEXN,Nexxen International Ltd.,Israel,NGM,USD,,56748622.0,46381177.0,424893856.0
RNUGF,ReNeuron Group plc,,,,,57173760.0,46432526.0,63224.0
QNCX,"Quince Therapeutics, Inc.",United States,NMS,USD,,55681490.0,46456738.0,198226096.0
TDY,Teledyne Technologies Incorporated,United States,NYQ,USD,,46950987.0,46462227.0,24290093056.0
ROMA,Roma Green Finance Limited,HK,NASDAQ NMS - GLOBAL MARKET,HKD,2024-01-09,53493467.0,46484787.0,118533496.0
WK,Workiva Inc.,United States,NYQ,USD,,52432466.0,46486934.0,4908397568.0
LTC,"LTC Properties, Inc.",United States,NYQ,USD,,47614192.0,46529065.0,1626976896.0
ASMIY,ASM International NV,NL,NYSE EURONEXT - EURONEXT AMSTERDAM,EUR,1981-01-01,48875000.0,46530466.0,29734572032.0
ASMXF,ASM International NV,NL,NYSE EURONEXT - EURONEXT AMSTERDAM,EUR,1981-01-01,48875000.0,46530466.0,31958646784.0
PACK,Ranpak Holdings Corp.,United States,NYQ,USD,,84375870.0,46597418.0,486848768.0
SUUFF,Strathmore Plus Uranium Corp.,,,,,55089096.0,46611176.0,6941226.0
KNTK,Kinetik Holdings Inc.,United States,NYQ,USD,,64027442.0,46627344.0,2270413056.0
JLL,Jones Lang LaSalle Incorporated,United States,NYQ,USD,,47194630.0,46683512.0,16439392256.0
CRSR,"Corsair Gaming, Inc.",United States,NMS,USD,,106575210.0,46730032.0,650108736.0
CRTO,Criteo S.A.,France,NMS,USD,,50354158.0,46741425.0,1007586752.0
CYBR,CyberArk Software Ltd.,Israel,NMS,USD,,50476952.0,46766100.0,22949345280.0
NEXA,Nexa Resources S.A.,Luxembourg,NYQ,USD,,132438611.0,46783939.0,1244922880.0
VCTR,"Victory Capital Holdings, Inc.",United States,NMS,USD,,64935459.0,46949636.0,4294171392.0
MELI,"MercadoLibre, Inc.",Uruguay,NMS,USD,,50697182.0,47022143.0,101683847168.0
ILLRW,Triller Group Inc.,,,,,,47076389.0,
CD,Chaince Digital Holdings Inc.,United States,NGM,USD,,70874797.0,47113781.0,404695104.0
ACHV,"Achieve Life Sciences, Inc.",United States,NCM,USD,,53233988.0,47162652.0,238754448.0
VNPKF,Verde AgriTech Limited,,,,,52669724.0,47164158.0,39589196.0
CSIQ,Canadian Solar Inc.,Canada,NMS,USD,,66972246.0,47236951.0,1619388928.0
ROAD,"Construction Partners, Inc.",United States,NMS,USD,,47947509.0,47242129.0,6391465984.0
FOMI,"Formation Minerals, Inc.",,,,,100035585.0,47293824.0,20007.0
UPXI,"Upexi, Inc.",United States,NCM,USD,,63208083.0,47330308.0,118199120.0
CDLX,"Cardlytics, Inc.",United States,NGM,USD,,54056548.0,47331913.0,64057008.0
CLDT,Chatham Lodging Trust,United States,NYQ,USD,,48516000.0,47335230.0,349374752.0
CMRE,Costamare Inc.,Monaco,NYQ,USD,,120427394.0,47372524.0,1893118592.0
EBS,Emergent BioSolutions Inc.,United States,NYQ,USD,,52519964.0,47390339.0,663154176.0
ALRM,"Alarm.com Holdings, Inc.",United States,NMS,USD,,49879680.0,47432084.0,2585579776.0
HLP,Hongli Group Inc.,China,NCM,USD,,73438750.0,47450980.0,91064056.0
CNOB,"ConnectOne Bancorp, Inc.",United States,NMS,USD,,50273089.0,47490906.0,1349832448.0
CNOBP,"ConnectOne Bancorp, Inc.",US,NASDAQ NMS - GLOBAL MARKET,USD,1993-10-27,,47490906.0,1349.0
PRA,ProAssurance Corporation,United States,NYQ,USD,,51413643.0,47509805.0,1237012224.0
PBH,Prestige Consumer Healthcare Inc.,United States,NYQ,USD,,48084010.0,47513734.0,3092126464.0
ALDX,"Aldeyra Therapeutics, Inc.",United States,NCM,USD,,60162773.0,47577924.0,319464320.0
NUS,"Nu Skin Enterprises, Inc.",United States,NYQ,USD,,48750076.0,47594212.0,479700768.0
MCHB,Mechanics Bancorp,United States,NMS,USD,,220099202.0,47616238.0,3245204224.0
FCEL,"FuelCell Energy, Inc.",United States,NGM,USD,,47736734.0,47647466.0,404807488.0
TMCI,"Treace Medical Concepts, Inc.",United States,NMS,USD,,63718073.0,47680871.0,154197744.0
LSAK,"Lesaka Technologies, Inc.",,,,,84086399.0,47691399.0,366616704.0
PDSB,PDS Biotechnology Corporation,United States,NCM,USD,,54721307.0,47717105.0,49479008.0
WCC,"WESCO International, Inc.",United States,NYQ,USD,,48646230.0,47787138.0,12358870016.0
GOODN,Gladstone Commercial Corporation,US,NASDAQ NMS - GLOBAL MARKET,USD,2003-08-13,,47800981.0,509.0
GOOD,Gladstone Commercial Corporation,US,NASDAQ NMS - GLOBAL MARKET,USD,2003-08-13,48401155.0,47800981.0,514152000.0
COCO,"The Vita Coco Company, Inc.",,,,,56948258.0,47845648.0,3050148608.0
SAOGF,"Seria Co., Ltd.",,,,,62671584.0,47917603.0,1291661440.0
MOH,"Molina Healthcare, Inc.",United States,NYQ,USD,,51400000.0,47933070.0,8934327296.0
ATRC,"AtriCure, Inc.",United States,NGM,USD,,49716988.0,47969436.0,2005086208.0
REVG,"REV Group, Inc.",United States,NYQ,USD,,48806145.0,48008165.0,3052824320.0
FRPT,"Freshpet, Inc.",US,NASDAQ NMS - GLOBAL MARKET,USD,2014-11-07,48808337.0,48011785.0,3132030720.0
ARW,"Arrow Electronics, Inc.",United States,NYQ,USD,,51511356.0,48089972.0,5840872448.0
HGV,Hilton Grand Vacations Inc.,United States,NYQ,USD,,85543093.0,48101737.0,3984611328.0
JFIN,Jiayin Group Inc.,China,NGM,USD,,26369546.0,48110466.0,330891168.0
ACA,"Arcosa, Inc.",,,,,49045025.0,48143087.0,5408685056.0
LXEO,"Lexeo Therapeutics, Inc.",United States,NGM,USD,,72987327.0,48178205.0,748120128.0
SPT,"Sprout Social, Inc.",,,,,53179992.0,48353555.0,657001792.0
PAYC,"Paycom Software, Inc.",,,,,54906117.0,48407978.0,9024119808.0
CGNT,Cognyte Software Ltd.,IL,NASDAQ NMS - GLOBAL MARKET,USD,2021-02-02,73038091.0,48435940.0,679984640.0
BNR,Burning Rock Biotech Limited,,,,,9034111.0,48441642.0,227982656.0
KYMR,"Kymera Therapeutics, Inc.",United States,NGM,USD,,79999027.0,48455511.0,6505520640.0
GNS,Genius Group Limited,Singapore,ASE,USD,,84808823.0,48472840.0,55375348.0
TWI,"Titan International, Inc.",United States,NYQ,USD,,63951494.0,48485465.0,504577280.0
CRS,Carpenter Technology Corporation,United States,NYQ,USD,,49818822.0,48519049.0,16667379712.0
ONTO,Onto Innovation Inc.,United States,NYQ,USD,,49652933.0,48618092.0,7971779072.0
APGE,"Apogee Therapeutics, Inc.",United States,NGM,USD,,54833587.0,48647548.0,5282520064.0
SNCY,"Sun Country Airlines Holdings, Inc.",US,NASDAQ NMS - GLOBAL MARKET,USD,2021-03-17,52714634.0,48661406.0,777352768.0
CRL,"Charles River Laboratories International, Inc.",United States,NYQ,USD,,49215471.0,48695263.0,10023223296.0
BHR,Braemar Hotels & Resorts Inc.,United States,NYQ,USD,,68219432.0,48765979.0,224538896.0
INDB,Independent Bank Corp.,United States,NMS,USD,,49577265.0,48773122.0,3758140416.0
OTLK,"Outlook Therapeutics, Inc.",United States,NCM,USD,,64114399.0,48780158.0,116688208.0
PARR,"Par Pacific Holdings, Inc.",United States,NYQ,USD,,50291043.0,48824556.0,1779022080.0
CR,Crane Company,United States,NYQ,USD,,57596887.0,48830641.0,10816695296.0
LND,BrasilAgro - Companhia Brasileira de Propriedades Agrícolas,Brazil,NYQ,USD,,99615457.0,48847541.0,355627168.0
BL,"BlackLine, Inc.",United States,NMS,USD,,59486668.0,48881980.0,3574640640.0
STVN,Stevanato Group S.p.A.,,,,,49709718.0,48911342.0,5651176448.0
TK,Teekay Corporation Ltd.,BM,"NEW YORK STOCK EXCHANGE, INC.",USD,1995-07-20,85269031.0,48929075.0,782769728.0
CBIPF,Crypto Blockchain Industries,FR,NYSE EURONEXT - EURONEXT PARIS,EUR,2021-10-26,,48941409.0,49.0
UTI,"Universal Technical Institute, Inc.",United States,NYQ,USD,,54429869.0,48954768.0,1485935360.0
RRR,"Red Rock Resorts, Inc.",US,NASDAQ NMS - GLOBAL MARKET,USD,2016-04-27,59969558.0,48984257.0,6457219584.0
LASR,"nLIGHT, Inc.",US,NASDAQ NMS - GLOBAL MARKET,USD,2018-04-26,50786007.0,48991737.0,1990811520.0
IKT,"Inhibikase Therapeutics, Inc.",United States,NCM,USD,,121267045.0,49093919.0,242534096.0
CNPRF,Condor Energies Inc.,,,,,68366783.0,49156239.0,85458480.0
SITC,SITE Centers Corp.,United States,NYQ,USD,,52462340.0,49199182.0,341393280.0
ONL,Orion Properties Inc.,United States,NYQ,USD,,56314634.0,49323172.0,126707928.0
VNDA,Vanda Pharmaceuticals Inc.,United States,NGM,USD,,59096630.0,49330912.0,416040288.0
EXPO,"Exponent, Inc.",,,,,49887226.0,49355428.0,3603256064.0
MGTEW,Marblegate Capital Corporation,,,,,,49626869.0,
NDSN,Nordson Corporation,United States,NMS,USD,,55823516.0,49763315.0,13620379648.0
AIZ,"Assurant, Inc.",US,"NEW YORK STOCK EXCHANGE, INC.",USD,2004-02-04,50081110.0,49787635.0,12116770816.0
GSAT,"Globalstar, Inc.",United States,NMS,USD,,126838414.0,49790419.0,7976867840.0
MATV,"Mativ Holdings, Inc.",United States,NYQ,USD,,54681114.0,49796450.0,680233024.0
OLMA,"Olema Pharmaceuticals, Inc.",US,NASDAQ NMS - GLOBAL MARKET,USD,2020-11-19,80159923.0,49836805.0,2102594688.0
WRRZF,Walker River Resources Corp.,,,,,52080862.0,49838260.0,1614506.0
GDC,GD Culture Group Limited,United States,NCM,USD,,57318111.0,49848286.0,276273312.0
PTGX,"Protagonist Therapeutics, Inc.",United States,NGM,USD,,62515666.0,49893128.0,5550140416.0
