symbol,name,country,exchange,currency,ipo,share_outstanding,float_shares,market_cap
TTSH,"Tile Shop Holdings, Inc.",United States,NCM,USD,,44715001.0,4393.0,164722080.0
CDNL,Cardinal Infrastructure Group Inc.,United States,NMS,USD,,14943750.0,10992.0,905391552.0
VCIG,VCI Global Limited,Malaysia,NCM,USD,,6543598.0,23620.0,4181359.0
SMXWW,SMX (Security Matters) Public Limited Company,Ireland,NCM,USD,,,34625.0,
SMX,SMX (Security Matters) Public Limited Company,Ireland,NCM,USD,,8700342.0,34625.0,1012806848.0
JDZG,JIADE Limited,China,NCM,USD,,2317123.0,38337.0,2863808.0
NEN,New England Realty Associates Limited Partnership,United States,ASE,USD,,2822424.0,64948.0,223305984.0
GDHG,Golden Heaven Group Holdings Ltd.,China,NCM,USD,,2460492.0,89436.0,6203562.0
RUBI,Rubico Inc.,Marshall Islands,NCM,USD,,2456113.0,101546.0,2996458.0
WOK,WORK Medical Technology Group LTD,China,NCM,USD,,960012.0,128312.0,30576.0
DIT,AMCON Distributing Company,United States,ASE,USD,,650709.0,166406.0,68324448.0
BH,Biglari Holdings Inc.,United States,NYQ,USD,,2068640.0,181976.0,1103412608.0
SPHL,Springview Holdings Ltd,Singapore,NCM,USD,,1652204.0,187461.0,3882679.0
JXG,JX Luxventure Group Inc.,China,NCM,USD,,1206262.0,204508.0,9806918.0
WTO,UTime Limited,China,NCM,USD,,1944191.0,209829.0,1234561.0
SVRN,OceanPal Inc.,Greece,NCM,USD,,34300471.0,216478.0,34986480.0
BON,Bon Natural Life Limited,China,NCM,USD,,6086971.0,217703.0,16374745.0
CHSN,Chanson International Holding,China,NCM,USD,,38907905.0,231770.0,81465648.0
SEB,Seaboard Corporation,United States,ASE,USD,,957951.0,245446.0,4190718464.0
SLGL,Sol-Gel Technologies Ltd.,Israel,NCM,USD,,2785787.0,304821.0,116585184.0
KXIN,Kaixin Holdings,China,NCM,USD,,738607.0,308248.0,5451642.0
SPRC,SciSparc Ltd.,Israel,NCM,USD,,3288998.0,332674.0,4834827.0
IPW,iPower Inc.,United States,NCM,USD,,1049832.0,341699.0,10183380.0
DWTX,"Dogwood Therapeutics, Inc.",United States,NCM,USD,,29727866.0,358031.0,120992416.0
TWG,Top Wealth Group Holding Limited,Hong Kong,NCM,USD,,1300029.0,360581.0,5945441.0
CETX,"Cemtrex, Inc.",United States,NCM,USD,,6911663.0,378546.0,15758594.0
YAAS,Youxin Technology Ltd,China,NCM,USD,,3967877.0,382269.0,6853884.0
HWH,HWH International Inc.,United States,NCM,USD,,6476400.0,409049.0,9649836.0
ATMCW,AlphaTime Acquisition Corp,United States,NCM,USD,,,417448.0,
ATMCU,AlphaTime Acquisition Corp,United States,NCM,USD,,,417448.0,
ATMCR,AlphaTime Acquisition Corp,United States,NCM,USD,,,417448.0,
NCEW,New Century Logistics (BVI) Limited,Hong Kong,NCM,USD,,2687500.0,418739.0,15023125.0
NIVF,NewGenIvf Group Limited,Thailand,NCM,USD,,1317135.0,429967.0,1055814.0
NIVFW,NewGenIvf Group Limited,Thailand,NCM,USD,,,429967.0,
WAI,Top KingWin Ltd,China,NCM,USD,,1665135.0,457212.0,3696693.0
RJET,Republic Airways Holdings Inc.,United States,NMS,USD,,46900000.0,480120.0,925336960.0
MAYS,"J.W. Mays, Inc.",United States,NCM,USD,,2015780.0,493423.0,79202216.0
YHGJ,Yunhong Green CTI Ltd.,United States,NCM,USD,,2773863.0,504899.0,10485206.0
BDMDW,Baird Medical Investment Holdings Limited,China,NCM,USD,,,505026.0,
BDMD,Baird Medical Investment Holdings Limited,China,NCM,USD,,36725899.0,505026.0,51416260.0
FGI,FGI Industries Ltd.,United States,NCM,USD,,1920140.0,523257.0,12346500.0
CHNR,"China Natural Resources, Inc.",China,NCM,USD,,1233382.0,523379.0,4316837.0
MFI,mF International Limited,Hong Kong,NCM,USD,,50525597.0,525594.0,951512000.0
EMPG,Empro Group Inc.,Malaysia,NCM,USD,,8240000.0,527760.0,143046400.0
DFSC,DEFSEC Technologies Inc.,Canada,NCM,USD,,1993626.0,530373.0,3628399.0
LGCB,Linkage Global Inc,Japan,NCM,USD,,10162522.0,545127.0,21208792.0
GLXG,Galaxy Payroll Group Limited,Hong Kong,NCM,USD,,1801500.0,545523.0,4236540.0
JFBRW,Jeffs' Brands Ltd,Israel,NCM,USD,,,545571.0,
JFBR,Jeffs' Brands Ltd,Israel,NCM,USD,,3168809.0,545571.0,2768588.0
BDL,"Flanigan's Enterprises, Inc.",United States,ASE,USD,,1858647.0,553319.0,54978808.0
WHLR,"Wheeler Real Estate Investment Trust, Inc.",United States,NCM,USD,,1895599.0,563181.0,3544770.0
WHLRP,"Wheeler Real Estate Investment Trust, Inc.",United States,NCM,USD,,0.0,563181.0,4754368.0
UPC,Universe Pharmaceuticals INC,China,NCM,USD,,563338.0,563332.0,3165959.0
AEHL,Antelope Enterprise Holdings Limited,China,NCM,USD,,2616577.0,576401.0,6671975.0
CMCT,Creative Media & Community Trust Corporation,United States,NCM,USD,,947030.0,589626.0,4271105.0
DDI,"DoubleDown Interactive Co., Ltd.",South Korea,NMS,USD,,49553440.0,593130.0,425664064.0
APLM,"Apollomics, Inc.",United States,NCM,USD,,2143348.0,594131.0,42866960.0
ENVB,"Enveric Biosciences, Inc.",United States,NCM,USD,,1023368.0,595468.0,4206042.0
INTG,The InterGroup Corporation,United States,NCM,USD,,2148812.0,600185.0,58619592.0
MDRR,"Medalist Diversified REIT, Inc.",United States,NCM,USD,,1112405.0,604492.0,13359984.0
BBGI,"Beasley Broadcast Group, Inc.",United States,NCM,USD,,970857.0,613484.0,9074090.0
IOR,"Income Opportunity Realty Investors, Inc.",United States,ASE,USD,,4066178.0,628265.0,71361424.0
JYD,Jayud Global Logistics Limited,China,NCM,USD,,2625676.0,643830.0,11536927.0
HTOO,Fusion Fuel Green PLC,Ireland,NCM,USD,,2013403.0,649865.0,7878043.0
PNRG,PrimeEnergy Resources Corporation,United States,NCM,USD,,1635000.0,650109.0,289630368.0
CLIK,Click Holdings Limited,Hong Kong,NCM,USD,,2935986.0,653496.0,18077202.0
TGL,Treasure Global Inc.,United States,NCM,USD,,1526364.0,654275.0,10699812.0
GYRO,"Gyrodyne, LLC",United States,NCM,USD,,2199308.0,668185.0,20628638.0
ACON,"Aclarion, Inc.",United States,NCM,USD,,671371.0,671331.0,3618689.0
ELAB,PMGC Holdings Inc.,United States,NCM,USD,,744110.0,675930.0,1153372.0
SPRB,"Spruce Biosciences, Inc.",United States,NCM,USD,,1070370.0,676452.0,91773520.0
SQFTW,"Presidio Property Trust, Inc.",United States,NCM,USD,,,700003.0,
SQFTP,"Presidio Property Trust, Inc.",United States,NCM,USD,,,700003.0,
SQFT,"Presidio Property Trust, Inc.",United States,NCM,USD,,1230601.0,700003.0,4848568.0
MNDR,Mobile-health Network Solutions,Singapore,NCM,USD,,2365752.0,723245.0,2949980.0
MTVA,MetaVia Inc.,United States,NCM,USD,,2309090.0,725431.0,21220536.0
CVR,Chicago Rivet & Machine Co.,United States,ASE,USD,,966132.0,737275.0,13274653.0
CISS,C3is Inc.,Greece,NCM,USD,,4418378.0,743251.0,931394.0
VALU,"Value Line, Inc.",United States,NCM,USD,,9389873.0,752974.0,357463072.0
VRM,"Vroom, Inc.",United States,NGM,USD,,5199620.0,756181.0,116991448.0
LICN,Lichen International Limited,China,NCM,USD,,16216825.0,756690.0,48440060.0
AEMD,"Aethlon Medical, Inc.",United States,NCM,USD,,971872.0,756925.0,2487992.0
NEGG,"Newegg Commerce, Inc.",United States,NCM,USD,,20966480.0,782495.0,1110804096.0
MIGI,Mawson Infrastructure Group Inc.,United States,NCM,USD,,1143259.0,787077.0,5144670.0
FTEL,Fitell Corporation,Australia,NCM,USD,,2432000.0,793042.0,1775116.0
ALCYU,Alchemy Investments Acquisition Corp 1,United States,NCM,USD,,,795026.0,
ALCY,Alchemy Investments Acquisition Corp 1,United States,NCM,USD,,4208042.0,795026.0,50454448.0
NCSM,"NCS Multistage Holdings, Inc.",United States,NCM,USD,,2540920.0,803769.0,102678576.0
DRMA,"Dermata Therapeutics, Inc.",United States,NCM,USD,,1026457.0,828926.0,1909210.0
DRMAW,"Dermata Therapeutics, Inc.",United States,NCM,USD,,,828926.0,
ESHA,ESH Acquisition Corp.,United States,NCM,USD,,3892381.0,829763.0,47609048.0
RNAZ,"TransCode Therapeutics, Inc.",United States,NCM,USD,,916968.0,832424.0,6382104.0
BOXL,Boxlight Corporation,United States,NCM,USD,,951873.0,833812.0,2084604.0
MXC,Mexco Energy Corporation,United States,ASE,USD,,2046000.0,839146.0,21836140.0
PLUR,Pluri Inc.,Israel,NCM,USD,,9253897.0,867368.0,28779618.0
LIVE,Live Ventures Incorporated,United States,NCM,USD,,3071656.0,867804.0,48225016.0
AIRT,"Air T, Inc.",United States,NCM,USD,,2702639.0,888276.0,52025820.0
AIRTP,"Air T, Inc.",United States,NGM,USD,,3044420.0,888276.0,473350816.0
PLRZ,Polyrizon Ltd.,Israel,NCM,USD,,1041677.0,900364.0,8479251.0
SSM,Sono Group N.V.,Germany,NCM,USD,,1424408.0,922899.0,9928687.0
BAOS,Baosheng Media Group Holdings Limited,China,NCM,USD,,1534487.0,937633.0,4173804.0
NSYS,Nortech Systems Incorporated,United States,NCM,USD,,2786134.0,938649.0,20589538.0
STG,Sunlands Technology Group,China,NYQ,USD,,5108694.0,955634.0,86377944.0
COHN,Cohen & Company Inc.,United States,ASE,USD,,2035863.0,956722.0,35403672.0
VGAS,"Verde Clean Fuels, Inc.",United States,NCM,USD,,22049621.0,960142.0,107364592.0
TAOP,Taoping Inc.,China,NCM,USD,,9238687.0,967548.0,13580870.0
GURE,"Gulf Resources, Inc.",China,NCM,USD,,1353531.0,967715.0,5008065.0
WBUY,WEBUY GLOBAL LTD.,Singapore,NCM,USD,,2258611.0,972218.0,3546019.0
SLGB,Smart Logistics Global Limited,Hong Kong,NCM,USD,,41000000.0,975600.0,45510000.0
PMN,"ProMIS Neurosciences, Inc.",Canada,NCM,USD,,2152444.0,990684.0,16487721.0
GLTO,"Galecto, Inc.",Denmark,NCM,USD,,1595161.0,992821.0,54458796.0
PAPL,Pineapple Financial Inc.,Canada,ASE,USD,,1345941.0,1004718.0,2597668.0
EHLD,Euroholdings Ltd.,Greece,NCM,USD,,2816615.0,1061864.0,19209314.0
PHGE,BiomX Inc.,Israel,ASE,USD,,1526640.0,1076892.0,2946415.0
LVLU,"Lulu's Fashion Lounge Holdings, Inc.",United States,NCM,USD,,2771846.0,1086176.0,15064983.0
ATHA,"Athira Pharma, Inc.",United States,NCM,USD,,3943887.0,1086186.0,29500612.0
FEED,"ENvue Medical, Inc.",United States,NCM,USD,,1088192.0,1088143.0,2785771.0
NDRA,ENDRA Life Sciences Inc.,United States,NCM,USD,,1166441.0,1095533.0,5925525.0
ARBB,ARB IOT Group Limited,Singapore,NCM,USD,,1765256.0,1138714.0,10309095.0
SLMT,Brera Holdings PLC,Ireland,NCM,USD,,81994765.0,1149428.0,173351984.0
SDOT,Sadot Group Inc.,United States,NCM,USD,,1549080.0,1150055.0,2974233.0
CDT,CDT Equity Inc.,United States,NCM,USD,,1629402.0,1152346.0,2330046.0
CDTTW,CDT Equity Inc.,United States,NCM,USD,,,1152346.0,
RYM,"RYTHM, Inc.",United States,NCM,USD,,2149128.0,1158305.0,51299688.0
LNZA,"LanzaTech Global, Inc.",United States,NCM,USD,,2320216.0,1159621.0,30371628.0
SAIHW,SAIHEAT Limited,Singapore,NCM,USD,,,1166638.0,
TCI,"Transcontinental Realty Investors, Inc.",United States,NYQ,USD,,8639316.0,1171578.0,475680800.0
TSAT,Telesat Corporation,Canada,NMS,USD,,14685375.0,1174682.0,1487196416.0
LRE,"Lead Real Estate Co., Ltd",Japan,NCM,USD,,13641900.0,1176750.0,17598052.0
SYNX,Silynxcom Ltd.,Israel,ASE,USD,,6634400.0,1182727.0,6369024.0
HCHL,Happy City Holdings Limited,Hong Kong,NCM,USD,,7212000.0,1212085.0,75311040.0
SOBR,"SOBR Safe, Inc.",United States,NCM,USD,,1516238.0,1215159.0,3335725.0
BNBX,BNB Plus Corp.,United States,NCM,USD,,4365541.0,1216134.0,10171710.0
LRHC,La Rosa Holdings Corp.,United States,NCM,USD,,1625329.0,1233852.0,1124727.0
EDRY,EuroDry Ltd.,Greece,NCM,USD,,2826697.0,1239252.0,36323072.0
CKX,"CKX Lands, Inc.",United States,ASE,USD,,2053129.0,1243170.0,19402068.0
DJCO,Daily Journal Corporation,United States,NCM,USD,,1377426.0,1245400.0,712143040.0
MGIH,Millennium Group International Holdings Limited,Hong Kong,NCM,USD,,11250000.0,1249988.0,14850001.0
TOPS,Top Ships Inc.,Greece,ASE,USD,,4626197.0,1254763.0,23408562.0
ONCO,"Onconetix, Inc.",United States,NCM,USD,,1555015.0,1256119.0,2223672.0
XHLD,"TEN Holdings, Inc.",United States,NCM,USD,,2986666.0,1260213.0,4987732.0
NCI,Neo-Concept International Group Holdings Limited,Hong Kong,NCM,USD,,3464000.0,1260734.0,4958080.0
BJDX,"Bluejay Diagnostics, Inc.",United States,NCM,USD,,1814133.0,1270038.0,1269893.0
WAFU,Wah Fu Education Group Limited,China,NCM,USD,,4410559.0,1274519.0,6902525.0
MARPS,Marine Petroleum Trust,United States,NCM,USD,,2000000.0,1299020.0,8720000.0
ARL,"American Realty Investors, Inc.",United States,NYQ,USD,,16152043.0,1308639.0,258109648.0
FAMI,"Farmmi, Inc.",China,NCM,USD,,5481874.0,1314260.0,7839081.0
ASTC,Astrotech Corporation,United States,NCM,USD,,1758953.0,1318078.0,6666435.0
IBG,Innovation Beverage Group Limited,Australia,NCM,USD,,20020000.0,1332374.0,46046000.0
MNTSW,Momentus Inc.,United States,NCM,USD,,,1340974.0,
MNTS,Momentus Inc.,United States,NCM,USD,,1669562.0,1340974.0,10384682.0
GSUN,Golden Sun Health Technology Group Limited,China,NCM,USD,,8495971.0,1342030.0,10322806.0
MRNOW,Murano Global Investments Plc,United Kingdom,NCM,USD,,,1349131.0,
MRNO,Murano Global Investments Plc,United Kingdom,NCM,USD,,79315662.0,1349131.0,50777888.0
JLHL,Julong Holding Limited,China,NCM,USD,,11448632.0,1351552.0,93087064.0
RKDA,"Arcadia Biosciences, Inc.",United States,NCM,USD,,1373120.0,1361902.0,3570111.0
TANH,Tantech Holdings Ltd,China,NCM,USD,,6138555.0,1407609.0,6261326.0
YDESW,YD Bio Limited,Taiwan,NGM,USD,,,1420759.0,
PARK,"Park Dental Partners, Inc.",United States,NCM,USD,,4091636.0,1424511.0,60065216.0
LCFYW,Locafy Limited,Australia,NCM,USD,,,1425571.0,
LCFY,Locafy Limited,Australia,NCM,USD,,1799055.0,1425571.0,5613051.0
PRPO,"Precipio, Inc.",United States,NCM,USD,,1752007.0,1426484.0,41627688.0
NXTT,Next Technology Holding Inc.,China,NCM,USD,,4082556.0,1442809.0,27148998.0
BOLT,"Bolt Biotherapeutics, Inc.",United States,NCM,USD,,1919441.0,1449101.0,10230626.0
PFX,PhenixFIN Corporation,United States,NGM,USD,,2000560.0,1461649.0,90174152.0
FLYE,"Fly-E Group, Inc.",United States,NCM,USD,,1632386.0,1464087.0,9924907.0
SHPH,"Shuttle Pharmaceuticals Holdings, Inc.",United States,NCM,USD,,1603285.0,1475295.0,2998143.0
GNLN,"Greenlane Holdings, Inc.",United States,NCM,USD,,4829563.0,1490665.0,10190377.0
PBBK,"PB Bankshares, Inc.",United States,NCM,USD,,2374576.0,1499307.0,56240476.0
FRGT,"Freight Technologies, Inc.",Mexico,NCM,USD,,1564246.0,1501399.0,3191063.0
ITIC,Investors Title Company,United States,NMS,USD,,1887574.0,1515099.0,472459776.0
CIX,CompX International Inc.,United States,ASE,USD,,12323057.0,1517708.0,284231328.0
IVF,"INVO Fertility, Inc.",United States,NCM,USD,,15130282.0,1520971.0,12673124.0
LSE,"Leishen Energy Holding Co., Ltd.",China,NCM,USD,,17025000.0,1524929.0,74399248.0
INDP,"Indaptus Therapeutics, Inc.",United States,NCM,USD,,1751163.0,1533861.0,4465465.0
CVKD,"Cadrenal Therapeutics, Inc.",United States,NCM,USD,,2338127.0,1542872.0,17325520.0
HIND,"Vyome Holdings, Inc.",United States,NCM,USD,,5644494.0,1543882.0,21053962.0
ARKR,Ark Restaurants Corp.,United States,NGM,USD,,3606157.0,1544697.0,22971220.0
MKTW,"MarketWise, Inc.",United States,NGM,USD,,2416640.0,1549646.0,39177656.0
PBM,Psyence Biomedical Ltd.,Canada,NCM,USD,,1872051.0,1550489.0,1741007.0
PBMWW,Psyence Biomedical Ltd.,Canada,NCM,USD,,,1550489.0,
AIMD,"Ainos, Inc.",United States,NCM,USD,,4812634.0,1567427.0,9403889.0
TIVC,"Tivic Health Systems, Inc.",United States,NCM,USD,,1765952.0,1569472.0,2843184.0
SHFSW,"SHF Holdings, Inc.",United States,NCM,USD,,,1571102.0,
WLDS,Wearable Devices Ltd.,Israel,NCM,USD,,8648406.0,1585079.0,10896991.0
WLDSW,Wearable Devices Ltd.,Israel,NCM,USD,,,1585079.0,
BKHAU,Black Hawk Acquisition Corporation,United States,NGM,USD,,,1593188.0,
BKHAR,Black Hawk Acquisition Corporation,United States,NGM,USD,,1380000.0,1593188.0,1752600.0
MAMK,MaxsMaking Inc.,China,NCM,USD,,9200000.0,1601550.0,218784992.0
RAINW,"Rain Enhancement Technologies Holdco, Inc.",United States,NCM,USD,,,1613651.0,
RAIN,"Rain Enhancement Technologies Holdco, Inc.",United States,NCM,USD,,8131081.0,1613651.0,53923472.0
VTAK,"Catheter Precision, Inc.",United States,ASE,USD,,1668375.0,1618574.0,2802870.0
ASNS,"Actelis Networks, Inc.",United States,NCM,USD,,6395892.0,1619975.0,3357843.0
TRSG,Tungray Technologies Inc.,Singapore,NCM,USD,,11793485.0,1625373.0,18479440.0
NUWE,"Nuwellis, Inc.",United States,NCM,USD,,902665.0,1632275.0,1841436.0
IROQ,"IF Bancorp, Inc.",United States,NCM,USD,,3240867.0,1634078.0,87276576.0
FIEE,"FiEE, Inc.",Hong Kong,NCM,USD,,6295961.0,1639594.0,17376856.0
JL,J-Long Group Limited,Hong Kong,NCM,USD,,1652701.0,1652703.0,23585872.0
BRID,Bridgford Foods Corporation,United States,NGM,USD,,9076832.0,1658156.0,69800848.0
ELSE,"Electro-Sensors, Inc.",United States,NCM,USD,,3480521.0,1668144.0,14687798.0
HFBL,"Home Federal Bancorp, Inc. of Louisiana",United States,NCM,USD,,3088261.0,1672598.0,51234252.0
WSTNU,Westin Acquisition Corp,Singapore,NCM,USD,,,1672633.0,
BCTXZ,BriaCell Therapeutics Corp.,Canada,NCM,USD,,,1674529.0,
BCTXW,BriaCell Therapeutics Corp.,Canada,NCM,USD,,,1674529.0,
BCTX,BriaCell Therapeutics Corp.,Canada,NCM,USD,,1883906.0,1674529.0,14972310.0
ACFN,"Acorn Energy, Inc.",United States,NCM,USD,,2504626.0,1677373.0,38070316.0
SNOA,"Sonoma Pharmaceuticals, Inc.",United States,NCM,USD,,1701076.0,1680136.0,6140884.0
UUU,"Universal Safety Products, Inc",United States,ASE,USD,,2312887.0,1686280.0,11564435.0
CDIOW,"Cardio Diagnostics Holdings, Inc.",United States,NCM,USD,,,1697607.0,
CDIO,"Cardio Diagnostics Holdings, Inc.",United States,NCM,USD,,1826051.0,1697607.0,6080753.0
INKT,"MiNK Therapeutics, Inc.",United States,NCM,USD,,4694155.0,1698439.0,56095152.0
SFBC,"Sound Financial Bancorp, Inc.",United States,NCM,USD,,2388038.0,1704594.0,104142336.0
ABTS,Abits Group Inc.,Hong Kong,NCM,USD,,2369995.0,1704865.0,12584679.0
ANGHW,Anghami Inc.,United Arab Emirates,NCM,USD,,,1714143.0,
ANGH,Anghami Inc.,United Arab Emirates,NCM,USD,,9064883.0,1714143.0,22118318.0
ABPWW,"Abpro Holdings, Inc.",United States,NCM,USD,,,1726765.0,
TCRT,"Alaunos Therapeutics, Inc.",United States,NCM,USD,,2231829.0,1735448.0,7208807.0
HOUR,"Hour Loop, Inc.",United States,NCM,USD,,35176320.0,1749318.0,67538536.0
VSSYW,Versus Systems Inc.,United States,NCM,USD,,,1756614.0,
VS,Versus Systems Inc.,United States,NCM,USD,,4901677.0,1756614.0,6176114.0
BBLGW,Bone Biologics Corporation,United States,NCM,USD,,,1787397.0,
BBLG,Bone Biologics Corporation,United States,NCM,USD,,1795260.0,1787397.0,3051942.0
ASPC,A SPAC III Acquisition Corp.,Hong Kong,NCM,USD,,837581.0,1791732.0,56125344.0
ASPCU,A SPAC III Acquisition Corp.,Hong Kong,NCM,USD,,,1791732.0,
WFCF,"Where Food Comes From, Inc.",United States,NCM,USD,,5111945.0,1792964.0,58452072.0
PDEX,"Pro-Dex, Inc.",United States,NCM,USD,,3262004.0,1805193.0,129396200.0
JCSE,JE Cleantech Holdings Limited,Singapore,NCM,USD,,5260260.0,1806654.0,5733683.0
JWEL,Jowell Global Ltd.,China,NCM,USD,,2170475.0,1829168.0,4861864.0
AGMH,AGM Group Holdings Inc.,Hong Kong,NCM,USD,,1977191.0,1832161.0,4033471.0
AGPU,Axe Compute Inc.,United States,NCM,USD,,3393516.0,1833008.0,24433322.0
PRFX,PainReform Ltd.,Israel,NCM,USD,,3915340.0,1834374.0,3239943.0
CIGL,Concorde International Group Ltd.,Singapore,NCM,USD,,6674356.0,1841781.0,49572304.0
ATON,AlphaTON Capital Corp.,British Virgin Islands,NCM,USD,,8187488.0,1845752.0,5375904.0
POLA,"Polar Power, Inc.",United States,NCM,USD,,2658676.0,1848604.0,4812203.0
MTR,Mesa Royalty Trust,United States,NYQ,USD,,1863590.0,1863590.0,7920262.0
RAY,Raytech Holding Limited,Hong Kong,NCM,USD,,2975817.0,1874881.0,6725348.0
DGLY,"Digital Ally, Inc.",United States,NCM,USD,,1898436.0,1898284.0,1398198.0
BGMS,"Bio Green Med Solution, Inc.",Malaysia,NCM,USD,,4900142.0,1906106.0,7252210.0
AWX,Avalon Holdings Corporation,United States,ASE,USD,,3287647.0,1915673.0,9709586.0
BNRG,Brenmiller Energy Ltd,Israel,NCM,USD,,3859800.0,1917333.0,2740844.0
ORKT,Orangekloud Technology Inc.,Singapore,NCM,USD,,2097003.0,1923099.0,4863343.0
ACXP,"Acurx Pharmaceuticals, Inc.",United States,NCM,USD,,2085363.0,1956759.0,6652308.0
VEEE,Twin Vee Powercats Co.,United States,NCM,USD,,2237299.0,1958890.0,4161376.0
XBIO,"Xenetic Biosciences, Inc.",United States,NCM,USD,,2291056.0,1984948.0,4765396.0
WXM,WF International Limited,China,NCM,USD,,8620688.0,1991000.0,4594826.0
RYOJ,"rYojbaba Co., Ltd.",Japan,NCM,USD,,11250000.0,1994700.0,38445748.0
WATT,Energous Corporation,United States,NCM,USD,,2175146.0,2008957.0,8167673.0
AHMA,Ambitions Enterprise Management Co. L.L.C,United Arab Emirates,NCM,USD,,10965000.0,2020480.0,219370496.0
ACCS,ACCESS Newswire Inc.,United States,ASE,USD,,3868826.0,2029161.0,33194536.0
UK,Ucommune International Ltd,China,NCM,USD,,2075569.0,2047543.0,1755964.0
NCEL,NewcelX Ltd.,Switzerland,NCM,USD,,4558378.0,2056548.0,11395948.0
TCBS,"Texas Community Bancshares, Inc.",United States,NCM,USD,,2721248.0,2058243.0,48748412.0
EPSM,Epsium Enterprise Limited,China,NCM,USD,,13423034.0,2076042.0,28891776.0
TRUG,"TruGolf Holdings, Inc.",United States,NCM,USD,,2386402.0,2076648.0,2057482.0
ELWT,"Elauwit Connection, Inc.",United States,NCM,USD,,6619796.0,2101851.0,32503198.0
DXR,Daxor Corporation,United States,NCM,USD,,4984452.0,2122479.0,69333728.0
KEQU,Kewaunee Scientific Corporation,United States,NGM,USD,,2866384.0,2157269.0,108922592.0
NTSK,"Netskope, Inc.",United States,NMS,USD,,85188411.0,2174722.0,7192704512.0
STI,"Solidion Technology, Inc.",United States,NCM,USD,,7252723.0,2186283.0,45764680.0
RGS,Regis Corporation,United States,NGM,USD,,2480493.0,2189085.0,67940704.0
AUBN,"Auburn National Bancorporation, Inc.",United States,NGM,USD,,3493699.0,2191213.0,94155192.0
IMCC,IM Cannabis Corp.,Israel,NCM,USD,,5246812.0,2204973.0,7502941.0
FOFO,"Hang Feng Technology Innovation Co., Ltd.",Hong Kong,NCM,USD,,6871250.0,2210479.0,72354272.0
HTCO,High-Trend International Group,Singapore,NCM,USD,,7285324.0,2215419.0,66216812.0
INAB,"IN8bio, Inc.",United States,NCM,USD,,9761425.0,2220803.0,21767980.0
SWKH,SWK Holdings Corporation,United States,NGM,USD,,12095906.0,2231937.0,208084800.0
ESP,Espey Mfg. & Electronics Corp.,United States,ASE,USD,,2935093.0,2232490.0,133106464.0
ROLR,"High Roller Technologies, Inc.",United States,ASE,USD,,8497511.0,2244363.0,11981490.0
MSGM,Motorsport Games Inc.,United States,NCM,USD,,5078450.0,2244929.0,16047906.0
EKSO,"Ekso Bionics Holdings, Inc.",United States,NCM,USD,,2623233.0,2249475.0,14585181.0
CYCU,"Cycurion, Inc.",United States,NGM,USD,,3608277.0,2249753.0,10103178.0
FOA,Finance of America Companies Inc.,United States,NYQ,USD,,7891348.0,2279100.0,254158464.0
WLFC,Willis Lease Finance Corporation,United States,NGM,USD,,6814154.0,2290442.0,1045449856.0
STRRP,"Star Equity Holdings, Inc.",United States,NMS,USD,,,2333871.0,
STRR,"Star Equity Holdings, Inc.",United States,NMS,USD,,3473613.0,2333871.0,37931856.0
CPHI,"China Pharma Holdings, Inc.",China,ASE,USD,,5022002.0,2340604.0,6453272.0
SBEV,"Splash Beverage Group, Inc.",United States,ASE,USD,,2773106.0,2354877.0,2666062.0
RGNT,Regentis Biomaterials Ltd.,Israel,ASE,USD,,5179378.0,2371812.0,35893088.0
DOGZ,Dogness (International) Corporation,China,NCM,USD,,5441658.0,2372260.0,148008704.0
GHC,Graham Holdings Company,United States,NYQ,USD,,3398422.0,2382712.0,4841591296.0
XCUR,"Exicure, Inc.",United States,NCM,USD,,6373869.0,2383954.0,38179472.0
TRNR,Interactive Strength Inc.,United States,NCM,USD,,2777714.0,2385803.0,3972130.0
NSRX,Nasus Pharma Ltd.,Israel,ASE,USD,,9059634.0,2389042.0,68898528.0
VHI,"Valhi, Inc.",United States,NYQ,USD,,28302293.0,2391544.0,341891680.0
MSGY,Masonglory Limited,Hong Kong,NCM,USD,,14225000.0,2394500.0,38123000.0
CELZ,"Creative Medical Technology Holdings, Inc.",United States,NCM,USD,,3494668.0,2395353.0,7338802.0
CTW,CTW Cayman,Japan,NCM,USD,,50400000.0,2399904.0,112944000.0
MBBC,"Marathon Bancorp, Inc.",United States,NCM,USD,,2938620.0,2409492.0,35969676.0
UFG,Uni-Fuels Holdings Limited,Singapore,NCM,USD,,9765000.0,2414918.0,26346912.0
ARTW,"Art's-Way Manufacturing Co., Inc.",United States,NCM,USD,,5106834.0,2416707.0,12157241.0
PW,Power REIT,United States,ASE,USD,,3389661.0,2435607.0,3233397.0
HHS,"Harte Hanks, Inc.",United States,NGM,USD,,7414794.0,2446660.0,24617116.0
DHIL,"Diamond Hill Investment Group, Inc.",United States,NMS,USD,,2705296.0,2447833.0,457790368.0
GITS,"Global Interactive Technologies, Inc.",South Korea,NCM,USD,,3674208.0,2459809.0,2632570.0
ANTA,Antalpha Platform Holding Compa,Singapore,NGM,USD,,23677500.0,2477614.0,224936256.0
CTNT,Cheetah Net Supply Chain Service Inc.,United States,NCM,USD,,2727712.0,2478109.0,4307419.0
ATGL,Alpha Technology Group Limited,Hong Kong,NCM,USD,,15262500.0,2480004.0,346371008.0
POM,Pomdoctor Limited,China,NGM,USD,,106942308.0,2481973.0,42087600.0
BQ,Boqii Holding Limited,China,ASE,USD,,4298128.0,2525632.0,9416173.0
CPHC,Canterbury Park Holding Corporation,United States,NGM,USD,,5099272.0,2528729.0,78069856.0
PLPC,Preformed Line Products Company,United States,NMS,USD,,4901871.0,2550296.0,1047811904.0
BLBX,Blackboxstocks Inc.,United States,NCM,USD,,4305133.0,2551819.0,36464476.0
VIVS,"VivoSim Labs, Inc.",United States,NCM,USD,,2607962.0,2580161.0,5242003.0
BMRA,"Biomerica, Inc.",United States,NCM,USD,,2947966.0,2582422.0,7959508.0
JAGX,"Jaguar Health, Inc.",United States,NCM,USD,,4175837.0,2596257.0,4551662.0
EFOI,"Energy Focus, Inc.",United States,NCM,USD,,5739415.0,2611721.0,12913684.0
DUO,Fangdd Network Group Ltd.,China,NCM,USD,,4013414.0,2614526.0,11500980.0
SMC,Summit Midstream Corporation,United States,NYQ,USD,,12261954.0,2639753.0,328497760.0
ERNA,Ernexa Therapeutics Inc.,United States,NCM,USD,,7848889.0,2684556.0,9497157.0
TISI,"Team, Inc.",United States,NYQ,USD,,4527240.0,2689181.0,61253556.0
CBNA,"Chain Bridge Bancorp, Inc.",United States,NYQ,USD,,3210437.0,2689886.0,234125664.0
EURKR,Eureka Acquisition Corp,Hong Kong,NCM,USD,,,2700673.0,
SMID,Smith-Midland Corporation,United States,NCM,USD,,5304606.0,2735585.0,186722128.0
AIM,AIM ImmunoTech Inc.,United States,ASE,USD,,2938681.0,2747035.0,3673351.0
FSHPR,Flag Ship Acquisition Corporation,United States,NGM,USD,,,2754084.0,
FSHP,Flag Ship Acquisition Corporation,United States,NGM,USD,,5025517.0,2754084.0,95099984.0
BCGWW,"Binah Capital Group, Inc.",United States,NCM,USD,,,2762483.0,
BCG,"Binah Capital Group, Inc.",United States,NGM,USD,,16602460.0,2762483.0,39679884.0
IHT,InnSuites Hospitality Trust,United States,ASE,USD,,9204834.0,2764304.0,12518576.0
BODI,"The Beachbody Company, Inc.",United States,NCM,USD,,4359034.0,2764760.0,71234776.0
ESEA,Euroseas Ltd.,Greece,NCM,USD,,7006612.0,2770204.0,381229760.0
UTMD,"Utah Medical Products, Inc.",United States,NMS,USD,,3203672.0,2774156.0,181924784.0
CLST,"Catalyst Bancorp, Inc.",United States,NCM,USD,,4113660.0,2783796.0,64275020.0
CPBI,"Central Plains Bancshares, Inc.",United States,NCM,USD,,4212839.0,2790369.0,71365496.0
SPPL,Simpple Ltd.,Singapore,NCM,USD,,4873144.0,2793920.0,19979894.0
INM,InMed Pharmaceuticals Inc.,Canada,NCM,USD,,2804186.0,2799465.0,3421107.0
AQMS,"Aqua Metals, Inc.",United States,NCM,USD,,2981223.0,2802205.0,14458931.0
SEED,Origin Agritech Limited,China,NCM,USD,,7846318.0,2805317.0,9258655.0
ELTK,Eltek Ltd.,Israel,NCM,USD,,6719827.0,2805788.0,57790516.0
BNAIW,"Brand Engagement Network, Inc.",United States,NCM,USD,,,2819187.0,
IPDN,"Professional Diversity Network, Inc.",United States,NCM,USD,,4881963.0,2823630.0,6932387.0
GRVY,"Gravity Co., Ltd.",South Korea,NGM,USD,,6948900.0,2827160.0,400951520.0
BGM,BGM Group Ltd.,China,NCM,USD,,180623358.0,2832616.0,862680512.0
RBKB,"Rhinebeck Bancorp, Inc.",United States,NCM,USD,,11145681.0,2835621.0,137426240.0
NATH,"Nathan's Famous, Inc.",United States,NMS,USD,,4089510.0,2843763.0,385559008.0
BGI,Birks Group Inc.,Canada,ASE,USD,,11876717.0,2849655.0,17856640.0
USGO,U.S. GoldMining Inc.,United States,NCM,USD,,13273195.0,2850950.0,132997416.0
PASG,"Passage Bio, Inc.",United States,NCM,USD,,3178710.0,2867165.0,34520788.0
AXR,AMREP Corporation,United States,NYQ,USD,,5305199.0,2885816.0,100017144.0
VTVT,vTv Therapeutics Inc.,United States,NCM,USD,,3938018.0,2902505.0,149290256.0
INLX,"Intellinetics, Inc.",United States,ASE,USD,,4479123.0,2905249.0,36460064.0
RIBBR,Ribbon Acquisition Corp.,Japan,NCM,USD,,5220000.0,2905806.0,1148400.0
RIBB,Ribbon Acquisition Corp.,Japan,NCM,USD,,5220000.0,2905806.0,67100372.0
RIBBU,Ribbon Acquisition Corp.,Japan,NCM,USD,,6470000.0,2905806.0,67546800.0
HIHO,Highway Holdings Limited,Hong Kong,NCM,USD,,4601825.0,2920567.0,7224867.0
TWAV,"TaoWeave, Inc.",United States,NCM,USD,,3207210.0,2923179.0,6318206.0
ACCL,Acco Group Holdings Limited,Hong Kong,NCM,USD,,13949900.0,2926923.0,40454712.0
ELOG,Eastern International Ltd.,China,NCM,USD,,12017000.0,2938277.0,18986860.0
UG,"United-Guardian, Inc.",United States,NGM,USD,,4594319.0,2949185.0,28484776.0
CNET,ZW Data Action Technologies Inc.,Hong Kong,NCM,USD,,3268469.0,2955807.0,3954847.0
ACU,Acme United Corporation,United States,ASE,USD,,3806724.0,2962393.0,154476864.0
SINT,"Sintx Technologies, Inc.",United States,NCM,USD,,3851956.0,2992238.0,14406315.0
SLXN,Silexion Therapeutics Corp,Israel,NCM,USD,,3126642.0,2995386.0,7160010.0
SLXNW,Silexion Therapeutics Corp,Israel,NCM,USD,,,2995386.0,
CFFI,C&F Financial Corporation,United States,NMS,USD,,3238232.0,3017320.0,230567024.0
KFFB,Kentucky First Federal Bancorp,United States,NGM,USD,,8086715.0,3030335.0,36390216.0
PSIG,PS International Group Ltd.,Hong Kong,NCM,USD,,8623102.0,3035340.0,36734416.0
IMNN,"Imunon, Inc.",United States,NCM,USD,,3070354.0,3036427.0,9671615.0
PTNM,Pitanium Limited,Hong Kong,NCM,USD,,19922500.0,3053190.0,238164784.0
HSCS,HeartSciences Inc.,United States,NCM,USD,,3178207.0,3059215.0,9057890.0
UCAR,U Power Limited,China,NCM,USD,,4603440.0,3060176.0,8379438.0
TAYD,"Taylor Devices, Inc.",United States,NCM,USD,,3147497.0,3065819.0,193130416.0
CYCN,"Cyclerion Therapeutics, Inc.",United States,NCM,USD,,3806212.0,3070471.0,5138386.0
ALGS,"Aligos Therapeutics, Inc.",United States,NCM,USD,,5353582.0,3074268.0,62212712.0
DSS,"DSS, Inc.",United States,ASE,USD,,9092518.0,3074271.0,8820652.0
AUUDW,Auddia Inc.,United States,NCM,USD,,,3096554.0,
AUUD,Auddia Inc.,United States,NCM,USD,,3101423.0,3096554.0,3132437.0
WTGUU,Wintergreen Acquisition Corp.,China,NCM,USD,,,3101828.0,
WTG,Wintergreen Acquisition Corp.,China,NCM,USD,,7303575.0,3101828.0,74205056.0
WTGUR,Wintergreen Acquisition Corp.,China,NCM,USD,,,3101828.0,
KLRS,"Kalaris Therapeutics, Inc.",United States,NGM,USD,,18702418.0,3127044.0,173090880.0
ENSC,"Ensysce Biosciences, Inc.",United States,NCM,USD,,3632301.0,3129838.0,3995531.0
BUUU,BUUU Group Limited,Hong Kong,NCM,USD,,11675000.0,3135067.0,139903248.0
AENTW,Alliance Entertainment Holding Corporation,United States,NCM,USD,,,3142031.0,
AENT,Alliance Entertainment Holding Corporation,United States,NCM,USD,,50937400.0,3142031.0,857700480.0
BTBD,"BT Brands, Inc.",United States,NCM,USD,,6154724.0,3152942.0,8862803.0
LPA,Logistic Properties of the Americas,United States,ASE,USD,,31617815.0,3165402.0,90110776.0
MSW,Ming Shing Group Holdings Limited,Hong Kong,NCM,USD,,12975000.0,3167976.0,11664525.0
MEGL,Magic Empire Global Limited,Hong Kong,NCM,USD,,4064050.0,3173944.0,6076861.0
WILC,G. Willi-Food International Ltd.,Israel,NCM,USD,,13923365.0,3209057.0,408233056.0
HKPD,Hong Kong Pharma Digital Technology Holdings Limited,Hong Kong,NCM,USD,,11000000.0,3213650.0,8756000.0
TIL,"Instil Bio, Inc.",United States,NCM,USD,,6781976.0,3228627.0,76704152.0
MYSZ,"My Size, Inc.",Israel,NCM,USD,,3848979.0,3230833.0,3166171.0
CLWT,Euro Tech Holdings Company Limited,Hong Kong,NCM,USD,,7616844.0,3245004.0,9645375.0
NISN,"Nisun International Enterprise Development Group Co., Ltd",China,NCM,USD,,4798358.0,3278032.0,6477783.0
AFRI,Forafric Global PLC,Gibraltar,NCM,USD,,26901592.0,3281994.0,285963936.0
AFRIW,Forafric Global PLC,Gibraltar,NCM,USD,,,3281994.0,
DRUG,Bright Minds Biosciences Inc.,United States,NCM,USD,,7787161.0,3292801.0,639481664.0
SLNG,"Stabilis Solutions, Inc.",United States,NCM,USD,,18596301.0,3315349.0,80893912.0
WBX,Wallbox N.V.,Spain,NYQ,USD,,16346744.0,3315686.0,48503488.0
MHH,"Mastech Digital, Inc.",United States,ASE,USD,,11697331.0,3350116.0,85788864.0
PRHI,"Presurance Holdings, Inc.",United States,NCM,USD,,12222881.0,3376082.0,9387173.0
PRHIZ,"Presurance Holdings, Inc.",United States,NGM,USD,,,3376082.0,
FNWD,Finward Bancorp,United States,NCM,USD,,4327000.0,3383151.0,159449936.0
BDSX,"Biodesix, Inc.",United States,NGM,USD,,7955685.0,3388167.0,54560000.0
ANEB,"Anebulo Pharmaceuticals, Inc.",United States,NCM,USD,,41084731.0,3401405.0,46014900.0
FSEA,"First Seacoast Bancorp, Inc.",United States,NCM,USD,,4696767.0,3406265.0,61038616.0
SUNE,SUNation Energy Inc.,United States,NCM,USD,,3406614.0,3406273.0,3747276.0
LEDS,SemiLEDs Corporation,Taiwan,NCM,USD,,8226153.0,3425535.0,13984460.0
ASTI,"Ascent Solar Technologies, Inc.",United States,NCM,USD,,4537215.0,3439556.0,16197857.0
AXIL,"AXIL Brands, Inc.",United States,ASE,USD,,6757717.0,3446571.0,50074688.0
JCTC,Jewett-Cameron Trading Company Ltd.,United States,NCM,USD,,3518119.0,3474389.0,8162036.0
OLB,"The OLB Group, Inc.",United States,NCM,USD,,8780749.0,3481036.0,6987720.0
FLXS,"Flexsteel Industries, Inc.",United States,NMS,USD,,5340446.0,3487258.0,217943648.0
BAFN,BayFirst Financial Corp.,United States,NCM,USD,,4110003.0,3499626.0,32242370.0
SRZN,"Surrozen, Inc.",United States,NCM,USD,,8571421.0,3506311.0,190285552.0
NPT,Texxon Holding Limited,China,NCM,USD,,22185000.0,3508114.0,114474600.0
MRSN,"Mersana Therapeutics, Inc.",United States,NMS,USD,,4998750.0,3519620.0,145338656.0
ZGM,Zenta Group Company Limited,Macau,NCM,USD,,11808839.0,3521478.0,27337466.0
BOTJ,"Bank of the James Financial Group, Inc.",United States,NCM,USD,,4543338.0,3529719.0,82734200.0
KPRX,"Kiora Pharmaceuticals, Inc.",United States,NCM,USD,,3677935.0,3558300.0,7245532.0
TMDE,TMD Energy Limited,Malaysia,ASE,USD,,23565000.0,3564913.0,12701534.0
QNTM,Quantum BioPharma Ltd.,Canada,NCM,USD,,3842935.0,3579839.0,31896710.0
FGEN,"FibroGen, Inc.",United States,NMS,USD,,4045445.0,3583374.0,36004460.0
CHCI,"Comstock Holding Companies, Inc.",United States,NCM,USD,,9867401.0,3584344.0,110056272.0
SEATW,Vivid Seats Inc.,United States,NMS,USD,,,3602097.0,
SEAT,Vivid Seats Inc.,United States,NMS,USD,,10725316.0,3602097.0,96377432.0
LEE,"Lee Enterprises, Incorporated",United States,NMS,USD,,6261825.0,3605121.0,23419226.0
SMTI,Sanara MedTech Inc.,United States,NCM,USD,,8935657.0,3612329.0,216421600.0
PFAI,Pinnacle Food Group Limited,Canada,NCM,USD,,4005000.0,3625011.0,24219000.0
ANPA,Rich Sparkle Holdings Limited,Hong Kong,NCM,USD,,12500000.0,3636000.0,281124992.0
SXTP,"60 Degrees Pharmaceuticals, Inc.",United States,NCM,USD,,4230448.0,3643939.0,2944391.0
RHLD,"Resolute Holdings Management, Inc.",United States,NYQ,USD,,8525998.0,3671124.0,1853296384.0
APWC,Asia Pacific Wire & Cable Corporation Limited,Taiwan,NCM,USD,,21204400.0,3678966.0,40076316.0
GDTC,CytoMed Therapeutics Limited,Singapore,NCM,USD,,11733712.0,3679298.0,17952580.0
CCHH,CCH Holdings Ltd,Malaysia,NCM,USD,,19250000.0,3693420.0,9755900.0
ENGS,Energys Group Limited,United Kingdom,NCM,USD,,14287860.0,3702293.0,11690328.0
AEI,Alset Inc.,United States,NCM,USD,,38905255.0,3706893.0,99597456.0
OVBC,Ohio Valley Banc Corp.,United States,NGM,USD,,4711001.0,3712834.0,189947600.0
SIF,"SIFCO Industries, Inc.",United States,ASE,USD,,6173688.0,3748849.0,33559504.0
TLF,"Tandy Leather Factory, Inc.",United States,NCM,USD,,8067502.0,3770912.0,21701584.0
UNB,"Union Bankshares, Inc.",United States,NGM,USD,,4582423.0,3784257.0,107778592.0
ALZN,"Alzamend Neuro, Inc.",United States,NCM,USD,,3801604.0,3787918.0,7679242.0
AQB,"AquaBounty Technologies, Inc.",United States,NCM,USD,,3877695.0,3788973.0,3955249.0
OZ,"Belpointe PREP, LLC",United States,ASE,USD,,3791177.0,3790941.0,244455168.0
WSBK,"Winchester Bancorp, Inc.",United States,NCM,USD,,8960743.0,3794372.0,92564488.0
FRAF,Franklin Financial Services Corporation,United States,NCM,USD,,4479037.0,3846418.0,228565248.0
AMS,American Shared Hospital Services,United States,ASE,USD,,6543000.0,3850621.0,14002021.0
STRT,Strattec Security Corporation,United States,NGM,USD,,4185271.0,3855221.0,332645344.0
APM,Aptorum Group Limited,United Kingdom,NCM,USD,,6346823.0,3863844.0,9283883.0
AIRI,Air Industries Group,United States,ASE,USD,,4775777.0,3892640.0,14757151.0
JTAI,Jet.AI Inc.,United States,NCM,USD,,4237256.0,3897330.0,3087688.0
KPLT,"Katapult Holdings, Inc.",United States,NGM,USD,,4720466.0,3901051.0,32335192.0
WKEY,WISeKey International Holding AG,Switzerland,NGM,USD,,8048076.0,3919815.0,94498616.0
SGN,"Signing Day Sports, Inc.",United States,ASE,USD,,4017781.0,3945019.0,4339203.0
NOMA,Nomadar Corp.,United States,NCM,USD,,12673401.0,3959651.0,82998504.0
CETY,"Clean Energy Technologies, Inc.",United States,NCM,USD,,7463203.0,3962212.0,6418354.0
QCLS,"Q/C Technologies, Inc.",United States,NCM,USD,,4166760.0,3963214.0,19833778.0
MYSE,"Myseum, Inc.",United States,NCM,USD,,4264329.0,3969792.0,7974297.0
MYSEW,"Myseum, Inc.",United States,NCM,USD,,,3969792.0,
EXOD,"Exodus Movement, Inc.",United States,ASE,USD,,9934432.0,3970549.0,441609600.0
HNVR,"Hanover Bancorp, Inc.",United States,NMS,USD,,7192390.0,3973436.0,168835568.0
CLMB,"Climb Global Solutions, Inc.",United States,NGM,USD,,4613446.0,3974591.0,480305984.0
LGL,"The LGL Group, Inc.",United States,ASE,USD,,5531537.0,3975108.0,31916968.0
REED,"Reed's, Inc.",United States,ASE,USD,,11445454.0,3986094.0,29758180.0
VRCA,Verrica Pharmaceuticals Inc.,United States,NCM,USD,,15989861.0,3986194.0,130477272.0
ONEG,OneConstruction Group Limited,Hong Kong,NCM,USD,,16000000.0,3999970.0,19680000.0
ATHR,"Aether Holdings, Inc.",United States,NCM,USD,,12117586.0,4020130.0,70766704.0
BIAF,"bioAffinity Technologies, Inc.",United States,NCM,USD,,4498709.0,4021152.0,5263489.0
BIAFW,"bioAffinity Technologies, Inc.",United States,NCM,USD,,,4021152.0,
SBCWW,SBC Medical Group Holdings Incorporated,United States,NCM,USD,,,4026145.0,
SBC,SBC Medical Group Holdings Incorporated,United States,NGM,USD,,102576943.0,4026145.0,455441632.0
AAME,Atlantic American Corporation,United States,NGM,USD,,20397228.0,4033552.0,52012932.0
FORA,Forian Inc.,United States,NCM,USD,,31072252.0,4036907.0,65562448.0
INHD,Inno Holdings Inc.,Hong Kong,NCM,USD,,4081224.0,4039276.0,5591278.0
TJGC,TJGC Group Limited,Hong Kong,NCM,USD,,15300000.0,4050063.0,14008680.0
IQST,iQSTEL Inc.,United States,NCM,USD,,4664306.0,4051166.0,13946275.0
CLRB,"Cellectar Biosciences, Inc.",United States,NCM,USD,,4240134.0,4059165.0,10854743.0
GBLI,"Global Indemnity Group, LLC",United States,NMS,USD,,10530342.0,4083840.0,399638304.0
WVVI,"Willamette Valley Vineyards, Inc.",United States,NCM,USD,,4964529.0,4094595.0,15638267.0
WVVIP,"Willamette Valley Vineyards, Inc.",United States,NCM,USD,,4964530.0,4094595.0,23700776.0
DTSS,Datasea Inc.,China,NCM,USD,,8570713.0,4114885.0,7207970.0
NTRB,Nutriband Inc.,United States,NCM,USD,,12174883.0,4122823.0,58439444.0
NTRBW,Nutriband Inc.,United States,NCM,USD,,,4122823.0,
CABR,"Caring Brands, Inc.",United States,NCM,USD,,14736925.0,4135913.0,11789540.0
LUCY,"Lucyd, Inc",United States,NCM,USD,,5350183.0,4150404.0,6527223.0
LUCYW,"Lucyd, Inc",United States,NCM,,,,4150404.0,
ATRA,"Atara Biotherapeutics, Inc.",United States,NMS,USD,,7210235.0,4151509.0,124520760.0
SCLX,Scilex Holding Company,United States,NCM,USD,,7033004.0,4155474.0,99165360.0
SCLXW,Scilex Holding Company,United States,NCM,USD,,,4155474.0,
NEUP,Neuphoria Therapeutics Inc.,United States,NGM,USD,,5377329.0,4159472.0,20003664.0
GBIO,Generation Bio Co.,United States,NMS,USD,,6738545.0,4185381.0,37735852.0
EFSI,"Eagle Financial Services, Inc.",United States,NCM,USD,,5376346.0,4190455.0,216828048.0
OPXS,"Optex Systems Holdings, Inc",United States,NCM,USD,,6937358.0,4192655.0,97608624.0
UI,Ubiquiti Inc.,United States,NYQ,USD,,60499655.0,4193836.0,34528362496.0
BSVN,Bank7 Corp.,United States,NMS,USD,,9453390.0,4196738.0,388912512.0
CCEL,"Cryo-Cell International, Inc.",United States,ASE,USD,,8055150.0,4203580.0,28193028.0
VATE,INNOVATE Corp.,United States,NYQ,USD,,13655062.0,4204667.0,67182904.0
NC,"NACCO Industries, Inc.",United States,NYQ,USD,,5897002.0,4215695.0,363225184.0
FEDU,Four Seasons Education (Cayman) Inc.,China,NYQ,USD,,2260058.0,4220996.0,26216674.0
MNPR,Monopar Therapeutics Inc.,United States,NCM,USD,,6682584.0,4229474.0,459561280.0
KMRK,K-TECH Solutions Company Limited,Hong Kong,NCM,USD,,16600000.0,4251195.0,23421000.0
DDC,DDC Enterprise Limited,United States,ASE,USD,,22660530.0,4259433.0,48713340.0
PEBK,"Peoples Bancorp of North Carolina, Inc.",United States,NGM,USD,,5309018.0,4263407.0,196592928.0
PROV,"Provident Financial Holdings, Inc.",United States,NMS,USD,,6474230.0,4286588.0,104641496.0
FUSB,"First US Bancshares, Inc.",United States,NCM,USD,,5766888.0,4301752.0,78660352.0
LWAY,"Lifeway Foods, Inc.",United States,NGM,USD,,15228763.0,4308674.0,361683136.0
MCTA,Charming Medical Limited,Hong Kong,NCM,USD,,15178000.0,4310592.0,504260192.0
CTRN,"Citi Trends, Inc.",United States,NMS,USD,,8345260.0,4326997.0,335229088.0
DTSTW,Data Storage Corporation,United States,NCM,USD,,,4332701.0,
DTST,Data Storage Corporation,United States,NCM,USD,,7498358.0,4332701.0,38016680.0
MI,NFT Limited,Hong Kong,ASE,USD,,14318410.0,4333286.0,57212068.0
PXS,Pyxis Tankers Inc.,Greece,NCM,USD,,10485865.0,4366629.0,30933302.0
AXG,Solowin Holdings,Hong Kong,NCM,USD,,155825986.0,4376429.0,799333696.0
CFBK,CF Bankshares Inc.,United States,NCM,USD,,6367075.0,4383700.0,166764896.0
RCMT,"RCM Technologies, Inc.",United States,NGM,USD,,7410510.0,4388875.0,150433360.0
AFJKU,"Aimei Health Technology Co., Ltd",United States,NGM,USD,,,4396751.0,
AFJKR,"Aimei Health Technology Co., Ltd",United States,NGM,USD,,,4396751.0,
HOV,"Hovnanian Enterprises, Inc.",United States,NYQ,USD,,5167955.0,4400933.0,605803904.0
APRE,"Aprea Therapeutics, Inc.",United States,NCM,USD,,6993838.0,4410214.0,6855360.0
KG,Kestrel Group Ltd,Bermuda,NCM,USD,,7741943.0,4415772.0,78890408.0
ZYBT,Zhengye Biotechnology Holding Limited,China,NCM,USD,,47391376.0,4418772.0,72508800.0
ONFOW,"Onfolio Holdings, Inc.",United States,NCM,USD,,,4430031.0,
NSTS,"NSTS Bancorp, Inc.",United States,NCM,USD,,4887961.0,4440419.0,63025624.0
EVTV,"Envirotech Vehicles, Inc.",United States,NCM,USD,,4829515.0,4447838.0,2099873.0
JBDI,JBDI Holdings Limited,Singapore,NCM,USD,,19254471.0,4471830.0,16354748.0
RAC,Rithm Acquisition Corp.,United States,NYQ,USD,,23660000.0,4474650.0,305864000.0
REVB,"Revelation Biosciences, Inc.",United States,NCM,USD,,5924137.0,4488956.0,5094758.0
REVBW,"Revelation Biosciences, Inc.",United States,NCM,USD,,,4488956.0,
CZFS,"Citizens Financial Services, Inc.",United States,NCM,USD,,4806377.0,4504200.0,279250496.0
SNES,"SenesTech, Inc.",United States,NCM,USD,,5223015.0,4510648.0,12117394.0
ALUR,Allurion Technologies Inc.,United States,NYQ,USD,,12256598.0,4525700.0,16423842.0
NUTX,Nutex Health Inc.,United States,NCM,USD,,7071916.0,4544201.0,1249430784.0
SKIL,Skillsoft Corp.,United States,NYQ,USD,,8758515.0,4544793.0,62798552.0
UCFI,CN Healthy Food Tech Group Corp.,United States,NCM,USD,,52235000.0,4545490.0,287867104.0
UCFIW,CN Healthy Food Tech Group Corp.,United States,NCM,USD,,,4545490.0,
MDBH,"MDB Capital Holdings, LLC",United States,NCM,USD,,5138632.0,4556301.0,35485212.0
CBFV,"CB Financial Services, Inc.",United States,NGM,USD,,5010883.0,4569675.0,180191344.0
ARTV,"Artiva Biotherapeutics, Inc.",United States,NGM,USD,,24544904.0,4572961.0,102597696.0
DSWL,"Deswell Industries, Inc.",Macau,NGM,USD,,15935239.0,4587596.0,56092040.0
JVA,"Coffee Holding Co., Inc.",United States,NCM,USD,,5708599.0,4601702.0,23519432.0
RENX,RenX Enterprises Corp.,United States,NCM,USD,,8882672.0,4610685.0,2000377.0
EBON,Ebang International Holdings Inc.,China,NMS,USD,,4726424.0,4613934.0,21040066.0
RDGT,"Ridgetech, Inc.",China,NCM,USD,,18285638.0,4618080.0,58879760.0
CABO,"Cable One, Inc.",United States,NYQ,USD,,5635177.0,4623606.0,658921280.0
HUHU,HUHUTECH International Group Inc.,China,NCM,USD,,23173413.0,4633524.0,259542208.0
OTH,Off The Hook YS Inc.,United States,ASE,USD,,23750000.0,4648350.0,53437500.0
LOCL,Local Bounti Corporation,United States,NYQ,USD,,22271082.0,4653988.0,48773672.0
MTEK,Maris-Tech Ltd.,Israel,NCM,USD,,8072591.0,4658328.0,9848561.0
MTEKW,Maris-Tech Ltd.,Israel,NCM,USD,,,4658328.0,
FDBC,"Fidelity D & D Bancorp, Inc.",United States,NGM,USD,,5767286.0,4687189.0,261028080.0
MB,MasterBeef Group,Hong Kong,NCM,USD,,17155000.0,4690005.0,120599656.0
VNCE,Vince Holding Corp.,United States,NCM,USD,,13339426.0,4694277.0,58560080.0
CAPNR,Cayson Acquisition Corp,United States,NGM,USD,,,4705439.0,
CAPNU,Cayson Acquisition Corp,United States,NGM,USD,,,4705439.0,
CAPN,Cayson Acquisition Corp,United States,NGM,USD,,7830000.0,4705439.0,83545320.0
VMAR,Vision Marine Technologies Inc.,Canada,NCM,USD,,24258735.0,4706358.0,5761449.0
GENK,"GEN Restaurant Group, Inc.",United States,NGM,USD,,5259566.0,4711572.0,79390904.0
GRAN,Grande Group Limited,Hong Kong,NCM,USD,,19906250.0,4712263.0,114568744.0
VABK,Virginia National Bankshares Corporation,United States,NCM,USD,,5393139.0,4714682.0,220471536.0
COEP,"Coeptis Therapeutics Holdings, Inc.",United States,NCM,USD,,5340111.0,4722954.0,78232624.0
KZR,"Kezar Life Sciences, Inc.",United States,NCM,USD,,7323156.0,4725413.0,46428812.0
GBR,"New Concept Energy, Inc.",United States,ASE,USD,,5131934.0,4731951.0,3900269.0
DRIO,DarioHealth Corp.,United States,NCM,USD,,6758412.0,4734886.0,67854464.0
SEGG,Lottery.com Inc.,United States,NGM,USD,,5139652.0,4736857.0,5139652.0
IDAI,T Stamp Inc.,United States,NCM,USD,,5243832.0,4749653.0,19139988.0
PAMT,Pamt Corp.,United States,NGM,USD,,20926020.0,4767994.0,262412288.0
NVEC,NVE Corporation,United States,NCM,USD,,4837166.0,4773799.0,295502528.0
SENEA,Seneca Foods Corporation,United States,NMS,USD,,5282966.0,4778182.0,757285440.0
HNNA,"Hennessy Advisors, Inc.",United States,NGM,USD,,7891917.0,4805388.0,74657536.0
BRN,"Barnwell Industries, Inc.",United States,ASE,USD,,12538064.0,4814746.0,14168012.0
KVAC,Keen Vision Acquisition Corporation,United States,NGM,USD,,9238421.0,4822363.0,108920984.0
KVACU,Keen Vision Acquisition Corporation,United States,NGM,USD,,,4822363.0,
EDBL,Edible Garden AG Incorporated,United States,NCM,USD,,5126655.0,4824234.0,3691191.0
EDBLW,Edible Garden AG Incorporated,United States,NCM,USD,,,4824234.0,
CAPS,Capstone Holding Corp.,United States,NCM,USD,,8306205.0,4835623.0,5845907.0
CVV,CVD Equipment Corporation,United States,NCM,USD,,6937338.0,4857663.0,21020136.0
FDSB,"Fifth District Bancorp, Inc.",United States,NCM,USD,,5522750.0,4860855.0,82951704.0
SORA,AsiaStrategy,Hong Kong,NCM,USD,,24864000.0,4863896.0,85283520.0
SNYR,Synergy CHC Corp.,United States,NCM,USD,,11251853.0,4864289.0,20928448.0
NAII,"Natural Alternatives International, Inc.",United States,NGM,USD,,6176778.0,4893985.0,21124582.0
LPCN,Lipocine Inc.,United States,NCM,USD,,5551931.0,4894138.0,29036600.0
LARK,"Landmark Bancorp, Inc.",United States,NGM,USD,,6074231.0,4896858.0,167385344.0
MTEN,Mingteng International Corporation Inc.,China,NCM,USD,,19766054.0,4902283.0,16803124.0
SBFM,"Sunshine Biopharma, Inc.",United States,NCM,USD,,4905945.0,4903934.0,6181490.0
SBFMW,"Sunshine Biopharma, Inc.",United States,NCM,USD,,,4903934.0,
ZKIN,"ZK International Group Co., Ltd.",China,NCM,USD,,15823946.0,4917579.0,26109510.0
EML,The Eastern Company,United States,NGM,USD,,6068650.0,4918034.0,124164576.0
LZMH,LZ Technology Holdings Limited,China,NCM,USD,,129570000.0,4931630.0,211377296.0
MAMO,Massimo Group,United States,NCM,USD,,41640950.0,4940699.0,170311504.0
UYSCR,UY Scuti Acquisition Corp.,United States,NCM,USD,,,4945761.0,
UYSCU,UY Scuti Acquisition Corp.,United States,NCM,USD,,6677500.0,4945761.0,69646328.0
UYSC,UY Scuti Acquisition Corp.,United States,NCM,USD,,7658348.0,4945761.0,78421480.0
BSAAR,BEST SPAC I Acquisition Corp.,Hong Kong,NCM,USD,,,4964843.0,
BSAAU,BEST SPAC I Acquisition Corp.,Hong Kong,NCM,USD,,,4964843.0,
MGN,Megan Holdings Limited,Malaysia,NCM,USD,,16250000.0,4989300.0,27137500.0
BPRN,"Princeton Bancorp, Inc.",United States,NMS,USD,,6762859.0,5000864.0,238593696.0
PPCB,"Propanc Biopharma, Inc.",Australia,NCM,USD,,13364244.0,5006914.0,7828774.0
FVNNU,Future Vision II Acquisition Corp.,China,NCM,USD,,,5023474.0,
FVN,Future Vision II Acquisition Corp.,China,NCM,USD,,7544000.0,5023474.0,79815520.0
EDSA,"Edesa Biotech, Inc.",Canada,NCM,USD,,8333823.0,5031712.0,12000706.0
SCKT,"Socket Mobile, Inc.",United States,NCM,USD,,7976462.0,5039130.0,8375284.0
VWAVW,"VisionWave Holdings, Inc.",United States,NCM,USD,,,5044581.0,
VWAV,"VisionWave Holdings, Inc.",United States,NGM,USD,,16496603.0,5044581.0,159852080.0
PMEC,Primech Holdings Ltd.,Singapore,NCM,USD,,38417987.0,5044666.0,39378436.0
COLAR,Columbus Acquisition Corp,Singapore,NGM,USD,,,5052171.0,
COLA,Columbus Acquisition Corp,Singapore,NGM,USD,,7944290.0,5052171.0,82143960.0
COLAU,Columbus Acquisition Corp,Singapore,NGM,USD,,7944290.0,5052171.0,83494488.0
AGCC,Agencia Comercial Spirits Ltd,Taiwan,NCM,USD,,19876500.0,5061730.0,193795872.0
AIXC,"AIxCrypto Holdings, Inc.",United States,NCM,USD,,5160383.0,5071005.0,13004168.0
JFB,JFB Construction Holdings,United States,NCM,USD,,6115524.0,5096372.0,94607160.0
ECOR,"electroCore, Inc.",United States,NCM,USD,,7995903.0,5106344.0,39579720.0
EQS,"Equus Total Return, Inc.",United States,NYQ,USD,,13966696.0,5158599.0,23184714.0
CRMT,"America's Car-Mart, Inc.",United States,NMS,USD,,8294807.0,5178614.0,214503712.0
CSBR,"Champions Oncology, Inc.",United States,NCM,USD,,13886326.0,5187793.0,96926552.0
PLAG,Planet Green Holdings Corp.,United States,ASE,USD,,9382714.0,5188547.0,19516046.0
SER,"Serina Therapeutics, Inc.",United States,ASE,USD,,10664064.0,5190200.0,28366412.0
HCI,"HCI Group, Inc.",United States,NYQ,USD,,12960037.0,5193074.0,2489104640.0
FLD,"Fold Holdings, Inc.",United States,NCM,USD,,48307642.0,5206598.0,125599856.0
FLDDW,"Fold Holdings, Inc.",United States,NCM,USD,,,5206598.0,
NGNE,Neurogene Inc.,United States,NGM,USD,,15489800.0,5210149.0,309950912.0
MTNB,"Matinas BioPharma Holdings, Inc.",United States,ASE,USD,,6406191.0,5232897.0,3968635.0
GRNQ,Greenpro Capital Corp.,Malaysia,NCM,USD,,9325813.0,5235804.0,15574107.0
SOPA,Society Pass Incorporated,Singapore,NCM,USD,,6105525.0,5265527.0,11112056.0
NOEMW,CO2 Energy Transition Corp.,United States,NGM,USD,,,5267657.0,
NOEM,CO2 Energy Transition Corp.,United States,NGM,USD,,9585750.0,5267657.0,98829088.0
NOEMU,CO2 Energy Transition Corp.,United States,NGM,USD,,8370000.0,5267657.0,93409200.0
BLIV,BeLive Holdings,Singapore,NCM,USD,,10864802.0,5270190.0,40743008.0
ATLC,Atlanticus Holdings Corporation,United States,NMS,USD,,15141530.0,5287725.0,1062026880.0
ATLCP,Atlanticus Holdings Corporation,United States,NMS,USD,,,5287725.0,
RDAC,Rising Dragon Acquisition Corp.,China,NCM,USD,,7499375.0,5307533.0,82268144.0
RDACU,Rising Dragon Acquisition Corp.,China,NCM,USD,,,5307533.0,
POCI,"Precision Optics Corporation, Inc.",United States,NCM,USD,,7714701.0,5309412.0,32440322.0
HURC,"Hurco Companies, Inc.",United States,NMS,USD,,6402396.0,5319745.0,98084704.0
LSBK,"Lake Shore Bancorp, Inc.",United States,NGM,USD,,7311205.0,5342663.0,114216088.0
MBIO,"Mustang Bio, Inc.",United States,NCM,USD,,6453701.0,5347002.0,7445068.0
SST,"System1, Inc.",United States,NYQ,USD,,8128321.0,5348029.0,46090448.0
MLAB,"Mesa Laboratories, Inc.",United States,NMS,USD,,5522299.0,5349009.0,444379392.0
SGBX,Safe & Green Holdings Corp.,United States,NCM,USD,,6035011.0,5393839.0,13578775.0
FSFG,"First Savings Financial Group, Inc.",United States,NCM,USD,,7015080.0,5410487.0,228411008.0
SILC,Silicom Ltd.,Israel,NMS,USD,,5674097.0,5411057.0,80264600.0
CRVO,CervoMed Inc.,United States,NCM,USD,,9252719.0,5423111.0,74761968.0
ARQQ,Arqit Quantum Inc.,United Kingdom,NCM,USD,,15651859.0,5424308.0,357018880.0
ARQQW,Arqit Quantum Inc.,United Kingdom,NCM,USD,,,5424308.0,
VBIX,Viewbix Inc.,Israel,NCM,USD,,10670392.0,5427922.0,12270951.0
CWD,CaliberCos Inc.,United States,NCM,USD,,5617985.0,5436579.0,10281678.0
NERV,"Minerva Neurosciences, Inc.",United States,NCM,USD,,43274398.0,5437023.0,181319744.0
GELS,Gelteq Limited,Australia,NCM,USD,,10711059.0,5455571.0,9260783.0
ELWS,"Earlyworks Co., Ltd",Japan,NCM,USD,,3050570.0,5467638.0,14642741.0
STRS,Stratus Properties Inc.,United States,NMS,USD,,7994746.0,5468966.0,198656592.0
KOSS,Koss Corporation,United States,NCM,USD,,9456438.0,5476412.0,42459404.0
YHNAU,YHN Acquisition I Limited,Hong Kong,NGM,USD,,7750000.0,5484288.0,81762504.0
YHNAR,YHN Acquisition I Limited,Hong Kong,NGM,USD,,,5484288.0,
YHNA,YHN Acquisition I Limited,Hong Kong,NGM,USD,,7750000.0,5484288.0,82460000.0
PHOE,Phoenix Asia Holdings Limited,Hong Kong,NCM,USD,,21600000.0,5500008.0,345384000.0
BOSC,B.O.S. Better Online Solutions Ltd.,Israel,NCM,USD,,6186000.0,5500034.0,28579320.0
SLRX,"Salarius Pharmaceuticals, Inc.",United States,NCM,USD,,5862178.0,5519827.0,3853209.0
QTTB,Q32 Bio Inc.,United States,NCM,USD,,12304352.0,5527607.0,39373928.0
GDEVW,GDEV Inc.,Cyprus,NGM,USD,,,5533454.0,
GDEV,GDEV Inc.,Cyprus,NGM,USD,,18130090.0,5533454.0,289454144.0
LIMNW,"Liminatus Pharma, Inc.",United States,NCM,USD,,,5555287.0,
CALC,"CalciMedica, Inc.",United States,NCM,USD,,14409431.0,5561464.0,89770752.0
PXLW,"Pixelworks, Inc.",United States,NCM,USD,,6293545.0,5565885.0,42733176.0
DTSQ,DT Cloud Star Acquisition Corporation,United States,NGM,USD,,3653409.0,5568848.0,96574768.0
DTSQU,DT Cloud Star Acquisition Corporation,United States,NGM,USD,,7753400.0,5568848.0,84279456.0
DTSQR,DT Cloud Star Acquisition Corporation,United States,NGM,USD,,,5568848.0,
PXED,"Phoenix Education Partners, Inc.",United States,NYQ,USD,,35652963.0,5570775.0,1137329536.0
BIRD,"Allbirds, Inc.",United States,NMS,USD,,5670752.0,5573568.0,33263024.0
MNSBP,"MainStreet Bancshares, Inc.",United States,NCM,USD,,,5594889.0,
MNSB,"MainStreet Bancshares, Inc.",United States,NCM,USD,,7496571.0,5594889.0,157502976.0
HQI,"HireQuest, Inc.",United States,NCM,USD,,14055475.0,5595162.0,146780992.0
HSPTU,Horizon Space Acquisition II Corp.,United States,NGM,USD,,,5598819.0,
HSPTR,Horizon Space Acquisition II Corp.,United States,NGM,USD,,,5598819.0,
HSPT,Horizon Space Acquisition II Corp.,United States,NGM,USD,,9080000.0,5598819.0,95883896.0
SPKLU,Spark I Acquisition Corporation,United States,NGM,USD,,,5602757.0,
SPKLW,Spark I Acquisition Corporation,United States,NGM,USD,,,5602757.0,
WEYS,"Weyco Group, Inc.",United States,NMS,USD,,9548388.0,5607962.0,299151008.0
AGIG,Abundia Global Impact Group Inc,United States,ASE,USD,,36918281.0,5615671.0,71621464.0
HYPD,"Hyperion DeFi, Inc.",United States,NCM,USD,,8172659.0,5629778.0,31383010.0
LINK,"Interlink Electronics, Inc.",United States,NCM,USD,,15750007.0,5639763.0,60558776.0
FGBIP,"First Guaranty Bancshares, Inc.",United States,NGM,USD,,,5675831.0,
HWBK,"Hawthorn Bancshares, Inc.",United States,NMS,USD,,6897646.0,5676280.0,222441248.0
FLYX,"flyExclusive, Inc.",United States,ASE,USD,,20757668.0,5682412.0,84898864.0
RCON,"Recon Technology, Ltd.",China,NCM,USD,,10627426.0,5692720.0,42265852.0
LIXT,"Lixte Biotechnology Holdings, Inc.",United States,NCM,USD,,8003077.0,5693191.0,32572524.0
WETO,Webus International Limited,China,NCM,USD,,22000000.0,5700420.0,19793400.0
OCC,Optical Cable Corporation,United States,NGM,USD,,8870070.0,5717292.0,39207364.0
IPM,Intelligent Protection Management Corp.,United States,NCM,USD,,9085729.0,5725917.0,23297096.0
TCX,Tucows Inc.,Canada,NCM,USD,,11103919.0,5731399.0,248283632.0
SNWV,"SANUWAVE Health, Inc.",United States,NGM,USD,,8576164.0,5744915.0,261487232.0
CACC,Credit Acceptance Corporation,United States,NMS,USD,,11031544.0,5755929.0,5138196480.0
IVDAW,"Iveda Solutions, Inc.",United States,NCM,USD,,,5764002.0,
IVDA,"Iveda Solutions, Inc.",United States,NCM,USD,,5874741.0,5764002.0,5261193.0
SSBI,Summit State Bank,United States,NGM,USD,,6771526.0,5771168.0,79565440.0
KRRO,"Korro Bio, Inc.",United States,NCM,USD,,9417295.0,5778546.0,76468432.0
MGYR,"Magyar Bancorp, Inc.",United States,NGM,USD,,6477991.0,5799551.0,113040944.0
SSEAU,Starry Sea Acquisition Corp,United States,NCM,USD,,,5799597.0,
SSEAR,Starry Sea Acquisition Corp,United States,NCM,USD,,,5799597.0,
HKIT,Hitek Global Inc.,China,NCM,USD,,21107364.0,5805376.0,64165608.0
JOUT,Johnson Outdoors Inc.,United States,NMS,USD,,9203034.0,5812533.0,455820800.0
AHT,"Ashford Hospitality Trust, Inc.",United States,NYQ,USD,,6411532.0,5817888.0,24786970.0
MRM,MEDIROM Healthcare Technologies Inc.,Japan,NCM,USD,,7901950.0,5821999.0,17463312.0
CTEV,Claritev Corporation,United States,NYQ,USD,,16525644.0,5834048.0,694572800.0
HMR,Heidmar Maritime Holdings Corp.,Greece,NCM,USD,,58396233.0,5843181.0,49496644.0
TRAW,"Traws Pharma, Inc.",United States,NCM,USD,,7990867.0,5869052.0,9349314.0
KRUS,"Kura Sushi USA, Inc.",United States,NGM,USD,,11111427.0,5878790.0,683571776.0
ALCO,"Alico, Inc.",United States,NMS,USD,,7656646.0,5890028.0,280309824.0
EVI,"EVI Industries, Inc.",United States,ASE,USD,,12844419.0,5899570.0,330230016.0
WHG,"Westwood Holdings Group, Inc.",United States,NYQ,USD,,9408130.0,5915146.0,167370656.0
BRIA,BrilliA Inc,Singapore,ASE,USD,,25000000.0,5915525.0,36750000.0
KTTA,Pasithea Therapeutics Corp.,United States,NCM,USD,,22398920.0,5924120.0,25086790.0
DLHC,DLH Holdings Corp.,United States,NCM,USD,,14493035.0,5926637.0,81885648.0
PMTS,CPI Card Group Inc.,United States,NGM,USD,,11387538.0,5946914.0,173204448.0
FUNC,First United Corporation,United States,NMS,USD,,6496908.0,5959809.0,251625248.0
FAT,FAT Brands Inc.,United States,NCM,USD,,16668520.0,5960700.0,6780494.0
FATBB,FAT Brands Inc.,United States,NCM,USD,,1270805.0,5960700.0,21706582.0
FATBP,FAT Brands Inc.,United States,NCM,USD,,,5960700.0,
FONR,FONAR Corporation,United States,NCM,USD,,6168625.0,5975164.0,90981184.0
OPTXW,"Syntec Optics Holdings, Inc.",United States,NCM,USD,,,5982184.0,
BRTX,"BioRestorative Therapies, Inc.",United States,NCM,USD,,8876242.0,5993949.0,9941391.0
ICCC,ImmuCell Corporation,United States,NCM,USD,,9045851.0,6004907.0,55360608.0
VEL,"Velocity Financial, Inc.",United States,NYQ,USD,,38900030.0,6040008.0,759328640.0
BNZI,"Banzai International, Inc.",United States,NCM,USD,,9110970.0,6057701.0,9435505.0
BNZIW,"Banzai International, Inc.",United States,NCM,USD,,,6057701.0,
DSYWW,Big Tree Cloud Holdings Limited,China,NCM,USD,,,6072228.0,
CBIO,"Crescent Biopharma, Inc.",United States,NCM,USD,,13892516.0,6073877.0,207264672.0
WSHP,WeShop Holdings Limited,British Virgin Islands,NCM,USD,,10943683.0,6087930.0,1224051072.0
NKSH,"National Bankshares, Inc.",United States,NCM,USD,,6366001.0,6099537.0,215616448.0
STRO,"Sutro Biopharma, Inc.",United States,NGM,USD,,8519392.0,6102583.0,97887816.0
HBB,Hamilton Beach Brands Holding Company,United States,NYQ,USD,,9855732.0,6114080.0,218450816.0
CLDI,"Calidi Biotherapeutics, Inc.",United States,ASE,USD,,7167721.0,6114468.0,8887974.0
AREB,"American Rebel Holdings, Inc.",United States,NCM,USD,,6662308.0,6131324.0,5691610.0
APACU,StoneBridge Acquisition II Corporation,United States,NCM,USD,,,6133774.0,
APAC,StoneBridge Acquisition II Corporation,United States,NCM,USD,,6133750.0,6133774.0,79940656.0
JRSH,"Jerash Holdings (US), Inc.",United States,NCM,USD,,12699940.0,6149565.0,38480816.0
NCRA,"Nocera, Inc.",Taiwan,NCM,USD,,14373617.0,6153920.0,11973223.0
TENX,"Tenax Therapeutics, Inc.",United States,NCM,USD,,6243575.0,6165881.0,79106096.0
OXBR,Oxbridge Re Holdings Limited,Cayman Islands,NCM,USD,,7676122.0,6196319.0,9441630.0
OXBRW,Oxbridge Re Holdings Limited,Cayman Islands,NCM,USD,,5733590.0,6196319.0,1490733.0
TOPP,Toppoint Holdings Inc.,United States,ASE,USD,,19400000.0,6200046.0,17262120.0
FSBW,"FS Bancorp, Inc.",United States,NCM,USD,,7518462.0,6224711.0,320337472.0
FATN,"FatPipe, Inc.",United States,NCM,USD,,13924468.0,6226187.0,34950416.0
ARAI,Arrive AI Inc.,United States,NGM,USD,,34213387.0,6232653.0,110167112.0
ALISR,Calisa Acquisition Corp,United States,NGM,USD,,,6235002.0,
ALIS,Calisa Acquisition Corp,United States,NGM,USD,,8427500.0,6235002.0,83685080.0
ALISU,Calisa Acquisition Corp,United States,NGM,USD,,,6235002.0,
CODA,"Coda Octopus Group, Inc.",United States,NCM,USD,,11248867.0,6237834.0,105289392.0
EXOZ,"eXoZymes, Inc.",United States,NCM,USD,,8387250.0,6241959.0,96369504.0
VENU,Venu Holding Corporation,United States,ASE,USD,,42847542.0,6253727.0,352556192.0
TVRD,"Tvardi Therapeutics, Inc.",United States,NCM,USD,,9381344.0,6261484.0,38838764.0
ACR,ACRES Commercial Realty Corp.,United States,NYQ,USD,,7285680.0,6276551.0,160779696.0
LFS,"Leifras Co., Ltd.",Japan,NCM,USD,,26160619.0,6278971.0,80051496.0
LGPS,LogProstyle Inc.,Japan,ASE,USD,,23628452.0,6300763.0,23628452.0
SFST,"Southern First Bancshares, Inc.",United States,NGM,USD,,8189177.0,6301408.0,432470464.0
VRTS,"Virtus Investment Partners, Inc.",United States,NYQ,USD,,6754405.0,6308344.0,1124135552.0
NCPLW,Netcapital Inc.,United States,NCM,USD,,,6308715.0,
NCPL,Netcapital Inc.,United States,NCM,USD,,6867899.0,6308715.0,5271800.0
RPGL,Republic Power Group Limited,Singapore,NCM,USD,,17250000.0,6309188.0,4568255.0
CVM,CEL-SCI Corporation,United States,ASE,USD,,7993356.0,6312176.0,37648708.0
CRAI,"CRA International, Inc.",United States,NMS,USD,,6562262.0,6316768.0,1357903360.0
ISBA,Isabella Bank Corporation,United States,NCM,USD,,7335096.0,6323220.0,379992256.0
XAIR,"Beyond Air, Inc.",United States,NCM,USD,,8009488.0,6326614.0,6024737.0
DBGI,"Digital Brands Group, Inc.",United States,NCM,USD,,8188336.0,6326930.0,95557880.0
IMA,"ImageneBio, Inc.",United States,NCM,USD,,11181672.0,6327520.0,64853724.0
PGACU,Pantages Capital Acquisition Corporation.,United States,NGM,USD,,,6334922.0,
PGACR,Pantages Capital Acquisition Corporation.,United States,NGM,USD,,,6334922.0,
WTF,Waton Financial Limited,Hong Kong,NCM,USD,,48237472.0,6348051.0,160148400.0
COOTW,Australian Oilseeds Holdings Limited,Australia,NCM,USD,,,6387928.0,
COOT,Australian Oilseeds Holdings Limited,Australia,NCM,USD,,27898538.0,6387928.0,16348545.0
COSO,"CoastalSouth Bancshares, Inc.",United States,NYQ,USD,,10448892.0,6394588.0,293124192.0
FNWB,First Northwest Bancorp,United States,NGM,USD,,8945992.0,6418721.0,86955048.0
PLBC,Plumas Bancorp,United States,NCM,USD,,6955514.0,6434268.0,315084768.0
EDUC,Educational Development Corporation,United States,NGM,USD,,8583201.0,6453709.0,11415658.0
TZOO,Travelzoo,United States,NMS,USD,,10932337.0,6524419.0,76976392.0
GXAI,Gaxos.ai Inc.,United States,NCM,USD,,7123453.0,6537407.0,7550860.0
FBRX,"Forte Biosciences, Inc.",United States,NCM,USD,,12526935.0,6565492.0,349125696.0
PODC,"PodcastOne, Inc.",United States,NCM,USD,,26910733.0,6566757.0,56512536.0
RMCO,Royalty Management Holding Corporation,United States,NCM,USD,,15140734.0,6568353.0,43756724.0
GLSI,"Greenwich LifeSciences, Inc.",United States,NCM,USD,,13854539.0,6577165.0,286581120.0
ISPO,Inspirato Incorporated,United States,NGM,USD,,12724272.0,6653852.0,52932968.0
QVCGA,QVC Group Inc.,United States,NCM,USD,,7886235.0,6665281.0,95163200.0
QVCGP,QVC Group Inc.,United States,NCM,USD,,,6665281.0,
SDST,Stardust Power Inc.,United States,NCM,USD,,9817809.0,6667372.0,31024278.0
FRD,"Friedman Industries, Incorporated",United States,NMS,USD,,7112182.0,6667813.0,147008816.0
BXC,BlueLinx Holdings Inc.,United States,NYQ,USD,,7865058.0,6668311.0,493670624.0
ULH,"Universal Logistics Holdings, Inc.",United States,NMS,USD,,26330058.0,6681252.0,412328704.0
MITQ,"Moving iMage Technologies, Inc.",United States,ASE,USD,,9939732.0,6689937.0,6827602.0
AVBH,"Avidbank Holdings, Inc.",United States,NMS,USD,,10950802.0,6694335.0,298628384.0
SDHC,Smith Douglas Homes Corp.,United States,NYQ,USD,,9017638.0,6702089.0,158620256.0
FCCO,First Community Corporation,United States,NCM,USD,,7689694.0,6723253.0,228845328.0
ACNT,Ascent Industries Co.,United States,NGM,USD,,9380000.0,6726933.0,149423408.0
CING,Cingulate Inc.,United States,NCM,USD,,6757070.0,6749232.0,28244552.0
MCRB,"Seres Therapeutics, Inc.",United States,NMS,USD,,9046519.0,6753679.0,132531496.0
ORIQU,Origin Investment Corp I,Singapore,NGM,USD,,6355000.0,6758636.0,147188400.0
ORIQ,Origin Investment Corp I,Singapore,NGM,USD,,8625000.0,6758636.0,87285008.0
ORIQW,Origin Investment Corp I,Singapore,NGM,USD,,,6758636.0,
ESQ,"Esquire Financial Holdings, Inc.",United States,NCM,USD,,8565491.0,6778413.0,899633536.0
SOTK,Sono-Tek Corporation,United States,NCM,USD,,15707062.0,6800844.0,63854472.0
MAXN,"Maxeon Solar Technologies, Ltd.",Singapore,NMS,USD,,16932760.0,6806123.0,54184832.0
NAMMW,Namib Minerals,Cayman Islands,NCM,USD,,,6811129.0,
FEIM,"Frequency Electronics, Inc.",United States,NGM,USD,,9777647.0,6819127.0,550383744.0
PETZ,"TDH Holdings, Inc.",China,NCM,USD,,10323268.0,6836791.0,10117836.0
NHTC,Natural Health Trends Corp.,United States,NCM,USD,,11513075.0,6846129.0,38223408.0
MOBBW,Mobilicom Limited,Israel,NCM,USD,,321936716.0,6861596.0,964200384.0
CSPI,CSP Inc.,United States,NGM,USD,,9904783.0,6864609.0,128861232.0
LCCC,Lakeshore Acquisition III Corp.,United States,NGM,USD,,8905000.0,6900039.0,90831000.0
LCCCR,Lakeshore Acquisition III Corp.,United States,NGM,USD,,,6900039.0,
LCCCU,Lakeshore Acquisition III Corp.,United States,NGM,USD,,,6900039.0,
NXGLW,"NEXGEL, Inc.",United States,NCM,USD,,,6913683.0,
NXGL,"NEXGEL, Inc.",United States,NCM,USD,,8143133.0,6913683.0,12458995.0
VVOS,"Vivos Therapeutics, Inc.",United States,NCM,USD,,8988106.0,6917426.0,18245854.0
SOAR,"Volato Group, Inc.",United States,ASE,USD,,7469936.0,6918086.0,7044896.0
XXII,"22nd Century Group, Inc.",United States,NCM,USD,,6987290.0,6919304.0,6112481.0
RM,Regional Management Corp.,United States,NYQ,USD,,9712805.0,6921442.0,393138528.0
GCBC,"Greene County Bancorp, Inc.",United States,NCM,USD,,17026828.0,6923789.0,387700896.0
BRFH,"Barfresh Food Group, Inc.",United States,NCM,USD,,15969281.0,6953344.0,42797676.0
TAOX,TAO Synergies Inc.,United States,NCM,USD,,7128912.0,6965375.0,30583032.0
OPY,Oppenheimer Holdings Inc.,United States,NYQ,USD,,10420884.0,6979648.0,780203968.0
ELLO,Ellomay Capital Ltd.,Israel,ASE,USD,,13779585.0,7024456.0,318308416.0
AYTU,"Aytu BioPharma, Inc.",United States,NCM,USD,,10188208.0,7039033.0,24961110.0
OVLY,Oak Valley Bancorp,United States,NCM,USD,,8388221.0,7087854.0,251982160.0
USEA,United Maritime Corporation,Greece,NCM,USD,,9105456.0,7120193.0,19901728.0
LSF,"Laird Superfood, Inc.",United States,ASE,USD,,10687056.0,7124922.0,27251992.0
IPWR,Ideal Power Inc.,United States,NCM,USD,,8511403.0,7125406.0,27576946.0
YIBO,Planet Image International Limited,China,NCM,USD,,32918421.0,7128838.0,56864848.0
SDM,Smart Digital Group Limited,Singapore,NCM,USD,,26725000.0,7147750.0,49441252.0
ZJK,"ZJK Industrial Co., Ltd.",China,NCM,USD,,63822249.0,7149688.0,132112048.0
EBMT,"Eagle Bancorp Montana, Inc.",United States,NGM,USD,,7952177.0,7151818.0,157294080.0
THCH,TH International Limited,China,NCM,USD,,32010532.0,7160859.0,70103064.0
RICK,"RCI Hospitality Holdings, Inc.",United States,NGM,USD,,8684061.0,7161330.0,203361152.0
MBCN,Middlefield Banc Corp.,United States,NCM,USD,,8090067.0,7166356.0,284608544.0
BTCT,BTC Digital Ltd.,Singapore,NCM,USD,,9516975.0,7175629.0,15227160.0
VELO,"Velo3D, Inc.",United States,NCM,USD,,24548535.0,7200270.0,331405248.0
BCDA,"BioCardia, Inc.",United States,NCM,USD,,10612734.0,7207002.0,13478172.0
CBK,"Commercial Bancgroup, Inc.",United States,NCM,USD,,12239644.0,7207804.0,333545984.0
BBSI,"Barrett Business Services, Inc.",United States,NMS,USD,,25624623.0,7216165.0,930989824.0
BATL,Battalion Oil Corporation,United States,ASE,USD,,16456563.0,7223279.0,19089612.0
UNTY,"Unity Bancorp, Inc.",United States,NGM,USD,,10039444.0,7230207.0,527070816.0
RCKY,"Rocky Brands, Inc.",United States,NMS,USD,,7493687.0,7232157.0,224960480.0
TOYO,"TOYO Co., Ltd.",Japan,NCM,USD,,37773997.0,7232499.0,228154928.0
PPIH,"Perma-Pipe International Holdings, Inc.",United States,NGM,USD,,8094045.0,7242794.0,266941632.0
HCTI,"Healthcare Triangle, Inc.",United States,NCM,USD,,7261344.0,7249508.0,8350546.0
KORE,"KORE Group Holdings, Inc.",United States,NYQ,USD,,17539937.0,7252413.0,77000320.0
PRT,PermRock Royalty Trust,United States,NYQ,USD,,12165732.0,7272066.0,36253884.0
CMT,"Core Molding Technologies, Inc.",United States,ASE,USD,,8561353.0,7283914.0,182185600.0
TSBK,"Timberland Bancorp, Inc.",United States,NGM,USD,,7880773.0,7300196.0,282879136.0
DDS,"Dillard's, Inc.",United States,NYQ,USD,,11626733.0,7316704.0,9837417472.0
LSTA,"Lisata Therapeutics, Inc.",United States,NCM,USD,,8820733.0,7324472.0,17376846.0
SRBK,"SR Bancorp, Inc.",United States,NCM,USD,,7668306.0,7345486.0,130274088.0
EGG,Enigmatig Limited,Singapore,ASE,USD,,12255200.0,7369250.0,137796784.0
LIQT,"LiqTech International, Inc.",Denmark,NCM,USD,,9627064.0,7397725.0,15114493.0
HPAI,Helport AI Limited,Singapore,NCM,USD,,37430968.0,7416946.0,151969728.0
NBN,Northeast Bank,United States,NGM,USD,,8562960.0,7426227.0,909040960.0
UFPT,"UFP Technologies, Inc.",United States,NCM,USD,,7712444.0,7430631.0,1829545984.0
XOS,"Xos, Inc.",United States,NCM,USD,,11334192.0,7444751.0,22895068.0
TGE,The Generation Essentials Group,France,NYQ,USD,,29175159.0,7450890.0,53791792.0
ASMB,"Assembly Biosciences, Inc.",United States,NMS,USD,,15817140.0,7458256.0,531772224.0
MLP,"Maui Land & Pineapple Company, Inc.",United States,NYQ,USD,,19741709.0,7460194.0,342537248.0
NRXS,"NeurAxis, Inc.",United States,ASE,USD,,10652812.0,7486690.0,41759024.0
BIVIW,BioVie Inc.,United States,NCM,USD,,,7497756.0,
KARO,Karooooo Ltd.,Singapore,NCM,USD,,30893300.0,7512633.0,1463724544.0
QSEAU,Quartzsea Acquisition Corporation,United States,NGM,USD,,,7521406.0,
QSEA,Quartzsea Acquisition Corporati,United States,NGM,USD,,11409900.0,7521406.0,116723272.0
QSEAR,Quartzsea Acquisition Corporation,United States,NGM,USD,,,7521406.0,
SEG,Seaport Entertainment Group Inc.,United States,NYQ,USD,,12735071.0,7568325.0,256102288.0
NTIC,Northern Technologies International Corporation,United States,NGM,USD,,9480689.0,7583034.0,71768816.0
CREX,"Creative Realities, Inc.",United States,NCM,USD,,10518932.0,7583624.0,27980360.0
ASIC,Ategrity Specialty Insurance Company Holdings,United States,NYQ,USD,,48066674.0,7594534.0,1032472064.0
CHPG,ChampionsGate Acquisition Corporation,United States,NGM,USD,,8617125.0,7597129.0,101670576.0
CHPGR,ChampionsGate Acquisition Corporation,United States,NGM,USD,,,7597129.0,
CHPGU,ChampionsGate Acquisition Corporation,United States,NGM,USD,,,7597129.0,
MVO,MV Oil Trust,United States,NYQ,USD,,11500000.0,7608860.0,13915000.0
VVPR,VivoPower International PLC,United Kingdom,NCM,USD,,16790245.0,7629949.0,40968196.0
MYFW,"First Western Financial, Inc.",United States,NMS,USD,,9714711.0,7639746.0,255095472.0
SNDA,"Sonida Senior Living, Inc.",United States,NYQ,USD,,18770006.0,7667351.0,605708096.0
CVCO,"Cavco Industries, Inc.",United States,NMS,USD,,7805037.0,7708957.0,4754072064.0
QUMSR,Quantumsphere Acquisition Corporation,United States,NGM,USD,,,7712492.0,
QUMS,Quantumsphere Acquisition Corporation,United States,NGM,USD,,11406650.0,7712492.0,114066512.0
PBFS,"Pioneer Bancorp, Inc.",United States,NCM,USD,,25080547.0,7741309.0,350762784.0
CLNNW,Clene Inc.,United States,NCM,USD,,,7763196.0,
CLNN,Clene Inc.,United States,NCM,USD,,10333980.0,7763196.0,64587376.0
AUST,Austin Gold Corp.,Canada,ASE,USD,,13693001.0,7772284.0,25468982.0
POAS,Phaos Technology Holdings (Caym,Singapore,ASE,USD,,13301750.0,7777787.0,50546652.0
IMDX,Insight Molecular Diagnostics Inc.,United States,NCM,USD,,28664437.0,7782395.0,182592448.0
CNCKW,Coincheck Group N.V.,Netherlands,NCM,USD,,,7820570.0,
CNCK,Coincheck Group N.V.,Netherlands,NGM,USD,,135822026.0,7820570.0,472660672.0
STRW,"Strawberry Fields REIT, Inc.",United States,ASE,USD,,13120095.0,7827449.0,722228992.0
NEU,NewMarket Corporation,United States,NYQ,USD,,9397122.0,7831561.0,6663875072.0
CHAR,Charlton Aria Acquisition Corporation,United States,NGM,USD,,8840000.0,7845896.0,114584248.0
CHARU,Charlton Aria Acquisition Corporation,United States,NGM,USD,,,7845896.0,
INBX,"Inhibrx Biosciences, Inc.",United States,NMS,USD,,14543738.0,7866999.0,1166553216.0
ZOOZW,ZOOZ Strategy Ltd.,Israel,NCM,USD,,,7904454.0,
EDTK,Skillful Craftsman Education Technology Limited,China,NCM,USD,,15929451.0,7924424.0,14264824.0
WKSP,Worksport Ltd.,United States,NCM,USD,,8254389.0,7927268.0,19315270.0
VSTA,Vasta Platform Limited,Brazil,NMS,USD,,15969992.0,7929648.0,397206080.0
MMA,Mixed Martial Arts Group Limited,Australia,ASE,USD,,13041209.0,7940401.0,15910275.0
RELIW,"Reliance Global Group, Inc.",United States,NCM,USD,,,7943485.0,
TACT,TransAct Technologies Incorporated,United States,NGM,USD,,10112585.0,7952132.0,39641332.0
JYNT,The Joint Corp.,United States,NCM,USD,,14866192.0,7954453.0,133050928.0
BVFL,"BV Financial, Inc.",United States,NCM,USD,,8903927.0,7962646.0,181693888.0
IPEXU,Inflection Point Acquisition Corp. V,United States,NGM,USD,,,7965585.0,
IPEX,Inflection Point Acquisition Corp. V,United States,NGM,USD,,10919375.0,7965585.0,122428368.0
IPEXR,Inflection Point Acquisition Corp. V,United States,NGM,USD,,,7965585.0,
CYN,Cyngn Inc.,United States,NCM,USD,,7974380.0,7974300.0,23125706.0
ECBK,"ECB Bancorp, Inc.",United States,NCM,USD,,8796890.0,8001475.0,153477152.0
STEM,"Stem, Inc.",United States,NYQ,USD,,8390208.0,8012733.0,134411136.0
MRBK,Meridian Corporation,United States,NMS,USD,,11517456.0,8016610.0,202937584.0
BSET,"Bassett Furniture Industries, Incorporated",United States,NMS,USD,,8685710.0,8019255.0,148765664.0
IZM,ICZOOM Group Inc.,China,NCM,USD,,8188610.0,8021367.0,23194954.0
FMSTW,Foremost Clean Energy Ltd.,Canada,NCM,USD,,,8034588.0,
FMST,Foremost Clean Energy Ltd.,Canada,NCM,USD,,14435380.0,8034588.0,34551068.0
INBK,First Internet Bancorp,United States,NMS,USD,,8706094.0,8037379.0,178357056.0
LGCY,Legacy Education Inc.,United States,ASE,USD,,12566988.0,8121919.0,132330384.0
APT,"Alpha Pro Tech, Ltd.",Canada,ASE,USD,,10360062.0,8126847.0,46620280.0
BETR,Better Home & Finance Holding Company,United States,NGM,USD,,9855284.0,8149381.0,548283584.0
BETRW,Better Home & Finance Holding Company,United States,NGM,USD,,,8149381.0,
YDDL,One and one Green Technologies. Inc,Philippines,NCM,USD,,44096040.0,8168160.0,292134016.0
WYY,WidePoint Corporation,United States,ASE,USD,,9891002.0,8183024.0,52521220.0
IFBD,"Infobird Co., Ltd",China,NCM,USD,,8188574.0,8186773.0,8966489.0
GSBC,"Great Southern Bancorp, Inc.",United States,NMS,USD,,11189262.0,8192890.0,709380928.0
PLCE,"The Children's Place, Inc.",United States,NMS,USD,,22167889.0,8204336.0,89336600.0
CZWI,"Citizens Community Bancorp, Inc.",United States,NGM,USD,,9659745.0,8244109.0,173392432.0
CTGO,"Contango Ore, Inc.",United States,ASE,USD,,14964048.0,8249975.0,443684032.0
SNAL,"Snail, Inc.",United States,NCM,USD,,8998728.0,8281759.0,34538788.0
RGCO,"RGC Resources, Inc.",United States,NGM,USD,,10350531.0,8303610.0,225952096.0
AGH,Aureus Greenway Holdings Inc.,United States,NCM,USD,,15056297.0,8304602.0,60074624.0
NL,"NL Industries, Inc.",United States,NYQ,USD,,48862734.0,8310574.0,266790544.0
LFVN,LifeVantage Corporation,United States,NCM,USD,,12701187.0,8363986.0,77096208.0
FSI,"Flexible Solutions International, Inc.",Canada,ASE,USD,,12692498.0,8372352.0,88974424.0
ACTU,"Actuate Therapeutics, Inc. Common stock",United States,NGM,USD,,23243328.0,8373874.0,150268112.0
AEON,"AEON Biopharma, Inc.",United States,ASE,USD,,13800000.0,8390973.0,14076000.0
GTIM,Good Times Restaurants Inc.,United States,NCM,USD,,10549508.0,8416292.0,12284872.0
PSIX,"Power Solutions International, Inc.",United States,NCM,USD,,23040930.0,8426299.0,1508950400.0
FKWL,Franklin Wireless Corp.,United States,NCM,USD,,11784280.0,8442376.0,50436720.0
RFIL,"RF Industries, Ltd.",United States,NGM,USD,,10667447.0,8468459.0,63791340.0
AEYE,"AudioEye, Inc.",United States,NCM,USD,,12418617.0,8480549.0,132755008.0
LE,"Lands' End, Inc.",United States,NCM,USD,,30551068.0,8484643.0,446962144.0
PRSO,Peraso Inc.,United States,NCM,USD,,9311877.0,8494846.0,9461542.0
ASPSW,Altisource Portfolio Solutions S.A.,Luxembourg,NMS,USD,,,8496150.0,
ASPS,Altisource Portfolio Solutions S.A.,Luxembourg,NMS,USD,,10993549.0,8496150.0,74481296.0
FSTR,L.B. Foster Company,United States,NMS,USD,,10393009.0,8504184.0,301663072.0
DAC,Danaos Corporation,Greece,NYQ,USD,,18309702.0,8513828.0,1734111872.0
GRCE,"Grace Therapeutics, Inc.",United States,NCM,USD,,15474026.0,8535629.0,52611692.0
SUNS,"Sunrise Realty Trust, Inc.",United States,NCM,USD,,13420986.0,8561113.0,131123040.0
AEC,Anfield Energy Inc.,Canada,NCM,USD,,15877763.0,8565259.0,83698448.0
LTRN,Lantern Pharma Inc.,United States,NCM,USD,,11184423.0,8587400.0,38921792.0
LNSR,"LENSAR, Inc.",United States,NCM,USD,,11944546.0,8591712.0,142737328.0
CCEC,Capital Clean Energy Carriers Corp.,Greece,NMS,USD,,59082322.0,8598250.0,1259044224.0
LOAN,"Manhattan Bridge Capital, Inc.",United States,NCM,USD,,11438651.0,8626001.0,55820624.0
EVGN,Evogene Ltd.,Israel,NCM,USD,,8716410.0,8630466.0,9423893.0
DOMH,Dominari Holdings Inc.,United States,NCM,USD,,16012435.0,8644313.0,73176832.0
NEPH,"Nephros, Inc.",United States,NCM,USD,,10626683.0,8659471.0,52389544.0
KRT,Karat Packaging Inc.,United States,NMS,USD,,20099505.0,8662485.0,458469664.0
SNCR,"Synchronoss Technologies, Inc.",United States,NCM,USD,,10635433.0,8664550.0,98043352.0
YCBD,"cbdMD, Inc.",United States,ASE,USD,,8959410.0,8705325.0,15824608.0
LITM,Snow Lake Resources Ltd.,Canada,NCM,USD,,18026269.0,8720610.0,61469584.0
ATLO,Ames National Corporation,United States,NCM,USD,,8892167.0,8724105.0,205231232.0
CPIX,Cumberland Pharmaceuticals Inc.,United States,NMS,USD,,14956627.0,8733324.0,61634940.0
FMFC,Kandal M Venture Limited,Cambodia,NCM,USD,,15300000.0,8740080.0,6822240.0
MCRP,Micropolis AI Robotics,United Arab Emirates,ASE,USD,,34888447.0,8787353.0,42563908.0
BFC,Bank First Corporation,United States,NCM,USD,,9835013.0,8833907.0,1248358272.0
GCO,Genesco Inc.,United States,NYQ,USD,,10792736.0,8860512.0,275823104.0
ZEOWW,Zeo Energy Corp.,United States,NCM,USD,,,8869264.0,
ZEO,Zeo Energy Corp.,United States,NCM,USD,,33149931.0,8869264.0,112163992.0
MIND,"MIND Technology, Inc.",United States,NCM,USD,,9038082.0,8869883.0,83421496.0
NRT,North European Oil Royalty Trust,United States,NYQ,USD,,9190590.0,8872320.0,57716908.0
TPCS,TechPrecision Corporation,United States,NCM,USD,,10012950.0,8876480.0,48863204.0
IPST,"Heritage Distilling Holding Company, Inc.",United States,NCM,USD,,9559321.0,8884608.0,19118642.0
JBSS,"John B. Sanfilippo & Son, Inc.",United States,NMS,USD,,9046833.0,8907625.0,835359104.0
PELI,Pelican Acquisition Corporation,United States,NGM,USD,,11998750.0,8911232.0,122255272.0
PELIR,Pelican Acquisition Corporation,United States,NGM,USD,,,8911232.0,
PELIU,Pelican Acquisition Corporation,United States,NGM,USD,,,8911232.0,
NREF,"NexPoint Real Estate Finance, Inc.",United States,NYQ,USD,,17721828.0,8911598.0,319780960.0
YSXT,"YSX Tech. Co., Ltd",China,NCM,USD,,22260175.0,8967656.0,30468748.0
JAKK,"JAKKS Pacific, Inc.",United States,NMS,USD,,11269529.0,8985872.0,188990000.0
VLGEA,"Village Super Market, Inc.",United States,NMS,USD,,10628425.0,8987371.0,531420032.0
IESC,"IES Holdings, Inc.",United States,NGM,USD,,19854585.0,9001672.0,8004971008.0
DAVEW,Dave Inc.,United States,NGM,USD,,,9002226.0,
DAVE,Dave Inc.,United States,NGM,USD,,12190000.0,9002226.0,3095405568.0
RDCM,RADCOM Ltd.,Israel,NCM,USD,,16405788.0,9036567.0,222954656.0
FCNCP,"First Citizens BancShares, Inc.",United States,NMS,USD,,,9036791.0,
FCNCO,"First Citizens BancShares, Inc.",United States,NMS,USD,,,9036791.0,
FCNCA,"First Citizens BancShares, Inc.",United States,NMS,USD,,11430367.0,9036791.0,27918630912.0
CMDB,Costamare Bulkers Holdings Limited,Monaco,NYQ,USD,,24301491.0,9038697.0,373513920.0
NTCL,NetClass Technology Inc,China,NCM,USD,,19992031.0,9071657.0,12095618.0
FINW,FinWise Bancorp,United States,NGM,USD,,13586921.0,9075520.0,242390672.0
LESL,"Leslie's, Inc.",United States,NMS,USD,,9290311.0,9092985.0,15514819.0
CPSS,"Consumer Portfolio Services, Inc.",United States,NGM,USD,,22071046.0,9098127.0,202906832.0
TRNS,"Transcat, Inc.",United States,NGM,USD,,9328412.0,9123094.0,549116992.0
BNGO,"Bionano Genomics, Inc.",United States,NCM,USD,,10176000.0,9133672.0,15467520.0
PFIS,Peoples Financial Services Corp.,United States,NMS,USD,,9994595.0,9133860.0,495282144.0
ISTR,Investar Holding Corporation,United States,NGM,USD,,9810435.0,9139990.0,267951856.0
MED,"Medifast, Inc.",United States,NYQ,USD,,10991273.0,9167019.0,121343656.0
TAVI,Tavia Acquisition Corp.,United States,NGM,USD,,15920833.0,9170718.0,165735872.0
TAVIR,Tavia Acquisition Corp.,United States,NGM,USD,,,9170718.0,
TAVIU,Tavia Acquisition Corp.,United States,NGM,USD,,13883300.0,9170718.0,145774656.0
SKLZ,Skillz Inc.,United States,NYQ,USD,,11678067.0,9178189.0,71477592.0
PKOH,Park-Ohio Holdings Corp.,United States,NMS,USD,,14404207.0,9217296.0,303784736.0
HAFN,Hafnia Limited,Singapore,NYQ,USD,,497989642.0,9232413.0,2692179200.0
KBSX,FST Corp.,Taiwan,NGM,USD,,44766003.0,9254923.0,61777084.0
RANGR,Range Capital Acquisition Corp.,United States,NGM,USD,,,9264864.0,
RANGU,Range Capital Acquisition Corp.,United States,NGM,USD,,,9264864.0,
GBFH,GBank Financial Holdings Inc.,United States,NCM,USD,,14376113.0,9266842.0,517396320.0
XPON,Expion360 Inc.,United States,NCM,USD,,9656739.0,9285534.0,7918526.0
DLPN,"Dolphin Entertainment, Inc.",United States,NCM,USD,,12122422.0,9286745.0,16728942.0
ARTNA,Artesian Resources Corporation,United States,NMS,USD,,9431693.0,9287296.0,328480896.0
BFRIW,Biofrontera Inc.,United States,NCM,USD,,,9313999.0,
BFRI,Biofrontera Inc.,United States,NCM,USD,,11648323.0,9313999.0,8400770.0
SVCO,"Silvaco Group, Inc.",United States,NMS,USD,,30638877.0,9316363.0,130215224.0
NWPX,"NWPX Infrastructure, Inc.",United States,NMS,USD,,9609651.0,9322322.0,618331264.0
COCP,"Cocrystal Pharma, Inc.",United States,NCM,USD,,13784065.0,9326574.0,13405005.0
SNGX,"Soligenix, Inc.",United States,NCM,USD,,10086130.0,9362349.0,13817998.0
RNAC,"Cartesian Therapeutics, Inc.",United States,NGM,USD,,26003606.0,9374300.0,173704080.0
ANNAW,"AleAnna, Inc.",United States,NCM,USD,,,9387147.0,
MDV,"Modiv Industrial, Inc.",United States,NYQ,USD,,10274997.0,9395046.0,151761712.0
CVEO,Civeo Corporation,United States,NYQ,USD,,11515223.0,9414386.0,292205216.0
POWL,"Powell Industries, Inc.",United States,NMS,USD,,12092083.0,9437871.0,4121707264.0
WMK,"Weis Markets, Inc.",United States,NYQ,USD,,24744597.0,9451199.0,1609883520.0
CRWS,"Crown Crafts, Inc.",United States,NCM,USD,,10702787.0,9462762.0,28576442.0
SMBC,"Southern Missouri Bancorp, Inc.",United States,NGM,USD,,11202189.0,9477388.0,681391744.0
ASYS,"Amtech Systems, Inc.",United States,NMS,USD,,14356797.0,9500467.0,183192736.0
FORTY,Formula Systems (1985) Ltd.,Israel,NMS,USD,,15332667.0,9505138.0,2921791488.0
CARL,"Carlsmed, Inc.",United States,NMS,USD,,26592908.0,9505369.0,364588768.0
INDO,Indonesia Energy Corporation Limited,Indonesia,ASE,USD,,14987474.0,9523041.0,44962424.0
GOCO,"GoHealth, Inc.",United States,NCM,USD,,16093116.0,9524389.0,67190760.0
KMDA,Kamada Ltd.,Israel,NMS,USD,,57681590.0,9549865.0,408369056.0
SUPX,SuperX AI Technology Limited,Singapore,NCM,USD,,31506228.0,9553318.0,469442784.0
TXMD,"TherapeuticsMD, Inc.",United States,NMS,USD,,11574362.0,9567715.0,20139392.0
XOMAO,XOMA Royalty Corporation,United States,NGM,USD,,,9590342.0,
XOMAP,XOMA Royalty Corporation,United States,NGM,USD,,,9590342.0,
MCFT,"MasterCraft Boat Holdings, Inc.",United States,NGM,USD,,16288798.0,9596382.0,317402400.0
RBCAA,"Republic Bancorp, Inc.",United States,NMS,USD,,17388491.0,9613752.0,1368201856.0
USNA,"USANA Health Sciences, Inc.",United States,NYQ,USD,,18280857.0,9617193.0,362692192.0
BOF,BranchOut Food Inc.,United States,NCM,USD,,13380459.0,9642116.0,44958340.0
STHO,Star Holdings,United States,NGM,USD,,12735503.0,9642813.0,104592448.0
CULP,"Culp, Inc.",United States,NYQ,USD,,12662784.0,9651739.0,44319744.0
FET,"Forum Energy Technologies, Inc.",United States,NYQ,USD,,11377958.0,9672971.0,437445440.0
SNTI,"Senti Biosciences, Inc.",United States,NCM,USD,,26290838.0,9706314.0,27868286.0
MDWD,MediWound Ltd.,Israel,NGM,USD,,12821433.0,9715825.0,240914736.0
SPEG,Silver Pegasus Acquisition Corp.,United States,NGM,USD,,11500000.0,9761046.0,154100000.0
ODC,Oil-Dri Corporation of America,United States,NYQ,USD,,10342807.0,9819771.0,718196352.0
ZEUS,"Olympic Steel, Inc.",United States,NMS,USD,,11197621.0,9827704.0,501317536.0
PYPD,PolyPid Ltd.,Israel,NCM,USD,,16634790.0,9872748.0,67703600.0
ATNI,"ATN International, Inc.",United States,NMS,USD,,15257391.0,9904543.0,337646080.0
HUBC,HUB Cyber Security Ltd.,Israel,NCM,USD,,32756017.0,9953354.0,14114568.0
NRP,Natural Resource Partners L.P.,United States,NYQ,USD,,13138097.0,9958809.0,1352567040.0
GGROW,Gogoro Inc.,Taiwan,NCM,USD,,,9986382.0,
GGR,Gogoro Inc.,Taiwan,NCM,USD,,14773463.0,9986382.0,51411652.0
ACNB,ACNB Corporation,United States,NCM,USD,,10384812.0,10000055.0,517100352.0
KTCC,Key Tronic Corporation,United States,NGM,USD,,10859269.0,10007577.0,28016914.0
SGRP,"SPAR Group, Inc.",United States,NCM,USD,,23949991.0,10032274.0,18393594.0
GROW,"U.S. Global Investors, Inc.",United States,NCM,USD,,10719865.0,10049136.0,32015330.0
SLE,"Super League Enterprise, Inc.",United States,NCM,USD,,11622934.0,10069203.0,7031875.0
PKBK,"Parke Bancorp, Inc.",United States,NCM,USD,,11595553.0,10069926.0,293928960.0
GHG,GreenTree Hospitality Group Ltd.,China,NYQ,USD,,66761582.0,10109954.0,181762896.0
ATLN,Atlantic International Corp.,United States,NGM,USD,,58525488.0,10113790.0,74912624.0
BCML,BayCom Corp,United States,NMS,USD,,10897763.0,10165983.0,331753504.0
MGRX,"Mangoceuticals, Inc.",United States,NCM,USD,,15388797.0,10167093.0,10967596.0
MPX,Marine Products Corporation,United States,NYQ,USD,,34999034.0,10207118.0,310791424.0
TWIN,"Twin Disc, Incorporated",United States,NMS,USD,,14388031.0,10230897.0,244489936.0
UAN,"CVR Partners, LP",United States,NYQ,USD,,10569637.0,10259735.0,1027791552.0
GENC,"Gencor Industries, Inc.",United States,ASE,USD,,12338845.0,10277541.0,184687056.0
REPX,"Riley Exploration Permian, Inc.",United States,ASE,USD,,21968906.0,10279031.0,572657472.0
FGMC,FG Merger II Corp.,United States,NGM,USD,,10295800.0,10285813.0,103163920.0
FGMCR,FG Merger II Corp.,United States,NGM,USD,,,10285813.0,
FTCI,"FTC Solar, Inc.",United States,NCM,USD,,14940407.0,10312018.0,178388448.0
HOFT,Hooker Furnishings Corporation,United States,NMS,USD,,10777720.0,10312991.0,120926024.0
AMODW,"Alpha Modus Holdings, Inc.",United States,NCM,USD,,,10328863.0,
FRGE,"Forge Global Holdings, Inc.",United States,NYQ,USD,,13844606.0,10353095.0,618715392.0
NGS,"Natural Gas Services Group, Inc.",United States,NYQ,USD,,12568917.0,10392986.0,419173376.0
ZDGE,"Zedge, Inc.",United States,ASE,USD,,12485331.0,10411711.0,46055776.0
ULBI,Ultralife Corporation,United States,NGM,USD,,16648947.0,10428734.0,95897936.0
INTT,inTEST Corporation,United States,ASE,USD,,12483433.0,10445787.0,93875416.0
SELF,"Global Self Storage, Inc.",United States,NCM,USD,,11337720.0,10463128.0,57144740.0
TTRX,Turn Therapeutics Inc.,United States,NGM,USD,,29445183.0,10485430.0,80679808.0
ODYS,Odysight.ai Inc.,Israel,NCM,USD,,16355243.0,10487145.0,55771380.0
AMR,"Alpha Metallurgical Resources, Inc.",United States,NYQ,USD,,12858024.0,10519921.0,2677861376.0
IPI,"Intrepid Potash, Inc.",United States,NYQ,USD,,13426932.0,10532590.0,382130464.0
CAAS,"China Automotive Systems, Inc.",China,NCM,USD,,30170702.0,10630647.0,126415240.0
SGC,"Superior Group of Companies, Inc.",United States,NGM,USD,,15968792.0,10633619.0,162402608.0
CBNK,"Capital Bancorp, Inc.",United States,NMS,USD,,16520863.0,10651000.0,472299264.0
FNLC,"The First Bancorp, Inc.",United States,NMS,USD,,11219320.0,10659813.0,301238752.0
PHIO,Phio Pharmaceuticals Corp.,United States,NCM,USD,,10764428.0,10705331.0,11923128.0
PRE,Prenetics Global Limited,Hong Kong,NGM,USD,,15247465.0,10710292.0,284064032.0
PRENW,Prenetics Global Limited,Hong Kong,NCM,USD,,,10710292.0,
FTFT,Future FinTech Group Inc.,United States,NCM,USD,,20153311.0,10720755.0,18661966.0
LOVE,The Lovesac Company,United States,NGM,USD,,14617106.0,10738311.0,223203216.0
ANIK,"Anika Therapeutics, Inc.",United States,NMS,USD,,14421219.0,10770055.0,137722640.0
AIRG,"Airgain, Inc.",United States,NCM,USD,,11958193.0,10770147.0,47832772.0
LSH,Lakeside Holding Limited,United States,NCM,USD,,17427559.0,10816589.0,15801569.0
CNXN,"PC Connection, Inc.",United States,NMS,USD,,25245224.0,10836007.0,1514707968.0
WLACW,Willow Lane Acquisition Corp.,United States,NGM,USD,,,10849379.0,
WLAC,Willow Lane Acquisition Corp.,United States,NGM,USD,,12650000.0,10849379.0,222376528.0
WLACU,Willow Lane Acquisition Corp.,United States,NGM,USD,,,10849379.0,
PCB,PCB Bancorp,United States,NMS,USD,,14260754.0,10863046.0,316660032.0
CVU,"CPI Aerostructures, Inc.",United States,ASE,USD,,13185249.0,10873611.0,49444684.0
MLGO,MicroAlgo Inc.,China,NCM,USD,,10941565.0,10879809.0,69136032.0
MLR,"Miller Industries, Inc.",United States,NYQ,USD,,11431416.0,10881222.0,437127424.0
VTSI,"VirTra, Inc.",United States,NCM,USD,,11300607.0,10885197.0,49496660.0
IMPPP,Imperial Petroleum Inc.,Greece,NCM,USD,,,10887544.0,
IMPP,Imperial Petroleum Inc.,Greece,NCM,USD,,36224837.0,10887544.0,134756384.0
LMB,"Limbach Holdings, Inc.",United States,NCM,USD,,11626814.0,10902696.0,921657536.0
BMR,Beamr Imaging Ltd.,Israel,NCM,USD,,15529854.0,10910188.0,29196126.0
LEGH,Legacy Housing Corporation,United States,NMS,USD,,23868727.0,10913498.0,472839488.0
FEAM,"5E Advanced Materials, Inc.",United States,NMS,USD,,23511883.0,10938818.0,79470168.0
UEIC,Universal Electronics Inc.,United States,NMS,USD,,13366106.0,10948979.0,41702248.0
EPSN,Epsilon Energy Ltd.,Canada,NGM,USD,,27748702.0,10957916.0,133193784.0
WYFI,"WhiteFiber, Inc.",United States,NCM,USD,,38259989.0,10961869.0,633968000.0
VPG,"Vishay Precision Group, Inc.",United States,NYQ,USD,,12256197.0,11026951.0,527046880.0
ARMP,"Armata Pharmaceuticals, Inc.",United States,ASE,USD,,36406905.0,11028287.0,239557424.0
CTOR,"Citius Oncology, Inc.",United States,NCM,USD,,84797846.0,11051703.0,95821568.0
MIMI,Mint Incorporation Limited,Hong Kong,NCM,USD,,20112500.0,11100798.0,8044020.0
AARD,"Aardvark Therapeutics, Inc.",United States,NMS,USD,,21773272.0,11102845.0,297205152.0
AOUT,"American Outdoor Brands, Inc.",United States,NMS,USD,,12587111.0,11146264.0,104798096.0
USAU,U.S. Gold Corp.,United States,NCM,USD,,16312361.0,11156580.0,367680640.0
GREE,Greenidge Generation Holdings Inc.,United States,NMS,USD,,13065603.0,11160885.0,24330454.0
RFAI,RF Acquisition Corp II,Singapore,NGM,USD,,15012500.0,11164496.0,161234240.0
RFAIU,RF Acquisition Corp II,Singapore,NGM,USD,,10000000.0,11164496.0,108000000.0
RFAIR,RF Acquisition Corp II,Singapore,NGM,USD,,,11164496.0,
KSCP,"Knightscope, Inc.",United States,NCM,USD,,11172438.0,11169811.0,45575092.0
GSHR,Gesher Acquisition Corp. II,United States,NGM,USD,,14940625.0,11215192.0,209718016.0
GSHRU,Gesher Acquisition Corp. II,United States,NGM,USD,,,11215192.0,
GSHRW,,United States,NGM,USD,,,11215192.0,
AIRS,"AirSculpt Technologies, Inc.",United States,NGM,USD,,62436670.0,11240474.0,126746440.0
THFF,First Financial Corporation,United States,NMS,USD,,11850645.0,11242351.0,734977024.0
GLBS,Globus Maritime Limited,Greece,NCM,USD,,20582301.0,11246787.0,35195732.0
FORR,"Forrester Research, Inc.",United States,NMS,USD,,19003000.0,11283981.0,138351744.0
IRIX,IRIDEX Corporation,United States,NCM,USD,,17189981.0,11299662.0,21143676.0
LCUT,"Lifetime Brands, Inc.",United States,NMS,USD,,22655990.0,11307831.0,91989192.0
IBEX,IBEX Limited,United States,NGM,USD,,13467175.0,11312292.0,518082272.0
CLFD,"Clearfield, Inc.",United States,NGM,USD,,13839096.0,11314845.0,417525536.0
PFBC,Preferred Bank,United States,NMS,USD,,12197415.0,11350289.0,1224991232.0
FBYD,"Falcon's Beyond Global, Inc.",United States,NGM,USD,,48410017.0,11371382.0,821033856.0
FBYDW,"Falcon's Beyond Global, Inc.",United States,NCM,USD,,,11371382.0,
PSHG,Performance Shipping Inc.,Greece,NCM,USD,,12432158.0,11397554.0,28718284.0
CYD,China Yuchai International Limited,Singapore,NYQ,USD,,37518322.0,11399942.0,1347658112.0
MVBF,MVB Financial Corp.,United States,NCM,USD,,12584334.0,11413865.0,330759840.0
KINS,"Kingstone Companies, Inc.",United States,NCM,USD,,14147428.0,11444137.0,244891968.0
HCWC,Healthy Choice Wellness Corp.,United States,ASE,USD,,18165750.0,11473623.0,5451541.0
TBHC,"The Brand House Collective, Inc.",United States,NMS,USD,,22461383.0,11522240.0,25381364.0
TORO,Toro Corp.,Cyprus,NCM,USD,,21473509.0,11522273.0,120895856.0
AVNW,"Aviat Networks, Inc.",United States,NMS,USD,,12837468.0,11528817.0,274978560.0
LKSPU,Lake Superior Acquisition Corp.,United States,NGM,USD,,,11543970.0,
LKSPR,Lake Superior Acquisition Corp.,United States,NGM,USD,,,11543970.0,
LKSP,Lake Superior Acquisition Corp.,United States,NGM,USD,,15693333.0,11543970.0,193899824.0
CASS,"Cass Information Systems, Inc.",United States,NMS,USD,,13084279.0,11559699.0,559037056.0
OPBK,OP Bancorp,United States,NGM,USD,,14885614.0,11576542.0,212268880.0
AERTW,"Aeries Technology, Inc",Singapore,NCM,USD,,,11595278.0,
KAI,Kadant Inc.,United States,NYQ,USD,,11778135.0,11649871.0,3461829632.0
ESLA,"Estrella Immunopharma, Inc.",United States,NCM,USD,,37765589.0,11685429.0,58159004.0
GEOS,Geospace Technologies Corporation,United States,NMS,USD,,12887198.0,11706070.0,222690784.0
FRPH,"FRP Holdings, Inc.",United States,NMS,USD,,19115522.0,11715712.0,434878112.0
DFLIW,Dragonfly Energy Holdings Corp.,United States,NCM,USD,,,11724557.0,
DFLI,Dragonfly Energy Holdings Corp.,United States,NCM,USD,,12078705.0,11724557.0,50730564.0
INACU,Indigo Acquisition Corp.,United States,NGM,USD,,,11743357.0,
INACR,Indigo Acquisition Corp.,United States,NGM,USD,,,11743357.0,
INAC,Indigo Acquisition Corp.,United States,NGM,USD,,14755000.0,11743357.0,148140192.0
AIFF,"Firefly Neuroscience, Inc.",United States,NCM,USD,,13492928.0,11756480.0,14572363.0
ASA,ASA Gold and Precious Metals Limited,United States,NYQ,USD,,18872332.0,11763502.0,1178577152.0
TNXP,Tonix Pharmaceuticals Holding Corp.,United States,NCM,USD,,11776542.0,11771831.0,191486576.0
BRT,BRT Apartments Corp.,United States,NYQ,USD,,19020394.0,11775276.0,277887936.0
AUID,authID Inc.,United States,NCM,USD,,15070181.0,11813955.0,14211182.0
AII,"American Integrity Insurance Group, Inc.",United States,NYQ,USD,,19576804.0,11814993.0,402890624.0
GAUZ,Gauzy Ltd.,Israel,NGM,USD,,18743137.0,11851286.0,27552410.0
INUV,"Inuvo, Inc.",United States,ASE,USD,,14605575.0,11872580.0,38120548.0
SXI,Standex International Corporation,United States,NYQ,USD,,12116999.0,11872963.0,2780124160.0
IBACR,IB Acquisition Corp.,United States,NGM,USD,,,11894973.0,
IBAC,IB Acquisition Corp.,United States,NGM,USD,,15749090.0,11894973.0,164578000.0
AWRE,"Aware, Inc.",United States,NGM,USD,,21373696.0,11895744.0,42961128.0
BELFA,Bel Fuse Inc.,United States,NMS,USD,,2115263.0,11901562.0,2202683648.0
BELFB,Bel Fuse Inc.,United States,NMS,USD,,10545300.0,11901562.0,2233956352.0
ONEW,OneWater Marine Inc.,United States,NGM,USD,,16527533.0,11910567.0,174365472.0
BSRR,Sierra Bancorp,United States,NMS,USD,,13482458.0,11911551.0,450381632.0
WETH,Wetouch Technology Inc.,China,NCM,USD,,11931534.0,11916262.0,17777986.0
FLWS,"1-800-FLOWERS.COM, Inc.",United States,NMS,USD,,36598694.0,11935000.0,257851024.0
ALG,Alamo Group Inc.,United States,NYQ,USD,,12115428.0,11938300.0,2112446080.0
RELL,"Richardson Electronics, Ltd.",United States,NMS,USD,,12443851.0,11982541.0,154205760.0
PLBL,Polibeli Group Ltd,Indonesia,NGM,USD,,319108190.0,12015000.0,4077892352.0
LAFA,LaFayette Acquisition Corp.,France,NGM,USD,,15713333.0,12040027.0,155719120.0
LAFAU,LaFayette Acquisition Corp.,France,NGM,USD,,13683333.0,12040027.0,137585920.0
LAFAR,LaFayette Acquisition Corp.,France,NGM,USD,,,12040027.0,
OM,"Outset Medical, Inc.",United States,NMS,USD,,18153090.0,12086509.0,60994380.0
RAIL,"FreightCar America, Inc.",United States,NMS,USD,,19079106.0,12095008.0,219965232.0
GPI,"Group 1 Automotive, Inc.",United States,NYQ,USD,,12057076.0,12095141.0,5147734016.0
NCL,Northann Corp.,United States,ASE,USD,,22743104.0,12109356.0,7164077.0
TECX,"Tectonic Therapeutic, Inc.",United States,NGM,USD,,18716280.0,12127962.0,390795904.0
AREN,"The Arena Group Holdings, Inc.",United States,ASE,USD,,47465749.0,12136320.0,198406816.0
ENLT,Enlight Renewable Energy Ltd,Israel,NMS,USD,,132065805.0,12153422.0,5800330240.0
JMSB,"John Marshall Bancorp, Inc.",United States,NCM,USD,,14175540.0,12155506.0,289748032.0
MLCI,Mount Logan Capital Inc.,United States,NCM,USD,,12786792.0,12170980.0,105618904.0
LYEL,"Lyell Immunopharma, Inc.",United States,NMS,USD,,21243954.0,12170981.0,745450368.0
NATR,"Nature's Sunshine Products, Inc.",United States,NCM,USD,,17495563.0,12186359.0,381104288.0
COPL,Copley Acquisition Corp,Hong Kong,NYQ,USD,,17978393.0,12228427.0,242029616.0
SPAI,Safe Pro Group Inc.,United States,NCM,USD,,20973270.0,12251745.0,89555872.0
SPFI,"South Plains Financial, Inc.",United States,NMS,USD,,16247839.0,12288403.0,642926976.0
MKL,Markel Group Inc.,United States,NYQ,USD,,12610250.0,12312270.0,27600846848.0
FMAO,"Farmers & Merchants Bancorp, Inc.",United States,NCM,USD,,13749944.0,12318757.0,358736032.0
DCBO,Docebo Inc.,Canada,NMS,USD,,28734864.0,12342773.0,639198656.0
EEX,"Emerald Holding, Inc.",United States,NYQ,USD,,197807355.0,12347135.0,910675328.0
BGLWW,Blue Gold Limited,Cayman Islands,NCM,USD,,,12366836.0,
BGL,Blue Gold Limited,Cayman Islands,NGM,USD,,31124600.0,12366836.0,76255272.0
NBY,"NovaBay Pharmaceuticals, Inc.",United States,ASE,USD,,126010749.0,12393157.0,611152128.0
XZO,"Exzeo Group, Inc.",United States,NYQ,USD,,90771289.0,12440205.0,2047901824.0
ESOA,Energy Services of America Corporation,United States,NCM,USD,,16749814.0,12475596.0,134668496.0
NHC,National HealthCare Corporation,United States,ASE,USD,,15515253.0,12481400.0,2151655168.0
IBTA,"Ibotta, Inc.",United States,NYQ,USD,,23445382.0,12481425.0,590404096.0
HTB,"HomeTrust Bancshares, Inc.",United States,NYQ,USD,,17444032.0,12487159.0,759540992.0
KVHI,"KVH Industries, Inc.",United States,NMS,USD,,19573251.0,12491062.0,132902384.0
ETHMW,Dynamix Corporation,United States,NGM,USD,,,12496701.0,
ETHM,Dynamix Corporation,United States,NGM,USD,,16600000.0,12496701.0,227751984.0
MAGH,Magnitude International Ltd,Singapore,NCM,USD,,33350000.0,12519257.0,225446000.0
SLND,"Southland Holdings, Inc.",United States,ASE,USD,,54113036.0,12553142.0,185607712.0
DTIL,"Precision BioSciences, Inc.",United States,NCM,USD,,24071751.0,12564881.0,101823512.0
GMRE,Global Medical REIT Inc.,United States,NYQ,USD,,13407358.0,12590850.0,910881536.0
AMWL,American Well Corporation,United States,NYQ,USD,,14723951.0,12601930.0,74489176.0
ASRV,"AmeriServ Financial, Inc.",United States,NGM,USD,,16522267.0,12607977.0,52375588.0
TCBX,"Third Coast Bancshares, Inc.",United States,NYQ,USD,,13895078.0,12656671.0,547327104.0
DOYU,DouYu International Holdings Limited,China,NMS,USD,,30178859.0,12666972.0,219867248.0
COFS,"ChoiceOne Financial Services, Inc.",United States,NCM,USD,,15023732.0,12690246.0,452514816.0
SWAG,"Stran & Company, Inc.",United States,NCM,USD,,18288158.0,12698017.0,31173014.0
SWAGW,"Stran & Company, Inc.",United States,NCM,USD,,,12698017.0,
TRAK,"ReposiTrak, Inc.",United States,NYQ,USD,,18288455.0,12725290.0,239944544.0
RDVT,"Red Violet, Inc.",United States,NCM,USD,,14088231.0,12728719.0,778092992.0
RYET,Ruanyun Edai Technology Inc.,China,NCM,USD,,34350004.0,12731514.0,41563508.0
SVCCU,Stellar V Capital Corp.,United States,NGM,USD,,21614900.0,12740269.0,227388752.0
SVCC,Stellar V Capital Corp.,United States,NGM,USD,,15555000.0,12740269.0,224146784.0
SVCCW,Stellar V Capital Corp.,United States,NGM,USD,,,12740269.0,
ATEX,Anterix Inc.,United States,NCM,USD,,18716625.0,12743588.0,411900608.0
UHT,Universal Health Realty Income Trust,United States,NYQ,USD,,13873618.0,12759983.0,545669568.0
PINE,"Alpine Income Property Trust, Inc.",United States,NYQ,USD,,14164662.0,12777800.0,253141104.0
ALMU,"Aeluma, Inc.",United States,NCM,USD,,17857863.0,12801945.0,322780896.0
DXPE,"DXP Enterprises, Inc.",United States,NMS,USD,,15679290.0,12837262.0,1817218048.0
MDGL,"Madrigal Pharmaceuticals, Inc.",United States,NMS,USD,,22711420.0,12837403.0,13602096128.0
PDS,Precision Drilling Corporation,Canada,NYQ,USD,,13173478.0,12858237.0,912922048.0
CLPR,Clipper Realty Inc.,United States,NYQ,USD,,16146546.0,12862984.0,149048448.0
TKLF,"Tokyo Lifestyle Co., Ltd.",Japan,NCM,USD,,4232781.0,12900247.0,12232738.0
OCG,Oriental Culture Holding LTD,Hong Kong,NCM,USD,,21226992.0,12904282.0,1825521.0
APAD,A Paradise Acquisition Corp.,Hong Kong,NGM,USD,,20600000.0,12933398.0,274030016.0
APADR,A Paradise Acquisition Corp.,Hong Kong,NGM,USD,,0.0,12933398.0,0.0
EPOW,"Sunrise New Energy Co., Ltd.",China,NCM,USD,,32161978.0,12943481.0,38446528.0
TATT,TAT Technologies Ltd.,Israel,NGM,USD,,12950637.0,12950637.0,588930176.0
BHRB,Burke & Herbert Financial Services Corp.,United States,NCM,USD,,15028524.0,12973373.0,947999360.0
NRC,National Research Corporation,United States,NMS,USD,,22657421.0,12979757.0,430365216.0
GIC,Global Industrial Company,United States,NYQ,USD,,38493978.0,12993257.0,1158668672.0
CCB,Coastal Financial Corporation,United States,NMS,USD,,15121263.0,13020466.0,1767826944.0
INSG,Inseego Corp.,United States,NMS,USD,,15327475.0,13023296.0,164617072.0
MACIU,Melar Acquisition Corp. I,United States,NGM,USD,,17250000.0,13030054.0,186127504.0
MACI,Melar Acquisition Corp. I,United States,NGM,USD,,16000000.0,13030054.0,229405408.0
MACIW,Melar Acquisition Corp. I,United States,NGM,USD,,17250000.0,13030054.0,2432250.0
EVCM,EverCommerce Inc.,United States,NMS,USD,,179367379.0,13040008.0,2178970624.0
DARE,"Daré Bioscience, Inc.",United States,NCM,USD,,14289229.0,13041208.0,30721844.0
NEON,Neonode Inc.,Sweden,NCM,USD,,16782922.0,13052582.0,32391038.0
NIC,"Nicolet Bankshares, Inc.",United States,NYQ,USD,,14811409.0,13056495.0,1831578880.0
CHECU,Chenghe Acquisition III Co.,Singapore,NGM,USD,,0.0,13057921.0,0.0
CHEC,Chenghe Acquisition III Co.,Singapore,NGM,USD,,13058000.0,13057921.0,171744752.0
CHECW,Chenghe Acquisition III Co.,Singapore,NGM,USD,,,13057921.0,
FLUX,"Flux Power Holdings, Inc.",United States,NCM,USD,,21340135.0,13061443.0,29876190.0
DTI,Drilling Tools International Corporation,United States,NCM,USD,,35198778.0,13153079.0,97148632.0
SNFCA,Security National Financial Corporation,United States,NGM,USD,,22398332.0,13158151.0,248262640.0
CLPS,CLPS Incorporation,Hong Kong,NGM,USD,,29743452.0,13239703.0,25876804.0
DSP,Viant Technology Inc.,United States,NMS,USD,,16678890.0,13239703.0,759237056.0
PRK,Park National Corporation,United States,ASE,USD,,16078262.0,13255884.0,2532647936.0
TDAC,Translational Development Acquisition Corp.,United States,NGM,USD,,17250000.0,13295881.0,229154640.0
TDACU,Translational Development Acquisition Corp.,United States,NGM,USD,,,13295881.0,
TDACW,Translational Development Acquisition Corp.,United States,NGM,USD,,13880000.0,13295881.0,4858000.0
CPSH,CPS Technologies Corporation,United States,NCM,USD,,17979277.0,13296574.0,57713484.0
TREE,"LendingTree, Inc.",United States,NMS,USD,,13670696.0,13314438.0,743959232.0
AGX,"Argan, Inc.",United States,NYQ,USD,,13873410.0,13315421.0,4510800896.0
LCNB,LCNB Corp.,United States,NCM,USD,,14186645.0,13335446.0,233654032.0
SMLR,"Semler Scientific, Inc.",United States,NCM,USD,,15285092.0,13364660.0,255184608.0
ALNT,Allient Inc.,United States,NGM,USD,,16943497.0,13372316.0,941380672.0
GNTA,Genenta Science S.p.A.,Italy,NCM,USD,,23432183.0,13372468.0,34210988.0
IPOD,Dune Acquisition Corporation II,United States,NGM,USD,,14482813.0,13382792.0,206172352.0
IPODW,Dune Acquisition Corporation II,United States,NGM,USD,,,13382792.0,
BKTI,BK Technologies Corporation,United States,ASE,USD,,3732241.0,13389256.0,277709920.0
TSQ,"Townsquare Media, Inc.",United States,NYQ,USD,,15145320.0,13391040.0,84772176.0
NECB,"Northeast Community Bancorp, Inc.",United States,NCM,USD,,13483693.0,13413969.0,309585600.0
WDFC,WD-40 Company,United States,NMS,USD,,13527835.0,13470206.0,2761314304.0
SNT,Senstar Technologies Corporation,Canada,NGM,USD,,23331653.0,13477529.0,103825848.0
ALGT,Allegiant Travel Company,United States,NMS,USD,,18313574.0,13482194.0,1553526656.0
QMCO,Quantum Corporation,United States,NGM,USD,,16374599.0,13495850.0,113967208.0
INR,"Infinity Natural Resources, Inc.",United States,NYQ,USD,,15629653.0,13501676.0,228974416.0
YORW,The York Water Company,United States,NMS,USD,,14434680.0,13502200.0,468260992.0
TURB,"Turbo Energy, S.A.",Spain,NCM,USD,,11017140.0,13503708.0,10699846.0
APEI,"American Public Education, Inc.",United States,NMS,USD,,18085030.0,13529773.0,677646080.0
KWR,Quaker Chemical Corporation,United States,NYQ,USD,,17340035.0,13530256.0,2514392320.0
TWFG,"TWFG, Inc.",United States,NMS,USD,,15028681.0,13537535.0,437635200.0
RDNW,"RideNow Group, Inc.",United States,NCM,USD,,38017502.0,13548224.0,207848576.0
IMKTA,"Ingles Markets, Incorporated",United States,NMS,USD,,14548611.0,13554957.0,1334544896.0
BFS,"Saul Centers, Inc.",United States,NYQ,USD,,24412314.0,13573979.0,1086083968.0
UBFO,United Security Bancshares,United States,NMS,USD,,17577353.0,13585431.0,178058576.0
GIG,GigCapital7 Corp.,United States,NGM,USD,,20000000.0,13613667.0,350833312.0
GIGGW,GigCapital7 Corp.,United States,NGM,USD,,,13613667.0,
GIGGU,GigCapital7 Corp.,United States,NGM,USD,,,13613667.0,
GWRS,"Global Water Resources, Inc.",United States,NGM,USD,,28750265.0,13624751.0,246102272.0
FJET,"Starfighters Space, Inc.",United States,ASE,USD,,27862261.0,13662260.0,409018016.0
SRTS,"Sensus Healthcare, Inc.",United States,NCM,USD,,16425036.0,13672028.0,62307740.0
SHIP,Seanergy Maritime Holdings Corp,Greece,NCM,USD,,21114098.0,13675953.0,199528224.0
MRKR,"Marker Therapeutics, Inc.",United States,NCM,USD,,16673127.0,13676466.0,23925936.0
CCBG,"Capital City Bank Group, Inc.",United States,NMS,USD,,17068825.0,13698073.0,727473344.0
HIT,"Health In Tech, Inc.",United States,NCM,USD,,45208808.0,13700226.0,87070472.0
DMRC,Digimarc Corporation,United States,NMS,USD,,21756987.0,13709370.0,148600224.0
TBH,"Brag House Holdings, Inc.",United States,NCM,USD,,20951363.0,13724531.0,11942277.0
DCO,Ducommun Incorporated,United States,NYQ,USD,,14946052.0,13749023.0,1441696128.0
NRSN,NeuroSense Therapeutics Ltd.,Israel,NCM,USD,,29699319.0,13767752.0,23759456.0
NGVC,"Natural Grocers by Vitamin Cottage, Inc.",United States,NYQ,USD,,23033093.0,13782542.0,594253760.0
GMGI,"Golden Matrix Group, Inc.",United States,NCM,USD,,141237872.0,13824157.0,115815056.0
TMP,Tompkins Financial Corporation,United States,ASE,USD,,14431880.0,13858501.0,1069711488.0
EQBK,"Equity Bancshares, Inc.",United States,NYQ,USD,,19076412.0,13877136.0,877303360.0
DIN,"Dine Brands Global, Inc.",United States,NYQ,USD,,14423699.0,13881512.0,524434880.0
RRGB,"Red Robin Gourmet Burgers, Inc.",United States,NMS,USD,,17964459.0,13955510.0,77426824.0
HOLO,MicroCloud Hologram Inc.,China,NCM,USD,,14167316.0,13959713.0,41808196.0
HOLOW,MicroCloud Hologram Inc.,China,NCM,USD,,,13959713.0,
ETHZ,ETHZilla Corporation,United States,NCM,USD,,18935791.0,13963384.0,98087400.0
NUKK,Nukkleus Inc.,United States,NGM,USD,,16645766.0,13969626.0,70411592.0
NUKKW,Nukkleus Inc.,United States,NCM,USD,,0.0,13969626.0,1537015296.0
FTK,"Flotek Industries, Inc.",United States,NYQ,USD,,30057823.0,13983905.0,527815360.0
BRLT,"Brilliant Earth Group, Inc.",United States,NGM,USD,,15170213.0,13997556.0,178200304.0
ABLVW,Able View Global Inc.,China,NCM,USD,,,14036616.0,
AROW,Arrow Financial Corporation,United States,NMS,USD,,16442453.0,14043335.0,518280224.0
BWMN,Bowman Consulting Group Ltd.,United States,NGM,USD,,17373129.0,14063200.0,601110208.0
JACK,Jack in the Box Inc.,United States,NMS,USD,,18896824.0,14116116.0,388896640.0
CHCO,City Holding Company,United States,NMS,USD,,14408651.0,14133302.0,1794895104.0
CATO,The Cato Corporation,United States,NYQ,USD,,17984954.0,14142601.0,60825704.0
NPB,"Northpointe Bancshares, Inc.",United States,NYQ,USD,,34364659.0,14152054.0,590728512.0
MWYN,"Marwynn Holdings, Inc.",United States,NCM,USD,,20194804.0,14201592.0,17892596.0
VEEAW,Veea Inc.,United States,NCM,USD,,,14225065.0,
OXM,"Oxford Industries, Inc.",United States,NYQ,USD,,14877391.0,14239895.0,510443296.0
QMMM,QMMM Holdings Limited,Hong Kong,NCM,USD,,48951842.0,14270596.0,6830437376.0
OPRX,OptimizeRx Corporation,United States,NCM,USD,,18640652.0,14277994.0,232635328.0
BEEP,Mobile Infrastructure Corporation,United States,NGM,USD,,42300000.0,14284287.0,118863000.0
RMR,The RMR Group Inc.,United States,NCM,USD,,16061399.0,14285851.0,257627152.0
WPRT,Westport Fuel Systems Inc.,Canada,NMS,USD,,17362535.0,14285894.0,28127308.0
BVC,BitVentures Limited,Hong Kong,NGM,USD,,84000000.0,14286720.0,100800008.0
GFR,Greenfire Resources Ltd.,Canada,NYQ,USD,,125404146.0,14293084.0,581875200.0
AMWD,American Woodmark Corporation,United States,NMS,USD,,14569170.0,14303865.0,800138816.0
SEVN,Seven Hills Realty Trust,United States,NCM,USD,,15269083.0,14307163.0,137574448.0
WLDN,"Willdan Group, Inc.",United States,NGM,USD,,14749882.0,14319333.0,1641219328.0
DAAQ,Digital Asset Acquisition Corp.,United States,NGM,USD,,17250000.0,14322790.0,234369984.0
DAAQU,Digital Asset Acquisition Corp.,United States,NGM,USD,,,14322790.0,
DAAQW,Digital Asset Acquisition Corp.,United States,NGM,USD,,,14322790.0,
NXPLW,NextPlat Corp,United States,NCM,USD,,,14350686.0,
UNF,UniFirst Corporation,United States,NYQ,USD,,14530548.0,14370525.0,3579541760.0
USCB,"USCB Financial Holdings, Inc.",United States,NGM,USD,,18110385.0,14382000.0,376068128.0
AP,Ampco-Pittsburgh Corporation,United States,NYQ,USD,,20326389.0,14395962.0,94517704.0
SMBK,"SmartFinancial, Inc.",United States,NYQ,USD,,17028001.0,14418971.0,643828672.0
ANAB,"AnaptysBio, Inc.",United States,NMS,USD,,27688470.0,14421540.0,1401447168.0
BMRC,Bank of Marin Bancorp,United States,NCM,USD,,16094636.0,14431804.0,427956416.0
SPRU,Spruce Power Holding Corporation,United States,NYQ,USD,,18168863.0,14445518.0,92842896.0
RBB,RBB Bancorp,United States,NMS,USD,,17046897.0,14462928.0,363647456.0
GIFI,"Gulf Island Fabrication, Inc.",United States,NMS,USD,,15998611.0,14469944.0,191023408.0
MEHA,Functional Brands Inc.,United States,NCM,USD,,16323524.0,14475701.0,3754410.0
VERU,Veru Inc.,United States,NCM,USD,,16050320.0,14480278.0,38520944.0
GWH,"ESS Tech, Inc.",United States,NYQ,USD,,19617070.0,14495053.0,36487752.0
ATLX,Atlas Lithium Corporation,Brazil,NCM,USD,,26554331.0,14497946.0,127195248.0
MGPI,"MGP Ingredients, Inc.",United States,NMS,USD,,21294315.0,14500151.0,515109504.0
BNED,"Barnes & Noble Education, Inc.",United States,NYQ,USD,,34053847.0,14534522.0,328619616.0
UFI,"Unifi, Inc.",United States,NYQ,USD,,18360663.0,14549357.0,62059048.0
SBR,Sabine Royalty Trust,United States,NYQ,USD,,14579345.0,14574534.0,1016909312.0
NMM,Navios Maritime Partners L.P.,Greece,NYQ,USD,,28866658.0,14583820.0,1515461376.0
SAFT,"Safety Insurance Group, Inc.",United States,NMS,USD,,14894054.0,14585598.0,1167703296.0
NTWOU,Newbury Street II Acquisition Corp,United States,NGM,USD,,,14613800.0,
NTWOW,Newbury Street II Acquisition Corp,United States,NGM,USD,,,14613800.0,
NTWO,Newbury Street II Acquisition Corp,United States,NGM,USD,,17998375.0,14613800.0,251292640.0
SAH,"Sonic Automotive, Inc.",United States,NYQ,USD,,22143309.0,14621466.0,2197303808.0
GMHS,Gamehaus Holdings Inc.,China,NCM,USD,,37971245.0,14625117.0,53569360.0
EGAN,eGain Corporation,United States,NCM,USD,,27051157.0,14625749.0,283496096.0
WEST,Westrock Coffee Company,United States,NGM,USD,,96824910.0,14645736.0,401823392.0
NTIP,"Network-1 Technologies, Inc.",United States,ASE,USD,,22819661.0,14649994.0,30350148.0
IDR,"Idaho Strategic Resources, Inc.",United States,ASE,USD,,15592374.0,14680532.0,706646400.0
USEG,U.S. Energy Corp.,United States,NCM,USD,,35833823.0,14691340.0,33690960.0
NLOP,Net Lease Office Properties,United States,NYQ,USD,,14814075.0,14716450.0,383092000.0
FSBC,Five Star Bancorp,United States,NMS,USD,,21367387.0,14752685.0,780574912.0
MG,"Mistras Group, Inc.",United States,NYQ,USD,,31548153.0,14757280.0,415173664.0
MLACR,Mountain Lake Acquisition Corp.,United States,NGM,USD,,28330000.0,14831771.0,7082500.0
GAIA,"Gaia, Inc.",United States,NGM,USD,,19644338.0,14841275.0,94166712.0
MRAM,"Everspin Technologies, Inc.",United States,NGM,USD,,22856514.0,14845992.0,214394096.0
NYAX,Nayax Ltd.,Israel,NMS,USD,,36938171.0,14851863.0,1813227136.0
CMCL,Caledonia Mining Corporation Plc,Jersey,ASE,USD,,19304784.0,14864138.0,538217344.0
QRHC,Quest Resource Holding Corporation,United States,NCM,USD,,20870094.0,14888725.0,41114084.0
USPH,"U.S. Physical Therapy, Inc.",United States,NYQ,USD,,15204119.0,14890306.0,1231533696.0
CEPO,"Cantor Equity Partners I, Inc.",United States,NGM,USD,,20500000.0,14911635.0,265965008.0
XGN,Exagen Inc.,United States,NGM,USD,,22663099.0,14922744.0,138924800.0
ABG,"Asbury Automotive Group, Inc.",United States,NYQ,USD,,19440558.0,14932876.0,4747258368.0
CWCO,Consolidated Water Co. Ltd.,Cayman Islands,NMS,USD,,15931336.0,14955382.0,570023168.0
SURG,"SurgePays, Inc.",United States,NCM,USD,,21041455.0,14963420.0,35349644.0
OMSE,OMS Energy Technologies Inc.,Singapore,NCM,USD,,42448704.0,14966470.0,172766240.0
HVIIU,Hennessy Capital Investment Corp. VII,United States,NGM,USD,,24008300.0,15023530.0,256648720.0
ACOG,Alpha Cognition Inc.,Canada,NCM,USD,,21742104.0,15049884.0,136214272.0
RSVRW,"Reservoir Media, Inc.",United States,NGM,USD,,,15057088.0,
MFIN,Medallion Financial Corp.,United States,NMS,USD,,23279435.0,15067230.0,246063632.0
CLCO,Cool Company Ltd.,United Kingdom,NYQ,USD,,52868029.0,15093822.0,519692704.0
SION,"Sionna Therapeutics, Inc.",United States,NGM,USD,,44628788.0,15100597.0,1950278016.0
WTBA,"West Bancorporation, Inc.",United States,NMS,USD,,16940785.0,15117787.0,381845280.0
PGC,Peapack-Gladstone Financial Corporation,United States,NMS,USD,,17558019.0,15165573.0,497342656.0
ONCHU,1RT Acquisition Corp.,United States,NGM,USD,,,15187410.0,
ONCH,1RT Acquisition Corp.,United States,NGM,USD,,17250000.0,15187410.0,220368752.0
AOMR,"Angel Oak Mortgage REIT, Inc.",United States,NYQ,USD,,24914035.0,15188841.0,216004688.0
CDROW,"Codere Online Luxembourg, S.A.",Luxembourg,NCM,USD,,,15193106.0,
CDRO,"Codere Online Luxembourg, S.A.",Luxembourg,NCM,USD,,45555173.0,15193106.0,369234208.0
MYRG,MYR Group Inc.,United States,NMS,USD,,15522834.0,15228987.0,3493413888.0
NVCT,"Nuvectis Pharma, Inc.",United States,NCM,USD,,25614896.0,15243937.0,198515440.0
SOHOB,Sotherly Hotels Inc.,United States,NGM,USD,,0.0,15248211.0,75161800.0
SOHON,Sotherly Hotels Inc.,United States,NGM,USD,,0.0,15248211.0,66251608.0
SOHOO,Sotherly Hotels Inc.,United States,NGM,USD,,0.0,15248211.0,77476960.0
SOHO,Sotherly Hotels Inc.,United States,NCM,USD,,20490501.0,15248211.0,87309760.0
IBIO,"iBio, Inc.",United States,NCM,USD,,22487308.0,15259437.0,42501012.0
RH,RH,United States,NYQ,USD,,18777699.0,15300445.0,3486080000.0
CWBC,Community West Bancshares,United States,NCM,USD,,19160403.0,15348966.0,434749568.0
CSV,"Carriage Services, Inc.",United States,NYQ,USD,,15745193.0,15352823.0,663030080.0
IGIC,International General Insurance Holdings Ltd.,Jordan,NCM,USD,,43178185.0,15380021.0,1099316480.0
CMPR,Cimpress plc,Ireland,NMS,USD,,24671784.0,15380390.0,1707287424.0
ROG,Rogers Corporation,United States,NYQ,USD,,17984499.0,15393292.0,1708150144.0
RCT,RedCloud Holdings plc,United Kingdom,NCM,USD,,44226638.0,15423598.0,63686364.0
AD,"Array Digital Infrastructure, Inc.",United States,NYQ,USD,,53374000.0,15465475.0,4624778752.0
AHL,Aspen Insurance Holdings Limite,Bermuda,NYQ,USD,,91838366.0,15475683.0,3401693184.0
CBL,"CBL & Associates Properties, Inc.",United States,NYQ,USD,,30682618.0,15476313.0,1137103488.0
KIDS,OrthoPediatrics Corp.,United States,NGM,USD,,25077330.0,15480988.0,434840896.0
GMM,Global Mofy AI Limited,China,NCM,USD,,30044079.0,15484566.0,37313704.0
MDCX,Medicus Pharma Ltd.,United States,NCM,USD,,24709144.0,15485166.0,38669812.0
MDCXW,Medicus Pharma Ltd.,United States,NCM,USD,,,15485166.0,
CTBI,"Community Trust Bancorp, Inc.",United States,NMS,USD,,18115847.0,15502998.0,1046552576.0
ISSC,"Innovative Aerosystems, Inc.",United States,NMS,USD,,17752354.0,15523723.0,344395648.0
CLW,Clearwater Paper Corporation,United States,NYQ,USD,,16038337.0,15543394.0,289713536.0
OWLS,Obook Holdings Inc.,Taiwan,NGM,USD,,37869671.0,15544015.0,548825344.0
RDIB,"Reading International, Inc.",United States,NCM,USD,,1680590.0,15596535.0,261702848.0
HAVAU,Harvard Ave Acquisition Corporation,South Korea,NGM,USD,,18339964.0,15627289.0,184325808.0
HAVA,Harvard Ave Acquisition Corporation,South Korea,NGM,USD,,15859856.0,15627289.0,205069488.0
HAVAR,Harvard Ave Acquisition Corporation,South Korea,NGM,USD,,,15627289.0,
SBXD,SilverBox Corp IV,United States,NYQ,USD,,20455000.0,15628097.0,269059328.0
BLFY,Blue Foundry Bancorp,United States,NMS,USD,,20761225.0,15658848.0,266574144.0
HURN,Huron Consulting Group Inc.,United States,NMS,USD,,17241468.0,15661422.0,3126662400.0
RMAX,"RE/MAX Holdings, Inc.",United States,NYQ,USD,,20056356.0,15708539.0,401147392.0
EVMN,"Evommune, Inc.",United States,NYQ,USD,,31524093.0,15720750.0,542529600.0
MBWM,Mercantile Bank Corporation,United States,NMS,USD,,16253544.0,15728609.0,791875392.0
KFS,Kingsway Financial Services Inc.,United States,NYQ,USD,,28612850.0,15735931.0,397718592.0
KALU,Kaiser Aluminum Corporation,United States,NMS,USD,,16206255.0,15745344.0,1905045376.0
GPOR,Gulfport Energy Corporation,United States,NYQ,USD,,19316819.0,15753639.0,4060008960.0
ALLR,"Allarity Therapeutics, Inc.",United States,NCM,USD,,16057200.0,15787061.0,17181204.0
CPS,Cooper-Standard Holdings Inc.,United States,NYQ,USD,,17637009.0,15843854.0,583608576.0
USBC,"USBC, Inc.",United States,ASE,USD,,388143679.0,15886721.0,272084928.0
NXL,"Nexalin Technology, Inc.",United States,NCM,USD,,18651939.0,15931554.0,11750722.0
ITRN,Ituran Location and Control Ltd.,Israel,NMS,USD,,19893580.0,15970469.0,862983552.0
RAAQW,Real Asset Acquisition Corp.,United States,NGM,USD,,,15999950.0,
RAAQ,Real Asset Acquisition Corp.,United States,NGM,USD,,17250000.0,15999950.0,235289984.0
RAAQU,Real Asset Acquisition Corp.,United States,NGM,USD,,,15999950.0,
KPTI,Karyopharm Therapeutics Inc.,United States,NMS,USD,,17050876.0,16000542.0,126858520.0
TPB,"Turning Point Brands, Inc.",United States,NYQ,USD,,19070757.0,16015431.0,2027602816.0
LPAA,Launch One Acquisition Corp.,United States,NGM,USD,,23000000.0,16020938.0,304462496.0
LPAAU,Launch One Acquisition Corp.,United States,NGM,USD,,23000000.0,16020938.0,245180000.0
LPAAW,Launch One Acquisition Corp.,United States,NGM,USD,,,16020938.0,
OSIS,"OSI Systems, Inc.",United States,NMS,USD,,16977873.0,16057163.0,4580969472.0
MGLD,"The Marygold Companies, Inc.",United States,ASE,USD,,42817687.0,16063483.0,41360376.0
MSAIW,"MultiSensor AI Holdings, Inc.",United States,NCM,USD,,,16081846.0,
MPAA,"Motorcar Parts of America, Inc.",United States,NMS,USD,,19558015.0,16090575.0,244084032.0
KFRC,Kforce Inc.,United States,NYQ,USD,,18141000.0,16095722.0,584194560.0
AFCG,Advanced Flower Capital Inc.,United States,NGM,USD,,22594541.0,16096351.0,70043080.0
FSUN,FirstSun Capital Bancorp,United States,NMS,USD,,27879811.0,16098918.0,1069469632.0
CNVS,Cineverse Corp.,United States,NCM,USD,,19150403.0,16107787.0,41173372.0
BLTE,"Belite Bio, Inc",United States,NCM,USD,,37514630.0,16133245.0,5812141568.0
AMBQ,"Ambiq Micro, Inc.",United States,NYQ,USD,,18313186.0,16165416.0,549395584.0
FERA,Fifth Era Acquisition Corp I,Cayman Islands,NGM,USD,,23600000.0,16195508.0,320796032.0
FERAU,Fifth Era Acquisition Corp I,Cayman Islands,NGM,USD,,,16195508.0,
FERAR,Fifth Era Acquisition Corp I,Cayman Islands,NGM,USD,,,16195508.0,
QCRH,"QCR Holdings, Inc.",United States,NGM,USD,,16838653.0,16199795.0,1427244160.0
BHB,Bar Harbor Bankshares,United States,ASE,USD,,16688573.0,16227134.0,531864832.0
TBN,Tamboran Resources Corporation,Australia,NYQ,USD,,21031663.0,16253688.0,556708160.0
RGR,"Sturm, Ruger & Company, Inc.",United States,NYQ,USD,,15944253.0,16345306.0,521387104.0
PRLD,Prelude Therapeutics Incorporated,United States,NMS,USD,,50015011.0,16354247.0,154019920.0
WNEB,"Western New England Bancorp, Inc.",United States,NMS,USD,,20491966.0,16378124.0,262706992.0
ONMD,OneMedNet Corporation,United States,NCM,USD,,51005205.0,16403784.0,64969476.0
ONMDW,OneMedNet Corporation,United States,NCM,USD,,,16403784.0,
ITP,"IT Tech Packaging, Inc.",China,ASE,USD,,16965420.0,16423714.0,4029287.0
ELE,Elemental Royalty Corporation,Canada,NCM,USD,,63770093.0,16427054.0,1128730624.0
BOLD,"Boundless Bio, Inc.",United States,NMS,USD,,22385611.0,16461961.0,26862736.0
CSW,"CSW Industrials, Inc.",United States,NYQ,USD,,16686708.0,16462439.0,5163230720.0
JUNS,"Jupiter Neurosciences, Inc.",United States,NCM,USD,,34426355.0,16475421.0,39246044.0
SNBR,Sleep Number Corporation,United States,NMS,USD,,22790000.0,16480589.0,194854512.0
AZO,"AutoZone, Inc.",United States,NYQ,USD,,16567821.0,16518780.0,57361068032.0
BRCB,"Black Rock Coffee Bar, Inc.",United States,NGM,USD,,17478452.0,16530071.0,410743616.0
CAC,Camden National Corporation,United States,NMS,USD,,16922225.0,16531829.0,754054336.0
ALTG,Alta Equipment Group Inc.,United States,NYQ,USD,,32235283.0,16559587.0,152150528.0
CBAN,"Colony Bankcorp, Inc.",United States,NYQ,USD,,21274380.0,16610671.0,384002528.0
CSR,Centerspace,United States,NYQ,USD,,16703468.0,16611933.0,1191276416.0
CVGW,"Calavo Growers, Inc.",United States,NMS,USD,,17853323.0,16627692.0,388845408.0
SLP,"Simulations Plus, Inc.",United States,NMS,USD,,20144564.0,16664389.0,377912032.0
CTNM,"Contineum Therapeutics, Inc.",United States,NMS,USD,,30446111.0,16678097.0,453330432.0
CELUW,Celularity Inc.,United States,NCM,USD,,,16718855.0,
CELU,Celularity Inc.,United States,NCM,USD,,28478880.0,16718855.0,38161700.0
FACTW,FACT II Acquisition Corp,United States,NGM,USD,,,16825828.0,
COYA,"Coya Therapeutics, Inc.",United States,NCM,USD,,20924456.0,16831423.0,114456768.0
APVO,Aptevo Therapeutics Inc.,United States,NCM,USD,,16850494.0,16837014.0,10229935.0
LEU,Centrus Energy Corp.,United States,NYQ,USD,,17492832.0,16839027.0,4631319552.0
ACRV,"Acrivon Therapeutics, Inc.",United States,NGM,USD,,31555126.0,16857064.0,76994512.0
GRAF,Graf Global Corp.,United States,ASE,USD,,23000000.0,16875388.0,308197120.0
MUSA,Murphy USA Inc.,United States,NYQ,USD,,18734447.0,16898659.0,7813404160.0
ESTA,Establishment Labs Holdings Inc.,Costa Rica,NCM,USD,,29057868.0,16905577.0,2221473792.0
SOHU,Sohu.com Limited,China,NMS,USD,,30065400.0,16933631.0,525143616.0
OWLT,"Owlet, Inc.",United States,NYQ,USD,,27580607.0,16944422.0,428842624.0
CZNC,Citizens & Northern Corporation,United States,NCM,USD,,17801873.0,16957530.0,367310944.0
CCSI,"Consensus Cloud Solutions, Inc.",United States,NMS,USD,,19005775.0,17023283.0,443784864.0
DUOT,"Duos Technologies Group, Inc.",United States,NCM,USD,,20415288.0,17026063.0,197007520.0
CXDO,"Crexendo, Inc.",United States,NCM,USD,,30731048.0,17062800.0,198522576.0
ORRF,"Orrstown Financial Services, Inc.",United States,NCM,USD,,19498770.0,17073903.0,700785792.0
OLP,"One Liberty Properties, Inc.",United States,NYQ,USD,,21645162.0,17117870.0,436799360.0
BWMX,"Betterware de México, S.A.P.I. de C.V.",Mexico,NYQ,USD,,37316546.0,17126244.0,512356128.0
PIPR,Piper Sandler Companies,United States,NYQ,USD,,16636315.0,17158202.0,5823875072.0
AIRO,"AIRO Group Holdings, Inc.",United States,NGM,USD,,31303834.0,17175162.0,273595488.0
CNTB,Connect Biopharma Holdings Limited,United States,NGM,USD,,55903513.0,17177472.0,150380448.0
PDLB,"Ponce Financial Group, Inc.",United States,NGM,USD,,24001125.0,17188502.0,403698912.0
ZUMZ,Zumiez Inc.,United States,NMS,USD,,16949578.0,17196622.0,461706496.0
EAF,GrafTech International Ltd.,United States,NYQ,USD,,25820110.0,17254805.0,419576800.0
RITR,Reitar Logtech Holdings Limited,Hong Kong,NCM,USD,,45633750.0,17293797.0,81185976.0
TASK,"TaskUs, Inc.",United States,NMS,USD,,35384927.0,17297795.0,1040706880.0
GAMB,Gambling.com Group Limited,Jersey,NGM,USD,,35166896.0,17304223.0,186777168.0
PLMKW,Plum Acquisition Corp. IV,United States,NGM,USD,,,17457779.0,
PLMK,Plum Acquisition Corp. IV,United States,NGM,USD,,18492875.0,17457779.0,254065328.0
PLMKU,Plum Acquisition Corp. IV,United States,NGM,USD,,27316000.0,17457779.0,282993760.0
DGICA,Donegal Group Inc.,United States,NMS,USD,,31064786.0,17468498.0,737228224.0
DGICB,Donegal Group Inc.,United States,NMS,USD,,5576775.0,17468498.0,692788416.0
TRDA,"Entrada Therapeutics, Inc.",United States,NGM,USD,,38219232.0,17473902.0,397862208.0
MOLN,Molecular Partners AG,Switzerland,NMS,USD,,37399152.0,17489339.0,158198416.0
CUBWU,Lionheart Holdings,United States,NGM,USD,,26666700.0,17537347.0,283467040.0
CUBWW,Lionheart Holdings,United States,NGM,USD,,,17537347.0,
CUB,Lionheart Holdings,United States,NGM,USD,,23000000.0,17537347.0,326600000.0
PLSE,"Pulse Biosciences, Inc.",United States,NCM,USD,,67767578.0,17572133.0,975853056.0
UTL,Unitil Corporation,United States,NYQ,USD,,17914793.0,17630664.0,875137536.0
AMPG,"AmpliTech Group, Inc.",United States,NCM,USD,,20683095.0,17631744.0,60187812.0
AMPGW,"AmpliTech Group, Inc.",United States,NCM,USD,,,17631744.0,
FUFU,BitFuFu Inc.,Singapore,NCM,USD,,31482302.0,17673958.0,416205760.0
FUFUW,BitFuFu Inc.,Singapore,NCM,USD,,,17673958.0,
PAG,"Penske Automotive Group, Inc.",United States,NYQ,USD,,65858552.0,17677753.0,10936948736.0
FBLA,"FB Bancorp, Inc.",United States,NCM,USD,,18361590.0,17680926.0,259871264.0
TRST,TrustCo Bank Corp NY,United States,NMS,USD,,18424019.0,17747673.0,802487744.0
SEZL,Sezzle Inc.,United States,NCM,USD,,34153102.0,17749026.0,2407793920.0
RVSB,"Riverview Bancorp, Inc.",United States,NMS,USD,,20750376.0,17750494.0,104374392.0
LHSW,Lianhe Sowell International Group Ltd,China,NCM,USD,,52000000.0,17785040.0,31720000.0
ANTX,"AN2 Therapeutics, Inc.",United States,NMS,USD,,27402024.0,17793778.0,31238306.0
BHST,BioHarvest Sciences Inc.,Canada,NGM,USD,,22654289.0,17815333.0,120747360.0
FISI,"Financial Institutions, Inc.",United States,NMS,USD,,20130546.0,17824391.0,643976192.0
TNC,Tennant Company,United States,NYQ,USD,,18125969.0,17880543.0,1393126272.0
RIGL,"Rigel Pharmaceuticals, Inc.",United States,NMS,USD,,18151344.0,17898677.0,798840640.0
ETON,"Eton Pharmaceuticals, Inc.",United States,NGM,USD,,26817535.0,17919477.0,451339136.0
KGEI,Kolibri Global Energy Inc.,United States,NCM,USD,,35357258.0,17971741.0,148875488.0
MBUU,"Malibu Boats, Inc.",United States,NGM,USD,,19226584.0,17982047.0,564071168.0
PKE,Park Aerospace Corp.,United States,NYQ,USD,,19905823.0,17990286.0,425387488.0
LUXE,LuxExperience B.V.,Germany,NYQ,USD,,137261608.0,17997551.0,1161233152.0
SRCE,1st Source Corporation,United States,NMS,USD,,24434704.0,18008866.0,1569680256.0
SPOK,"Spok Holdings, Inc.",United States,NMS,USD,,20598169.0,18022574.0,266952256.0
REFI,"Chicago Atlantic Real Estate Finance, Inc.",United States,NGM,USD,,21075298.0,18037505.0,276718656.0
QUAD,"Quad/Graphics, Inc.",United States,NYQ,USD,,37619392.0,18039483.0,324114368.0
LAWR,"Robot Consulting Co., Ltd.",Japan,NCM,USD,,45960000.0,18050684.0,172350000.0
MSEX,Middlesex Water Company,United States,NMS,USD,,18337819.0,18060551.0,943480832.0
FRHC,Freedom Holdings Corp.,United States,NCM,USD,,61159931.0,18064809.0,8032134144.0
WBTN,WEBTOON Entertainment Inc.,United States,NMS,USD,,130765676.0,18112354.0,1720876288.0
BRAG,Bragg Gaming Group Inc.,Canada,NMS,USD,,25449478.0,18135807.0,49626484.0
ALDFW,Aldel Financial II Inc.,United States,NGM,USD,,,18141356.0,
ALDF,Aldel Financial II Inc.,United States,NGM,USD,,23707500.0,18141356.0,313625216.0
ALDFU,Aldel Financial II Inc.,United States,NGM,USD,,,18141356.0,
ICFI,"ICF International, Inc.",United States,NMS,USD,,18435932.0,18156996.0,1588808576.0
TGEN,Tecogen Inc.,United States,ASE,USD,,29846479.0,18164866.0,154604768.0
CINT,CI&T Inc.,Brazil,NYQ,USD,,18319890.0,18173006.0,563403456.0
STKE,Sol Strategies Inc.,Canada,NMS,USD,,27570801.0,18208654.0,46594652.0
SLSN,"Solesence, Inc.",United States,NCM,USD,,70536845.0,18223899.0,127671688.0
PCYO,Pure Cycle Corporation,United States,NCM,USD,,24090605.0,18232389.0,267164800.0
CAAP,Corporación América Airports S.A.,Luxembourg,NYQ,USD,,163117761.0,18236549.0,4265529344.0
BEEM,Beam Global,United States,NCM,USD,,19029346.0,18261512.0,31398420.0
GOLD,"Gold.com, Inc.",United States,NYQ,USD,,24644386.0,18273073.0,852449408.0
PMNT,Perfect Moment Ltd. Common Stock,United States,ASE,USD,,35221933.0,18320688.0,14335328.0
RAPT,"RAPT Therapeutics, Inc.",United States,NGM,USD,,27710871.0,18332404.0,981519040.0
OACCW,Oaktree Acquisition Corp. III Life Sciences,United States,NGM,USD,,,18370211.0,
OACC,Oaktree Acquisition Corp. III Life Sciences,United States,NGM,USD,,19783010.0,18370211.0,260577344.0
EUDAW,EUDA Health Holdings Limited,Singapore,NCM,USD,,,18403184.0,
EUDA,EUDA Health Holdings Limited,Singapore,NCM,USD,,37807491.0,18403184.0,92628360.0
AMZE,"Amaze Holdings, Inc.",United States,ASE,USD,,19941815.0,18404102.0,6674525.0
HIPO,Hippo Holdings Inc.,United States,NYQ,USD,,25335179.0,18431596.0,793244480.0
MWG,Multi Ways Holdings Limited,Singapore,ASE,USD,,51330000.0,18470153.0,19428406.0
VACH,Voyager Acquisition Corp.,United States,NGM,USD,,25300000.0,18475641.0,334908768.0
VACHW,Voyager Acquisition Corp.,United States,NGM,USD,,,18475641.0,
VACHU,Voyager Acquisition Corp.,United States,NGM,USD,,,18475641.0,
BYRN,Byrna Technologies Inc.,United States,NCM,USD,,22725515.0,18499478.0,380425120.0
VCICU,Vine Hill Capital Investment Corp.,United States,NGM,USD,,,18511974.0,
VCICW,Vine Hill Capital Investment Corp.,United States,NGM,USD,,,18511974.0,
VCIC,Vine Hill Capital Investment Corp.,United States,NGM,USD,,22000000.0,18511974.0,314453376.0
TVACW,Texas Ventures Acquisition III Corp,United States,NGM,USD,,,18550200.0,
TVACU,Texas Ventures Acquisition III Corp,United States,NGM,USD,,,18550200.0,
TVA,Texas Ventures Acquisition III Corp,United States,NGM,USD,,22500000.0,18550200.0,320700000.0
CTXR,"Citius Pharmaceuticals, Inc.",United States,NCM,USD,,20762917.0,18567861.0,17457460.0
AMSF,"AMERISAFE, Inc.",United States,NMS,USD,,18924399.0,18569110.0,731709824.0
MNYWW,MoneyHero Limited,Singapore,NGM,USD,,,18605857.0,
MNY,MoneyHero Limited,Singapore,NGM,USD,,29999712.0,18605857.0,56230916.0
GDEN,"Golden Entertainment, Inc.",United States,NGM,USD,,26173985.0,18690581.0,708529728.0
TVAI,Thayer Ventures Acquisition Corporation II,United States,NGM,USD,,20487500.0,18737385.0,274949856.0
TVAIU,Thayer Ventures Acquisition Corporation II,United States,NGM,USD,,,18737385.0,
TELO,"Telomir Pharmaceuticals, Inc.",United States,NCM,USD,,34380971.0,18742786.0,50196220.0
SEPN,"Septerna, Inc.",United States,NGM,USD,,44774192.0,18749193.0,1281437440.0
ADSEW,ADS-TEC Energy PLC,Ireland,NCM,USD,,,18767026.0,
CIVB,"Civista Bancshares, Inc.",United States,NCM,USD,,19312879.0,18769608.0,444775648.0
YYAI,AiRWA Inc.,United States,NCM,USD,,37927432.0,18819053.0,37404032.0
MCBS,"MetroCity Bankshares, Inc.",United States,NMS,USD,,28818282.0,18825877.0,773194560.0
DKL,"Delek Logistics Partners, LP",United States,NYQ,USD,,53480401.0,18834193.0,2398595840.0
NKTR,Nektar Therapeutics,United States,NCM,USD,,20341589.0,18881673.0,904997312.0
ANIP,"ANI Pharmaceuticals, Inc.",United States,NGM,USD,,22458168.0,18895277.0,1850777728.0
AISP,"Airship AI Holdings, Inc.",United States,NGM,USD,,34175563.0,18899428.0,96716840.0
AISPW,"Airship AI Holdings, Inc.",United States,NCM,USD,,,18899428.0,
TSSI,"TSS, Inc.",United States,NCM,USD,,28845037.0,18919748.0,205088208.0
WHWK,"Whitehawk Therapeutics, Inc.",United States,NCM,USD,,47128362.0,18950786.0,125832728.0
AUDC,AudioCodes Ltd.,Israel,NMS,USD,,28677229.0,19047596.0,255800880.0
XBIT,XBiotech Inc.,United States,NMS,USD,,30487731.0,19081661.0,75304696.0
HZO,"MarineMax, Inc.",United States,NYQ,USD,,21869518.0,19086184.0,535147104.0
HWKN,"Hawkins, Inc.",United States,NMS,USD,,20890239.0,19128147.0,3067105280.0
GIFT,"Giftify, Inc.",United States,NCM,USD,,30963913.0,19177190.0,32512106.0
AACBU,Artius II Acquisition Inc.,United States,NGM,USD,,25175000.0,19184864.0,266099744.0
AACBR,Artius II Acquisition Inc.,United States,NGM,USD,,,19184864.0,
AACB,Artius II Acquisition Inc.,United States,NGM,USD,,22175000.0,19184864.0,284914112.0
INVE,"Identiv, Inc.",United States,NCM,USD,,23754389.0,19205424.0,81477552.0
IDN,"Intellicheck, Inc.",United States,NGM,USD,,20204907.0,19206380.0,134564688.0
MNDO,MIND C.T.I. Ltd,Israel,NGM,USD,,20366326.0,19255089.0,23828600.0
LGND,Ligand Pharmaceuticals Incorporated,United States,NGM,USD,,19681720.0,19256201.0,3854271232.0
LEGT,Legato Merger Corp. III,United States,ASE,USD,,25799375.0,19330182.0,279923232.0
BZFDW,"BuzzFeed, Inc.",United States,NCM,USD,,,19346234.0,
BZFD,"BuzzFeed, Inc.",United States,NCM,USD,,35864575.0,19346234.0,37952028.0
ESGL,ESGL Holdings Limited,Singapore,NCM,USD,,42391240.0,19363471.0,169564960.0
ESGLW,ESGL Holdings Limited,Singapore,NCM,USD,,,19363471.0,
VMI,"Valmont Industries, Inc.",United States,NYQ,USD,,19699639.0,19363957.0,8136207360.0
TEN,Tsakos Energy Navigation Limited,Greece,NYQ,USD,,30127603.0,19435654.0,677871104.0
PEW,GrabAGun Digital Holdings Inc.,United States,NYQ,USD,,30015922.0,19442513.0,91848720.0
LPBB,Launch Two Acquisition Corp.,United States,NGM,USD,,23000000.0,19445063.0,301300000.0
LPBBW,Launch Two Acquisition Corp.,United States,NGM,USD,,,19445063.0,
LPBBU,Launch Two Acquisition Corp.,United States,NGM,USD,,20000000.0,19445063.0,212000000.0
MATH,Metalpha Technology Holding Limited,Hong Kong,NCM,USD,,39498371.0,19450311.0,94006128.0
LOKVU,Live Oak Acquisition Corp. V,United States,NGM,USD,,,19499975.0,
LOKV,Live Oak Acquisition Corp. V,United States,NGM,USD,,23000000.0,19499975.0,295621888.0
LOKVW,Live Oak Acquisition Corp. V,United States,NGM,USD,,,19499975.0,
RPID,"Rapid Micro Biosystems, Inc.",United States,NCM,USD,,39823026.0,19522756.0,132081216.0
AVBC,"Avidia Bancorp, Inc.",United States,NYQ,USD,,18530379.0,19547040.0,348122176.0
VRA,"Vera Bradley, Inc.",United States,NMS,USD,,27955022.0,19591439.0,63737448.0
TELA,"TELA Bio, Inc.",United States,NGM,USD,,44530535.0,19627770.0,50764812.0
SZZL,Sizzle Acquisition Corp. II,United States,NGM,USD,,23600000.0,19699876.0,317669344.0
YB,Yuanbao Inc.,China,NGM,USD,,32391451.0,19721280.0,925290432.0
BCAL,California BanCorp,United States,NCM,USD,,32322651.0,19727160.0,613932160.0
LFCR,"Lifecore Biomedical, Inc.",United States,NMS,USD,,37466352.0,19780933.0,310970720.0
ISPR,Ispire Technology Inc.,United States,NCM,USD,,57275264.0,19813127.0,163234496.0
TCMD,"Tactile Systems Technology, Inc.",United States,NGM,USD,,22335582.0,19820819.0,662473344.0
CBRL,"Cracker Barrel Old Country Store, Inc.",United States,NMS,USD,,22328095.0,19829804.0,579414080.0
KYTX,"Kyverna Therapeutics, Inc.",United States,NMS,USD,,59606603.0,19830468.0,560302080.0
ADUR,Aduro Clean Technologies Inc.,Canada,NCM,USD,,33152828.0,19856850.0,375953088.0
SKYE,"Skye Bioscience, Inc.",United States,NGM,USD,,32057461.0,19882037.0,25645968.0
MOGO,Mogo Inc.,Canada,NCM,USD,,23777844.0,19889215.0,25208508.0
EJH,E-Home Household Service Holdings Limited,China,NCM,USD,,80003859.0,19927044.0,74011568.0
TRC,Tejon Ranch Co.,United States,NYQ,USD,,26893955.0,19959349.0,426807072.0
CSTE,Caesarstone Ltd.,Israel,NMS,USD,,34571274.0,19961581.0,59116876.0
BWEN,"Broadwind, Inc.",United States,NCM,USD,,23200988.0,19999716.0,72155072.0
LENZ,"LENZ Therapeutics, Inc.",United States,NMS,USD,,31289969.0,20052177.0,527861792.0
PHUN,"Phunware, Inc.",United States,NCM,USD,,20187326.0,20107586.0,38759668.0
LGIH,"LGI Homes, Inc.",United States,NMS,USD,,23079100.0,20115974.0,996786304.0
OSS,"One Stop Systems, Inc.",United States,NCM,USD,,24515491.0,20123786.0,176266384.0
TTEC,"TTEC Holdings, Inc.",United States,NMS,USD,,48549666.0,20141314.0,173079552.0
GNE,Genie Energy Ltd.,United States,NYQ,USD,,24920628.0,20159216.0,370452576.0
VINP,Vinci Compass Investments Ltd.,Brazil,NMS,USD,,48778420.0,20170619.0,829769920.0
BNT,Brookfield Wealth Solutions Ltd.,Bermuda,NYQ,USD,,59928210.0,20203044.0,12843448320.0
MSBI,"Midland States Bancorp, Inc.",United States,NMS,USD,,21551721.0,20278876.0,456896480.0
VSEC,VSE Corporation,United States,NMS,USD,,23392243.0,20281115.0,4198673920.0
TITN,Titan Machinery Inc.,United States,NMS,USD,,23370174.0,20284046.0,360411296.0
PAHC,Phibro Animal Health Corporation,United States,NGM,USD,,20447574.0,20297204.0,1547167744.0
FVR,"FrontView REIT, Inc.",United States,NYQ,USD,,21653669.0,20311791.0,332816864.0
MTD,Mettler-Toledo International Inc.,United States,NYQ,USD,,20428445.0,20317723.0,29252696064.0
FENC,Fennec Pharmaceuticals Inc.,United States,NCM,USD,,34153496.0,20324531.0,276301792.0
NRXPW,"NRx Pharmaceuticals, Inc.",United States,NCM,USD,,,20326385.0,
NRXP,"NRx Pharmaceuticals, Inc.",United States,NCM,USD,,29605150.0,20326385.0,75789184.0
FG,"F&G Annuities & Life, Inc.",United States,NYQ,USD,,134619537.0,20359859.0,4326265856.0
PAL,"Proficient Auto Logistics, Inc.",United States,NMS,USD,,27830037.0,20374648.0,278300352.0
CREG,Smart Powerr Corp.,China,NCM,USD,,20809123.0,20401056.0,28300408.0
GAM,"General American Investors Company, Inc.",United States,NYQ,USD,,23279512.0,20405423.0,1377798528.0
GFAIW,"Guardforce AI Co., Limited",Singapore,NCM,USD,,,20417588.0,
IDT,IDT Corporation,United States,NYQ,USD,,23499021.0,20444807.0,1303312640.0
MTRN,Materion Corporation,United States,NYQ,USD,,20732741.0,20487265.0,2672450048.0
FRBA,First Bank,United States,NGM,USD,,24810520.0,20519292.0,418156896.0
PRAX,"Praxis Precision Medicines, Inc.",United States,NMS,USD,,25007171.0,20522135.0,6725679104.0
GYRE,"Gyre Therapeutics, Inc.",United States,NCM,USD,,96333157.0,20523048.0,699378752.0
SCHL,Scholastic Corporation,United States,NMS,USD,,24613593.0,20556634.0,748494592.0
INMB,"INmune Bio, Inc.",United States,NCM,USD,,26585258.0,20608626.0,45992500.0
SCAGW,Scage Future,China,NCM,USD,,,20616788.0,
SCAG,Scage Future,China,NGM,USD,,72609665.0,20616788.0,151754192.0
FLGT,"Fulgent Genetics, Inc.",United States,NGM,USD,,30912392.0,20645768.0,825979072.0
WYHG,Wing Yip Food Holdings Group Limited,China,NCM,USD,,50330928.0,20653607.0,32453382.0
THH,TryHard Holdings Limited,Japan,NCM,USD,,50046250.0,20662595.0,847533184.0
WGS,GeneDx Holdings Corp.,United States,NMS,USD,,28904590.0,20684703.0,3867144960.0
WGSWW,GeneDx Holdings Corp.,United States,NMS,USD,,,20684703.0,
AMAL,Amalgamated Financial Corp.,United States,NGM,USD,,29936320.0,20715634.0,984867968.0
CNA,CNA Financial Corporation,United States,NYQ,USD,,270666584.0,20746594.0,12927036416.0
DRDBW,Roman DBDR Acquisition Corp. II,United States,NGM,USD,,26670000.0,20764400.0,16002001.0
DRDBU,Roman DBDR Acquisition Corp. II,United States,NGM,USD,,26666700.0,20764400.0,285067008.0
DRDB,Roman DBDR Acquisition Corp. II,United States,NGM,USD,,23000000.0,20764400.0,319546688.0
GRC,The Gorman-Rupp Company,United States,NYQ,USD,,26312842.0,20765569.0,1298538752.0
ABVC,"ABVC BioPharma, Inc.",United States,NCM,USD,,24301089.0,20808227.0,59051644.0
STKS,"The ONE Group Hospitality, Inc.",United States,NCM,USD,,31104781.0,20848602.0,55988604.0
LMAT,"LeMaitre Vascular, Inc.",United States,NGM,USD,,22685994.0,20852739.0,1900632576.0
NPO,Enpro Inc.,United States,NYQ,USD,,21065729.0,20891937.0,4716616192.0
KEN,Kenon Holdings Ltd.,Singapore,NYQ,USD,,52150242.0,20905000.0,3352739072.0
SIMAW,SIM Acquisition Corp. I,United States,NGM,USD,,,20994707.0,
SIMAU,SIM Acquisition Corp. I,United States,NGM,USD,,23000000.0,20994707.0,248400000.0
BEAGR,Bold Eagle Acquisition Corp.,United States,NGM,USD,,,20995274.0,
BEAGU,Bold Eagle Acquisition Corp.,United States,NGM,USD,,,20995274.0,
LEXX,Lexaria Bioscience Corp.,Canada,NCM,USD,,24887446.0,21021427.0,13212746.0
LEXXW,Lexaria Bioscience Corp.,Canada,NCM,USD,,,21021427.0,
FLOC,Flowco Holdings Inc.,United States,NYQ,USD,,28263707.0,21032155.0,1676492416.0
NYXH,Nyxoah SA,Belgium,NGM,USD,,43026460.0,21035215.0,192328272.0
PRSU,"Pursuit Attractions and Hospitality, Inc.",United States,NYQ,USD,,28283264.0,21042183.0,968419008.0
DPRO,Draganfly Inc.,Canada,NCM,USD,,25581802.0,21076570.0,188282064.0
HYAC,Haymaker Acquisition Corp. 4,United States,NYQ,USD,,23425499.0,21088342.0,331871328.0
BOKF,BOK Financial Corporation,United States,NMS,USD,,63247676.0,21151288.0,7754192896.0
CARE,"Carter Bankshares, Inc.",United States,NMS,USD,,22087044.0,21262976.0,450449664.0
BTAI,"BioXcel Therapeutics, Inc.",United States,NCM,USD,,21869491.0,21302415.0,36303356.0
WLTH,Wealthfront Corporation,United States,NMS,USD,,146268749.0,21338748.0,1940986368.0
TFIN,"Triumph Financial, Inc.",United States,NYQ,USD,,23763401.0,21350941.0,1521808128.0
BTMD,biote Corp.,United States,NGM,USD,,30680960.0,21390439.0,128241496.0
BACQU,Inflection Point Acquisition Corp. IV,United States,NGM,USD,,,21408184.0,
BACQR,Inflection Point Acquisition Corp. IV,United States,NGM,USD,,,21408184.0,
BACQ,Inflection Point Acquisition Corp. IV,United States,NGM,USD,,25425000.0,21408184.0,455010912.0
BGSI,Boyd Group Services Inc.,Canada,NYQ,USD,,27829821.0,21408340.0,4632558080.0
INNV,InnovAge Holding Corp.,United States,NMS,USD,,135681431.0,21415957.0,751675072.0
CCIX,Churchill Capital Corp IX,United States,NGM,USD,,29475000.0,21420432.0,388622528.0
CCIXU,Churchill Capital Corp IX,United States,NGM,USD,,,21420432.0,
CCIXW,Churchill Capital Corp IX,United States,NGM,USD,,31900000.0,21420432.0,25201000.0
CURV,Torrid Holdings Inc.,United States,NYQ,USD,,99196942.0,21436459.0,103164816.0
NRIM,"Northrim BanCorp, Inc.",United States,NMS,USD,,22090668.0,21453573.0,599319808.0
SRXH,SRx Health Solutions Inc.,United States,ASE,USD,,27723906.0,21485092.0,7787645.0
CEVA,"CEVA, Inc.",United States,NMS,USD,,27017805.0,21489691.0,585475840.0
KIDZW,"Classover Holdings, Inc.",United States,NCM,USD,,,21493399.0,
UPLD,"Upland Software, Inc.",United States,NGM,USD,,28891348.0,21504986.0,44203760.0
FMBH,"First Mid Bancshares, Inc.",United States,NGM,USD,,24003654.0,21515435.0,960146176.0
XRPNW,Armada Acquisition Corp. II,United States,NGM,USD,,,21528901.0,
XRPN,Armada Acquisition Corp. II,United States,NGM,USD,,23710000.0,21528901.0,404172800.0
SKBL,Skyline Builders Group Holding Limited,Hong Kong,NCM,USD,,11816586.0,21580348.0,41710988.0
SCSC,"ScanSource, Inc.",United States,NMS,USD,,21942503.0,21598883.0,876285632.0
CNTY,"Century Casinos, Inc.",United States,NCM,USD,,29445056.0,21647711.0,42955644.0
SIEB,Siebert Financial Corp.,United States,NCM,USD,,40426936.0,21654688.0,148366864.0
KROS,"Keros Therapeutics, Inc.",United States,NGM,USD,,30466069.0,21668382.0,640701440.0
ECPG,"Encore Capital Group, Inc.",United States,NMS,USD,,22303676.0,21670921.0,1277613568.0
APPF,"AppFolio, Inc.",United States,NGM,USD,,23073192.0,21674236.0,8523781120.0
DFDV,DeFi Development Corp.,United States,NCM,USD,,31857148.0,21694155.0,183497184.0
DFDVW,DeFi Development Corp.,United States,NCM,USD,,,21694155.0,
CHPT,"ChargePoint Holdings, Inc.",United States,NYQ,USD,,23653089.0,21698398.0,167463856.0
JSPR,"Jasper Therapeutics, Inc.",United States,NCM,USD,,27984039.0,21701342.0,49251912.0
JSPRW,"Jasper Therapeutics, Inc.",United States,NCM,USD,,,21701342.0,
SOUL,Soulpower Acquisition Corporation,United States,NYQ,USD,,25620000.0,21719947.0,344626304.0
GCLWW,GCL Global Holdings Ltd,Singapore,NMS,USD,,16500000.0,21734788.0,742500.0
TTGT,"TechTarget, Inc.",United States,NMS,USD,,72157906.0,21767876.0,375221088.0
BBUC,Brookfield Business Corporation,United States,NYQ,USD,,69996733.0,21781585.0,2582179584.0
CACI,CACI International Inc,United States,NYQ,USD,,22079710.0,21789362.0,11966539776.0
BBCP,"Concrete Pumping Holdings, Inc.",United States,NCM,USD,,51474450.0,21804577.0,367318528.0
ATIIU,Archimedes Tech SPAC Partners II Co.,United States,NGM,USD,,25765000.0,21809901.0,270532512.0
ATII,Archimedes Tech SPAC Partners II Co.,United States,NGM,USD,,29590000.0,21809901.0,307440096.0
SMHI,SEACOR Marine Holdings Inc.,United States,NYQ,USD,,26976259.0,21834045.0,167522576.0
IPCXU,Inflection Point Acquisition Corp. III,United States,NGM,USD,,,21841959.0,
IPCXR,Inflection Point Acquisition Corp. III,United States,NGM,USD,,,21841959.0,
IPCX,Inflection Point Acquisition Corp. III,United States,NGM,USD,,26040000.0,21841959.0,349559648.0
FRST,Primis Financial Corp.,United States,NGM,USD,,24644385.0,21851190.0,321116320.0
ENTA,"Enanta Pharmaceuticals, Inc.",United States,NMS,USD,,28862601.0,21863709.0,486334816.0
BWBBP,"Bridgewater Bancshares, Inc.",United States,NCM,USD,,,21926276.0,
BWB,"Bridgewater Bancshares, Inc.",United States,NCM,USD,,27584732.0,21926276.0,497076896.0
INGM,Ingram Micro Holding Corporation,United States,NYQ,USD,,235072655.0,21983995.0,5202157568.0
NXRT,"NexPoint Residential Trust, Inc.",United States,NYQ,USD,,25364470.0,22027013.0,1488564352.0
KNSL,"Kinsale Capital Group, Inc.",United States,NYQ,USD,,23263426.0,22033954.0,9165987840.0
USIO,"Usio, Inc.",United States,NGM,USD,,27307839.0,22047530.0,36319428.0
CASH,"Pathward Financial, Inc.",United States,NMS,USD,,22339006.0,22067364.0,1672417792.0
UFCS,"United Fire Group, Inc.",United States,NMS,USD,,25514329.0,22072446.0,929742080.0
KNOP,KNOT Offshore Partners LP,United Kingdom,NYQ,USD,,34045081.0,22076629.0,370689664.0
BOC,Boston Omaha Corporation,United States,NYQ,USD,,30872876.0,22091634.0,392538848.0
BKV,BKV Corporation,United States,NYQ,USD,,96870076.0,22092561.0,2641647104.0
ARCB,ArcBest Corporation,United States,NMS,USD,,22511021.0,22098619.0,1755651456.0
HRTG,"Heritage Insurance Holdings, Inc.",United States,NYQ,USD,,30911435.0,22112393.0,899199360.0
EIG,"Employers Holdings, Inc.",United States,NYQ,USD,,22466606.0,22130905.0,1009117376.0
MCS,The Marcus Corporation,United States,NYQ,USD,,23729171.0,22153524.0,482190560.0
ACIC,American Coastal Insurance Corporation,United States,NCM,USD,,48765302.0,22174033.0,611516928.0
FWRD,Forward Air Corporation,United States,NMS,USD,,31248234.0,22192496.0,797454976.0
POLEU,Andretti Acquisition Corp. II,United States,NGM,USD,,,22210111.0,
POLEW,Andretti Acquisition Corp. II,United States,NGM,USD,,,22210111.0,
MASS,908 Devices Inc.,United States,NGM,USD,,36192978.0,22252167.0,195804000.0
JACS,Jackson Acquisition Company II,United States,NYQ,USD,,23840000.0,22264700.0,308031904.0
MAX,"MediaAlpha, Inc.",United States,NYQ,USD,,46228000.0,22313522.0,832654336.0
IIIV,"i3 Verticals, Inc.",United States,NMS,USD,,23972102.0,22323541.0,846374976.0
SITM,SiTime Corporation,United States,NGM,USD,,26100630.0,22329350.0,9842807808.0
PLOW,"Douglas Dynamics, Inc.",United States,NYQ,USD,,23040878.0,22369697.0,769104576.0
NIXXW,"Nixxy, Inc.",United States,NCM,USD,,,22373841.0,
NIXX,"Nixxy, Inc.",United States,NCM,USD,,24875575.0,22373841.0,26865624.0
STRA,"Strategic Education, Inc.",United States,NMS,USD,,23486618.0,22384497.0,1939518208.0
ANVS,"Annovis Bio, Inc.",United States,NYQ,USD,,26502889.0,22408193.0,95410392.0
HELE,Helen of Troy Limited,United States,NMS,USD,,23028819.0,22410265.0,486829248.0
BIOA,"BioAge Labs, Inc.",United States,NMS,USD,,35855037.0,22444895.0,497667904.0
OKYO,OKYO Pharma Limited,United Kingdom,NCM,USD,,37610676.0,22469746.0,74845248.0
UBXG,U-BX Technology Ltd.,China,NCM,USD,,22624607.0,22486884.0,59054084.0
PJT,PJT Partners Inc.,United States,NYQ,USD,,24307171.0,22511114.0,6845906432.0
ASTE,"Astec Industries, Inc.",United States,NMS,USD,,22875841.0,22544141.0,1050229824.0
CBLL,"CeriBell, Inc.",United States,NMS,USD,,37095690.0,22555292.0,790138112.0
LOOP,"Loop Industries, Inc.",Canada,NGM,USD,,48043068.0,22559103.0,48523500.0
SABS,"SAB Biotherapeutics, Inc.",United States,NCM,USD,,47606851.0,22587070.0,179953904.0
SABSW,"SAB Biotherapeutics, Inc.",United States,NCM,USD,,,22587070.0,
RNTX,Rein Therapeutics Inc.,United States,NCM,USD,,26286382.0,22628895.0,32595114.0
MEDP,"Medpace Holdings, Inc.",United States,NMS,USD,,28168223.0,22646970.0,15987156992.0
TBPH,"Theravance Biopharma, Inc.",United States,NGM,USD,,50672431.0,22648043.0,954668608.0
VICR,Vicor Corporation,United States,NMS,USD,,32925914.0,22657639.0,4986936320.0
LNKB,"LINKBANCORP, Inc.",United States,NCM,USD,,37457914.0,22690632.0,312398976.0
BANF,BancFirst Corporation,United States,NMS,USD,,33334172.0,22691238.0,3657758720.0
OOMA,"Ooma, Inc.",United States,NYQ,USD,,27560725.0,22779660.0,318877600.0
HYMC,Hycroft Mining Holding Corporation,United States,NCM,USD,,81283600.0,22818589.0,2032902912.0
NKLR,Terra Innovatum Global N.V.,Italy,NGM,USD,,70300948.0,22828124.0,312839200.0
IBP,"Installed Building Products, Inc.",United States,NYQ,USD,,26975357.0,22831821.0,7207815680.0
NSPR,"InspireMD, Inc.",United States,NCM,USD,,42370995.0,22863389.0,82623448.0
MDAIW,"Spectral AI, Inc.",United States,NCM,USD,,,22865682.0,
KRYS,"Krystal Biotech, Inc.",United States,NMS,USD,,28997519.0,22881362.0,7312304640.0
BLLN,"BillionToOne, Inc.",United States,NMS,USD,,41216110.0,22947541.0,4087150336.0
EBF,"Ennis, Inc.",United States,NYQ,USD,,25629751.0,22970011.0,471043648.0
FICO,Fair Isaac Corporation,United States,NYQ,USD,,23709047.0,22998961.0,42082967552.0
SSSS,SuRo Capital Corp.,United States,NMS,USD,,25119091.0,22999793.0,241394464.0
VSEEW,"VSee Health, Inc.",United States,NCM,USD,,,23001574.0,
GHI,Greystone Housing Impact Investors LP,United States,NYQ,USD,,23582453.0,23057743.0,170029488.0
LOCO,"El Pollo Loco Holdings, Inc.",United States,NMS,USD,,29954935.0,23097352.0,326050560.0
CDTX,"Cidara Therapeutics, Inc.",United States,NCM,USD,,31446306.0,23100707.0,6943344640.0
CCIIW,Cohen Circle Acquisition Corp. II,United States,NGM,USD,,6325000.0,23109576.0,3944902.0
CCII,Cohen Circle Acquisition Corp. II,United States,NGM,USD,,26020000.0,23109576.0,355606688.0
CCIIU,Cohen Circle Acquisition Corp. II,United States,NGM,USD,,,23109576.0,
TLNCW,Talon Capital Corp.,United States,NGM,USD,,,23124069.0,
TLNCU,Talon Capital Corp.,United States,NGM,USD,,,23124069.0,
TLNC,Talon Capital Corp.,United States,NGM,USD,,25679000.0,23124069.0,427440672.0
ZENA,"ZenaTech, Inc.",Canada,NCM,USD,,37981124.0,23156393.0,129895448.0
BKKT,"Bakkt Holdings, Inc.",United States,NYQ,USD,,24038434.0,23178339.0,253365088.0
ENLV,Enlivex Therapeutics Ltd.,Israel,NCM,USD,,237381498.0,23193825.0,177490144.0
EHTH,"eHealth, Inc.",United States,NMS,USD,,30764785.0,23214491.0,126750904.0
LCII,LCI Industries,United States,NYQ,USD,,24198010.0,23269774.0,2999260416.0
FTW,EQV Ventures Acquisition Corp.,United States,NYQ,USD,,35822500.0,23289131.0,467119776.0
GHRS,GH Research PLC,Ireland,NGM,USD,,62029395.0,23346624.0,781570432.0
MAGN,Magnera Corporation,United States,NYQ,USD,,35600000.0,23362500.0,536848000.0
WAVE,Eco Wave Power Global AB (publ),Israel,NCM,USD,,5829039.0,23369572.0,33414706.0
CPK,Chesapeake Utilities Corporation,United States,NYQ,USD,,23650684.0,23390999.0,2978094080.0
XPOF,"Xponential Fitness, Inc.",United States,NYQ,USD,,35169000.0,23395826.0,427447168.0
MBAVW,M3-Brigade Acquisition V Corp.,United States,NGM,USD,,28750000.0,23396391.0,24440374.0
MBAVU,M3-Brigade Acquisition V Corp.,United States,NGM,USD,,25000000.0,23396391.0,255000000.0
MBAV,M3-Brigade Acquisition V Corp.,United States,NGM,USD,,28750000.0,23396391.0,383812512.0
TACHW,Titan Acquisition Corp,United States,NGM,USD,,,23399970.0,
TACH,Titan Acquisition Corp,United States,NGM,USD,,27600000.0,23399970.0,353624992.0
TACHU,Titan Acquisition Corp,United States,NGM,USD,,,23399970.0,
PRLB,"Proto Labs, Inc.",United States,NYQ,USD,,23678745.0,23427277.0,1258199808.0
ALRS,Alerus Financial Corporation,United States,NCM,USD,,25397303.0,23429520.0,552645312.0
FBIO,"Fortress Biotech, Inc.",United States,NCM,USD,,31037937.0,23451334.0,116081888.0
FBIOP,"Fortress Biotech, Inc.",United States,NCM,USD,,56679500.0,23451334.0,50404300.0
CAMP,CAMP4 THERAPEUTICS CORPORATION,United States,NGM,USD,,51881134.0,23474321.0,309211584.0
DMAC,DiaMedica Therapeutics Inc.,United States,NCM,USD,,52077439.0,23476510.0,428597312.0
CCG,Cheche Group Inc.,China,NCM,USD,,65046611.0,23485314.0,72184000.0
STSS,"Sharps Technology, Inc.",United States,NCM,USD,,28995402.0,23519724.0,64369792.0
STSSW,"Sharps Technology, Inc.",United States,NCM,USD,,,23519724.0,
DIBS,"1stdibs.Com, Inc.",United States,NGM,USD,,36614348.0,23564628.0,216390784.0
ENVA,"Enova International, Inc.",United States,NYQ,USD,,24777389.0,23627224.0,4084304896.0
AIRJ,AirJoule Technologies Corporation,United States,NCM,USD,,60679706.0,23653556.0,233010064.0
AIRJW,AirJoule Technologies Corporation,United States,NCM,USD,,,23653556.0,
GSRF,GSR IV Acquisition Corp.,United States,NGM,USD,,23655500.0,23655549.0,293466880.0
WABC,Westamerica Bancorporation,United States,NMS,USD,,24933051.0,23674431.0,1250686336.0
HSTM,"HealthStream, Inc.",United States,NMS,USD,,29668137.0,23702171.0,700464704.0
FTEK,"Fuel Tech, Inc.",United States,NCM,USD,,31074438.0,23709796.0,50651332.0
GTE,Gran Tierra Energy Inc.,Canada,ASE,USD,,35295753.0,23773807.0,146477376.0
AUNA,Auna SA,Luxembourg,NYQ,USD,,30095388.0,23805746.0,340459648.0
ETD,Ethan Allen Interiors Inc.,United States,NYQ,USD,,25446339.0,23818537.0,592136320.0
DY,"Dycom Industries, Inc.",United States,NYQ,USD,,29967120.0,23827934.0,10417470464.0
INSE,"Inspired Entertainment, Inc.",United States,NCM,USD,,26926868.0,23845896.0,256074528.0
KOYN,"CSLM Digital Asset Acquisition Corp III, Ltd",United States,NGM,USD,,23891250.0,23854629.0,314001248.0
KE,"Kimball Electronics, Inc.",United States,NMS,USD,,24338363.0,23869119.0,712352192.0
CPF,Central Pacific Financial Corp.,United States,NYQ,USD,,26806922.0,23896070.0,863987072.0
TNK,Teekay Tankers Ltd.,Bermuda,NYQ,USD,,29912967.0,23896473.0,1876847360.0
ICUI,"ICU Medical, Inc.",United States,NMS,USD,,24686660.0,23905327.0,3650416384.0
OPFI,OppFi Inc.,United States,NYQ,USD,,27664310.0,23944290.0,971717184.0
FGNXP,FG Nexus Inc.,United States,NGM,USD,,,23945252.0,
FGNX,FG Nexus Inc.,United States,NGM,USD,,39574350.0,23945252.0,123268456.0
SII,Sprott Inc.,Canada,NYQ,USD,,25786258.0,23983541.0,2590745344.0
PEO,"Adams Natural Resources Fund, Inc.",United States,NYQ,USD,,26888697.0,24076139.0,583215808.0
BBNX,"Beta Bionics, Inc.",United States,NGM,USD,,44024631.0,24085435.0,1402624768.0
RENT,"Rent the Runway, Inc.",United States,NGM,USD,,33390904.0,24088198.0,291855456.0
MMYT,MakeMyTrip Limited,India,NMS,USD,,89851697.0,24163533.0,7921020416.0
SSTK,"Shutterstock, Inc.",United States,NYQ,USD,,35520353.0,24175977.0,648956864.0
MTLS,Materialise NV,Belgium,NMS,USD,,59067186.0,24177895.0,347188768.0
SPHR,Sphere Entertainment Co.,United States,NYQ,USD,,28447507.0,24205101.0,3363425536.0
MMI,"Marcus & Millichap, Inc.",United States,NYQ,USD,,38922604.0,24227642.0,1073976704.0
HCKT,"The Hackett Group, Inc.",United States,NMS,USD,,25099082.0,24260646.0,541802368.0
MGRC,McGrath RentCorp,United States,NMS,USD,,24611657.0,24337483.0,2659289600.0
UVV,Universal Corporation,United States,NYQ,USD,,24921155.0,24348716.0,1324559488.0
NEWTH,"NewtekOne, Inc.",United States,NGM,USD,,,24392442.0,
PLAY,"Dave & Buster's Entertainment, Inc.",United States,NMS,USD,,34680265.0,24416987.0,566675520.0
IOSP,Innospec Inc.,United States,NMS,USD,,24777582.0,24482977.0,1946919808.0
HSDT,Solana Company,United States,NCM,USD,,41301400.0,24506599.0,114817888.0
LFUS,"Littelfuse, Inc.",United States,NMS,USD,,24901687.0,24616065.0,6526981120.0
PSTL,"Postal Realty Trust, Inc.",United States,NYQ,USD,,26062636.0,24622027.0,528536704.0
OMH,Ohmyhome Limited,Singapore,NCM,USD,,25660978.0,24686631.0,20018128.0
BWAY,BrainsWay Ltd.,Israel,NGM,USD,,19577089.0,24718919.0,379208224.0
LKFN,Lakeland Financial Corporation,United States,NMS,USD,,25528732.0,24733001.0,1499896320.0
ONTF,"ON24, Inc.",United States,NYQ,USD,,42282395.0,24765222.0,246645680.0
RYI,Ryerson Holding Corporation,United States,NYQ,USD,,32209364.0,24795091.0,846140032.0
CCS,"Century Communities, Inc.",United States,NYQ,USD,,29384289.0,24817383.0,1750810368.0
NEWTP,"NewtekOne, Inc.",United States,NGM,USD,,,24913559.0,
NEWT,"NewtekOne, Inc.",United States,NGM,USD,,28887295.0,24913559.0,331626144.0
MH,"McGraw Hill, Inc.",United States,NYQ,USD,,191001519.0,24996369.0,3245115904.0
CEPV,"Cantor Equity Partners V, Inc.",United States,NGM,USD,,25540000.0,24999974.0,325211680.0
ALF,Centurion Acquisition Corp.,United States,NGM,USD,,28750000.0,25018609.0,381835936.0
ALFUU,Centurion Acquisition Corp.,United States,NGM,USD,,,25018609.0,
MNRO,"Monro, Inc.",United States,NMS,USD,,30019660.0,25075122.0,624408896.0
AOSL,Alpha and Omega Semiconductor Limited,United States,NMS,USD,,30061450.0,25075458.0,605437568.0
SAIA,"Saia, Inc.",United States,NMS,USD,,26642641.0,25095340.0,8819246080.0
ERIE,Erie Indemnity Company,United States,NMS,USD,,46189068.0,25131033.0,14766658560.0
TEAD,Teads Holding Co.,United States,NMS,USD,,95470825.0,25138423.0,86887992.0
MTC,"MMTec, Inc.",Hong Kong,NCM,USD,,25186864.0,25141528.0,80346176.0
EGBN,"Eagle Bancorp, Inc.",United States,NCM,USD,,30371236.0,25162569.0,643262784.0
LB,LandBridge Company LLC,United States,NYQ,USD,,27838199.0,25195292.0,4135450112.0
DMAAR,Drugs Made In America Acquisition Corp.,United States,NGM,USD,,20400000.0,25206232.0,3853560.0
DMAAU,Drugs Made In America Acquisition Corp.,United States,NGM,USD,,29171400.0,25206232.0,304257696.0
DMAA,Drugs Made In America Acquisition Corp.,United States,NGM,USD,,33517143.0,25206232.0,347572768.0
IDCC,"InterDigital, Inc.",United States,NMS,USD,,25744552.0,25238414.0,8532582400.0
NTGR,"NETGEAR, Inc.",United States,NMS,USD,,28402755.0,25269363.0,714480704.0
NOA,North American Construction Group Ltd.,Canada,NYQ,USD,,29074539.0,25292241.0,401228672.0
PACH,Pioneer Acquisition I Corp,United States,NGM,USD,,25300000.0,25300000.0,318147520.0
PACHW,Pioneer Acquisition I Corp,United States,NGM,USD,,,25300000.0,
OBA,Oxley Bridge Acquisition Limited,Canada,NGM,USD,,25300000.0,25300000.0,316876192.0
OBAWU,Oxley Bridge Acquisition Limited,Canada,NGM,USD,,,25300000.0,
OBAWW,Oxley Bridge Acquisition Limited,Canada,NGM,USD,,,25300000.0,
CHCT,Community Healthcare Trust Incorporated,United States,NYQ,USD,,28471424.0,25302796.0,454119200.0
INSP,"Inspire Medical Systems, Inc.",United States,NYQ,USD,,29056434.0,25368301.0,2823460096.0
DFIN,"Donnelley Financial Solutions, Inc.",United States,NYQ,USD,,26537083.0,25406073.0,1277682304.0
TLPH,"Talphera, Inc.",United States,NCM,USD,,46609618.0,25495461.0,51270584.0
SANG,Sangoma Technologies Corporation,Canada,NMS,USD,,33139165.0,25506262.0,169401696.0
MHO,"M/I Homes, Inc.",United States,NYQ,USD,,26148509.0,25541341.0,3403873280.0
BDCIW,BTC Development Corp.,United States,NGM,USD,,,25547578.0,
BDCIU,BTC Development Corp.,United States,NGM,USD,,,25547578.0,
BDCI,BTC Development Corp.,United States,NGM,USD,,26060000.0,25547578.0,347814144.0
OYSE,Oyster Enterprises II Acquisition Corp,United States,NGM,USD,,26008000.0,25553031.0,341855648.0
OYSER,Oyster Enterprises II Acquisition Corp,United States,NGM,USD,,,25553031.0,
OYSEU,Oyster Enterprises II Acquisiti,United States,NGM,USD,,,25553031.0,
BLUWU,Blue Water Acquisition Corp. III,United States,NGM,USD,,,25553043.0,
BLUWW,Blue Water Acquisition Corp. III,United States,NGM,USD,,,25553043.0,
EP,Empire Petroleum Corporation,United States,ASE,USD,,34855801.0,25617271.0,104218840.0
PLUS,ePlus inc.,United States,NMS,USD,,26438876.0,25662851.0,2397100288.0
CLAR,Clarus Corporation,United States,NMS,USD,,38401824.0,25674307.0,129798168.0
VVX,"V2X, Inc.",United States,NYQ,USD,,31171445.0,25697939.0,1737808000.0
GLIBK,"GCI Liberty, Inc.",United States,NMS,USD,,35743455.0,25701785.0,1440475008.0
ESE,ESCO Technologies Inc.,United States,NYQ,USD,,25874368.0,25704488.0,5187810816.0
GLRE,"Greenlight Capital Re, Ltd.",Cayman Islands,NMS,USD,,34099226.0,25758896.0,493479328.0
ICG,Intchains Group Limited,China,NCM,USD,,28715807.0,25772213.0,111102832.0
RPTX,Repare Therapeutics Inc.,Canada,NMS,USD,,43108362.0,25786295.0,110788480.0
PLMR,"Palomar Holdings, Inc.",United States,NMS,USD,,26501692.0,25887383.0,3609875456.0
MGIC,Magic Software Enterprises Ltd.,Israel,NMS,USD,,49099305.0,25972389.0,1288856704.0
ASIX,AdvanSix Inc.,United States,NYQ,USD,,26864035.0,26013788.0,466896928.0
EMPD,Empery Digital Inc.,United States,NMS,USD,,33800951.0,26063824.0,147164480.0
CLPT,"ClearPoint Neuro, Inc.",United States,NCM,USD,,29748308.0,26107377.0,417071296.0
GCT,GigaCloud Technology Inc.,United States,NGM,USD,,28980012.0,26129081.0,1513799040.0
GES,"Guess?, Inc.",Switzerland,NYQ,USD,,52151599.0,26134209.0,873020032.0
PMI,"Picard Medical, Inc.",United States,ASE,USD,,73701176.0,26138859.0,145191312.0
GROV,"Grove Collaborative Holdings, Inc.",United States,NYQ,USD,,41387655.0,26173967.0,48837432.0
CAEP,"Cantor Equity Partners III, Inc.",United States,NGM,USD,,28180000.0,26175994.0,357816000.0
SDHI,Siddhi Acquisition Corp.,United States,NGM,USD,,27938000.0,26188073.0,356741120.0
SDHIR,Siddhi Acquisition Corp.,United States,NGM,USD,,,26188073.0,
SDHIU,Siddhi Acquisition Corp.,United States,NGM,USD,,,26188073.0,
LANV,Lanvin Group Holdings Limited,China,NYQ,USD,,116944667.0,26188589.0,266971792.0
MBX,"MBX Biosciences, Inc.",United States,NMS,USD,,44902302.0,26204085.0,1387481216.0
CVGI,"Commercial Vehicle Group, Inc.",United States,NMS,USD,,36731381.0,26219071.0,55097076.0
ARCT,Arcturus Therapeutics Holdings Inc.,United States,NGM,USD,,28412537.0,26273073.0,175021216.0
NIPG,NIP Group Inc.,Sweden,NGM,USD,,98681578.0,26276879.0,124744752.0
TGLS,Tecnoglass Inc.,Colombia,NYQ,USD,,46569446.0,26328968.0,2392272384.0
REFR,Research Frontiers Incorporated,United States,NCM,USD,,33648221.0,26337136.0,46434548.0
PLXS,Plexus Corp.,United States,NMS,USD,,26759184.0,26341473.0,4129150464.0
DAO,"Youdao, Inc.",China,NYQ,USD,,31280889.0,26344775.0,1133516416.0
GRPN,"Groupon, Inc.",United States,NMS,USD,,40754803.0,26389550.0,736031744.0
SYBT,"Stock Yards Bancorp, Inc.",United States,NMS,USD,,29473458.0,26400555.0,1965290240.0
AGYS,"Agilysys, Inc.",United States,NMS,USD,,28042508.0,26405553.0,3406638848.0
MX,Magnachip Semiconductor Corporation,South Korea,NYQ,USD,,35981823.0,26443042.0,94992016.0
PRKS,United Parks & Resorts Inc.,United States,NYQ,USD,,54550611.0,26555237.0,1980335872.0
MCY,Mercury General Corporation,United States,NYQ,USD,,55388627.0,26555523.0,5203761664.0
AEHR,"Aehr Test Systems, Inc.",United States,NCM,USD,,30006590.0,26573536.0,643941376.0
AVD,American Vanguard Corporation,United States,NYQ,USD,,28468140.0,26595790.0,114157248.0
DSGN,"Design Therapeutics, Inc.",United States,NMS,USD,,56963757.0,26602075.0,548560960.0
MTRX,Matrix Service Company,United States,NMS,USD,,28124527.0,26686801.0,330463200.0
HPK,"HighPeak Energy, Inc.",United States,NGM,USD,,125587093.0,26711119.0,538584896.0
ESLT,Elbit Systems Ltd.,Israel,NMS,USD,,46436200.0,26721125.0,26519250944.0
LYTS,LSI Industries Inc.,United States,NMS,USD,,31092786.0,26733438.0,583922560.0
IMMX,"Immix Biopharma, Inc.",United States,NCM,USD,,52695519.0,26750148.0,297202720.0
IPGP,IPG Photonics Corporation,United States,NMS,USD,,42124481.0,26811390.0,3174093568.0
VC,Visteon Corporation,United States,NMS,USD,,27285922.0,26834886.0,2654920192.0
FHTX,Foghorn Therapeutics Inc.,United States,NGM,USD,,56551289.0,26838676.0,305376960.0
OSTX,OS Therapies Incorporated,United States,ASE,USD,,35214352.0,26884045.0,53173672.0
SUUN,PowerBank Corporation,Canada,NGM,USD,,36640486.0,26898585.0,69983328.0
CMTL,Comtech Telecommunications Corp.,United States,NMS,USD,,29629375.0,26917102.0,140146944.0
HOVR,New Horizon Aircraft Ltd.,Canada,NCM,USD,,43355189.0,26926750.0,67634088.0
APYX,Apyx Medical Corporation,United States,NMS,USD,,41029622.0,26943334.0,141141904.0
CSTL,"Castle Biosciences, Inc.",United States,NGM,USD,,29188659.0,26975575.0,1149887232.0
LOPE,"Grand Canyon Education, Inc.",United States,NMS,USD,,27968476.0,26990978.0,4728201216.0
AMG,"Affiliated Managers Group, Inc.",United States,NYQ,USD,,28128908.0,27006565.0,8411959808.0
MAZE,"Maze Therapeutics, Inc.",United States,NGM,USD,,48119444.0,27046977.0,2025828480.0
CLBK,"Columbia Financial, Inc.",United States,NMS,USD,,104313352.0,27052045.0,1691425536.0
MGX,"Metagenomi, Inc.",United States,NMS,USD,,37546751.0,27055062.0,63829480.0
WTS,"Watts Water Technologies, Inc.",United States,NYQ,USD,,27406631.0,27069898.0,9480901632.0
SGMT,Sagimet Biosciences Inc.,United States,NGM,USD,,31001109.0,27078459.0,193828736.0
EWCZ,"European Wax Center, Inc.",United States,NMS,USD,,43692903.0,27093969.0,206103296.0
PED,PEDEVCO Corp.,United States,ASE,USD,,95519352.0,27094064.0,52917724.0
WGO,"Winnebago Industries, Inc.",United States,NYQ,USD,,28220626.0,27108733.0,1181033216.0
LINC,Lincoln Educational Services Corporation,United States,NMS,USD,,31623795.0,27127840.0,785218880.0
HROW,"Harrow, Inc.",United States,NGM,USD,,37037453.0,27131045.0,1855206016.0
KFIIR,K&F Growth Acquisition Corp. II,United States,NGM,USD,,,27176185.0,
KFIIU,K&F Growth Acquisition Corp. II,United States,NGM,USD,,25829000.0,27176185.0,277661760.0
KFII,K&F Growth Acquisition Corp. II,United States,NGM,USD,,29672727.0,27176185.0,405122528.0
KOD,Kodiak Sciences Inc.,United States,NGM,USD,,61048428.0,27193797.0,1824737536.0
LFT,"Lument Finance Trust, Inc.",United States,NYQ,USD,,52364930.0,27228716.0,76452800.0
BAND,Bandwidth Inc.,United States,NMS,USD,,28563553.0,27235628.0,463928000.0
AEVA,"Aeva Technologies, Inc.",United States,NMS,USD,,60079908.0,27245037.0,794256384.0
AEVAW,"Aeva Technologies, Inc.",United States,NMS,USD,,,27245037.0,
AAMI,Acadian Asset Management Inc.,United States,NYQ,USD,,35709120.0,27250344.0,1732580352.0
BEAT,"HeartBeam, Inc.",United States,NCM,USD,,34443563.0,27250714.0,84042296.0
IINNW,Inspira Technologies Oxy B.H.N. Ltd.,Israel,NCM,USD,,,27252254.0,
IINN,Inspira Technologies Oxy B.H.N. Ltd.,Israel,NCM,USD,,35949247.0,27252254.0,34874364.0
CNS,"Cohen & Steers, Inc.",United States,NYQ,USD,,51007541.0,27359425.0,3274683904.0
VBNK,VersaBank,Canada,NMS,USD,,31945535.0,27380838.0,479183040.0
GLP,Global Partners LP,United States,NYQ,USD,,33825839.0,27487215.0,1443505280.0
STC,Stewart Information Services Corporation,United States,NYQ,USD,,30209203.0,27497628.0,2147270272.0
GOLF,Acushnet Holdings Corp.,United States,NYQ,USD,,58661329.0,27508057.0,4870649856.0
DXLG,"Destination XL Group, Inc.",United States,NGM,USD,,54656415.0,27571975.0,50797676.0
CGCT,Cartesian Growth Corporation III,United States,NGM,USD,,27600000.0,27600000.0,355695008.0
CGCTW,Cartesian Growth Corporation III,United States,NGM,USD,,,27600000.0,
CGCTU,Cartesian Growth Corporation III,United States,NGM,USD,,,27600000.0,
COLM,Columbia Sportswear Company,United States,NMS,USD,,53888892.0,27654702.0,3044120576.0
PSMT,"PriceSmart, Inc.",United States,NMS,USD,,30816360.0,27693490.0,3859552000.0
BLD,TopBuild Corp.,United States,NYQ,USD,,28071651.0,27696136.0,12153724928.0
UVSP,Univest Financial Corporation,United States,NMS,USD,,28475713.0,27711425.0,949949824.0
SND,"Smart Sand, Inc.",United States,NMS,USD,,39711792.0,27723026.0,153347088.0
CMCO,Columbus McKinnon Corporation,United States,NMS,USD,,28728261.0,27765140.0,511075776.0
GEF,"Greif, Inc.",United States,NYQ,USD,,25996487.0,27838126.0,4067632896.0
ASLE,AerSale Corporation,United States,NCM,USD,,47185011.0,27926921.0,335485440.0
NVGS,Navigator Holdings Ltd.,United Kingdom,NYQ,USD,,65537859.0,28006293.0,1151327232.0
BKSY,BlackSky Technology Inc.,United States,NYQ,USD,,35992596.0,28029499.0,695017024.0
NPACW,New Providence Acquisition Corp. III,United States,NGM,USD,,,28075978.0,
NPACU,New Providence Acquisition Corp. III,United States,NGM,USD,,,28075978.0,
NPAC,New Providence Acquisition Corp. III,United States,NGM,USD,,30887075.0,28075978.0,394166272.0
OPRA,Opera Limited,Norway,NMS,USD,,89648056.0,28080461.0,1300793344.0
BLX,"Banco Latinoamericano de Comercio Exterior, S. A.",Panama,NYQ,USD,,28736597.0,28101586.0,1636469760.0
BFST,"Business First Bancshares, Inc.",United States,NMS,USD,,29615370.0,28113278.0,791322688.0
YTRA,"Yatra Online, Inc.",India,NCM,USD,,60496204.0,28172549.0,112825424.0
NHPAP,"National Healthcare Properties, Inc.",United States,NGM,USD,,,28181087.0,
NHPBP,"National Healthcare Properties, Inc.",United States,NGM,USD,,,28181087.0,
HGBL,Heritage Global Inc.,United States,NCM,USD,,34741553.0,28232028.0,43774356.0
VTS,"Vitesse Energy, Inc.",United States,NYQ,USD,,38673632.0,28251475.0,738279616.0
CAMT,Camtek Ltd.,Israel,NGM,USD,,45766257.0,28266156.0,4990810112.0
NXST,"Nexstar Media Group, Inc.",United States,NMS,USD,,30326192.0,28273412.0,6215352832.0
THRM,Gentherm Incorporated,United States,NMS,USD,,30525148.0,28333442.0,1134314496.0
TG,Tredegar Corporation,United States,NYQ,USD,,34792151.0,28333995.0,258157776.0
RBC,RBC Bearings Incorporated,United States,NYQ,USD,,31611442.0,28410408.0,14425248768.0
CCNEP,CNB Financial Corporation,United States,NMS,USD,,,28438243.0,
CCNE,CNB Financial Corporation,United States,NMS,USD,,29476240.0,28438243.0,790552768.0
EVER,"EverQuote, Inc.",United States,NGM,USD,,32351643.0,28446886.0,974528128.0
LTBR,Lightbridge Corporation,United States,NCM,USD,,32371338.0,28470642.0,445105888.0
SPIR,"Spire Global, Inc.",United States,NYQ,USD,,33100260.0,28490056.0,256196000.0
HRI,Herc Holdings Inc.,United States,NYQ,USD,,33269714.0,28520795.0,5205712384.0
CTS,CTS Corporation,United States,NYQ,USD,,29052423.0,28554464.0,1310236544.0
MENS,Jyong Biotech Ltd.,Taiwan,NGM,USD,,76027667.0,28587286.0,244809088.0
TSE,Trinseo PLC,United States,NYQ,USD,,35993589.0,28635060.0,19796474.0
PROF,Profound Medical Corp.,Canada,NCM,USD,,35371531.0,28718937.0,260688192.0
GPATU,GP-Act III Acquisition Corp.,United States,NGM,USD,,,28750000.0,
GPATW,GP-Act III Acquisition Corp.,United States,NGM,USD,,,28750000.0,
GPAT,GP-Act III Acquisition Corp.,United States,NGM,USD,,28750000.0,28750000.0,383812512.0
CRVL,CorVel Corporation,United States,NMS,USD,,51246949.0,28789511.0,3545197568.0
TRON,Tron Inc.,United States,NCM,USD,,257115400.0,28802067.0,370246176.0
GLUE,"Monte Rosa Therapeutics, Inc.",United States,NMS,USD,,65117761.0,28946147.0,1125886080.0
REX,REX American Resources Corporation,United States,NYQ,USD,,32937718.0,28954560.0,1129907840.0
OBK,"Origin Bancorp, Inc.",United States,NYQ,USD,,30972121.0,29015922.0,1188710016.0
EDAP,EDAP TMS S.A.,France,NGM,USD,,37392086.0,29046387.0,127133104.0
ALXO,ALX Oncology Holdings Inc.,United States,NMS,USD,,54218001.0,29049463.0,72109944.0
PRTH,"Priority Technology Holdings, Inc.",United States,NCM,USD,,81871568.0,29083237.0,452749792.0
HAFC,Hanmi Financial Corporation,United States,NMS,USD,,29955307.0,29097129.0,835997312.0
MATW,Matthews International Corporation,United States,NMS,USD,,30795844.0,29104228.0,827176384.0
TBI,"TrueBlue, Inc.",United States,NYQ,USD,,29939468.0,29155952.0,139218528.0
PI,"Impinj, Inc.",United States,NMS,USD,,30109132.0,29165211.0,5239289856.0
YXT,YXT.COM Group Holding Limited,China,NGM,USD,,54047675.0,29176665.0,41458124.0
VTGN,"Vistagen Therapeutics, Inc.",United States,NCM,USD,,39495451.0,29189903.0,28768486.0
PERF,Perfect Corp.,Taiwan,NYQ,USD,,85059953.0,29192800.0,176198208.0
TYGO,"Tigo Energy, Inc.",United States,NCM,USD,,70352248.0,29244022.0,104824848.0
SGHT,"Sight Sciences, Inc.",United States,NMS,USD,,52871731.0,29275077.0,466328672.0
MBINN,Merchants Bancorp,United States,NCM,USD,,,29282382.0,
MBIN,Merchants Bancorp,United States,NCM,USD,,45889238.0,29282382.0,1547385216.0
MBINL,Merchants Bancorp,United States,NCM,USD,,,29282382.0,
MBINM,Merchants Bancorp,United States,NCM,USD,,,29282382.0,
BMI,"Badger Meter, Inc.",United States,NYQ,USD,,29469785.0,29320078.0,5326663680.0
HSHP,Himalaya Shipping Ltd.,Bermuda,NYQ,USD,,46650000.0,29356758.0,425773280.0
YRD,Yiren Digital Ltd.,China,NYQ,USD,,86406484.0,29364989.0,347738176.0
GNLX,Genelux Corporation,United States,NCM,USD,,38051771.0,29367586.0,166286240.0
MOBXW,"Mobix Labs, Inc.",United States,NCM,USD,,,29377014.0,
JBIO,"Jade Biosciences, Inc.",United States,NCM,USD,,49314337.0,29440391.0,811220864.0
MRT,"Marti Technologies, Inc.",Turkey,ASE,USD,,78708475.0,29576648.0,181816560.0
FCN,"FTI Consulting, Inc.",United States,NYQ,USD,,30876070.0,29581685.0,5678535680.0
PAYS,"Paysign, Inc.",United States,NCM,USD,,55042888.0,29620229.0,289525600.0
NEOVW,NeoVolta Inc.,United States,NCM,USD,,,29679387.0,
WBI,WaterBridge Infrastructure LLC,United States,NYQ,USD,,43264850.0,29725548.0,873517376.0
ADAG,Adagene Inc.,China,NGM,USD,,47131270.0,29785784.0,83893664.0
IFS,Intercorp Financial Services Inc.,Peru,NYQ,USD,,111351705.0,29811078.0,4781442048.0
CPA,"Copa Holdings, S.A.",Panama,NYQ,USD,,30199961.0,29859042.0,4999511552.0
DBD,"Diebold Nixdorf, Incorporated",United States,NYQ,USD,,35867156.0,29865146.0,2538338304.0
EQ,"Equillium, Inc.",United States,NCM,USD,,60893283.0,29868764.0,91339928.0
OPRT,Oportun Financial Corporation,United States,NMS,USD,,44129020.0,29985669.0,236972832.0
EPM,Evolution Petroleum Corporation,United States,ASE,USD,,34690864.0,30078144.0,124193288.0
GBX,"The Greenbrier Companies, Inc.",United States,NYQ,USD,,31190881.0,30142301.0,1464099840.0
RCEL,"AVITA Medical, Inc.",United States,NCM,USD,,30493111.0,30198852.0,104896304.0
RGP,"Resources Connection, Inc.",United States,NMS,USD,,33390494.0,30212721.0,175634000.0
AYI,Acuity Inc.,United States,NYQ,USD,,30727680.0,30214677.0,11471257600.0
VMD,"Viemed Healthcare, Inc.",United States,NCM,USD,,38017907.0,30219674.0,283136064.0
TARS,"Tarsus Pharmaceuticals, Inc.",United States,NMS,USD,,42449105.0,30245836.0,3471487744.0
ELVA,Electrovaya Inc.,Canada,NCM,USD,,45511915.0,30285156.0,363185088.0
CECO,CECO Environmental Corp.,United States,NMS,USD,,35641031.0,30310915.0,2188537600.0
TACO,Berto Acquisition Corp.,United States,NGM,USD,,37518750.0,30328282.0,380064960.0
TACOW,Berto Acquisition Corp.,United States,NGM,USD,,,30328282.0,
TACOU,Berto Acquisition Corp.,United States,NGM,USD,,,30328282.0,
SHBI,"Shore Bancshares, Inc.",United States,NMS,USD,,33426756.0,30358514.0,599676032.0
BOOT,"Boot Barn Holdings, Inc.",United States,NYQ,USD,,30483634.0,30362309.0,5682734592.0
PDYN,Palladyne AI Corp.,United States,NGM,USD,,44709423.0,30362360.0,201192416.0
PDYNW,Palladyne AI Corp.,United States,NGM,USD,,,30362360.0,
HHH,Howard Hughes Holdings Inc.,United States,NYQ,USD,,59390960.0,30368841.0,4686574592.0
KALV,"KalVista Pharmaceuticals, Inc.",United States,NGM,USD,,50546293.0,30381355.0,766787264.0
BKE,"The Buckle, Inc.",United States,NYQ,USD,,51156626.0,30406953.0,2777804800.0
RAPP,"Rapport Therapeutics, Inc.",United States,NGM,USD,,47661138.0,30432590.0,1439366400.0
MATX,"Matson, Inc.",United States,NYQ,USD,,31180035.0,30474431.0,3974581248.0
INOD,Innodata Inc.,United States,NGM,USD,,31860951.0,30502719.0,1673018496.0
NSIT,"Insight Enterprises, Inc.",United States,NMS,USD,,30979597.0,30509327.0,2598813440.0
GRBK,"Green Brick Partners, Inc.",United States,NYQ,USD,,43565098.0,30511252.0,2779889152.0
KELYB,"Kelly Services, Inc.",United States,NMS,USD,,3295941.0,30529367.0,299710112.0
KELYA,"Kelly Services, Inc.",United States,NMS,USD,,32043065.0,30529367.0,304268832.0
CCRN,"Cross Country Healthcare, Inc.",United States,NMS,USD,,32759952.0,30550621.0,262079616.0
MITT,"TPG Mortgage Investment Trust, Inc.",United States,NYQ,USD,,31744449.0,30595935.0,280303488.0
SLVM,Sylvamo Corporation,United States,NYQ,USD,,39438257.0,30616708.0,1977044096.0
QIPT,Quipt Home Medical Corp.,United States,NCM,USD,,44027472.0,30833759.0,155416976.0
BYSI,BeyondSpring Inc.,United States,NCM,USD,,41122320.0,30852623.0,75665072.0
ATNM,"Actinium Pharmaceuticals, Inc.",United States,ASE,USD,,31195891.0,30858663.0,47417756.0
FLNG,FLEX LNG Ltd.,Bermuda,NYQ,USD,,54087768.0,30890065.0,1326232064.0
NMAX,"Newsmax, Inc.",United States,NYQ,USD,,89889822.0,30913511.0,1119549440.0
CTO,"CTO Realty Growth, Inc.",United States,NYQ,USD,,32372291.0,30947910.0,592254144.0
BOW,Bowhead Specialty Holdings Inc.,United States,NYQ,USD,,32782974.0,31051705.0,991622528.0
GRND,Grindr Inc.,United States,NYQ,USD,,184734121.0,31083363.0,2589778432.0
BBOT,"BridgeBio Oncology Therapeutics, Inc.",United States,NGM,USD,,79988687.0,31113999.0,986260544.0
ANIX,"Anixa Biosciences, Inc.",United States,NCM,USD,,32916915.0,31121956.0,105334136.0
NOTV,"Inotiv, Inc.",United States,NCM,USD,,34367251.0,31272136.0,20939968.0
ORMP,Oramed Pharmaceuticals Inc.,United States,NCM,USD,,39802455.0,31351598.0,117552288.0
BLBD,Blue Bird Corporation,United States,NGM,USD,,31714959.0,31365143.0,1609217152.0
MMLP,Martin Midstream Partners L.P.,United States,NMS,USD,,39055086.0,31538544.0,102324328.0
AUGO,Aura Minerals Inc.,United States,NMS,USD,,83534506.0,31550983.0,4515875328.0
ORKA,"Oruka Therapeutics, Inc.",United States,NGM,USD,,48409232.0,31574922.0,1534572672.0
TRS,TriMas Corporation,United States,NMS,USD,,40645671.0,31628429.0,1468934528.0
ENTX,Entera Bio Ltd.,Israel,NCM,USD,,45857242.0,31657547.0,78874456.0
EE,"Excelerate Energy, Inc.",United States,NYQ,USD,,32009581.0,31664198.0,3175762432.0
EXP,Eagle Materials Inc.,United States,NYQ,USD,,32063877.0,31665323.0,6973678592.0
PRI,"Primerica, Inc.",United States,NYQ,USD,,31916058.0,31729349.0,8428548608.0
SSII,"SS Innovations International, Inc.",India,NCM,USD,,193621149.0,31730634.0,1111385344.0
LII,Lennox International Inc.,United States,NYQ,USD,,35072782.0,31746479.0,17497511936.0
OPAD,Offerpad Solutions Inc.,United States,NYQ,USD,,36859946.0,31747103.0,47180728.0
ANDE,"The Andersons, Inc.",United States,NMS,USD,,33839123.0,31769502.0,1824785920.0
PSQH,"PSQ Holdings, Inc.",United States,NYQ,USD,,46492639.0,31786010.0,54179892.0
ZBIO,"Zenas BioPharma, Inc.",United States,NMS,USD,,53679166.0,31796317.0,2280827904.0
KLC,"KinderCare Learning Companies, Inc.",United States,NYQ,USD,,118318554.0,31802844.0,506403424.0
PATK,"Patrick Industries, Inc.",United States,NMS,USD,,33276096.0,31850881.0,3728875776.0
PSFE,Paysafe Limited,United Kingdom,NYQ,USD,,57462927.0,31863768.0,472539232.0
IRTC,"iRhythm Technologies, Inc.",United States,NMS,USD,,32219143.0,31902751.0,5689901056.0
RFL,"Rafael Holdings, Inc.",United States,NYQ,USD,,50975638.0,31921602.0,62115364.0
HNGE,"Hinge Health, Inc.",United States,NYQ,USD,,37919155.0,31936466.0,3742321152.0
AAM,AA Mission Acquisition Corp.,United States,NYQ,USD,,35349000.0,31941394.0,467883360.0
STAA,STAAR Surgical Company,United States,NGM,USD,,49365953.0,31951744.0,1152695040.0
MAIA,"MAIA Biotechnology, Inc.",United States,ASE,USD,,37032307.0,31984063.0,58140724.0
THR,"Thermon Group Holdings, Inc.",United States,NYQ,USD,,32840075.0,31990174.0,1250519168.0
BTM,Bitcoin Depot Inc.,United States,NCM,USD,,35360672.0,31997354.0,93704672.0
CURR,CURRENC Group Inc.,Singapore,NGM,USD,,76597293.0,32013839.0,146300832.0
TTAM,Titan America SA,Belgium,NYQ,USD,,184362465.0,32018229.0,3139692800.0
CUBI,"Customers Bancorp, Inc.",United States,NYQ,USD,,34168077.0,32130293.0,2585498368.0
BKNG,Booking Holdings Inc.,United States,NMS,USD,,32233815.0,32141949.0,176314318848.0
BCPC,Balchem Corporation,United States,NMS,USD,,32386260.0,32227243.0,5110394880.0
LTRX,"Lantronix, Inc.",United States,NCM,USD,,39358610.0,32253200.0,228279936.0
ARQ,"Arq, Inc.",United States,NGM,USD,,42693884.0,32262060.0,145586144.0
NBBK,"NB Bancorp, Inc.",United States,NCM,USD,,45770800.0,32293636.0,942878528.0
FFIC,Flushing Financial Corporation,United States,NMS,USD,,33778438.0,32310765.0,575246848.0
YOUL,Youlife Group Inc.,China,NCM,USD,,64887692.0,32346837.0,121677592.0
HURA,"TuHURA Biosciences, Inc.",United States,NCM,USD,,56478084.0,32396135.0,44945256.0
CAL,"Caleres, Inc.",United States,NYQ,USD,,33895562.0,32441781.0,450133024.0
CIO,"City Office REIT, Inc.",Canada,NYQ,USD,,40363640.0,32468108.0,281334560.0
PZZA,"Papa John's International, Inc.",United States,NMS,USD,,32789416.0,32472670.0,1288624000.0
GSL,"Global Ship Lease, Inc.",Greece,NYQ,USD,,35770652.0,32513734.0,1238737664.0
OBIO,"Orchestra BioMed Holdings, Inc.",United States,NGM,USD,,56464731.0,32525944.0,243927648.0
STTK,"Shattuck Labs, Inc.",United States,NMS,USD,,63279843.0,32537862.0,211987472.0
POOL,Pool Corporation,United States,NMS,USD,,37249484.0,32598141.0,8676064256.0
AMPY,Amplify Energy Corp.,United States,NYQ,USD,,40475997.0,32611106.0,184570544.0
ABL,"Abacus Global Management, Inc.",United States,NCM,USD,,97752855.0,32626970.0,830899264.0
AIP,"Arteris, Inc.",United States,NGM,USD,,43683773.0,32678957.0,695445632.0
MEG,"Montrose Environmental Group, Inc.",United States,NYQ,USD,,35337667.0,32731161.0,920192896.0
RNXT,"RenovoRx, Inc.",United States,NCM,USD,,36649916.0,32755496.0,31324684.0
XTIA,"XTI Aerospace, Inc.",United States,NCM,USD,,32786816.0,32768455.0,44590072.0
ACDC,ProFrac Holding Corp.,United States,NMS,USD,,180871183.0,32797372.0,678266944.0
LGN,Legence Corp.,United States,NMS,USD,,58656167.0,32815193.0,4698027008.0
DPZ,"Domino's Pizza, Inc.",United States,NMS,USD,,33786218.0,32829970.0,14447302656.0
ENGNW,enGene Holdings Inc.,Canada,NCM,USD,,,32831192.0,
ENGN,enGene Holdings Inc.,Canada,NCM,USD,,66984661.0,32831192.0,636354240.0
HLIO,"Helios Technologies, Inc.",United States,NYQ,USD,,33128494.0,32844914.0,1840038144.0
BY,"Byline Bancorp, Inc.",United States,NYQ,USD,,45819227.0,32860633.0,1362646912.0
GRAL,"GRAIL, Inc.",United States,NMS,USD,,38982223.0,32893590.0,3570381824.0
ANSC,Agriculture & Natural Solutions Acquisition Corporation,United States,NGM,USD,,32922237.0,32922446.0,463874944.0
ANSCU,Agriculture & Natural Solutions Acquisition Corporation,United States,NGM,USD,,,32922446.0,
TOVX,"Theriva Biologics, Inc.",United States,ASE,USD,,33739643.0,32990286.0,6454394.0
TMDX,"TransMedics Group, Inc.",United States,NGM,USD,,34174325.0,33027435.0,4244450816.0
BIOX,Bioceres Crop Solutions Corp.,Argentina,NMS,USD,,63478813.0,33045800.0,83792032.0
HTO,H2O America,United States,NMS,USD,,35805089.0,33080680.0,1748362496.0
FLL,"Full House Resorts, Inc.",United States,NCM,USD,,36121498.0,33119802.0,97166824.0
SDA,SunCar Technology Group Inc.,China,NCM,USD,,55569794.0,33137647.0,211444256.0
STEX,Streamex Corp.,United States,NCM,USD,,40803711.0,33157168.0,470603616.0
BVS,Bioventus Inc.,United States,NMS,USD,,66976477.0,33302044.0,499644512.0
HFWA,Heritage Financial Corporation,United States,NMS,USD,,33956738.0,33332613.0,830242304.0
ACTG,Acacia Research Corporation,United States,NMS,USD,,96460378.0,33332848.0,359797216.0
ATRO,Astronics Corporation,United States,NMS,USD,,31619410.0,33344938.0,1974209536.0
PKST,Peakstone Realty Trust,United States,NYQ,USD,,36790867.0,33354968.0,531995968.0
AGEN,Agenus Inc.,United States,NCM,USD,,34008349.0,33430207.0,112567632.0
MYO,"Myomo, Inc.",United States,ASE,USD,,38435524.0,33461967.0,39204232.0
NINE,"Nine Energy Service, Inc.",United States,NYQ,USD,,43361339.0,33550836.0,14408974.0
TRUP,"Trupanion, Inc.",United States,NGM,USD,,43198164.0,33611627.0,1630730752.0
RDWR,Radware Ltd.,Israel,NMS,USD,,43434362.0,33684230.0,1058495360.0
VANI,"Vivani Medical, Inc.",United States,NCM,USD,,72952235.0,33695178.0,92649344.0
WLK,Westlake Corporation,United States,NYQ,USD,,128273152.0,33696092.0,9460145152.0
ICHR,"Ichor Holdings, Ltd.",United States,NMS,USD,,34384231.0,33734025.0,651581248.0
PEBO,Peoples Bancorp Inc.,United States,NMS,USD,,35702963.0,33796313.0,1090011520.0
CRGOW,Freightos Limited,Spain,NCM,USD,,,33944107.0,
KRMD,"KORU Medical Systems, Inc.",United States,NCM,USD,,46322655.0,33985079.0,288590144.0
ISOU,IsoEnergy Ltd.,Canada,ASE,USD,,54793936.0,34027582.0,502940992.0
LSTR,"Landstar System, Inc.",United States,NMS,USD,,34344702.0,34030791.0,5060109312.0
CHH,"Choice Hotels International, Inc.",United States,NYQ,USD,,46272618.0,34068341.0,4439857152.0
NSSC,"Napco Security Technologies, Inc.",United States,NMS,USD,,35664324.0,34097947.0,1525006464.0
MGTX,MeiraGTx Holdings plc,United States,NMS,USD,,80490889.0,34169187.0,641512384.0
UPB,"Upstream Bio, Inc.",United States,NMS,USD,,54038591.0,34181030.0,1593057664.0
UMAC,"Unusual Machines, Inc.",United States,ASE,USD,,36875549.0,34224197.0,450250496.0
MTW,"The Manitowoc Company, Inc.",United States,NYQ,USD,,35470942.0,34233006.0,447643296.0
AMBO,Ambow Education Holding Ltd.,United States,ASE,USD,,2620955.0,34316501.0,8569131.0
DCTH,"Delcath Systems, Inc.",United States,NCM,USD,,35313718.0,34345416.0,363731328.0
DHX,"DHI Group, Inc.",United States,NYQ,USD,,47157027.0,34477329.0,77776768.0
NWGL,Nature Wood Group Limited,Macau,NCM,USD,,16553165.0,34492823.0,23008900.0
RLGT,"Radiant Logistics, Inc.",United States,ASE,USD,,46826544.0,34645167.0,305613248.0
ITGR,Integer Holdings Corporation,United States,NYQ,USD,,35038426.0,34690845.0,2763830784.0
LANDO,Gladstone Land Corporation,United States,NGM,USD,,,34725608.0,
LAND,Gladstone Land Corporation,United States,NGM,USD,,37266833.0,34725608.0,328320800.0
LANDM,Gladstone Land Corporation,United States,NGM,USD,,2415000.0,34725608.0,409700768.0
FIX,"Comfort Systems USA, Inc.",United States,NYQ,USD,,35271950.0,34734386.0,34005321728.0
AIR,AAR Corp.,United States,NYQ,USD,,39562491.0,34799856.0,3365581056.0
AMPH,"Amphastar Pharmaceuticals, Inc.",United States,NMS,USD,,45952174.0,34803717.0,1260946560.0
EPRX,Eupraxia Pharmaceuticals Inc.,Canada,NCM,USD,,50648331.0,34844532.0,386839552.0
III,"Information Services Group, Inc.",United States,NGM,USD,,47884104.0,34865374.0,285317184.0
MEI,"Methode Electronics, Inc.",United States,NYQ,USD,,35408249.0,34910409.0,239359760.0
NNE,NANO Nuclear Energy Inc.,United States,NCM,USD,,50474294.0,34960010.0,1438012672.0
CRI,"Carter's, Inc.",United States,NYQ,USD,,36447868.0,35024579.0,1154668416.0
SKYT,"SkyWater Technology, Inc.",United States,NCM,USD,,48508000.0,35024716.0,881875456.0
PUBM,"PubMatic, Inc.",United States,NGM,USD,,38151563.0,35039926.0,416804896.0
VITL,"Vital Farms, Inc.",United States,NGM,USD,,44774520.0,35125163.0,1420695552.0
KNSA,"Kiniksa Pharmaceuticals International, plc",United Kingdom,NMS,USD,,45161019.0,35166200.0,3183421952.0
THG,"The Hanover Insurance Group, Inc.",United States,NYQ,USD,,35583964.0,35260150.0,6588916224.0
MTN,"Vail Resorts, Inc.",United States,NYQ,USD,,35775575.0,35262553.0,5042437632.0
SPWH,"Sportsman's Warehouse Holdings, Inc.",United States,NMS,USD,,38481095.0,35274850.0,52334292.0
ZGN,Ermenegildo Zegna N.V.,Italy,NYQ,USD,,254089368.0,35310799.0,2660315904.0
NOVTU,Novanta Inc.,United States,NMS,USD,,,35454936.0,
NOVT,Novanta Inc.,United States,NMS,USD,,35775123.0,35454936.0,4414684160.0
GATX,GATX Corporation,United States,NYQ,USD,,35678804.0,35475792.0,6179926016.0
ATGE,Adtalem Global Education Inc.,United States,NYQ,USD,,36328546.0,35485724.0,3803153920.0
ANGI,Angi Inc.,United States,NMS,USD,,43150575.0,35527594.0,561371776.0
MLTX,MoonLake Immunotherapeutics,Switzerland,NCM,USD,,70847401.0,35552232.0,979819520.0
PRAA,"PRA Group, Inc.",United States,NMS,USD,,39015442.0,35582863.0,688478528.0
ABOS,"Acumen Pharmaceuticals, Inc.",United States,NMS,USD,,60573425.0,35610511.0,127809920.0
QLYS,"Qualys, Inc.",United States,NMS,USD,,35858308.0,35653557.0,4991698944.0
XWIN,XMax Inc.,United States,NCM,USD,,41884227.0,35670106.0,251305376.0
AMN,"AMN Healthcare Services, Inc.",United States,NYQ,USD,,38413780.0,35691780.0,618461888.0
PBT,Permian Basin Royalty Trust,United States,NYQ,USD,,46608796.0,35706533.0,790951232.0
FN,Fabrinet,Cayman Islands,NYQ,USD,,35827210.0,35753406.0,17136870400.0
ICUCW,SeaStar Medical Holding Corporation,United States,NCM,USD,,,35756234.0,
NGVT,Ingevity Corporation,United States,NYQ,USD,,35964032.0,35759397.0,2193446912.0
SEER,"Seer, Inc.",United States,NMS,USD,,56251522.0,35788460.0,103502800.0
NSP,"Insperity, Inc.",United States,NYQ,USD,,37704152.0,35799338.0,1454249088.0
FULC,"Fulcrum Therapeutics, Inc.",United States,NGM,USD,,65970291.0,35885395.0,763936000.0
EFSCP,Enterprise Financial Services Corp,United States,NMS,USD,,,35915756.0,
EFSC,Enterprise Financial Services Corp,United States,NMS,USD,,37010909.0,35915756.0,2052624896.0
FMNB,Farmers National Banc Corp.,United States,NCM,USD,,37653183.0,35962179.0,514342496.0
BRNS,Barinthus Biotherapeutics plc,United Kingdom,NGM,USD,,40830353.0,36036870.0,28752736.0
SD,"SandRidge Energy, Inc.",United States,NYQ,USD,,36773746.0,36061609.0,526232288.0
RDZNW,"Roadzen, Inc.",United States,NCM,USD,,,36074937.0,
FNKO,"Funko, Inc.",United States,NMS,USD,,54742995.0,36127640.0,192695344.0
INCR,InterCure Ltd.,Israel,NGM,USD,,54681335.0,36163424.0,61516504.0
MTUS,Metallus Inc.,United States,NYQ,USD,,41648794.0,36207796.0,744092864.0
MDXH,MDxHealth SA,Belgium,NCM,USD,,49497334.0,36213711.0,168785920.0
DGII,Digi International Inc.,United States,NMS,USD,,37589332.0,36245185.0,1672349440.0
BLKB,"Blackbaud, Inc.",United States,NMS,USD,,47834179.0,36285683.0,3114764800.0
HOWL,"Werewolf Therapeutics, Inc.",United States,NMS,USD,,48540200.0,36293508.0,31759852.0
CHEF,"The Chefs' Warehouse, Inc.",United States,NMS,USD,,40685549.0,36407464.0,2589651456.0
MGEE,"MGE Energy, Inc.",United States,NMS,USD,,36541849.0,36459630.0,2863053824.0
ASC,Ardmore Shipping Corporation,Bermuda,NYQ,USD,,40697657.0,36519453.0,439534688.0
WRAP,"Wrap Technologies, Inc.",United States,NCM,USD,,51549094.0,36535936.0,111861544.0
CBUS,"Cibus, Inc.",United States,NCM,USD,,52707626.0,36584890.0,92489320.0
EVR,Evercore Inc.,United States,NYQ,USD,,38678117.0,36585631.0,13621658624.0
THRY,"Thryv Holdings, Inc.",United States,NCM,USD,,43576891.0,36625070.0,268011360.0
BCC,Boise Cascade Company,United States,NYQ,USD,,37043073.0,36633006.0,2805164288.0
AEBI,Aebi Schmidt Holding AG,Switzerland,NMS,USD,,77341785.0,36668281.0,995388736.0
CW,Curtiss-Wright Corporation,United States,NYQ,USD,,36874638.0,36679202.0,21332215808.0
MYE,"Myers Industries, Inc.",United States,NYQ,USD,,37407915.0,36688187.0,721633664.0
MSA,MSA Safety Incorporated,United States,NYQ,USD,,39152061.0,36710538.0,6415456768.0
RXST,"RxSight, Inc.",United States,NGM,USD,,41116640.0,36741830.0,449404896.0
ENS,EnerSys,United States,NYQ,USD,,36909135.0,36757808.0,5657131520.0
XTKG,"X3 Holdings Co., Ltd.",Singapore,NCM,USD,,96046664.0,36794614.0,13489803.0
BAERW,"Bridger Aerospace Group Holdings, Inc.",United States,NGM,USD,,,36833965.0,
CASY,"Casey's General Stores, Inc.",United States,NMS,USD,,37066933.0,36843790.0,21083670528.0
PTRN,Pattern Group Inc.,United States,NMS,USD,,154522413.0,36853918.0,2343460864.0
LPG,Dorian LPG Ltd.,United States,NYQ,USD,,42838114.0,36886186.0,1043964800.0
DCOMG,"Dime Community Bancshares, Inc.",United States,NGM,USD,,,36914215.0,
NBHC,National Bank Holdings Corporation,United States,NYQ,USD,,37829912.0,36918287.0,1468178944.0
SENS,"Senseonics Holdings, Inc.",United States,NMS,USD,,40858460.0,36989572.0,245967936.0
SBGI,"Sinclair, Inc.",United States,NMS,USD,,45908531.0,37026374.0,1063371520.0
DOO,BRP Inc.,Canada,NMS,USD,,36439047.0,37035143.0,5341817344.0
EARN,Ellington Credit Company,United States,NYQ,USD,,37570604.0,37040021.0,200251312.0
URGN,UroGen Pharma Ltd.,United States,NGM,USD,,46808892.0,37059068.0,1078008832.0
DAVA,Endava plc,United Kingdom,NYQ,USD,,39397924.0,37146672.0,359648736.0
PAR,PAR Technology Corporation,United States,NYQ,USD,,40591032.0,37193157.0,1531499648.0
WNC,Wabash National Corporation,United States,NYQ,USD,,40516637.0,37206833.0,363531424.0
AVAV,"AeroVironment, Inc.",United States,NMS,USD,,49925878.0,37235083.0,12732712960.0
SPSC,"SPS Commerce, Inc.",United States,NMS,USD,,37709094.0,37239993.0,3484573440.0
FDS,FactSet Research Systems Inc.,United States,NYQ,USD,,37419936.0,37285924.0,11044493312.0
ELVN,"Enliven Therapeutics, Inc.",United States,NMS,USD,,59347317.0,37309878.0,967361216.0
AIT,"Applied Industrial Technologies, Inc.",United States,NYQ,USD,,37717910.0,37344880.0,9995728896.0
DVA,DaVita Inc.,United States,NYQ,USD,,70600000.0,37365756.0,8149570048.0
ETOR,eToro Group Ltd.,Israel,NMS,USD,,47220866.0,37369739.0,3001625088.0
AEIS,"Advanced Energy Industries, Inc.",United States,NMS,USD,,37745489.0,37388039.0,8223232000.0
AMTB,Amerant Bancorp Inc.,United States,NYQ,USD,,41952590.0,37431869.0,849523136.0
SKWD,"Skyward Specialty Insurance Group, Inc.",United States,NMS,USD,,40487365.0,37437047.0,2099269760.0
PHIN,PHINIA Inc.,United States,NYQ,USD,,38442674.0,37647680.0,2388734976.0
ASTH,"Astrana Health, Inc.",United States,NCM,USD,,50155613.0,37707491.0,1274454144.0
IMCR,Immunocore Holdings plc,United Kingdom,NMS,USD,,50530419.0,37718937.0,1825664128.0
STBA,"S&T Bancorp, Inc.",United States,NMS,USD,,38222500.0,37719492.0,1546494464.0
HLNE,Hamilton Lane Incorporated,United States,NMS,USD,,43967288.0,37783289.0,7774495232.0
STNG,Scorpio Tankers Inc.,Monaco,NYQ,USD,,51762790.0,37865377.0,2663195648.0
IRD,"Opus Genetics, Inc.",United States,NCM,USD,,68964208.0,37881350.0,139307696.0
INVX,"Innovex International, Inc.",United States,NYQ,USD,,68927791.0,38048141.0,1519857792.0
RL,Ralph Lauren Corporation,United States,NYQ,USD,,38759382.0,38077482.0,21716025344.0
AVR,Anteris Technologies Global Corp.,Australia,NGM,USD,,41197570.0,38104868.0,230294416.0
TII,Titan Mining Corporation,Canada,ASE,USD,,91489771.0,38128362.0,297005856.0
PROP,Prairie Operating Co.,United States,NCM,USD,,59646610.0,38138639.0,93645176.0
MANU,Manchester United plc,United Kingdom,NYQ,USD,,56086184.0,38185588.0,2734808832.0
FELE,"Franklin Electric Co., Inc.",United States,NMS,USD,,44510381.0,38227296.0,4415874560.0
SYNA,Synaptics Incorporated,United States,NMS,USD,,38990073.0,38248872.0,2868628736.0
LIND,"Lindblad Expeditions Holdings, Inc.",United States,NCM,USD,,55400743.0,38260910.0,799986752.0
NPWR,NET Power Inc.,United States,NYQ,USD,,83919757.0,38291746.0,183784272.0
AWR,American States Water Company,United States,NYQ,USD,,38714426.0,38332315.0,2827701504.0
OMEX,"Odyssey Marine Exploration, Inc.",United States,NCM,USD,,55738491.0,38336377.0,118722992.0
PRG,"PROG Holdings, Inc.",United States,NYQ,USD,,39545593.0,38365553.0,1205349632.0
GNSS,Genasys Inc.,United States,NCM,USD,,45193561.0,38374305.0,100329704.0
SHAK,Shake Shack Inc.,United States,NYQ,USD,,40253589.0,38446203.0,3575997184.0
SVV,"Savers Value Village, Inc.",United States,NYQ,USD,,156227451.0,38524127.0,1473224960.0
ZD,"Ziff Davis, Inc.",United States,NMS,USD,,39504872.0,38542138.0,1469954048.0
CYBN,Cybin Inc.,Canada,ASE,USD,,49894131.0,38554692.0,416420960.0
HDSN,"Hudson Technologies, Inc.",United States,NCM,USD,,43003185.0,38572201.0,305187392.0
PBYI,"Puma Biotechnology, Inc.",United States,NMS,USD,,50391107.0,38615713.0,310409216.0
CISO,CISO Global Inc.,United States,NCM,USD,,44046343.0,38643741.0,19389200.0
WALD,Waldencast plc,United States,NCM,USD,,113589672.0,38744196.0,246672832.0
CCCXU,Churchill Capital Corp X,United States,NGM,USD,,,38760074.0,
CCCX,Churchill Capital Corp X,United States,NGM,USD,,41700000.0,38760074.0,911916032.0
CCCXW,Churchill Capital Corp X,United States,NGM,USD,,,38760074.0,
BDC,Belden Inc.,United States,NYQ,USD,,39300209.0,38804633.0,4689800704.0
STIM,"Neuronetics, Inc.",United States,NGM,USD,,68485922.0,38810287.0,97250000.0
TLN,Talen Energy Corporation,United States,NMS,USD,,45687828.0,38849274.0,17567883264.0
MIDD,The Middleby Corporation,United States,NMS,USD,,50371250.0,38855879.0,7658615296.0
ATXS,"Astria Therapeutics, Inc.",United States,NGM,USD,,57084838.0,38901605.0,739248640.0
BOH,Bank of Hawaii Corporation,United States,NYQ,USD,,39785092.0,38950799.0,2784160768.0
R,"Ryder System, Inc.",United States,NYQ,USD,,40376534.0,39022709.0,8002306560.0
FCFS,"FirstCash Holdings, Inc.",United States,NMS,USD,,44134150.0,39062253.0,7140921344.0
OFIX,Orthofix Medical Inc.,United States,NMS,USD,,39599659.0,39113771.0,603498816.0
LFMDP,"LifeMD, Inc.",United States,NGM,USD,,,39176353.0,
EEFT,"Euronet Worldwide, Inc.",United States,NMS,USD,,42044681.0,39231471.0,3218940672.0
FDP,Fresh Del Monte Produce Inc.,Cayman Islands,NYQ,USD,,47774777.0,39237902.0,1720381440.0
SMXT,"SolarMax Technology, Inc.",United States,NCM,USD,,54302950.0,39282211.0,43398920.0
FPI,Farmland Partners Inc.,United States,NYQ,USD,,43097555.0,39325661.0,436558112.0
CNXC,Concentrix Corporation,United States,NMS,USD,,62257439.0,39394017.0,2644534016.0
LUNG,Pulmonx Corporation,United States,NMS,USD,,41247034.0,39438764.0,91568416.0
TLSI,"TriSalus Life Sciences, Inc.",United States,NGM,USD,,49964311.0,39539258.0,343254816.0
BTCS,BTCS Inc.,United States,NCM,USD,,46838532.0,39540152.0,139833584.0
WLYB,"John Wiley & Sons, Inc.",United States,NYQ,USD,,8766037.0,39549666.0,1735478144.0
DUOL,"Duolingo, Inc.",United States,NMS,USD,,40013533.0,39610835.0,8397661696.0
SKYW,"SkyWest, Inc.",United States,NMS,USD,,40103900.0,39642304.0,4148865792.0
BBU,Brookfield Business Partners L.P.,Bermuda,NYQ,USD,,88675931.0,39644756.0,3246425856.0
NFBK,"Northfield Bancorp, Inc. (Staten Island, NY)",United States,NMS,USD,,41801495.0,39670873.0,490437472.0
NNNN,Anbio Biotechnology,Germany,NGM,USD,,43891200.0,39691251.0,1470355200.0
ACLX,"Arcellx, Inc.",United States,NMS,USD,,57822871.0,39703496.0,3799540992.0
EHAB,"Enhabit, Inc.",United States,NYQ,USD,,50607075.0,39770582.0,475475808.0
CNTX,Context Therapeutics Inc.,United States,NCM,USD,,91879177.0,39796547.0,103823472.0
SRG,Seritage Growth Properties,United States,NYQ,USD,,56324607.0,39875569.0,188687424.0
THS,"TreeHouse Foods, Inc.",United States,NYQ,USD,,50500000.0,39901060.0,1195335040.0
OCS,Oculis Holding AG,Switzerland,NGM,USD,,57806909.0,39934746.0,1185041664.0
APPN,Appian Corporation,United States,NGM,USD,,42735083.0,40045377.0,2649603840.0
UTHR,United Therapeutics Corporation,United States,NMS,USD,,43056599.0,40055123.0,22936952832.0
CIGI,Colliers International Group Inc.,Canada,NMS,USD,,49615627.0,40062802.0,7629990912.0
ACIU,AC Immune SA,Switzerland,NGM,USD,,100600000.0,40064895.0,314878016.0
BNCWW,CEA Industries Inc.,United States,NCM,USD,,,40067751.0,
XPER,Xperi Inc.,United States,NYQ,USD,,46335385.0,40076401.0,274768832.0
HFFG,HF Foods Group Inc.,United States,NCM,USD,,53043832.0,40131372.0,119348624.0
GLOB,Globant S.A.,Luxembourg,NYQ,USD,,44053708.0,40190201.0,2972744448.0
INSW,"International Seaways, Inc.",United States,NYQ,USD,,49394531.0,40308901.0,2397610752.0
H,Hyatt Hotels Corporation,United States,NYQ,USD,,41819241.0,40337312.0,15820908544.0
MDIA,MediaCo Holding Inc.,United States,NCM,USD,,76435287.0,40361124.0,53928432.0
CAKE,The Cheesecake Factory Incorporated,United States,NMS,USD,,49841690.0,40401592.0,2619180544.0
SLDB,Solid Biosciences Inc.,United States,NMS,USD,,77910239.0,40407366.0,454995808.0
CQP,"Cheniere Energy Partners, L.P.",United States,NYQ,USD,,484052623.0,40418394.0,25872611328.0
HMN,Horace Mann Educators Corporation,United States,NYQ,USD,,40684968.0,40440044.0,1891851008.0
LZB,La-Z-Boy Incorporated,United States,NYQ,USD,,41248970.0,40463177.0,1557973504.0
SY,So-Young International Inc.,China,NCM,USD,,84037896.0,40499889.0,262047680.0
CURI,CuriosityStream Inc.,United States,NCM,USD,,58298507.0,40502888.0,223283280.0
OVID,Ovid Therapeutics Inc.,United States,NCM,USD,,71212353.0,40555435.0,126757984.0
GCTS,"GCT Semiconductor Holding, Inc.",United States,NYQ,USD,,57099558.0,40572091.0,69661464.0
SIGA,"SIGA Technologies, Inc.",United States,NGM,USD,,71611302.0,40592150.0,449002880.0
AZTA,"Azenta, Inc.",United States,NMS,USD,,45989578.0,40592442.0,1598137728.0
NXDT,NexPoint Diversified Real Estate Trust,United States,NYQ,USD,,49020409.0,40593310.0,190199184.0
DAKT,"Daktronics, Inc.",United States,NMS,USD,,48747817.0,40613756.0,904271936.0
FBNC,First Bancorp,United States,NMS,USD,,41465329.0,40686610.0,2159099648.0
ODD,Oddity Tech Ltd.,Israel,NGM,USD,,45891873.0,40744544.0,2407837440.0
MNR,Mach Natural Resources LP,United States,NYQ,USD,,168422811.0,40790321.0,1877914368.0
CYRX,"Cryoport, Inc.",United States,NCM,USD,,50068904.0,40815670.0,483665600.0
CAPR,"Capricor Therapeutics, Inc.",United States,NCM,USD,,54399282.0,40826141.0,1615114752.0
STOK,"Stoke Therapeutics, Inc.",United States,NMS,USD,,57117150.0,40828481.0,1823179520.0
BLFS,"BioLife Solutions, Inc.",United States,NCM,USD,,48148046.0,40831950.0,1198886400.0
TONX,TON Strategy Co,United States,NCM,USD,,59090521.0,40835095.0,130430128.0
PERI,Perion Network Ltd.,Israel,NMS,USD,,40897448.0,40853222.0,404675968.0
SJT,San Juan Basin Royalty Trust,United States,NYQ,USD,,46608796.0,40996631.0,247026624.0
KRNT,Kornit Digital Ltd.,Israel,NMS,USD,,45972712.0,41015006.0,666144576.0
PLYM,"Plymouth Industrial REIT, Inc.",United States,NYQ,USD,,44551164.0,41040532.0,985507200.0
GDOT,Green Dot Corporation,United States,NYQ,USD,,55548617.0,41060249.0,727686912.0
PYXS,"Pyxis Oncology, Inc.",United States,NMS,USD,,62264215.0,41131118.0,69113280.0
PMVP,"PMV Pharmaceuticals, Inc.",United States,NMS,USD,,53211507.0,41147926.0,65982272.0
ASGN,ASGN Incorporated,United States,NYQ,USD,,42700000.0,41161946.0,2190875904.0
EVTL,Vertical Aerospace Ltd.,United Kingdom,NYQ,USD,,99787293.0,41162258.0,548830144.0
CSL,Carlisle Companies Incorporated,United States,NYQ,USD,,41785774.0,41178458.0,14121423872.0
GEMI,"Gemini Space Station, Inc.",United States,NMS,USD,,42526934.0,41192920.0,1251835648.0
BCO,The Brink's Company,United States,NYQ,USD,,41545506.0,41198601.0,4984059392.0
NWN,Northwest Natural Holding Company,United States,NYQ,USD,,41507042.0,41301582.0,1944189696.0
SSD,"Simpson Manufacturing Co., Inc.",United States,NYQ,USD,,41459275.0,41310851.0,6957579776.0
SWBI,"Smith & Wesson Brands, Inc.",United States,NMS,USD,,44493745.0,41395646.0,444492480.0
TXO,"TXO Partners, L.P.",United States,NYQ,USD,,54784292.0,41425142.0,577974272.0
FOXF,Fox Factory Holding Corp.,United States,NMS,USD,,41801357.0,41576466.0,741556032.0
BGIN,Bgin Blockchain Limited,Singapore,NGM,USD,,90581566.0,41603141.0,282839872.0
TBBK,"The Bancorp, Inc.",United States,NMS,USD,,43917627.0,41604486.0,3217667072.0
CMP,"Compass Minerals International, Inc.",United States,NYQ,USD,,41819495.0,41651799.0,838899072.0
POST,"Post Holdings, Inc.",United States,NYQ,USD,,51603620.0,41678985.0,5275979776.0
TFX,Teleflex Incorporated,United States,NYQ,USD,,44194408.0,41709356.0,5425305600.0
FSV,FirstService Corporation,Canada,NMS,USD,,45712236.0,41752185.0,7176770560.0
SXT,Sensient Technologies Corporation,United States,NYQ,USD,,42481950.0,41810735.0,4082940416.0
MAN,ManpowerGroup Inc.,United States,NYQ,USD,,46297180.0,41854040.0,1381044864.0
PPC,Pilgrim's Pride Corporation,United States,NMS,USD,,237547447.0,41898619.0,9459139584.0
RGNX,REGENXBIO Inc.,United States,NMS,USD,,50623086.0,41907816.0,716822912.0
EONR,EON Resources Inc.,United States,ASE,USD,,49968344.0,41933434.0,19337748.0
LRN,"Stride, Inc.",United States,NYQ,USD,,43858627.0,41937008.0,2903959552.0
DCOM,"Dime Community Bancshares, Inc.",United States,NMS,USD,,43894345.0,41952459.0,1369942400.0
DCOMP,"Dime Community Bancshares, Inc.",United States,NMS,USD,,,41952459.0,
CEPF,"Cantor Equity Partners IV, Inc.",United States,NGM,USD,,45900000.0,42005250.0,588073472.0
RMNI,"Rimini Street, Inc.",United States,NGM,USD,,91752000.0,42011406.0,364520928.0
MNOV,"MediciNova, Inc.",United States,NGM,USD,,49146246.0,42094922.0,62415736.0
METCI,"Ramaco Resources, Inc.",United States,NGM,USD,,,42145669.0,
METCB,"Ramaco Resources, Inc.",United States,NMS,USD,,10998605.0,42145669.0,1562385408.0
DSGR,"Distribution Solutions Group, Inc.",United States,NMS,USD,,46227784.0,42159277.0,1329020672.0
CLLS,Cellectis S.A.,France,NGM,USD,,72325229.0,42290731.0,476544864.0
NTB,The Bank of N.T. Butterfield & Son Limited,Bermuda,NYQ,USD,,41201173.0,42356102.0,2107900544.0
PRGS,Progress Software Corporation,United States,NMS,USD,,42907573.0,42372086.0,1876506368.0
NUAIW,"New Era Energy & Digital, Inc.",United States,NCM,USD,,,42386796.0,
NUAI,"New Era Energy & Digital, Inc.",United States,NGM,USD,,53449171.0,42386796.0,243728224.0
MNDY,monday.com Ltd.,Israel,NMS,USD,,51551462.0,42433373.0,7515172352.0
BLCO,Bausch + Lomb Corporation,Canada,NYQ,USD,,354189784.0,42456729.0,6084980736.0
TUSK,"Mammoth Energy Services, Inc.",United States,NMS,USD,,48194035.0,42473885.0,90604784.0
BRC,Brady Corporation,United States,NYQ,USD,,43638096.0,42479338.0,3776496896.0
AXSM,"Axsome Therapeutics, Inc.",United States,NGM,USD,,50412640.0,42498360.0,7665242112.0
PCRX,"Pacira BioSciences, Inc.",United States,NMS,USD,,43021275.0,42508892.0,1191166464.0
AVO,"Mission Produce, Inc.",United States,NMS,USD,,70569517.0,42532248.0,824124736.0
AWI,"Armstrong World Industries, Inc.",United States,NYQ,USD,,43128042.0,42547970.0,8316414464.0
BLSH,Bullish,Cayman Islands,NYQ,USD,,150683739.0,42682750.0,6199129088.0
GFF,Griffon Corporation,United States,NYQ,USD,,46231089.0,42725386.0,3517971456.0
TYL,"Tyler Technologies, Inc.",United States,NYQ,USD,,43027728.0,42819474.0,19946291200.0
KULR,"KULR Technology Group, Inc.",United States,ASE,USD,,45682027.0,42851717.0,156232544.0
AVNS,"Avanos Medical, Inc.",United States,NYQ,USD,,46418907.0,42870182.0,529639744.0
FDMT,"4D Molecular Therapeutics, Inc.",United States,NMS,USD,,57135075.0,42909584.0,455366528.0
SEMR,"Semrush Holdings, Inc.",United States,NYQ,USD,,128226377.0,42915668.0,1770059776.0
SAVA,"Cassava Sciences, Inc.",United States,NCM,USD,,48307896.0,42984366.0,105311216.0
AMSC,American Superconductor Corporation,United States,NMS,USD,,47603931.0,43066625.0,1455728256.0
NP,Neptune Insurance Holdings Inc.,United States,NYQ,USD,,94600000.0,43130416.0,4127246592.0
SEI,"Solaris Energy Infrastructure, Inc.",United States,NYQ,USD,,48802385.0,43242817.0,3205045248.0
EOLS,"Evolus, Inc.",United States,NGM,USD,,64819784.0,43265909.0,447256512.0
GVA,Granite Construction Incorporated,United States,NYQ,USD,,43649806.0,43302790.0,5226315776.0
IMAX,IMAX Corporation,Canada,NYQ,USD,,53798934.0,43366783.0,2026605824.0
PRTA,Prothena Corporation plc,Ireland,NMS,USD,,53829982.0,43391810.0,513538048.0
OFG,OFG Bancorp,United States,NYQ,USD,,43955219.0,43477426.0,1858675584.0
DEA,"Easterly Government Properties, Inc.",United States,NYQ,USD,,46108379.0,43511211.0,1098400640.0
GWW,"W.W. Grainger, Inc.",United States,NYQ,USD,,47549337.0,43558521.0,48993611776.0
ACEL,"Accel Entertainment, Inc.",United States,NYQ,USD,,83207946.0,43677515.0,986237440.0
EAT,"Brinker International, Inc.",United States,NYQ,USD,,44431215.0,43716317.0,6647354368.0
LIDR,"AEye, Inc.",United States,NCM,USD,,45054997.0,43761919.0,98219896.0
LIDRW,"AEye, Inc.",United States,NCM,USD,,,43761919.0,
CVLT,"Commvault Systems, Inc.",United States,NMS,USD,,44094362.0,43768946.0,5708620288.0
NXXT,NextNRG Inc.,United States,NCM,USD,,135406340.0,43776845.0,213942016.0
OLED,Universal Display Corporation,United States,NMS,USD,,47542245.0,43810654.0,5686052352.0
SITE,"SiteOne Landscape Supply, Inc.",United States,NYQ,USD,,44536512.0,43839070.0,5675166720.0
CALM,"Cal-Maine Foods, Inc.",United States,NMS,USD,,48499606.0,43854799.0,3975997952.0
HTLD,"Heartland Express, Inc.",United States,NMS,USD,,77447537.0,43872481.0,712517312.0
MIRM,"Mirum Pharmaceuticals, Inc.",United States,NGM,USD,,51683837.0,43874694.0,4096461056.0
NHI,"National Health Investors, Inc.",United States,NYQ,USD,,47638502.0,43907451.0,3674357760.0
DLX,Deluxe Corporation,United States,NYQ,USD,,45007664.0,43916678.0,1021223936.0
TCRX,"TScan Therapeutics, Inc.",United States,NGM,USD,,52471405.0,44031335.0,60152868.0
WS,"Worthington Steel, Inc.",United States,NYQ,USD,,49857111.0,44078672.0,1796850304.0
EME,"EMCOR Group, Inc.",United States,NYQ,USD,,44765864.0,44154362.0,28072226816.0
MYND,"Mynd.ai, Inc.",United States,ASE,USD,,45644686.0,44225136.0,22553040.0
UCTT,"Ultra Clean Holdings, Inc.",United States,NMS,USD,,45387088.0,44519287.0,1181879808.0
GTLS,"Chart Industries, Inc.",United States,NYQ,USD,,44952953.0,44689529.0,9253565440.0
SAIC,Science Applications International Corporation,United States,NMS,USD,,45127414.0,44714498.0,4726919680.0
NUVL,"Nuvalent, Inc.",United States,NMS,USD,,72221957.0,44742985.0,8083727872.0
MITK,"Mitek Systems, Inc.",United States,NCM,USD,,45742350.0,44752486.0,482124384.0
ANF,Abercrombie & Fitch Co.,United States,NYQ,USD,,45857556.0,44756975.0,5970335744.0
TCBI,"Texas Capital Bancshares, Inc.",United States,NMS,USD,,45643585.0,44827478.0,4291833088.0
TCBIO,"Texas Capital Bancshares, Inc.",United States,NMS,USD,,,44827478.0,
LPTH,"LightPath Technologies, Inc.",United States,NCM,USD,,45530177.0,44827743.0,410682208.0
HNI,HNI Corporation,United States,NYQ,USD,,45843684.0,44855972.0,1940563200.0
SHEN,Shenandoah Telecommunications Company,United States,NMS,USD,,54898139.0,44894600.0,620897984.0
SACH,Sachem Capital Corp.,United States,ASE,USD,,47691121.0,44999434.0,47457436.0
GPMT,Granite Point Mortgage Trust Inc.,United States,NYQ,USD,,47405734.0,45043980.0,115670000.0
TPC,Tutor Perini Corporation,United States,NYQ,USD,,52743248.0,45049590.0,3642448640.0
CBZ,"CBIZ, Inc.",United States,NYQ,USD,,54401424.0,45061990.0,2879467264.0
CGEM,"Cullinan Therapeutics, Inc.",United States,NMS,USD,,59076259.0,45079321.0,612620800.0
AXGN,"Axogen, Inc.",United States,NCM,USD,,46122289.0,45109905.0,1512811008.0
CIA,"Citizens, Inc.",United States,NYQ,USD,,50296848.0,45118285.0,259531728.0
MSM,"MSC Industrial Direct Co., Inc.",United States,NYQ,USD,,55791582.0,45150412.0,4877300224.0
ITRI,"Itron, Inc.",United States,NMS,USD,,44858794.0,45176182.0,4418000384.0
AORT,"Artivion, Inc.",United States,NYQ,USD,,47374939.0,45182901.0,2193933568.0
BFH,"Bread Financial Holdings, Inc.",United States,NYQ,USD,,45600000.0,45224619.0,3494784000.0
MBI,MBIA Inc.,United States,NYQ,USD,,50493626.0,45229665.0,359514592.0
SRTAW,"Strata Critical Medical, Inc.",United States,NCM,USD,,,45245150.0,
SRTA,"Strata Critical Medical, Inc.",United States,NCM,USD,,86366526.0,45245150.0,420604992.0
IMRX,Immuneering Corporation,United States,NGM,USD,,64569967.0,45260318.0,434555872.0
XTNT,"Xtant Medical Holdings, Inc.",United States,ASE,USD,,140004240.0,45275971.0,108643296.0
FBK,FB Financial Corporation,United States,NYQ,USD,,53462482.0,45382697.0,3037203712.0
COHU,"Cohu, Inc.",United States,NMS,USD,,46692617.0,45449660.0,1096809600.0
CADL,"Candel Therapeutics, Inc.",United States,NGM,USD,,54898303.0,45481597.0,329938816.0
PACS,"PACS Group, Inc.",United States,NYQ,USD,,156615144.0,45490435.0,5968603136.0
SHCO,Soho House & Co Inc.,United Kingdom,NYQ,USD,,54149151.0,45508609.0,1753019904.0
SNEX,StoneX Group Inc.,United States,NMS,USD,,52243891.0,45584362.0,5234315776.0
ALH,Alliance Laundry Holdings Inc.,United States,NYQ,USD,,202826920.0,45617212.0,4330355200.0
RAYA,Erayak Power Solution Group Inc.,China,NCM,USD,,854061.0,45648800.0,3615686.0
TDW,Tidewater Inc.,United States,NYQ,USD,,49563157.0,45668484.0,2494513664.0
EPC,Edgewell Personal Care Company,United States,NYQ,USD,,46715107.0,45682715.0,816580096.0
GALT,Galectin Therapeutics Inc.,United States,NCM,USD,,64472792.0,45758275.0,261140800.0
GOOS,Canada Goose Holdings Inc.,Canada,NYQ,USD,,46066744.0,45837812.0,1249302016.0
VIA,"Via Transportation, Inc.",United States,NYQ,USD,,77144637.0,45864291.0,2585831680.0
SFD,"Smithfield Foods, Inc.",United States,NMS,USD,,393112711.0,45895909.0,8821449728.0
MUX,McEwen Inc.,Canada,NYQ,USD,,54480457.0,45898695.0,1095057152.0
GCMG,GCM Grosvenor Inc.,United States,NGM,USD,,186880000.0,45908592.0,2139776000.0
QURE,uniQure N.V.,Netherlands,NMS,USD,,62291663.0,45909579.0,1545456128.0
CNL,Collective Mining Ltd.,Canada,ASE,USD,,92264749.0,45940464.0,1428106112.0
SRFM,Surf Air Mobility Inc.,United States,NYQ,USD,,63223450.0,45944472.0,128343600.0
ALTI,"AlTi Global, Inc.",United States,NCM,USD,,102464812.0,45950345.0,693602688.0
NAUT,"Nautilus Biotechnology, Inc.",United States,NCM,USD,,126305122.0,45999062.0,250084144.0
SPRO,"Spero Therapeutics, Inc.",United States,NMS,USD,,56339295.0,46006105.0,130707160.0
DENN,Denny's Corporation,United States,NCM,USD,,51498994.0,46009716.0,319808768.0
VERA,"Vera Therapeutics, Inc.",United States,NGM,USD,,70986890.0,46032682.0,3803477504.0
MPWR,"Monolithic Power Systems, Inc.",United States,NMS,USD,,47907000.0,46041501.0,45335351296.0
CLB,Core Laboratories Inc.,United States,NYQ,USD,,46563387.0,46051190.0,767183232.0
STEL,"Stellar Bancorp, Inc.",United States,NYQ,USD,,51187494.0,46052365.0,1600661888.0
HGTY,"Hagerty, Inc.",United States,NYQ,USD,,100511893.0,46133954.0,4744416768.0
LAB,Standard BioTools Inc.,United States,NMS,USD,,384565414.0,46147570.0,530700256.0
HAE,Haemonetics Corporation,United States,NYQ,USD,,46809672.0,46219870.0,3867670016.0
EVAC,EQV Ventures Acquisition Corp. II,United States,NYQ,USD,,46947857.0,46227579.0,590818816.0
CCOI,"Cogent Communications Holdings, Inc.",United States,NMS,USD,,49121159.0,46249387.0,1109561856.0
HG,"Hamilton Insurance Group, Ltd.",Bermuda,NYQ,USD,,64537772.0,46303676.0,2801951232.0
NEXN,Nexxen International Ltd.,Israel,NGM,USD,,56748622.0,46381177.0,424893856.0
QNCX,"Quince Therapeutics, Inc.",United States,NMS,USD,,55681490.0,46456738.0,198226096.0
TDY,Teledyne Technologies Incorporated,United States,NYQ,USD,,46950987.0,46462227.0,24290093056.0
WK,Workiva Inc.,United States,NYQ,USD,,52432466.0,46486934.0,4908397568.0
LTC,"LTC Properties, Inc.",United States,NYQ,USD,,47614192.0,46529065.0,1626976896.0
PACK,Ranpak Holdings Corp.,United States,NYQ,USD,,84375870.0,46597418.0,486848768.0
KNTK,Kinetik Holdings Inc.,United States,NYQ,USD,,64027442.0,46627344.0,2270413056.0
JLL,Jones Lang LaSalle Incorporated,United States,NYQ,USD,,47194630.0,46683512.0,16439392256.0
CRSR,"Corsair Gaming, Inc.",United States,NMS,USD,,106575210.0,46730032.0,650108736.0
CRTO,Criteo S.A.,France,NMS,USD,,50354158.0,46741425.0,1007586752.0
CYBR,CyberArk Software Ltd.,Israel,NMS,USD,,50476952.0,46766100.0,22949345280.0
NEXA,Nexa Resources S.A.,Luxembourg,NYQ,USD,,132438611.0,46783939.0,1244922880.0
VCTR,"Victory Capital Holdings, Inc.",United States,NMS,USD,,64935459.0,46949636.0,4294171392.0
MELI,"MercadoLibre, Inc.",Uruguay,NMS,USD,,50697182.0,47022143.0,101683847168.0
CD,Chaince Digital Holdings Inc.,United States,NGM,USD,,70874797.0,47113781.0,404695104.0
ACHV,"Achieve Life Sciences, Inc.",United States,NCM,USD,,53233988.0,47162652.0,238754448.0
CSIQ,Canadian Solar Inc.,Canada,NMS,USD,,66972246.0,47236951.0,1619388928.0
ROAD,"Construction Partners, Inc.",United States,NMS,USD,,47947509.0,47242129.0,6391465984.0
UPXI,"Upexi, Inc.",United States,NCM,USD,,63208083.0,47330308.0,118199120.0
CDLX,"Cardlytics, Inc.",United States,NGM,USD,,54056548.0,47331913.0,64057008.0
CLDT,Chatham Lodging Trust,United States,NYQ,USD,,48516000.0,47335230.0,349374752.0
CMRE,Costamare Inc.,Monaco,NYQ,USD,,120427394.0,47372524.0,1893118592.0
EBS,Emergent BioSolutions Inc.,United States,NYQ,USD,,52519964.0,47390339.0,663154176.0
ALRM,"Alarm.com Holdings, Inc.",United States,NMS,USD,,49879680.0,47432084.0,2585579776.0
HLP,Hongli Group Inc.,China,NCM,USD,,73438750.0,47450980.0,91064056.0
CNOB,"ConnectOne Bancorp, Inc.",United States,NMS,USD,,50273089.0,47490906.0,1349832448.0
PRA,ProAssurance Corporation,United States,NYQ,USD,,51413643.0,47509805.0,1237012224.0
PBH,Prestige Consumer Healthcare Inc.,United States,NYQ,USD,,48084010.0,47513734.0,3092126464.0
ALDX,"Aldeyra Therapeutics, Inc.",United States,NCM,USD,,60162773.0,47577924.0,319464320.0
NUS,"Nu Skin Enterprises, Inc.",United States,NYQ,USD,,48750076.0,47594212.0,479700768.0
MCHB,Mechanics Bancorp,United States,NMS,USD,,220099202.0,47616238.0,3245204224.0
FCEL,"FuelCell Energy, Inc.",United States,NGM,USD,,47736734.0,47647466.0,404807488.0
TMCI,"Treace Medical Concepts, Inc.",United States,NMS,USD,,63718073.0,47680871.0,154197744.0
PDSB,PDS Biotechnology Corporation,United States,NCM,USD,,54721307.0,47717105.0,49479008.0
WCC,"WESCO International, Inc.",United States,NYQ,USD,,48646230.0,47787138.0,12358870016.0
MOH,"Molina Healthcare, Inc.",United States,NYQ,USD,,51400000.0,47933070.0,8934327296.0
ATRC,"AtriCure, Inc.",United States,NGM,USD,,49716988.0,47969436.0,2005086208.0
REVG,"REV Group, Inc.",United States,NYQ,USD,,48806145.0,48008165.0,3052824320.0
ARW,"Arrow Electronics, Inc.",United States,NYQ,USD,,51511356.0,48089972.0,5840872448.0
HGV,Hilton Grand Vacations Inc.,United States,NYQ,USD,,85543093.0,48101737.0,3984611328.0
JFIN,Jiayin Group Inc.,China,NGM,USD,,26369546.0,48110466.0,330891168.0
LXEO,"Lexeo Therapeutics, Inc.",United States,NGM,USD,,72987327.0,48178205.0,748120128.0
KYMR,"Kymera Therapeutics, Inc.",United States,NGM,USD,,79999027.0,48455511.0,6505520640.0
GNS,Genius Group Limited,Singapore,ASE,USD,,84808823.0,48472840.0,55375348.0
TWI,"Titan International, Inc.",United States,NYQ,USD,,63951494.0,48485465.0,504577280.0
CRS,Carpenter Technology Corporation,United States,NYQ,USD,,49818822.0,48519049.0,16667379712.0
ONTO,Onto Innovation Inc.,United States,NYQ,USD,,49652933.0,48618092.0,7971779072.0
APGE,"Apogee Therapeutics, Inc.",United States,NGM,USD,,54833587.0,48647548.0,5282520064.0
CRL,"Charles River Laboratories International, Inc.",United States,NYQ,USD,,49215471.0,48695263.0,10023223296.0
BHR,Braemar Hotels & Resorts Inc.,United States,NYQ,USD,,68219432.0,48765979.0,224538896.0
INDB,Independent Bank Corp.,United States,NMS,USD,,49577265.0,48773122.0,3758140416.0
OTLK,"Outlook Therapeutics, Inc.",United States,NCM,USD,,64114399.0,48780158.0,116688208.0
PARR,"Par Pacific Holdings, Inc.",United States,NYQ,USD,,50291043.0,48824556.0,1779022080.0
CR,Crane Company,United States,NYQ,USD,,57596887.0,48830641.0,10816695296.0
LND,BrasilAgro - Companhia Brasileira de Propriedades Agrícolas,Brazil,NYQ,USD,,99615457.0,48847541.0,355627168.0
BL,"BlackLine, Inc.",United States,NMS,USD,,59486668.0,48881980.0,3574640640.0
UTI,"Universal Technical Institute, Inc.",United States,NYQ,USD,,54429869.0,48954768.0,1485935360.0
IKT,"Inhibikase Therapeutics, Inc.",United States,NCM,USD,,121267045.0,49093919.0,242534096.0
SITC,SITE Centers Corp.,United States,NYQ,USD,,52462340.0,49199182.0,341393280.0
ONL,Orion Properties Inc.,United States,NYQ,USD,,56314634.0,49323172.0,126707928.0
VNDA,Vanda Pharmaceuticals Inc.,United States,NGM,USD,,59096630.0,49330912.0,416040288.0
NDSN,Nordson Corporation,United States,NMS,USD,,55823516.0,49763315.0,13620379648.0
GSAT,"Globalstar, Inc.",United States,NMS,USD,,126838414.0,49790419.0,7976867840.0
MATV,"Mativ Holdings, Inc.",United States,NYQ,USD,,54681114.0,49796450.0,680233024.0
GDC,GD Culture Group Limited,United States,NCM,USD,,57318111.0,49848286.0,276273312.0
PTGX,"Protagonist Therapeutics, Inc.",United States,NGM,USD,,62515666.0,49893128.0,5550140416.0
VCEL,Vericel Corporation,United States,NGM,USD,,50574026.0,50018723.0,1904617728.0
IMTX,Immatics N.V.,Germany,NCM,USD,,134063829.0,50023516.0,1370132352.0
LODE,Comstock Inc.,United States,ASE,USD,,51264247.0,50057487.0,201981136.0
HBNC,"Horizon Bancorp, Inc.",United States,NMS,USD,,51217433.0,50093210.0,894579456.0
TFSL,TFS Financial Corporation,United States,NMS,USD,,280513055.0,50102325.0,3926825472.0
CNR,"Core Natural Resources, Inc.",United States,NYQ,USD,,51239470.0,50122962.0,4559347200.0
CROX,"Crocs, Inc.",United States,NMS,USD,,51915657.0,50129239.0,5004588544.0
WHR,Whirlpool Corporation,United States,NYQ,USD,,56148646.0,50132319.0,4048879104.0
VOYG,"Voyager Technologies, Inc.",United States,NYQ,USD,,52626738.0,50227362.0,1625058944.0
ZBRA,Zebra Technologies Corporation,United States,NMS,USD,,50660242.0,50238242.0,12521635840.0
PHAT,"Phathom Pharmaceuticals, Inc.",United States,NMS,USD,,71138440.0,50254315.0,1249190912.0
ELDN,"Eledon Pharmaceuticals, Inc.",United States,NCM,USD,,75034260.0,50353247.0,120054824.0
THO,"THOR Industries, Inc.",United States,NYQ,USD,,52838664.0,50355247.0,5609881088.0
VFS,VinFast Auto Ltd.,Vietnam,NMS,USD,,2339512676.0,50369708.0,7930948096.0
KLIC,"Kulicke and Soffa Industries, Inc.",Singapore,NMS,USD,,52363000.0,50428711.0,2447970304.0
CLH,"Clean Harbors, Inc.",United States,NYQ,USD,,53431835.0,50479726.0,12916340736.0
SFBS,"ServisFirst Bancshares, Inc.",United States,NYQ,USD,,54621834.0,50484776.0,4019620352.0
HUBS,"HubSpot, Inc.",United States,NYQ,USD,,52385551.0,50513291.0,20980289536.0
CRUS,"Cirrus Logic, Inc.",United States,NMS,USD,,51030389.0,50550193.0,6204520960.0
OSBC,"Old Second Bancorp, Inc.",United States,NMS,USD,,52669224.0,50662527.0,1048117568.0
WIX,Wix.com Ltd.,Israel,NMS,USD,,54864708.0,50690517.0,5874896896.0
VYGR,"Voyager Therapeutics, Inc.",United States,NMS,USD,,55600084.0,50692821.0,226848336.0
HRMY,"Harmony Biosciences Holdings, Inc.",United States,NGM,USD,,57596358.0,50705530.0,2196149248.0
SB,"Safe Bulkers, Inc.",Monaco,NYQ,USD,,102328395.0,50747721.0,493222880.0
CLYM,Climb Bio Inc,United States,NGM,USD,,47744435.0,50830133.0,336149248.0
ECG,"Everus Construction Group, Inc.",United States,NYQ,USD,,51006575.0,50844884.0,4595182080.0
PLRX,"Pliant Therapeutics, Inc.",United States,NMS,USD,,61449385.0,50936624.0,74353760.0
NBTB,NBT Bancorp Inc.,United States,NMS,USD,,52315193.0,50952382.0,2237751552.0
TOON,Kartoon Studios Inc.,United States,ASE,USD,,53896755.0,51096671.0,40148960.0
SMWB,Similarweb Ltd.,Israel,NYQ,USD,,86281315.0,51125130.0,616048576.0
MHK,"Mohawk Industries, Inc.",United States,NYQ,USD,,61821362.0,51127503.0,6848800768.0
SWIM,"Latham Group, Inc.",United States,NMS,USD,,116655775.0,51151224.0,739597632.0
VTEX,VTEX,Cayman Islands,NYQ,USD,,97168865.0,51162790.0,675083584.0
PENG,"Penguin Solutions, Inc.",United States,NMS,USD,,52560157.0,51182637.0,1072515968.0
VSTM,"Verastem, Inc.",United States,NCM,USD,,75319800.0,51280634.0,607077632.0
MRX,Marex Group plc,United Kingdom,NMS,USD,,71699922.0,51367330.0,2884616448.0
ARHS,"Arhaus, Inc.",United States,NMS,USD,,53947912.0,51368278.0,1653264512.0
JBTM,JBT Marel Corporation,United States,NYQ,USD,,51971372.0,51394490.0,8058161152.0
LIVN,LivaNova PLC,United Kingdom,NMS,USD,,54605527.0,51442229.0,3433049600.0
HCC,"Warrior Met Coal, Inc.",United States,NYQ,USD,,52570156.0,51488262.0,4688732160.0
PAY,"Paymentus Holdings, Inc.",United States,NYQ,USD,,55578758.0,51514742.0,3948489216.0
AGIO,"Agios Pharmaceuticals, Inc.",United States,NMS,USD,,58313812.0,51551742.0,1633953024.0
GRWG,GrowGeneration Corp.,United States,NCM,USD,,59843443.0,51652671.0,96347944.0
KFY,Korn Ferry,United States,NYQ,USD,,52194944.0,51696482.0,3515435008.0
MOD,Modine Manufacturing Company,United States,NYQ,USD,,52648568.0,51830936.0,7247074816.0
CRMLW,Critical Metals Corp.,British Virgin Islands,NCM,USD,,,51876258.0,
NESR,National Energy Services Reunited Corp.,United States,NCM,USD,,100777759.0,51896515.0,1520736384.0
ERII,"Energy Recovery, Inc.",United States,NMS,USD,,52972096.0,51922189.0,738393600.0
RS,"Reliance, Inc.",United States,NYQ,USD,,52286963.0,51999385.0,15605029888.0
AAT,"American Assets Trust, Inc.",United States,NYQ,USD,,61152542.0,52068332.0,1461622912.0
EPAC,Enerpac Tool Group Corp.,United States,NYQ,USD,,52776305.0,52102352.0,2136745728.0
SLNH,"Soluna Holdings, Inc.",United States,NCM,USD,,98574468.0,52130882.0,138990000.0
SLNHP,"Soluna Holdings, Inc.",United States,NCM,USD,,,52130882.0,
RVSNW,Rail Vision Ltd.,Israel,NCM,USD,,,52142045.0,
CBU,"Community Financial System, Inc.",United States,NYQ,USD,,52661489.0,52204387.0,3120681984.0
BLZE,"Backblaze, Inc.",United States,NGM,USD,,57678396.0,52358711.0,279163456.0
ZVRA,"Zevra Therapeutics, Inc.",United States,NMS,USD,,56297535.0,52365715.0,499359136.0
UPBD,"Upbound Group, Inc.",United States,NMS,USD,,57905731.0,52385578.0,1020299072.0
UHS,"Universal Health Services, Inc.",United States,NYQ,USD,,55233701.0,52392814.0,14486712320.0
EGP,"EastGroup Properties, Inc.",United States,NYQ,USD,,53348800.0,52603637.0,9653999616.0
BZAIW,"Blaize Holdings, Inc.",United States,NCM,USD,,15162700.0,52609494.0,6368334.0
BZAI,"Blaize Holdings, Inc.",United States,NGM,USD,,122043070.0,52609494.0,245306576.0
MGNX,"MacroGenics, Inc.",United States,NMS,USD,,63258532.0,52619080.0,101846240.0
PSNL,"Personalis, Inc.",United States,NGM,USD,,88804348.0,52638777.0,722867456.0
RGEN,Repligen Corporation,United States,NMS,USD,,56290749.0,52682512.0,9356085248.0
SANM,Sanmina Corporation,United States,NMS,USD,,54563887.0,52684161.0,8574366720.0
NAGE,"Niagen Bioscience, Inc.",United States,NCM,USD,,79806139.0,52706662.0,529912736.0
REPL,"Replimune Group, Inc.",United States,NMS,USD,,78443334.0,52846490.0,781295616.0
MERC,Mercer International Inc.,Canada,NMS,USD,,66982506.0,52868703.0,137314144.0
HUBB,Hubbell Incorporated,United States,NYQ,USD,,53144752.0,52885937.0,24177674240.0
PII,Polaris Inc.,United States,NYQ,USD,,56248333.0,52985367.0,3726451968.0
SLNO,"Soleno Therapeutics, Inc.",United States,NCM,USD,,53710025.0,53026296.0,2559282688.0
ACMR,"ACM Research, Inc.",United States,NGM,USD,,59854640.0,53114350.0,2635281408.0
PHR,"Phreesia, Inc.",United States,NYQ,USD,,60287003.0,53174342.0,1026084864.0
EPAM,"EPAM Systems, Inc.",United States,NYQ,USD,,55242618.0,53344482.0,11774884864.0
INO,"Inovio Pharmaceuticals, Inc.",United States,NCM,USD,,68703375.0,53348281.0,157330736.0
CHRD,Chord Energy Corporation,United States,NMS,USD,,56865300.0,53418694.0,5155519488.0
LXU,"LSB Industries, Inc.",United States,NYQ,USD,,71944499.0,53655488.0,612247680.0
TTAN,"ServiceTitan, Inc.",United States,NMS,USD,,80718547.0,53656712.0,10086678528.0
XNCR,"Xencor, Inc.",United States,NGM,USD,,71410469.0,53674965.0,1086867456.0
SDRL,Seadrill Limited,Bermuda,NYQ,USD,,62374171.0,53680459.0,2056476544.0
HPP,"Hudson Pacific Properties, Inc.",United States,NYQ,USD,,54217407.0,53730056.0,4604101120.0
MMS,"Maximus, Inc.",United States,NYQ,USD,,54461507.0,53732812.0,4895092224.0
TLS,Telos Corporation,United States,NGM,USD,,73754329.0,53779444.0,382047392.0
FIVE,"Five Below, Inc.",United States,NMS,USD,,55157085.0,53786431.0,10473778176.0
PRCT,PROCEPT BioRobotics Corporation,United States,NGM,USD,,55878589.0,53806611.0,1811025024.0
FUL,H.B. Fuller Company,United States,NYQ,USD,,54088889.0,53811954.0,3289145344.0
IDA,"IDACORP, Inc.",United States,NYQ,USD,,54045224.0,53813370.0,6861041152.0
AX,"Axos Financial, Inc.",United States,NYQ,USD,,56644002.0,53913195.0,4994301440.0
LECO,"Lincoln Electric Holdings, Inc.",United States,NMS,USD,,55026176.0,53919600.0,13601755136.0
BAP,Credicorp Ltd.,Peru,NYQ,USD,,79366317.0,53922454.0,23135283200.0
WSFS,WSFS Financial Corporation,United States,NMS,USD,,54675949.0,53965708.0,3185763328.0
ACRE,Ares Commercial Real Estate Corporation,United States,NYQ,USD,,55026453.0,54016906.0,277333312.0
HLI,"Houlihan Lokey, Inc.",United States,NYQ,USD,,54515003.0,54128078.0,12547096576.0
POWI,"Power Integrations, Inc.",United States,NMS,USD,,55336162.0,54175209.0,2092365184.0
KREF,KKR Real Estate Finance Trust Inc.,United States,NYQ,USD,,65488680.0,54186644.0,559560704.0
BYD,Boyd Gaming Corporation,United States,NYQ,USD,,78122443.0,54220882.0,6943952384.0
OEC,Orion S.A.,Luxembourg,NYQ,USD,,56149706.0,54458477.0,289171008.0
PSN,Parsons Corporation,United States,NYQ,USD,,106488582.0,54505116.0,6681022464.0
SILA,"Sila Realty Trust, Inc.",United States,NYQ,USD,,55119856.0,54643069.0,1276435968.0
KTB,"Kontoor Brands, Inc.",United States,NYQ,USD,,55593612.0,54695775.0,3496838400.0
MRCY,"Mercury Systems, Inc.",United States,NMS,USD,,60100136.0,54743411.0,4460632064.0
EZPW,"EZCORP, Inc.",United States,NMS,USD,,57921451.0,54839604.0,1208179328.0
PLBY,"Playboy, Inc.",United States,NGM,USD,,107757372.0,54877597.0,201506288.0
HTFL,"Heartflow, Inc.",United States,NMS,USD,,85158719.0,54902678.0,2540284672.0
SMA,"SmartStop Self Storage REIT, Inc.",United States,NYQ,USD,,55363743.0,54930799.0,1747485952.0
SKY,"Champion Homes, Inc.",United States,NYQ,USD,,55858285.0,54986896.0,4834560512.0
FWRG,"First Watch Restaurant Group, Inc.",United States,NMS,USD,,61032105.0,55008847.0,971020736.0
CARS,Cars.com Inc.,United States,NYQ,USD,,59813268.0,55059309.0,772369856.0
FOUR,"Shift4 Payments, Inc.",United States,NYQ,USD,,67564638.0,55353922.0,5780632576.0
OIS,"Oil States International, Inc.",United States,NYQ,USD,,59745565.0,55378762.0,410818208.0
SSP,The E.W. Scripps Company,United States,NMS,USD,,76869408.0,55443610.0,351656416.0
OCFC,OceanFirst Financial Corp.,United States,NMS,USD,,57388784.0,55468954.0,1134002432.0
ENSG,"The Ensign Group, Inc.",United States,NMS,USD,,57924783.0,55491617.0,10220249088.0
GKOS,Glaukos Corporation,United States,NYQ,USD,,57434740.0,55502558.0,6674490880.0
CTLP,"Cantaloupe, Inc.",United States,NMS,USD,,73697229.0,55537495.0,784138560.0
SGRY,"Surgery Partners, Inc.",United States,NMS,USD,,129341779.0,55658243.0,2052653952.0
SAFE,Safehold Inc.,United States,NYQ,USD,,71756336.0,55668565.0,970863232.0
BATRK,"Atlanta Braves Holdings, Inc.",United States,NMS,USD,,51627382.0,55695947.0,2521681408.0
BATRA,"Atlanta Braves Holdings, Inc.",United States,NMS,USD,,10318187.0,55695947.0,2688713472.0
TWST,Twist Bioscience Corporation,United States,NMS,USD,,61148026.0,55758439.0,2020942208.0
CSWC,Capital Southwest Corporation,United States,NMS,USD,,57466998.0,55772871.0,1260251264.0
ORGO,Organogenesis Holdings Inc.,United States,NCM,USD,,126912142.0,55899722.0,669461568.0
CDZI,Cadiz Inc.,United States,NGM,USD,,83110079.0,55957185.0,478572448.0
GTY,Getty Realty Corp.,United States,NYQ,USD,,57743337.0,55982743.0,1592561152.0
PLTK,Playtika Holding Corp.,Israel,NMS,USD,,376055827.0,56039839.0,1489181184.0
TDG,TransDigm Group Incorporated,United States,NYQ,USD,,56318584.0,56054450.0,73776046080.0
ARVN,"Arvinas, Inc.",United States,NMS,USD,,64224294.0,56092214.0,892757888.0
FPH,"Five Point Holdings, LLC",United States,NYQ,USD,,70971448.0,56147244.0,811443584.0
BIRK,Birkenstock Holding plc,United Kingdom,NYQ,USD,,183906056.0,56212725.0,7790260224.0
CLDX,"Celldex Therapeutics, Inc.",United States,NCM,USD,,66449471.0,56223562.0,1754265984.0
NKTX,"Nkarta, Inc.",United States,NMS,USD,,71029512.0,56363338.0,130694304.0
ACB,Aurora Cannabis Inc.,Canada,NCM,USD,,56575297.0,56404955.0,254023072.0
ENOV,Enovis Corporation,United States,NYQ,USD,,57189381.0,56435053.0,1566417024.0
KNF,Knife River Corporation,United States,NYQ,USD,,56664165.0,56456774.0,4175015680.0
BHFAO,"Brighthouse Financial, Inc.",United States,NMS,USD,,,56461722.0,
BHFAN,"Brighthouse Financial, Inc.",United States,NMS,USD,,,56461722.0,
BHFAM,"Brighthouse Financial, Inc.",United States,NMS,USD,,,56461722.0,
BHF,"Brighthouse Financial, Inc.",United States,NMS,USD,,57171217.0,56461722.0,3707553280.0
BHFAP,"Brighthouse Financial, Inc.",United States,NMS,USD,,118601000.0,56461722.0,2473691136.0
INMD,InMode Ltd.,Israel,NMS,USD,,63209152.0,56478357.0,992241600.0
CWH,"Camping World Holdings, Inc.",United States,NYQ,USD,,62819556.0,56525036.0,639503104.0
OBE,Obsidian Energy Ltd.,Canada,ASE,USD,,67116222.0,56564210.0,398670368.0
INTA,"Intapp, Inc.",United States,NMS,USD,,81926481.0,56582524.0,3905435136.0
CENX,Century Aluminum Company,United States,NMS,USD,,93341969.0,56643640.0,3750480384.0
TRVG,trivago N.V.,Germany,NMS,USD,,23044682.0,56685993.0,203860800.0
LLYVK,"Liberty Live Holdings, Inc.",United States,NMS,USD,,63797970.0,56743052.0,7758417920.0
FFWM,First Foundation Inc.,United States,NYQ,USD,,82884401.0,56750949.0,510567904.0
FRMEP,First Merchants Corporation,United States,NMS,USD,,,56843151.0,
MLYS,"Mineralys Therapeutics, Inc.",United States,NMS,USD,,79139956.0,56903211.0,2939257856.0
PLAB,"Photronics, Inc.",United States,NMS,USD,,59064641.0,56926501.0,1992250240.0
JOE,The St. Joe Company,United States,NYQ,USD,,57744530.0,56940149.0,3406161152.0
IFRX,InflaRx N.V.,Germany,NMS,USD,,67747130.0,56940785.0,74521840.0
CLMT,"Calumet, Inc.",United States,NMS,USD,,86754321.0,56971563.0,1708192640.0
TILE,"Interface, Inc.",United States,NMS,USD,,58390617.0,57138138.0,1662380800.0
UFPI,"UFP Industries, Inc.",United States,NMS,USD,,58257224.0,57142763.0,5408018432.0
OUSTZ,"Ouster, Inc.",United States,NCM,USD,,,57223977.0,
CXT,"Crane NXT, Co.",United States,NYQ,USD,,57422039.0,57275613.0,2776355584.0
CENT,Central Garden & Pet Company,United States,NMS,USD,,9650221.0,57280640.0,2034434432.0
CENTA,Central Garden & Pet Company,United States,NMS,USD,,50981561.0,57280640.0,1879684736.0
DRTSW,Alpha Tau Medical Ltd.,Israel,NCM,USD,,,57352928.0,
DRTS,Alpha Tau Medical Ltd.,Israel,NCM,USD,,85264146.0,57352928.0,434847136.0
RYAM,Rayonier Advanced Materials Inc.,United States,NYQ,USD,,67005593.0,57407712.0,391312672.0
ULCC,"Frontier Group Holdings, Inc.",United States,NMS,USD,,228229561.0,57432337.0,1074961280.0
ARKO,Arko Corp.,United States,NCM,USD,,111430778.0,57447023.0,523124448.0
FFIV,"F5, Inc.",United States,NMS,USD,,58089614.0,57479092.0,15285702656.0
RSI,"Rush Street Interactive, Inc.",United States,NYQ,USD,,97911941.0,57488035.0,4472619008.0
RPD,"Rapid7, Inc.",United States,NGM,USD,,65480776.0,57530755.0,1008403904.0
MRTN,"Marten Transport, Ltd.",United States,NMS,USD,,81520424.0,57555865.0,931778496.0
SR,Spire Inc.,United States,NYQ,USD,,59095989.0,57563947.0,4903194112.0
LXP,LXP Industrial Trust,United States,NYQ,USD,,59158845.0,57589361.0,2999944960.0
ZNTL,"Zentalis Pharmaceuticals, Inc.",United States,NGM,USD,,72250779.0,57593263.0,98261056.0
SDGR,"Schrödinger, Inc.",United States,NMS,USD,,64500510.0,57612428.0,1348800640.0
LITS,"Lite Strategy, Inc.",United States,NCM,USD,,36785397.0,57658903.0,49660284.0
ORA,"Ormat Technologies, Inc.",United States,NYQ,USD,,60781792.0,57668549.0,6864695808.0
DEC,Diversified Energy Company,United States,NYQ,USD,,77757822.0,57680365.0,1110388864.0
HERE,Here Group Limited,China,NGM,USD,,37764932.0,57686685.0,292045376.0
GILT,Gilat Satellite Networks Ltd.,Israel,NMS,USD,,64270719.0,57688132.0,809168384.0
KMPR,Kemper Corporation,United States,NYQ,USD,,58546860.0,57863618.0,2567434496.0
MMSI,"Merit Medical Systems, Inc.",United States,NMS,USD,,59290248.0,57991199.0,5181374976.0
DGXX,Digi Power X Inc.,United States,NCM,USD,,65312460.0,58065716.0,171780544.0
CRVS,"Corvus Pharmaceuticals, Inc.",United States,NGM,USD,,74681872.0,58112205.0,575050432.0
ELF,"e.l.f. Beauty, Inc.",United States,NYQ,USD,,59636768.0,58191769.0,4795988992.0
TPL,Texas Pacific Land Corporation,United States,NYQ,USD,,68938230.0,58250047.0,19822499840.0
WHD,"Cactus, Inc.",United States,NYQ,USD,,68840127.0,58432877.0,3167334144.0
TRMK,Trustmark Corporation,United States,NMS,USD,,59958255.0,58588209.0,2423114240.0
DMIIR,Drugs Made In America Acquisition II Corp.,United States,NGM,USD,,,58658805.0,
DMIIU,Drugs Made In America Acquisition II Corp.,United States,NGM,USD,,,58658805.0,
WERN,"Werner Enterprises, Inc.",United States,NMS,USD,,59830317.0,58722260.0,1828414464.0
TRMD,TORM plc,United Kingdom,NMS,USD,,101332707.0,58728460.0,1979027840.0
ARX,Accelerant Holdings,Cayman Islands,NYQ,USD,,114578616.0,58744602.0,3662248960.0
SGML,Sigma Lithium Corporation,Brazil,NCM,USD,,111383979.0,58765073.0,1615067648.0
VECO,Veeco Instruments Inc.,United States,NMS,USD,,60162510.0,58785992.0,1762160000.0
SEDG,"SolarEdge Technologies, Inc.",Israel,NMS,USD,,59800051.0,58933548.0,1820911616.0
IART,Integra LifeSciences Holdings Corporation,United States,NMS,USD,,77892111.0,58997822.0,983234176.0
AVIR,"Atea Pharmaceuticals, Inc.",United States,NMS,USD,,78126796.0,59054483.0,285162816.0
CWT,California Water Service Group,United States,NYQ,USD,,59591341.0,59059786.0,2586860032.0
HUBG,"Hub Group, Inc.",United States,NMS,USD,,60578607.0,59165409.0,2691212800.0
LPX,Louisiana-Pacific Corporation,United States,NYQ,USD,,69643461.0,59173960.0,5778318336.0
OGS,"ONE Gas, Inc.",United States,NYQ,USD,,59999041.0,59222653.0,4659525632.0
FSS,Federal Signal Corporation,United States,NYQ,USD,,60808577.0,59301132.0,6898124800.0
KRNY,Kearny Financial Corp.,United States,NMS,USD,,62832521.0,59367307.0,476270496.0
ABM,ABM Industries Incorporated,United States,NYQ,USD,,60177625.0,59475954.0,2612850176.0
DRVN,Driven Brands Holdings Inc.,United States,NMS,USD,,164454218.0,59502825.0,2437211648.0
KEX,Kirby Corporation,United States,NYQ,USD,,54200000.0,59544266.0,6187661824.0
SLDE,"Slide Insurance Holdings, Inc.",United States,NMS,USD,,124289799.0,59578315.0,2404530688.0
MANH,"Manhattan Associates, Inc.",United States,NMS,USD,,60258247.0,59662896.0,10663636992.0
CTOS,"Custom Truck One Source, Inc.",United States,NYQ,USD,,226559586.0,59712044.0,1352560640.0
AAP,"Advance Auto Parts, Inc.",United States,NYQ,USD,,60022245.0,59769551.0,2475917568.0
UNFI,"United Natural Foods, Inc.",United States,NYQ,USD,,60931817.0,59780206.0,2035731968.0
MLM,"Martin Marietta Materials, Inc.",United States,NYQ,USD,,60307143.0,59822274.0,38898712576.0
ALMS,Alumis Inc.,United States,NMS,USD,,97208495.0,59870661.0,1145195648.0
SIGI,"Selective Insurance Group, Inc.",United States,NMS,USD,,60409116.0,59876308.0,5113250816.0
HCAT,"Health Catalyst, Inc.",United States,NMS,USD,,70730884.0,59894913.0,171168736.0
PRDO,Perdoceo Education Corporation,United States,NMS,USD,,64322476.0,59908668.0,1933662208.0
YELP,Yelp Inc.,United States,NYQ,USD,,61491989.0,60019256.0,1915782656.0
IPHA,Innate Pharma S.A.,France,NMS,USD,,92179248.0,60140336.0,167017728.0
DLB,"Dolby Laboratories, Inc.",United States,NYQ,USD,,60587891.0,60182082.0,6275692032.0
QTWO,"Q2 Holdings, Inc.",United States,NYQ,USD,,62530005.0,60269545.0,4659735552.0
EWTX,"Edgewise Therapeutics, Inc.",United States,NMS,USD,,105868434.0,60491106.0,2789633280.0
ENR,"Energizer Holdings, Inc.",United States,NYQ,USD,,68570616.0,60498704.0,1392669184.0
KBH,KB Home,United States,NYQ,USD,,63200000.0,60596792.0,3621992192.0
PGYWW,Pagaya Technologies Ltd.,United States,NCM,USD,,,60625774.0,
ASND,Ascendis Pharma A/S,Denmark,NMS,USD,,61098156.0,60628311.0,12768292864.0
LQDA,Liquidia Corporation,United States,NCM,USD,,86995483.0,60654991.0,2993514496.0
MTZ,"MasTec, Inc.",United States,NYQ,USD,,78900930.0,60723345.0,17706944512.0
GMAB,Genmab A/S,Denmark,NMS,USD,,615993070.0,60849374.0,20718204928.0
AMTX,"Aemetis, Inc.",United States,NGM,USD,,65568542.0,60930879.0,89173224.0
NWE,"NorthWestern Energy Group, Inc.",United States,NMS,USD,,61407029.0,60940336.0,3948472064.0
TBBB,BBB Foods Inc.,Mexico,NYQ,USD,,62048108.0,60974456.0,3936501504.0
RHP,"Ryman Hospitality Properties, Inc.",United States,NYQ,USD,,63004074.0,61083502.0,6141006848.0
OLLI,"Ollie's Bargain Outlet Holdings, Inc.",United States,NGM,USD,,61332549.0,61092739.0,6887645184.0
ARGX,argenx SE,Netherlands,NMS,USD,,61568926.0,61144232.0,52618444800.0
OMI,"Owens & Minor, Inc.",United States,NYQ,USD,,77346594.0,61173421.0,214250064.0
MLSS,Milestone Scientific Inc.,United States,ASE,USD,,78628913.0,61175653.0,22786658.0
RAMP,"LiveRamp Holdings, Inc.",United States,NYQ,USD,,63648844.0,61212366.0,1961601920.0
PLX,"Protalix BioTherapeutics, Inc.",United States,ASE,USD,,80421181.0,61352515.0,145562336.0
ZIP,"ZipRecruiter, Inc.",United States,NYQ,USD,,70779406.0,61617341.0,348644992.0
GDYN,"Grid Dynamics Holdings, Inc.",United States,NCM,USD,,84805201.0,61873783.0,786992256.0
BURL,"Burlington Stores, Inc.",United States,NYQ,USD,,62927006.0,61883018.0,18268968960.0
AGCO,AGCO Corporation,United States,NYQ,USD,,74623566.0,61918904.0,7869054976.0
EYPT,"EyePoint, Inc.",United States,NGM,USD,,82787220.0,61988587.0,1514178304.0
CATX,"Perspective Therapeutics, Inc.",United States,ASE,USD,,74337990.0,61998627.0,214093424.0
TNDM,"Tandem Diabetes Care, Inc.",United States,NGM,USD,,67802359.0,62057465.0,1515382784.0
SERV,Serve Robotics Inc.,United States,NCM,USD,,74483482.0,62102683.0,755262528.0
PX,"P10, Inc.",United States,NYQ,USD,,78067335.0,62272942.0,1108952064.0
NAMSW,NewAmsterdam Pharma Company N.V.,Netherlands,NGM,USD,,,62481735.0,
QDEL,QuidelOrtho Corporation,United States,NMS,USD,,67931540.0,62632880.0,1990393984.0
NRDY,"Nerdy, Inc.",United States,NYQ,USD,,122938630.0,62693784.0,209814128.0
OSK,Oshkosh Corporation,United States,NYQ,USD,,63254319.0,62879853.0,8355240960.0
RSKD,Riskified Ltd.,United States,NYQ,USD,,164055588.0,62888098.0,821918528.0
TROO,"TROOPS, Inc.",Hong Kong,NCM,USD,,122160166.0,62956089.0,244261120.0
EVC,Entravision Communications Corporation,United States,NYQ,USD,,81623559.0,63023824.0,277477664.0
SPCE,"Virgin Galactic Holdings, Inc.",United States,NYQ,USD,,63200245.0,63037820.0,199712784.0
TNL,Travel + Leisure Co.,United States,NYQ,USD,,64328504.0,63071525.0,4715638784.0
INGR,Ingredion Incorporated,United States,NYQ,USD,,63530137.0,63141968.0,7149750784.0
APAM,Artisan Partners Asset Management Inc.,United States,NYQ,USD,,70461656.0,63175921.0,2947089408.0
CRK,"Comstock Resources, Inc.",United States,NYQ,USD,,293054806.0,63188477.0,6901723136.0
URI,"United Rentals, Inc.",United States,NYQ,USD,,63630147.0,63378172.0,53270671360.0
EVTC,"EVERTEC, Inc.",United States,NYQ,USD,,63983841.0,63491165.0,1891362304.0
GRNT,"Granite Ridge Resources, Inc.",United States,NYQ,USD,,131251278.0,63624057.0,610318464.0
ORIC,"ORIC Pharmaceuticals, Inc.",United States,NMS,USD,,97389279.0,63671163.0,803461568.0
ESS,"Essex Property Trust, Inc.",United States,NYQ,USD,,64404022.0,63756118.0,18106990592.0
TEX,Terex Corporation,United States,NYQ,USD,,65589513.0,63981648.0,3619229184.0
SPH,"Suburban Propane Partners, L.P.",United States,NYQ,USD,,66157310.0,64052184.0,1244418944.0
ABCB,Ameris Bancorp,United States,NYQ,USD,,68315144.0,64130120.0,5212600320.0
KURA,"Kura Oncology, Inc.",United States,NMS,USD,,87017518.0,64200655.0,924996224.0
DKS,"DICK'S Sporting Goods, Inc.",United States,NYQ,USD,,66398273.0,64212608.0,18915962880.0
BC,Brunswick Corporation,United States,NYQ,USD,,65036590.0,64368014.0,4971020288.0
PWP,Perella Weinberg Partners,United States,NMS,USD,,66670735.0,64378231.0,1598383872.0
LITB,"LightInTheBox Holding Co., Ltd.",Singapore,NYQ,USD,,18277819.0,64460605.0,44869316.0
URBN,"Urban Outfitters, Inc.",United States,NMS,USD,,89678939.0,64463912.0,6911224832.0
PAX,Patria Investments Limited,Cayman Islands,NMS,USD,,65054570.0,64654299.0,2575391744.0
RZLT,"Rezolute, Inc.",United States,NCM,USD,,92727532.0,64667254.0,247582528.0
CATY,Cathay General Bancorp,United States,NMS,USD,,68036614.0,64700098.0,3454670848.0
BPOP,"Popular, Inc.",United States,NMS,USD,,66674855.0,64782623.0,8516790272.0
MNTK,"Montauk Renewables, Inc.",United States,NCM,USD,,142256617.0,64795044.0,261752192.0
ATR,"AptarGroup, Inc.",United States,NYQ,USD,,65619154.0,65073859.0,8119774208.0
AAOI,"Applied Optoelectronics, Inc.",United States,NGM,USD,,68279888.0,65078208.0,2537963264.0
RGLD,"Royal Gold, Inc.",United States,NMS,USD,,84398063.0,65289649.0,19691757568.0
RLMD,"Relmada Therapeutics, Inc.",United States,NCM,USD,,73333622.0,65409924.0,330734656.0
RZB,"Reinsurance Group of America, Incorporated",United States,NYQ,USD,,62774700.0,65434549.0,8755840000.0
CGON,"CG Oncology, Inc.",United States,NMS,USD,,80666179.0,65435598.0,3213740544.0
RPAY,Repay Holdings Corporation,United States,NCM,USD,,81584352.0,65448599.0,338858080.0
HKD,AMTD Digital Inc.,France,NYQ,USD,,197023250.0,65475703.0,417991552.0
NCMI,"National CineMedia, Inc.",United States,NMS,USD,,93831167.0,65614258.0,367818176.0
TKO,"TKO Group Holdings, Inc.",United States,NYQ,USD,,78922362.0,65651567.0,17859846144.0
NVRI,Enviri Corporation,United States,NYQ,USD,,80698491.0,65672236.0,1446923904.0
CRDF,"Cardiff Oncology, Inc.",United States,NCM,USD,,67360564.0,65730438.0,213532976.0
TXRH,"Texas Roadhouse, Inc.",United States,NMS,USD,,66146079.0,65736635.0,11346442240.0
ASO,"Academy Sports and Outdoors, Inc.",United States,NMS,USD,,66681300.0,65792438.0,3394078208.0
CHDN,Churchill Downs Incorporated,United States,NMS,USD,,69728742.0,65834392.0,8029936128.0
BMEA,"Biomea Fusion, Inc.",United States,NMS,USD,,70703639.0,65849127.0,93328808.0
TERN,"Terns Pharmaceuticals, Inc.",United States,NMS,USD,,108767281.0,65977134.0,4516017664.0
RRX,Regal Rexnord Corporation,United States,NYQ,USD,,66389673.0,66003949.0,9642436608.0
WTFCN,Wintrust Financial Corporation,United States,NMS,USD,,,66031553.0,
WTFC,Wintrust Financial Corporation,United States,NMS,USD,,66971158.0,66031553.0,9594288128.0
UIS,Unisys Corporation,United States,NYQ,USD,,71306106.0,66247651.0,203935456.0
PZG,Paramount Gold Nevada Corp.,United States,ASE,USD,,78358426.0,66331191.0,97164448.0
ELVR,Elevra Lithium Limited,Australia,NCM,USD,,16932911.0,66485925.0,969678336.0
AFG,"American Financial Group, Inc.",United States,NYQ,USD,,83403572.0,66532697.0,11523037184.0
MTSI,"MACOM Technology Solutions Holdings, Inc.",United States,NMS,USD,,74932978.0,66634151.0,13114019840.0
CODI,Compass Diversified,United States,NYQ,USD,,75235966.0,66683894.0,367903872.0
MKSI,MKS Inc.,United States,NMS,USD,,67169474.0,66709363.0,11028555776.0
ANL,Adlai Nortye Ltd.,Cayman Islands,NGM,USD,,31236934.0,66714945.0,60516440.0
JXN,Jackson Financial Inc.,United States,NYQ,USD,,67969862.0,66819812.0,7536984064.0
MEOH,Methanex Corporation,Canada,NMS,USD,,77339520.0,66860015.0,3108275200.0
TKR,The Timken Company,United States,NYQ,USD,,69655588.0,66906282.0,6026600960.0
ALGN,"Align Technology, Inc.",United States,NMS,USD,,71749995.0,67215395.0,11479665664.0
CMPS,COMPASS Pathways plc,United Kingdom,NMS,USD,,96017044.0,67382841.0,641393792.0
CPAY,"Corpay, Inc.",United States,NYQ,USD,,69958056.0,67398990.0,21903169536.0
MLKN,"MillerKnoll, Inc.",United States,NMS,USD,,68514774.0,67427593.0,1238747136.0
SYRE,"Spyre Therapeutics, Inc.",United States,NMS,USD,,77592130.0,67572658.0,2555884544.0
SNDR,"Schneider National, Inc.",United States,NYQ,USD,,92270093.0,67606041.0,4783926272.0
GPRE,Green Plains Inc.,United States,NMS,USD,,69835042.0,67610796.0,689970176.0
VUZI,Vuzix Corporation,United States,NCM,USD,,80126486.0,67738130.0,269224992.0
RUSHB,"Rush Enterprises, Inc.",United States,NMS,USD,,16437909.0,68001220.0,4430639104.0
RUSHA,"Rush Enterprises, Inc.",United States,NMS,USD,,60643501.0,68001220.0,4386991616.0
MSC,Studio City International Holdings Limited,Hong Kong,NYQ,USD,,192588175.0,68045254.0,565246272.0
DOCN,"DigitalOcean Holdings, Inc.",United States,NYQ,USD,,91492142.0,68075643.0,4530691072.0
SAIL,"SailPoint, Inc.",United States,NMS,USD,,561625760.0,68097123.0,11878383616.0
NTCT,"NetScout Systems, Inc.",United States,NMS,USD,,72193673.0,68267781.0,2010593792.0
CRMD,CorMedix Inc.,United States,NGM,USD,,78789045.0,68473195.0,987226752.0
FWDI,"Forward Industries, Inc.",United States,NCM,USD,,86459465.0,68509615.0,607810048.0
VSCO,Victoria's Secret & Co.,United States,NYQ,USD,,80268924.0,68641970.0,4319270912.0
LMND,"Lemonade, Inc.",United States,NYQ,USD,,74731027.0,68990190.0,5581660160.0
DSX,Diana Shipping Inc.,Greece,NYQ,USD,,115781752.0,69041105.0,196828976.0
AVAH,Aveanna Healthcare Holdings Inc.,United States,NMS,USD,,208911383.0,69210252.0,1800816000.0
ALTO,"Alto Ingredients, Inc.",United States,NCM,USD,,77342488.0,69260227.0,234515040.0
XPL,Solitario Resources Corp.,United States,ASE,USD,,90901324.0,69347711.0,62812816.0
TRTX,"TPG RE Finance Trust, Inc.",United States,NYQ,USD,,78261346.0,69414683.0,690811200.0
INVA,"Innoviva, Inc.",United States,NMS,USD,,74769062.0,69570369.0,1480427392.0
ALAR,Alarum Technologies Ltd.,Israel,NCM,USD,,7171404.0,69598000.0,58655080.0
HCSG,"Healthcare Services Group, Inc.",United States,NMS,USD,,70455509.0,69610043.0,1421461760.0
IT,"Gartner, Inc.",United States,NYQ,USD,,72077145.0,69616431.0,19131619328.0
HI,"Hillenbrand, Inc.",United States,NYQ,USD,,70506819.0,69867322.0,2232245760.0
PTLO,Portillo's Inc.,United States,NMS,USD,,71932314.0,70005967.0,338801184.0
MRUS,Merus N.V.,Netherlands,NGM,USD,,75847175.0,70009856.0,7351108096.0
AREC,American Resources Corporation,United States,NCM,USD,,103086995.0,70070887.0,276273152.0
PODD,Insulet Corporation,United States,NMS,USD,,70346898.0,70072545.0,20317396992.0
ULS,UL Solutions Inc.,United States,NYQ,USD,,77257235.0,70108471.0,16072938496.0
WFRD,Weatherford International plc,United States,NMS,USD,,71730033.0,70118259.0,5578706432.0
KNDI,"Kandi Technologies Group, Inc.",China,NMS,USD,,82044298.0,70234626.0,72752464.0
SIFY,Sify Technologies Limited,India,NCM,USD,,72350400.0,70365079.0,904380032.0
FHI,"Federated Hermes, Inc.",United States,NYQ,USD,,77537867.0,70399587.0,4198326272.0
KODK,Eastman Kodak Company,United States,NYQ,USD,,96400000.0,70502140.0,842536000.0
ATEN,"A10 Networks, Inc.",United States,NYQ,USD,,71726487.0,70568104.0,1303797760.0
EB,"Eventbrite, Inc.",United States,NYQ,USD,,82470848.0,70636719.0,435607296.0
IVR,Invesco Mortgage Capital Inc.,United States,NYQ,USD,,70945571.0,70690876.0,611550784.0
RNWWW,ReNew Energy Global Plc,United Kingdom,NMS,USD,,,70692068.0,
BV,"BrightView Holdings, Inc.",United States,NYQ,USD,,94700000.0,70692603.0,1220413952.0
PCH,PotlatchDeltic Corporation,United States,NMS,USD,,77295607.0,70709671.0,3098008064.0
DOUG,Douglas Elliman Inc.,United States,NYQ,USD,,88818970.0,70836681.0,211389152.0
BWIN,"The Baldwin Insurance Group, Inc.",United States,NMS,USD,,71633859.0,70862870.0,1833826688.0
SLG,SL Green Realty Corp.,United States,NYQ,USD,,71025886.0,70950599.0,3489521664.0
SHOO,"Steven Madden, Ltd.",United States,NMS,USD,,72657937.0,71015868.0,3127197696.0
CABA,"Cabaletta Bio, Inc.",United States,NMS,USD,,96265204.0,71244915.0,210820800.0
WMS,"Advanced Drainage Systems, Inc.",United States,NYQ,USD,,77764487.0,71259488.0,11635900416.0
WST,"West Pharmaceutical Services, Inc.",United States,NYQ,USD,,71943412.0,71459952.0,19734075392.0
BRCC,BRC Inc.,United States,NYQ,USD,,114647011.0,71535149.0,136429952.0
XENE,Xenon Pharmaceuticals Inc.,Canada,NGM,USD,,77275005.0,71790025.0,3465011456.0
FIVN,"Five9, Inc.",United States,NGM,USD,,78216052.0,71792950.0,1563538816.0
JKHY,"Jack Henry & Associates, Inc.",United States,NMS,USD,,72377132.0,71885691.0,13525174272.0
NABL,"N-able, Inc.",United States,NYQ,USD,,186329603.0,71895277.0,1384511104.0
PMT,PennyMac Mortgage Investment Trust,United States,NYQ,USD,,87016604.0,72092386.0,1090318080.0
PMTW,PennyMac Mortgage Investment Trust,United States,NYQ,USD,,,72092386.0,
ALEX,"Alexander & Baldwin, Inc.",United States,NYQ,USD,,72638416.0,72174210.0,1503189888.0
PKX,POSCO Holdings Inc.,South Korea,NYQ,USD,,302483116.0,72336569.0,16361859072.0
ASTLW,Algoma Steel Group Inc.,Canada,NGM,USD,,,72493517.0,
MTA,Metalla Royalty & Streaming Ltd.,Canada,ASE,USD,,92561386.0,72600523.0,769185152.0
SIM,"Grupo Simec, S.A.B. de C.V.",Mexico,ASE,USD,,153491604.0,72874744.0,4501908480.0
UMBFO,UMB Financial Corporation,United States,NMS,USD,,,72932424.0,
UMBF,UMB Financial Corporation,United States,NMS,USD,,75954660.0,72932424.0,9031008256.0
ADTN,"ADTRAN Holdings, Inc.",United States,NMS,USD,,80115995.0,72937042.0,701014912.0
NMG,Nouveau Monde Graphite Inc.,Canada,NYQ,USD,,160761539.0,72991770.0,429500128.0
MC,Moelis & Company,United States,NYQ,USD,,73996339.0,73235790.0,5309833728.0
VLN,Valens Semiconductor Ltd.,Israel,NYQ,USD,,102365516.0,73318611.0,147406352.0
NATL,NCR Atleos Corporation,United States,NYQ,USD,,73904136.0,73406761.0,2882261248.0
STEP,StepStone Group Inc.,United States,NMS,USD,,79124247.0,73600583.0,8236772864.0
CIVI,"Civitas Resources, Inc.",United States,NYQ,USD,,85313364.0,73693416.0,2294929408.0
PUMP,ProPetro Holding Corp.,United States,NYQ,USD,,103982181.0,73886618.0,962875072.0
ZYME,Zymeworks Inc.,United States,NMS,USD,,74836534.0,74152528.0,2035009792.0
ARBEW,Arbe Robotics Ltd.,Israel,NCM,USD,,,74242180.0,
ARBE,Arbe Robotics Ltd.,Israel,NCM,USD,,108859502.0,74242180.0,112125288.0
BMBL,Bumble Inc.,United States,NMS,USD,,112738975.0,74290475.0,559499392.0
BKU,"BankUnited, Inc.",United States,NYQ,USD,,75142571.0,74422705.0,3411651584.0
ELBM,Electra Battery Materials Corporation,Canada,NCM,USD,,93653238.0,74426370.0,82508504.0
WH,"Wyndham Hotels & Resorts, Inc.",United States,NYQ,USD,,75551945.0,74445109.0,5852706304.0
ATMU,Atmus Filtration Technologies Inc.,United States,NYQ,USD,,81507839.0,74491644.0,4388558848.0
EPR,EPR Properties,United States,NYQ,USD,,76140341.0,74494948.0,3812346880.0
IEX,IDEX Corporation,United States,NYQ,USD,,74849436.0,74642852.0,13575803904.0
SLN,Silence Therapeutics plc,United Kingdom,NGM,USD,,47233949.0,74747724.0,292850464.0
WFG,West Fraser Timber Co. Ltd.,Canada,NYQ,USD,,76071959.0,74843203.0,4767404032.0
KMT,Kennametal Inc.,United States,NYQ,USD,,76021577.0,74906844.0,2232119040.0
RANI,"Rani Therapeutics Holdings, Inc.",United States,NGM,USD,,97550981.0,74952625.0,171703744.0
LIF,"Life360, Inc.",United States,NMS,USD,,78400518.0,75011408.0,5203442688.0
VIOT,"Viomi Technology Co., Ltd",China,NMS,USD,,33708622.0,75101026.0,131138624.0
BKH,Black Hills Corporation,United States,NYQ,USD,,75473390.0,75102061.0,5231060480.0
BLMN,"Bloomin' Brands, Inc.",United States,NMS,USD,,85217091.0,75150396.0,578624000.0
RNG,"RingCentral, Inc.",United States,NYQ,USD,,75820797.0,75330346.0,2558853120.0
COKE,"Coca-Cola Consolidated, Inc.",United States,NMS,USD,,56567016.0,75346749.0,10700203008.0
MIAX,"Miami International Holdings, Inc.",United States,NYQ,USD,,85420903.0,75358348.0,3986593536.0
DRS,"Leonardo DRS, Inc.",United States,NMS,USD,,266026725.0,75455820.0,9122717696.0
ATS,ATS Corporation,Canada,NYQ,USD,,96948447.0,75506911.0,2756244480.0
PNFPP,"Pinnacle Financial Partners, Inc.",United States,NMS,USD,,,75578939.0,
PNFP,"Pinnacle Financial Partners, Inc.",United States,NMS,USD,,77575457.0,75578939.0,7819217920.0
TRUE,"TrueCar, Inc.",United States,NMS,USD,,88940050.0,75635508.0,209009104.0
NMIH,"NMI Holdings, Inc.",United States,NGM,USD,,76867928.0,75694923.0,3212344320.0
RCUS,"Arcus Biosciences, Inc.",United States,NYQ,USD,,123728536.0,75743436.0,2856891904.0
WAFD,"WaFd, Inc.",United States,NMS,USD,,76434807.0,75793629.0,2536502016.0
WAFDP,"WaFd, Inc.",United States,NMS,USD,,,75793629.0,
WWW,"Wolverine World Wide, Inc.",United States,NYQ,USD,,81967897.0,75800632.0,1470504064.0
ICLR,ICON Public Limited Company,Ireland,NMS,USD,,76359932.0,75853666.0,14219467776.0
HITI,High Tide Inc.,Canada,NCM,USD,,87111205.0,75965326.0,242169152.0
FLY,Firefly Aerospace Inc.,United States,NGM,USD,,159251122.0,76053558.0,3716921088.0
IMVT,"Immunovant, Inc.",United States,NMS,USD,,201476526.0,76250547.0,5270625792.0
AVX,Avax One Technology Ltd.,Canada,NCM,USD,,93112148.0,76290507.0,127563648.0
AXS,AXIS Capital Holdings Limited,Bermuda,NYQ,USD,,77037743.0,76380611.0,8520182272.0
AVY,Avery Dennison Corporation,United States,NYQ,USD,,77295394.0,76610557.0,14109500416.0
FORM,"FormFactor, Inc.",United States,NMS,USD,,77517097.0,76798514.0,4500642816.0
VIST,"Vista Energy, S.A.B. de C.V.",Mexico,NYQ,USD,,104256410.0,76941231.0,4948009472.0
TFII,TFI International Inc.,Canada,NYQ,USD,,82287807.0,77026325.0,8807436288.0
IVT,InvenTrust Properties Corp.,United States,NYQ,USD,,77619380.0,77094673.0,2216033024.0
ASPN,"Aspen Aerogels, Inc.",United States,NYQ,USD,,82647081.0,77113032.0,242982416.0
YETI,"YETI Holdings, Inc.",United States,NYQ,USD,,77808113.0,77247895.0,3721693952.0
TVTX,"Travere Therapeutics, Inc.",United States,NGM,USD,,89472327.0,77295143.0,3546683136.0
UTZ,"Utz Brands, Inc.",United States,NYQ,USD,,87509774.0,77368266.0,915352256.0
MIST,Milestone Pharmaceuticals Inc.,Canada,NMS,USD,,85169344.0,77372167.0,177152224.0
RDW,Redwire Corporation,United States,NYQ,USD,,165150783.0,77383051.0,1180828160.0
EM,Smart Share Global Limited,China,NCM,USD,,216611596.0,77416284.0,301782304.0
EYE,"National Vision Holdings, Inc.",United States,NMS,USD,,79309558.0,77539369.0,2220667648.0
ITT,ITT Inc.,United States,NYQ,USD,,86040014.0,77698140.0,15305658368.0
DOLE,Dole plc,Ireland,NYQ,USD,,95162657.0,77701541.0,1430294656.0
HYPR,"Hyperfine, Inc.",United States,NGM,USD,,82113369.0,77866103.0,102998768.0
GOTU,Gaotu Techedu Inc.,China,NYQ,USD,,132094036.0,77932494.0,569963712.0
FRT,Federal Realty Investment Trust,United States,NYQ,USD,,86270031.0,77933758.0,8883902464.0
PLNT,"Planet Fitness, Inc.",United States,NYQ,USD,,82983165.0,77942768.0,9187353600.0
ADNT,Adient plc,Ireland,NYQ,USD,,79151497.0,78073454.0,1585920512.0
ALEC,"Alector, Inc.",United States,NMS,USD,,109151472.0,78193932.0,158269632.0
VCYT,"Veracyte, Inc.",United States,NGM,USD,,79049173.0,78653137.0,3358799616.0
DVS,Dolly Varden Silver Corporation,Canada,ASE,USD,,91866780.0,78727074.0,459333920.0
YOU,"Clear Secure, Inc.",United States,NYQ,USD,,97432378.0,78768078.0,4833566208.0
HXL,Hexcel Corporation,United States,NYQ,USD,,79605875.0,78895791.0,6060395008.0
GL,Globe Life Inc.,United States,NYQ,USD,,79605800.0,78945868.0,11519513600.0
RCKT,"Rocket Pharmaceuticals, Inc.",United States,NGM,USD,,108222228.0,78990322.0,376613344.0
IDXX,"IDEXX Laboratories, Inc.",United States,NMS,USD,,79851330.0,78992130.0,55081631744.0
HLF,Herbalife Ltd.,United States,NYQ,USD,,103310720.0,79184568.0,1377131904.0
CRNT,Ceragon Networks Ltd.,Israel,NMS,USD,,89889969.0,79287604.0,189667824.0
HLLY,Holley Inc.,United States,NYQ,USD,,119416147.0,79383078.0,502483616.0
CDXS,"Codexis, Inc.",United States,NMS,USD,,90324383.0,79499006.0,147228752.0
LPLA,LPL Financial Holdings Inc.,United States,NMS,USD,,80037622.0,79499374.0,29786802176.0
PGNY,"Progyny, Inc.",United States,NMS,USD,,86211654.0,79570770.0,2224260608.0
CIMO,Chimera Investment Corporation,United States,NYQ,USD,,,79764849.0,
PHI,PLDT Inc.,Philippines,NYQ,USD,,216055775.0,80011935.0,4739187712.0
CNTA,Centessa Pharmaceuticals plc,United Kingdom,NMS,USD,,147819929.0,80094609.0,3744279040.0
TNGX,"Tango Therapeutics, Inc.",United States,NGM,USD,,134677094.0,80160147.0,1167650304.0
GWRE,"Guidewire Software, Inc.",United States,NYQ,USD,,85019176.0,80197739.0,17468041216.0
BWLP,BW LPG Limited,Singapore,NYQ,USD,,151342653.0,80314544.0,1922992128.0
FA,First Advantage Corporation,United States,NMS,USD,,174114958.0,80317489.0,2704005376.0
KSPI,Joint Stock Company Kaspi.kz,Kazakhstan,NMS,USD,,190784522.0,80488174.0,15824950272.0
NPKI,NPK International Inc.,United States,NYQ,USD,,84494699.0,80605408.0,1024075712.0
AVA,Avista Corporation,United States,NYQ,USD,,81371742.0,80658112.0,3131184640.0
VIRT,"Virtu Financial, Inc.",United States,NYQ,USD,,84906703.0,80697029.0,7277284864.0
AVT,"Avnet, Inc.",United States,NMS,USD,,81329466.0,80730068.0,4007915776.0
FBRT,"Franklin BSP Realty Trust, Inc.",United States,NYQ,USD,,81606608.0,80820736.0,859772160.0
IEP,Icahn Enterprises L.P.,United States,NMS,USD,,600208517.0,80986135.0,4561584640.0
VERI,"Veritone, Inc.",United States,NGM,USD,,91806023.0,81101441.0,461784320.0
PPTA,Perpetua Resources Corp.,United States,NCM,USD,,122011378.0,81130644.0,3163755008.0
ETSY,"Etsy, Inc.",United States,NYQ,USD,,98706008.0,81304139.0,5525302784.0
MXL,"MaxLinear, Inc.",United States,NMS,USD,,87372834.0,81397406.0,1549120256.0
OC,Owens Corning,United States,NYQ,USD,,82191739.0,81534205.0,9511798784.0
STKL,SunOpta Inc.,United States,NMS,USD,,118216917.0,81585041.0,449879616.0
CGTX,"Cognition Therapeutics, Inc.",United States,NCM,USD,,88274258.0,81667813.0,127997672.0
KDK,"Kodiak AI, Inc.",United States,NGM,USD,,181207392.0,81706852.0,1866436224.0
BILL,"BILL Holdings, Inc.",United States,NYQ,USD,,100156683.0,81860060.0,5543923712.0
BRZE,"Braze, Inc.",United States,NMS,USD,,102267368.0,81996987.0,3972428800.0
CHKP,Check Point Software Technologies Ltd.,Israel,NMS,USD,,107354722.0,82084494.0,20358211584.0
SKIN,The Beauty Health Company,United States,NCM,USD,,127503059.0,82113245.0,186154464.0
GTN,"Gray Media, Inc.",United States,NYQ,USD,,92500245.0,82245203.0,551892608.0
ACRS,"Aclaris Therapeutics, Inc.",United States,NMS,USD,,108345239.0,82265457.0,328286080.0
PBF,PBF Energy Inc.,United States,NYQ,USD,,115847488.0,82352504.0,3029411840.0
LH,Labcorp Holdings Inc.,United States,NYQ,USD,,82900000.0,82523634.0,21098258432.0
INN,"Summit Hotel Properties, Inc.",United States,NYQ,USD,,108803025.0,82621817.0,529898752.0
TDC,Teradata Corporation,United States,NYQ,USD,,93200000.0,82647896.0,2898315008.0
HWC,Hancock Whitney Corporation,United States,NMS,USD,,83613122.0,82714281.0,5526872064.0
CRC,California Resources Corporation,United States,NYQ,USD,,89311931.0,82896577.0,3935083776.0
BBT,Beacon Financial Corporation,United States,NYQ,USD,,83908861.0,83000057.0,2266923264.0
FSP,Franklin Street Properties Corp.,United States,ASE,USD,,103690340.0,83059073.0,97468912.0
NTST,NETSTREIT Corp.,United States,NYQ,USD,,83561676.0,83066991.0,1697032576.0
MD,"Pediatrix Medical Group, Inc.",United States,NYQ,USD,,85877386.0,83073297.0,1904531328.0
FIBK,"First Interstate BancSystem, Inc.",United States,NMS,USD,,102890614.0,83414450.0,3699604224.0
JOB,GEE Group Inc.,United States,ASE,USD,,110005722.0,83568047.0,21275106.0
TPH,"Tri Pointe Homes, Inc.",United States,NYQ,USD,,85953497.0,83581180.0,2817709824.0
KN,Knowles Corporation,United States,NYQ,USD,,85151884.0,83606377.0,1880938624.0
WB,Weibo Corporation,China,NMS,USD,,157003256.0,83628300.0,2500194048.0
HQY,"HealthEquity, Inc.",United States,NMS,USD,,86156334.0,83824958.0,8083716096.0
SXC,"SunCoke Energy, Inc.",United States,NYQ,USD,,84665509.0,83865420.0,609591680.0
MCW,"Mister Car Wash, Inc.",United States,NMS,USD,,327568371.0,83893535.0,1883518208.0
SN,"SharkNinja, Inc.",United States,NYQ,USD,,141146601.0,83917300.0,16090713088.0
CHTR,"Charter Communications, Inc.",United States,NMS,USD,,129409366.0,83990561.0,28296189952.0
QRVO,"Qorvo, Inc.",United States,NMS,USD,,92396921.0,84003585.0,7979385344.0
JELD,"JELD-WEN Holding, Inc.",United States,NYQ,USD,,85429710.0,84282389.0,210157088.0
ADAM,"Adamas Trust, Inc.",United States,NMS,USD,,90307776.0,84418806.0,658385984.0
ADAMG,"Adamas Trust, Inc.",United States,NMS,USD,,,84418806.0,
ADAMH,"Adamas Trust, Inc.",United States,NGM,USD,,,84418806.0,
ADAML,"Adamas Trust, Inc.",United States,NMS,USD,,,84418806.0,
ADAMM,"Adamas Trust, Inc.",United States,NMS,USD,,,84418806.0,
ADAMZ,"Adamas Trust, Inc.",United States,NMS,USD,,,84418806.0,
ADAMN,"Adamas Trust, Inc.",United States,NMS,USD,,,84418806.0,
CRDL,Cardiol Therapeutics Inc.,Canada,NCM,USD,,99997648.0,84421008.0,99307664.0
CRBU,"Caribou Biosciences, Inc.",United States,NMS,USD,,93468038.0,84428744.0,158895680.0
OS,"OneStream, Inc.",United States,NMS,USD,,90268494.0,84653737.0,4614244864.0
ALLE,Allegion plc,Ireland,NYQ,USD,,86031953.0,84828366.0,13833076736.0
TOI,"The Oncology Institute, Inc.",United States,NCM,USD,,98381340.0,84878501.0,358108096.0
TOIIW,"The Oncology Institute, Inc.",United States,NCM,USD,,,84878501.0,
LAMR,Lamar Advertising Company,United States,NMS,USD,,86863497.0,84895898.0,12817437696.0
SRRK,Scholar Rock Holding Corporation,United States,NMS,USD,,102007457.0,84919168.0,4658680320.0
PRCH,"Porch Group, Inc.",United States,NCM,USD,,105371353.0,84969352.0,940966208.0
CBC,"Central Bancompany, Inc.",United States,NMS,USD,,220664900.0,84982466.0,5234171392.0
UPST,"Upstart Holdings, Inc.",United States,NMS,USD,,97286484.0,85008930.0,4618189312.0
IGC,"IGC Pharma, Inc.",United States,ASE,USD,,92868241.0,85334769.0,27851184.0
KLTR,"Kaltura, Inc.",United States,NMS,USD,,141890418.0,85585134.0,256455872.0
DSGX,The Descartes Systems Group Inc.,Canada,NMS,USD,,85986823.0,85685009.0,7690231296.0
SBLK,Star Bulk Carriers Corp.,Greece,NMS,USD,,113847448.0,85779498.0,2221091584.0
BUSE,First Busey Corporation,United States,NMS,USD,,88409043.0,85815122.0,2157180416.0
BUSEP,First Busey Corporation,United States,NMS,USD,,,85815122.0,
MYGN,"Myriad Genetics, Inc.",United States,NMS,USD,,93213722.0,85958898.0,604024896.0
MAIN,Main Street Capital Corporation,United States,NYQ,USD,,89587543.0,86075711.0,5444235264.0
XIFR,"XPLR Infrastructure, LP",United States,NYQ,USD,,93966346.0,86189691.0,893619968.0
RES,"RPC, Inc.",United States,NYQ,USD,,220574475.0,86264141.0,1197949568.0
FLYW,Flywire Corporation,United States,NMS,USD,,120253612.0,86424345.0,1767384320.0
EVH,"Evolent Health, Inc.",United States,NYQ,USD,,111600856.0,86431515.0,477801056.0
AVXL,Anavex Life Sciences Corp.,United States,NMS,USD,,89348107.0,86459483.0,325227104.0
ACCO,ACCO Brands Corporation,United States,NYQ,USD,,90136133.0,86470296.0,336207776.0
VRE,"Veris Residential, Inc.",United States,NYQ,USD,,93426375.0,86746987.0,1650033920.0
TMQ,Trilogy Metals Inc.,Canada,ASE,USD,,171059888.0,86772856.0,795428480.0
SATL,Satellogic Inc.,United States,NCM,USD,,124884514.0,86936047.0,271611648.0
SATLW,Satellogic Inc.,United States,NCM,USD,,,86936047.0,
ANGX,"Angel Studios, Inc.",United States,NYQ,USD,,111053974.0,86971473.0,812811456.0
ELME,Elme Communities,United States,NYQ,USD,,88161161.0,86972749.0,1547228288.0
PD,"PagerDuty, Inc.",United States,NYQ,USD,,91776804.0,87010996.0,1227122560.0
THC,Tenet Healthcare Corporation,United States,NYQ,USD,,87885000.0,87181041.0,17723211776.0
ASAN,"Asana, Inc.",United States,NYQ,USD,,157538321.0,87338156.0,3271980032.0
SLGN,Silgan Holdings Inc.,United States,NYQ,USD,,105668015.0,87367371.0,4372811264.0
POWWP,Outdoor Holding Company,United States,NCM,USD,,,87458366.0,
POWW,Outdoor Holding Company,United States,NCM,USD,,117110827.0,87458366.0,214312832.0
CRNX,"Crinetics Pharmaceuticals, Inc.",United States,NMS,USD,,94891840.0,87690498.0,4551012352.0
PKG,Packaging Corporation of America,United States,NYQ,USD,,89977067.0,87816186.0,18797467648.0
HUT,Hut 8 Corp.,United States,NMS,USD,,108036632.0,87995837.0,5362938368.0
AHCO,AdaptHealth Corp.,United States,NCM,USD,,135424334.0,88019266.0,1388099456.0
WVE,Wave Life Sciences Ltd.,Singapore,NGM,USD,,185759908.0,88305418.0,3300953600.0
LUCD,Lucid Diagnostics Inc.,United States,NCM,USD,,131098762.0,88373675.0,142897648.0
CTRI,"Centuri Holdings, Inc.",United States,NYQ,USD,,99579386.0,88423099.0,2583089152.0
HAIN,"The Hain Celestial Group, Inc.",United States,NMS,USD,,90567218.0,88547569.0,105057968.0
PLG,Platinum Group Metals Ltd.,Canada,ASE,USD,,116743093.0,88622017.0,328048096.0
UDMY,"Udemy, Inc.",United States,NMS,USD,,144445519.0,88641378.0,870941760.0
JHG,Janus Henderson Group plc,United Kingdom,NYQ,USD,,149399212.0,88695948.0,7362345984.0
SPWRW,SunPower Inc.,United States,NCM,USD,,,88939295.0,
SPWR,SunPower Inc.,United States,NGM,USD,,107621272.0,88939295.0,174346464.0
NFG,National Fuel Gas Company,United States,NYQ,USD,,90604875.0,89053263.0,7332652544.0
BTQ,BTQ Technologies Corp.,Canada,NGM,USD,,140025930.0,89182515.0,803748864.0
ASPI,ASP Isotopes Inc.,United States,NCM,USD,,110840122.0,89381474.0,638439104.0
ARQT,"Arcutis Biotherapeutics, Inc.",United States,NMS,USD,,122492192.0,89408276.0,3548598784.0
APLS,"Apellis Pharmaceuticals, Inc.",United States,NMS,USD,,126525218.0,89570998.0,3159334656.0
WOOF,"Petco Health and Wellness Company, Inc.",United States,NMS,USD,,243453341.0,89680313.0,824045312.0
MYPSW,"PLAYSTUDIOS, Inc.",United States,NGM,USD,,,89888168.0,
VRDN,"Viridian Therapeutics, Inc.",United States,NCM,USD,,95367908.0,90025674.0,3042691072.0
NIU,Niu Technologies,China,NGM,USD,,69692962.0,90118626.0,264297856.0
AAUC,Allied Gold Corporation,Canada,NYQ,USD,,124000000.0,90166600.0,3090080000.0
DCGO,DocGo Inc.,United States,NCM,USD,,97813372.0,90265114.0,90643656.0
SBCF,Seacoast Banking Corporation of Florida,United States,NMS,USD,,97828149.0,90285669.0,3159849216.0
ARLP,"Alliance Resource Partners, L.P.",United States,NMS,USD,,128428024.0,90341409.0,3019342848.0
FUN,Six Flags Entertainment Corporation,United States,NYQ,USD,,101474349.0,90377114.0,1510953088.0
AMPL,"Amplitude, Inc.",United States,NCM,USD,,103610139.0,90415970.0,1594876160.0
NMRA,"Neumora Therapeutics, Inc.",United States,NMS,USD,,169938441.0,90973339.0,302490432.0
NNAVW,NextNav Inc.,United States,NCM,USD,,,91020056.0,
NN,NextNav Inc.,United States,NCM,USD,,134829088.0,91020056.0,2301532416.0
PEGA,Pegasystems Inc.,United States,NMS,USD,,169722783.0,91153015.0,10680566784.0
SMPL,The Simply Good Foods Company,United States,NCM,USD,,94999174.0,91395897.0,1995159936.0
NVCR,NovoCure Limited,Switzerland,NMS,USD,,111981981.0,91497117.0,1509517056.0
SMTC,Semtech Corporation,United States,NMS,USD,,92540057.0,91506385.0,7039521792.0
IRDM,Iridium Communications Inc.,United States,NMS,USD,,104745684.0,91591721.0,1826220416.0
VNRX,VolitionRx Limited,United States,ASE,USD,,122801572.0,91594009.0,30700392.0
DC,Dakota Gold Corp.,United States,ASE,USD,,113262094.0,91649421.0,705622848.0
ASBPW,"Aspire Biopharma Holdings, Inc.",United States,NCM,USD,,,91672659.0,
MRVI,"Maravai LifeSciences Holdings, Inc.",United States,NMS,USD,,145022751.0,91754444.0,1198098304.0
VRSN,"VeriSign, Inc.",United States,NMS,USD,,92700000.0,91871262.0,23008405504.0
EXPI,"eXp World Holdings, Inc.",United States,NGM,USD,,158836724.0,91968052.0,1499418624.0
RBBN,Ribbon Communications Inc.,United States,NMS,USD,,176599590.0,92117878.0,522391488.0
CAI,"Caris Life Sciences, Inc.",United States,NMS,USD,,282146923.0,92425689.0,7966418432.0
JFU,9F Inc.,China,NGM,USD,,8715213.0,92451275.0,87122672.0
AMP,"Ameriprise Financial, Inc.",United States,NYQ,USD,,92905713.0,92544310.0,47308300288.0
TDS,"Telephone and Data Systems, Inc.",United States,NYQ,USD,,108004000.0,92752946.0,4650646016.0
WSBC,"WesBanco, Inc.",United States,NMS,USD,,96045347.0,92847997.0,3278988032.0
WSBCO,"WesBanco, Inc.",United States,NMS,USD,,,92847997.0,
IMSR,Terrestrial Energy Inc.,United States,NMS,USD,,81771423.0,92941520.0,560952000.0
IMSRW,Terrestrial Energy Inc.,United States,NMS,USD,,,92941520.0,
CNO,"CNO Financial Group, Inc.",United States,NYQ,USD,,95353512.0,93038329.0,4196183552.0
LAZ,"Lazard, Inc.",United States,NYQ,USD,,94877814.0,93056160.0,4747685888.0
GDRX,"GoodRx Holdings, Inc.",United States,NMS,USD,,105468832.0,93106477.0,955487488.0
RNST,Renasant Corporation,United States,NYQ,USD,,95021382.0,93145660.0,3435973120.0
ESNT,Essent Group Ltd.,Bermuda,NYQ,USD,,96665101.0,93197724.0,6489433600.0
PROK,ProKidney Corp.,United States,NCM,USD,,141545448.0,93274204.0,761110912.0
RERE,ATRenew Inc.,China,NYQ,USD,,133369868.0,93440405.0,1187955712.0
DLO,DLocal Limited,Uruguay,NMS,USD,,165673366.0,93583511.0,4158605568.0
ERO,Ero Copper Corp.,Canada,NYQ,USD,,103890254.0,93693426.0,2914233600.0
XHR,"Xenia Hotels & Resorts, Inc.",United States,NYQ,USD,,94805748.0,93739183.0,1497677312.0
GO,Grocery Outlet Holding Corp.,United States,NMS,USD,,98137230.0,93844708.0,1007869440.0
ADXN,Addex Therapeutics Ltd,Switzerland,NCM,USD,,1231998.0,93856293.0,9843664.0
HP,"Helmerich & Payne, Inc.",United States,NYQ,USD,,98448373.0,94231829.0,2769399296.0
TOL,"Toll Brothers, Inc.",United States,NYQ,USD,,95003000.0,94249626.0,13408802816.0
OGI,Organigram Global Inc.,Canada,NMS,USD,,134461029.0,94520877.0,240685232.0
FLX,BingEx Ltd,China,NMS,USD,,55937317.0,94621159.0,223347936.0
HNST,"The Honest Company, Inc.",United States,NMS,USD,,111790674.0,95111505.0,302952736.0
WTW,Willis Towers Watson Public Limited Company,United Kingdom,NMS,USD,,95748613.0,95379981.0,32639559680.0
MAPSW,"WM Technology, Inc.",United States,NMS,USD,,,95457673.0,
SMR,NuScale Power Corporation,United States,NYQ,USD,,282843482.0,95634544.0,4200225792.0
NJR,New Jersey Resources Corporation,United States,NYQ,USD,,100745880.0,95760277.0,4639347712.0
CXW,"CoreCivic, Inc.",United States,NYQ,USD,,104584655.0,95811048.0,2057692160.0
SPNT,SiriusPoint Ltd.,Bermuda,NYQ,USD,,116814640.0,95816040.0,2606134528.0
CURB,Curbline Properties Corp.,United States,NYQ,USD,,105368120.0,95892365.0,2445593856.0
SKE,Skeena Resources Limited,Canada,NYQ,USD,,121093335.0,95987054.0,3078192640.0
SBH,"Sally Beauty Holdings, Inc.",United States,NYQ,USD,,98266491.0,96102472.0,1473014656.0
LEVI,Levi Strauss & Co.,United States,NYQ,USD,,103091513.0,96249595.0,8352265216.0
FFBC,First Financial Bancorp.,United States,NMS,USD,,98529694.0,96457615.0,2534183680.0
OABI,"OmniAb, Inc.",United States,NGM,USD,,143955400.0,96545129.0,277833888.0
OABIW,"OmniAb, Inc.",United States,NCM,USD,,,96545129.0,
HTT,High Templar Tech Limited,China,NYQ,USD,,101635320.0,96722843.0,744357184.0
SFM,"Sprouts Farmers Market, Inc.",United States,NMS,USD,,97369439.0,96861171.0,7779002880.0
SA,Seabridge Gold Inc.,Canada,NYQ,USD,,104346725.0,96909934.0,3249357056.0
EVEX,"Eve Holding, Inc.",United States,NYQ,USD,,348304584.0,97069005.0,1480294400.0
TMHC,Taylor Morrison Home Corporation,United States,NYQ,USD,,97725037.0,97101551.0,5836139520.0
EDIT,"Editas Medicine, Inc.",United States,NMS,USD,,97618660.0,97264304.0,211832496.0
EGHT,"8x8, Inc.",United States,NMS,USD,,138640363.0,97495731.0,278667136.0
LSPD,Lightspeed Commerce Inc.,Canada,NYQ,USD,,135983621.0,97497537.0,1683477120.0
FRSX,Foresight Autonomous Holdings Ltd.,Israel,NCM,USD,,4373136.0,97538271.0,6537838.0
TTC,The Toro Company,United States,NYQ,USD,,97904689.0,97543421.0,7775589888.0
MNMD,Mind Medicine (MindMed) Inc.,United States,NMS,USD,,97219193.0,97624666.0,1269682688.0
VIR,"Vir Biotechnology, Inc.",United States,NMS,USD,,139125032.0,97718640.0,834750144.0
STE,STERIS plc,United States,NYQ,USD,,98147009.0,97763254.0,25156470784.0
EQIX,"Equinix, Inc.",United States,NMS,USD,,98186078.0,97827699.0,74945437696.0
SLSR,Solaris Resources Inc.,Switzerland,ASE,USD,,166896936.0,97951812.0,1398596224.0
HSIC,"Henry Schein, Inc.",United States,NMS,USD,,117724807.0,98184844.0,9232162816.0
WTI,"W&T Offshore, Inc.",United States,NYQ,USD,,148777224.0,98191480.0,242506864.0
TDAY,"USA TODAY Co., Inc.",United States,NYQ,USD,,147108750.0,98220829.0,797329472.0
CHGG,"Chegg, Inc.",United States,NYQ,USD,,109273108.0,98372023.0,108420776.0
FAF,First American Financial Corporation,United States,NYQ,USD,,101900000.0,98376298.0,6310667264.0
REGN,"Regeneron Pharmaceuticals, Inc.",United States,NMS,USD,,103282318.0,98523187.0,83196960768.0
NBIX,"Neurocrine Biosciences, Inc.",United States,NMS,USD,,99705698.0,98532162.0,14483249152.0
OSW,OneSpaWorld Holdings Limited,Bahamas,NCM,USD,,101952381.0,98934591.0,2194639872.0
CNK,"Cinemark Holdings, Inc.",United States,NYQ,USD,,117475902.0,99018960.0,2685499136.0
TDUP,ThredUp Inc.,United States,NMS,USD,,104273162.0,99033540.0,779633984.0
EHC,Encompass Health Corporation,United States,NYQ,USD,,100615977.0,99122836.0,10829825024.0
KRC,Kilroy Realty Corporation,United States,NYQ,USD,,118305702.0,99128348.0,4547700224.0
SSB,SouthState Bank Corporation,United States,NYQ,USD,,100515361.0,99158404.0,9692784640.0
SRPT,"Sarepta Therapeutics, Inc.",United States,NMS,USD,,104787187.0,99257567.0,2317892608.0
SYM,Symbotic Inc.,United States,NGM,USD,,113614046.0,99273681.0,34376032256.0
BEPC,Brookfield Renewable Corporation,United States,NYQ,USD,,144885110.0,99750752.0,7011773440.0
TXNM,"TXNM Energy, Inc.",United States,NYQ,USD,,108921356.0,99783943.0,6417646080.0
