symbol,name,country,exchange,currency,ipo,share_outstanding,float_shares,market_cap
TTSH,"Tile Shop Holdings, Inc.",United States,NCM,USD,,44715001.0,4393.0,164722080.0
GABK,Grand Bank Corporation,,,,,,9116.0,
CDNL,Cardinal Infrastructure Group Inc.,United States,NMS,USD,,14943750.0,10992.0,905391552.0
EPAZ,"Epazz, Inc.",,,,,15859266.0,20314.0,800892.0
VCIG,VCI Global Limited,Malaysia,NCM,USD,,6543598.0,23620.0,4181359.0
IVCAF,Investcorp AI Acquisition Corp.,,,,,6494771.0,26044.0,77937264.0
SMX,SMX (Security Matters) Public Limited Company,Ireland,NCM,USD,,8700342.0,34625.0,1012806848.0
SMXWW,SMX (Security Matters) Public Limited Company,Ireland,NCM,USD,,,34625.0,
JDZG,JIADE Limited,China,NCM,USD,,2317123.0,38337.0,2863808.0
MAQCW,,,,,,,64362.0,
NEN,New England Realty Associates Limited Partnership,United States,ASE,USD,,2822424.0,64948.0,223305984.0
MNPP,"Merchants' National Properties, Inc.",,,,,90879.0,69222.0,184486400.0
GVH,Globavend Holdings Limited,AU,NASDAQ NMS - GLOBAL MARKET,USD,2023-11-08,1526113.0,72188.0,3967893.0
GTEH,"GenTech Holdings, Inc.",,,,,6098893.0,77113.0,1830.0
GDHG,Golden Heaven Group Holdings Ltd.,China,NCM,USD,,2460492.0,89436.0,6203562.0
JWSUF,Jaws Mustang Acquisition Corp.,,,,,,89577.0,
OST,"Ostin Technology Group Co., Ltd.",,,,,5297200.0,99434.0,8978754.0
RUBI,Rubico Inc.,Marshall Islands,NCM,USD,,2456113.0,101546.0,2996458.0
LVPA,Lvpai Group Limited,,,,,100103103.0,103106.0,101104136.0
WOK,WORK Medical Technology Group LTD,China,NCM,USD,,960012.0,128312.0,30576.0
DIT,AMCON Distributing Company,United States,ASE,USD,,650709.0,166406.0,68324448.0
BH,Biglari Holdings Inc.,United States,NYQ,USD,,2068640.0,181976.0,1103412608.0
SPHL,Springview Holdings Ltd,Singapore,NCM,USD,,1652204.0,187461.0,3882679.0
EZGO,EZGO Technologies Ltd.,CN,NASDAQ NMS - GLOBAL MARKET,USD,2021-01-26,868029.0,202745.0,1692656.0
JXG,JX Luxventure Group Inc.,China,NCM,USD,,1206262.0,204508.0,9806918.0
WTO,UTime Limited,China,NCM,USD,,1944191.0,209829.0,1234561.0
SVRN,OceanPal Inc.,Greece,NCM,USD,,34300471.0,216478.0,34986480.0
BON,Bon Natural Life Limited,China,NCM,USD,,6086971.0,217703.0,16374745.0
LDSVF,Chocoladefabriken Lindt & Sprüngli AG,,,,,969010.0,225200.0,33591222272.0
CHSN,Chanson International Holding,China,NCM,USD,,38907905.0,231770.0,81465648.0
SEB,Seaboard Corporation,United States,ASE,USD,,957951.0,245446.0,4190718464.0
SLGL,Sol-Gel Technologies Ltd.,Israel,NCM,USD,,2785787.0,304821.0,116585184.0
KXIN,Kaixin Holdings,China,NCM,USD,,738607.0,308248.0,5451642.0
ATEKW,,,,,,,310137.0,
CLRCF,ClimateRock,,,,,2535300.0,311538.0,30677252.0
CLRRF,ClimateRock,,,,,,311538.0,
SPRC,SciSparc Ltd.,Israel,NCM,USD,,3288998.0,332674.0,4834827.0
AIFM,"AIFarm, Ltd.",,,,,676827.0,336000.0,2030.0
IPW,iPower Inc.,United States,NCM,USD,,1049832.0,341699.0,10183380.0
ASCWF,,,,,,,343593.0,
ASCRF,A SPAC II Acquisition Corp.,,,,,,343593.0,
DWTX,"Dogwood Therapeutics, Inc.",United States,NCM,USD,,29727866.0,358031.0,120992416.0
SEELQ,"Seelos Therapeutics, Inc.",,,,,581000.0,359026.0,
TWG,Top Wealth Group Holding Limited,Hong Kong,NCM,USD,,1300029.0,360581.0,5945441.0
VIIQ,,,,,,,369923.0,
CETX,"Cemtrex, Inc.",United States,NCM,USD,,6911663.0,378546.0,15758594.0
CETXP,"Cemtrex, Inc.",US,NASDAQ NMS - GLOBAL MARKET,USD,2001-06-21,1486740.0,378546.0,957774.0
CZOOF,Cazoo Group Ltd,,,,,4898984.0,380273.0,979.0
YAAS,Youxin Technology Ltd,China,NCM,USD,,3967877.0,382269.0,6853884.0
PLUT,Plutus Financial Group Limited,HK,NASDAQ NMS - GLOBAL MARKET,HKD,2025-02-05,15350000.0,386053.0,52190000.0
CLRO,"ClearOne, Inc.",US,NASDAQ NMS - GLOBAL MARKET,USD,1989-03-03,2237912.0,387830.0,11928071.0
LTSSF,Lotus Bakeries NV,BE,NYSE EURONEXT - EURONEXT BRUSSELS,EUR,1988-12-20,812053.0,404199.0,7721358848.0
HWH,HWH International Inc.,United States,NCM,USD,,6476400.0,409049.0,9649836.0
ATMC,AlphaTime Acquisition Corp,US,NASDAQ NMS - GLOBAL MARKET,USD,2022-12-30,2551636.0,417448.0,38019392.0
ATMCR,AlphaTime Acquisition Corp,United States,NCM,USD,,,417448.0,
ATMCW,AlphaTime Acquisition Corp,United States,NCM,USD,,,417448.0,
ATMCU,AlphaTime Acquisition Corp,United States,NCM,USD,,,417448.0,
NCEW,New Century Logistics (BVI) Limited,Hong Kong,NCM,USD,,2687500.0,418739.0,15023125.0
NIVF,NewGenIvf Group Limited,Thailand,NCM,USD,,1317135.0,429967.0,1055814.0
NIVFW,NewGenIvf Group Limited,Thailand,NCM,USD,,,429967.0,
WNW,Meiwu Technology Company Limited,CN,NASDAQ NMS - GLOBAL MARKET,USD,2020-12-15,15643353.0,432609.0,23465030.0
BYNOW,byNordic Acquisition Corporatio,,,,,,436727.0,
BYNOU,byNordic Acquisition Corporation,,,,,,436727.0,
FCODF,Compagnie de l'Odet,,,,,4215071.0,455969.0,6597176320.0
WAI,Top KingWin Ltd,China,NCM,USD,,1665135.0,457212.0,3696693.0
TETUF,Technology & Telecommunication Acquisition Corporation,,,,,,466922.0,
RJET,Republic Airways Holdings Inc.,United States,NMS,USD,,46900000.0,480120.0,925336960.0
MAYS,"J.W. Mays, Inc.",United States,NCM,USD,,2015780.0,493423.0,79202216.0
SUGP,SU Group Holdings Limited,,,,,563092.0,504028.0,9799331.0
YHGJ,Yunhong Green CTI Ltd.,United States,NCM,USD,,2773863.0,504899.0,10485206.0
BDMD,Baird Medical Investment Holdings Limited,China,NCM,USD,,36725899.0,505026.0,51416260.0
BDMDW,Baird Medical Investment Holdings Limited,China,NCM,USD,,,505026.0,
RTCJF,Baijiayun Group Ltd,CN,NASDAQ NMS - GLOBAL MARKET,USD,2006-11-24,23402800.0,522297.0,29357564.0
FORLU,Four Leaf Acquisition Corporation,US,NASDAQ NMS - GLOBAL MARKET,USD,2023-03-17,,522344.0,27.0
FGIWW,FGI Industries Ltd.,,,,,,523257.0,
FGI,FGI Industries Ltd.,United States,NCM,USD,,1920140.0,523257.0,12346500.0
CHNR,"China Natural Resources, Inc.",China,NCM,USD,,1233382.0,523379.0,4316837.0
MFI,mF International Limited,Hong Kong,NCM,USD,,50525597.0,525594.0,951512000.0
EMPG,Empro Group Inc.,Malaysia,NCM,USD,,8240000.0,527760.0,143046400.0
DFSCW,DEFSEC Technologies Inc.,,,,,,530373.0,
DFSC,DEFSEC Technologies Inc.,Canada,NCM,USD,,1993626.0,530373.0,3628399.0
IMAQW,,,,,,,539681.0,
LGCB,Linkage Global Inc,Japan,NCM,USD,,10162522.0,545127.0,21208792.0
GLXG,Galaxy Payroll Group Limited,Hong Kong,NCM,USD,,1801500.0,545523.0,4236540.0
JFBR,Jeffs' Brands Ltd,Israel,NCM,USD,,3168809.0,545571.0,2768588.0
JFBRW,Jeffs' Brands Ltd,Israel,NCM,USD,,,545571.0,
BDL,"Flanigan's Enterprises, Inc.",United States,ASE,USD,,1858647.0,553319.0,54978808.0
WHLR,"Wheeler Real Estate Investment Trust, Inc.",United States,NCM,USD,,1895599.0,563181.0,3544770.0
WHLRP,"Wheeler Real Estate Investment Trust, Inc.",United States,NCM,USD,,0.0,563181.0,4754368.0
UPC,Universe Pharmaceuticals INC,China,NCM,USD,,563338.0,563332.0,3165959.0
AEHL,Antelope Enterprise Holdings Limited,China,NCM,USD,,2616577.0,576401.0,6671975.0
CNSP,"CNS Pharmaceuticals, Inc.",US,NASDAQ NMS - GLOBAL MARKET,USD,2019-11-08,620290.0,586248.0,3827189.0
CMCT,Creative Media & Community Trust Corporation,United States,NCM,USD,,947030.0,589626.0,4271105.0
DDI,"DoubleDown Interactive Co., Ltd.",South Korea,NMS,USD,,49553440.0,593130.0,425664064.0
APLM,"Apollomics, Inc.",United States,NCM,USD,,2143348.0,594131.0,42866960.0
ENVB,"Enveric Biosciences, Inc.",United States,NCM,USD,,1023368.0,595468.0,4206042.0
INTG,The InterGroup Corporation,United States,NCM,USD,,2148812.0,600185.0,58619592.0
RBLK,"Related Blocks, Inc.",,,,,595305.0,603412.0,348848.0
MDRR,"Medalist Diversified REIT, Inc.",United States,NCM,USD,,1112405.0,604492.0,13359984.0
BBGI,"Beasley Broadcast Group, Inc.",United States,NCM,USD,,970857.0,613484.0,9074090.0
IOR,"Income Opportunity Realty Investors, Inc.",United States,ASE,USD,,4066178.0,628265.0,71361424.0
JYD,Jayud Global Logistics Limited,China,NCM,USD,,2625676.0,643830.0,11536927.0
HTOO,Fusion Fuel Green PLC,Ireland,NCM,USD,,2013403.0,649865.0,7878043.0
PNRG,PrimeEnergy Resources Corporation,United States,NCM,USD,,1635000.0,650109.0,289630368.0
CLIK,Click Holdings Limited,Hong Kong,NCM,USD,,2935986.0,653496.0,18077202.0
TGL,Treasure Global Inc.,United States,NCM,USD,,1526364.0,654275.0,10699812.0
AKAN,Akanda Corp.,GB,NASDAQ NMS - GLOBAL MARKET,USD,2022-03-15,728289.0,656871.0,327730.0
GYRO,"Gyrodyne, LLC",United States,NCM,USD,,2199308.0,668185.0,20628638.0
ACONW,"Aclarion, Inc.",,,,,,671331.0,
ACON,"Aclarion, Inc.",United States,NCM,USD,,671371.0,671331.0,3618689.0
ELAB,PMGC Holdings Inc.,United States,NCM,USD,,744110.0,675930.0,1153372.0
SPRB,"Spruce Biosciences, Inc.",United States,NCM,USD,,1070370.0,676452.0,91773520.0
CBRRF,Chain Bridge I,,,,,3011881.0,678721.0,74930800.0
GOVB,"Gouverneur Bancorp, Inc.",,,,,1050546.0,695960.0,18041834.0
CNEY,CN Energy Group. Inc.,CN,NASDAQ NMS - GLOBAL MARKET,USD,2021-02-05,4988337.0,696597.0,2983965.0
SQFT,"Presidio Property Trust, Inc.",United States,NCM,USD,,1230601.0,700003.0,4848568.0
SQFTP,"Presidio Property Trust, Inc.",United States,NCM,USD,,,700003.0,
SQFTW,"Presidio Property Trust, Inc.",United States,NCM,USD,,,700003.0,
IXQUF,,,,,,,701035.0,
MNDR,Mobile-health Network Solutions,Singapore,NCM,USD,,2365752.0,723245.0,2949980.0
MTVA,MetaVia Inc.,United States,NCM,USD,,2309090.0,725431.0,21220536.0
CVR,Chicago Rivet & Machine Co.,United States,ASE,USD,,966132.0,737275.0,13274653.0
CISS,C3is Inc.,Greece,NCM,USD,,4418378.0,743251.0,931394.0
VALU,"Value Line, Inc.",United States,NCM,USD,,9389873.0,752974.0,357463072.0
VRM,"Vroom, Inc.",United States,NGM,USD,,5199620.0,756181.0,116991448.0
LICN,Lichen International Limited,China,NCM,USD,,16216825.0,756690.0,48440060.0
AEMD,"Aethlon Medical, Inc.",United States,NCM,USD,,971872.0,756925.0,2487992.0
GWAV,"Greenwave Technology Solutions, Inc.",US,NASDAQ NMS - GLOBAL MARKET,USD,2015-03-03,829631.0,757486.0,4836748.0
AKA,a.k.a. Brands Holding Corp.,US,"NEW YORK STOCK EXCHANGE, INC.",USD,2021-09-22,10739676.0,772075.0,123296136.0
NEGG,"Newegg Commerce, Inc.",United States,NCM,USD,,20966480.0,782495.0,1110804096.0
MIGI,Mawson Infrastructure Group Inc.,United States,NCM,USD,,1143259.0,787077.0,5144670.0
SBDS,"Solo Brands, Inc.",,,,,1647827.0,790759.0,10150614.0
FTEL,Fitell Corporation,Australia,NCM,USD,,2432000.0,793042.0,1775116.0
ALCY,Alchemy Investments Acquisition Corp 1,United States,NCM,USD,,4208042.0,795026.0,50454448.0
ALCYU,Alchemy Investments Acquisition Corp 1,United States,NCM,USD,,,795026.0,
BAYAU,Bayview Acquisition Corp,US,NASDAQ NMS - GLOBAL MARKET,USD,2023-12-15,,801677.0,40.0
BAYA,Bayview Acquisition Corp,,,,,3466262.0,801677.0,40728580.0
NCSM,"NCS Multistage Holdings, Inc.",United States,NCM,USD,,2540920.0,803769.0,102678576.0
MTEX,"Mannatech, Incorporated",US,NASDAQ NMS - GLOBAL MARKET,USD,1999-02-16,1900930.0,815005.0,14561131.0
SSBP,"SSB Bancorp, Inc.",,,,,2187602.0,824332.0,27327524.0
DRMA,"Dermata Therapeutics, Inc.",United States,NCM,USD,,1026457.0,828926.0,1909210.0
DRMAW,"Dermata Therapeutics, Inc.",United States,NCM,USD,,,828926.0,
ESHA,ESH Acquisition Corp.,United States,NCM,USD,,3892381.0,829763.0,47609048.0
RNAZ,"TransCode Therapeutics, Inc.",United States,NCM,USD,,916968.0,832424.0,6382104.0
BOXL,Boxlight Corporation,United States,NCM,USD,,951873.0,833812.0,2084604.0
MXC,Mexco Energy Corporation,United States,ASE,USD,,2046000.0,839146.0,21836140.0
GDSTW,Goldenstone Acquisition Limited,,,,,,839238.0,
GCTK,"GlucoTrack, Inc.",US,NASDAQ NMS - GLOBAL MARKET,USD,2013-04-09,910688.0,853761.0,3824893.0
SNSE,"Sensei Biotherapeutics, Inc.",US,NASDAQ NMS - GLOBAL MARKET,USD,2021-02-04,1261290.0,854373.0,11351619.0
PLUR,Pluri Inc.,Israel,NCM,USD,,9253897.0,867368.0,28779618.0
LIVE,Live Ventures Incorporated,United States,NCM,USD,,3071656.0,867804.0,48225016.0
AIRT,"Air T, Inc.",United States,NCM,USD,,2702639.0,888276.0,52025820.0
AIRTP,"Air T, Inc.",United States,NGM,USD,,3044420.0,888276.0,473350816.0
FTII,FutureTech II Acquisition Corp.,,,,,4289961.0,894886.0,51565332.0
PLRZ,Polyrizon Ltd.,Israel,NCM,USD,,1041677.0,900364.0,8479251.0
BLMZF,Harrison Global Holdings Inc.,,,,,1465093.0,916988.0,32232.0
SSM,Sono Group N.V.,Germany,NCM,USD,,1424408.0,922899.0,9928687.0
CRTWF,,,,,,,927580.0,
NYC,American Strategic Investment Co.,US,"NEW YORK STOCK EXCHANGE, INC.",USD,2020-05-28,2672943.0,928286.0,22345802.0
BAOS,Baosheng Media Group Holdings Limited,China,NCM,USD,,1534487.0,937633.0,4173804.0
NSYS,Nortech Systems Incorporated,United States,NCM,USD,,2786134.0,938649.0,20589538.0
STG,Sunlands Technology Group,China,NYQ,USD,,5108694.0,955634.0,86377944.0
COHN,Cohen & Company Inc.,United States,ASE,USD,,2035863.0,956722.0,35403672.0
VGAS,"Verde Clean Fuels, Inc.",United States,NCM,USD,,22049621.0,960142.0,107364592.0
TAOP,Taoping Inc.,China,NCM,USD,,9238687.0,967548.0,13580870.0
GURE,"Gulf Resources, Inc.",China,NCM,USD,,1353531.0,967715.0,5008065.0
WBUY,WEBUY GLOBAL LTD.,Singapore,NCM,USD,,2258611.0,972218.0,3546019.0
SLGB,Smart Logistics Global Limited,Hong Kong,NCM,USD,,41000000.0,975600.0,45510000.0
PMN,"ProMIS Neurosciences, Inc.",Canada,NCM,USD,,2152444.0,990684.0,16487721.0
GLTO,"Galecto, Inc.",Denmark,NCM,USD,,1595161.0,992821.0,54458796.0
PMAX,Powell Max Limited,HK,NASDAQ NMS - GLOBAL MARKET,HKD,2024-09-05,2194418.0,994683.0,6697708.0
PAPL,Pineapple Financial Inc.,Canada,ASE,USD,,1345941.0,1004718.0,2597668.0
ZBAI,ATIF Holdings Limited,,,,,1313373.0,1019374.0,10231183.0
LDWY,"Lendway, Inc.",US,NASDAQ NMS - GLOBAL MARKET,USD,1991-06-25,1769599.0,1054309.0,6016637.0
SNTG,Sentage Holdings Inc.,CN,NASDAQ NMS - GLOBAL MARKET,USD,2021-07-09,2805325.0,1059319.0,5610650.0
EHLD,Euroholdings Ltd.,Greece,NCM,USD,,2816615.0,1061864.0,19209314.0
UOKA,MDJM Ltd,GB,NASDAQ NMS - GLOBAL MARKET,USD,2019-01-08,1068686.0,1062627.0,2244240.0
PHGE,BiomX Inc.,Israel,ASE,USD,,1526640.0,1076892.0,2946415.0
LVLU,"Lulu's Fashion Lounge Holdings, Inc.",United States,NCM,USD,,2771846.0,1086176.0,15064983.0
ATHA,"Athira Pharma, Inc.",United States,NCM,USD,,3943887.0,1086186.0,29500612.0
FEED,"ENvue Medical, Inc.",United States,NCM,USD,,1088192.0,1088143.0,2785771.0
NDRA,ENDRA Life Sciences Inc.,United States,NCM,USD,,1166441.0,1095533.0,5925525.0
GTIJF,Graphjet Technology,,,,,3845062.0,1097650.0,3441331.0
RELV,"Reliv' International, Inc.",,,,,1140024.0,1102166.0,2455611.0
RBTEF,Robertet SA,FR,NYSE EURONEXT - EURONEXT PARIS,EUR,1985-01-07,1958202.0,1134244.0,2089034752.0
ARBB,ARB IOT Group Limited,Singapore,NCM,USD,,1765256.0,1138714.0,10309095.0
SLMT,Brera Holdings PLC,Ireland,NCM,USD,,81994765.0,1149428.0,173351984.0
SDOT,Sadot Group Inc.,United States,NCM,USD,,1549080.0,1150055.0,2974233.0
CDT,CDT Equity Inc.,United States,NCM,USD,,1629402.0,1152346.0,2330046.0
CDTTW,CDT Equity Inc.,United States,NCM,USD,,,1152346.0,
RYM,"RYTHM, Inc.",United States,NCM,USD,,2149128.0,1158305.0,51299688.0
LNZA,"LanzaTech Global, Inc.",United States,NCM,USD,,2320216.0,1159621.0,30371628.0
SAIHW,SAIHEAT Limited,Singapore,NCM,USD,,,1166638.0,
SAIH,SAIHEAT Limited,US,NASDAQ NMS - GLOBAL MARKET,USD,2021-04-29,1267348.0,1166638.0,17935100.0
IRICF,Isras Investment Company Ltd,,,,,4954470.0,1169931.0,1020620800.0
TCI,"Transcontinental Realty Investors, Inc.",United States,NYQ,USD,,8639316.0,1171578.0,475680800.0
TSAT,Telesat Corporation,Canada,NMS,USD,,14685375.0,1174682.0,1487196416.0
LRE,"Lead Real Estate Co., Ltd",Japan,NCM,USD,,13641900.0,1176750.0,17598052.0
VCNX,"Vaccinex, Inc.",,,,,2676637.0,1180772.0,2917534.0
SYNX,Silynxcom Ltd.,Israel,ASE,USD,,6634400.0,1182727.0,6369024.0
HALL,"Hallmark Financial Services, Inc.",,,,,1818482.0,1188542.0,110927.0
PTHS,Pelthos Therapeutics Inc.,,,,,3086681.0,1210191.0,79358568.0
HCHL,Happy City Holdings Limited,Hong Kong,NCM,USD,,7212000.0,1212085.0,75311040.0
SOBR,"SOBR Safe, Inc.",United States,NCM,USD,,1516238.0,1215159.0,3335725.0
BNBX,BNB Plus Corp.,United States,NCM,USD,,4365541.0,1216134.0,10171710.0
SBLX,"StableX Technologies, Inc.",,,,,1455975.0,1221883.0,4702799.0
LRHC,La Rosa Holdings Corp.,United States,NCM,USD,,1625329.0,1233852.0,1124727.0
EDRY,EuroDry Ltd.,Greece,NCM,USD,,2826697.0,1239252.0,36323072.0
CKX,"CKX Lands, Inc.",United States,ASE,USD,,2053129.0,1243170.0,19402068.0
DJCO,Daily Journal Corporation,United States,NCM,USD,,1377426.0,1245400.0,712143040.0
VWFB,"VWF Bancorp, Inc.",,,,,1905413.0,1248903.0,22745826.0
MGIH,Millennium Group International Holdings Limited,Hong Kong,NCM,USD,,11250000.0,1249988.0,14850001.0
TOPS,Top Ships Inc.,Greece,ASE,USD,,4626197.0,1254763.0,23408562.0
ONCO,"Onconetix, Inc.",United States,NCM,USD,,1555015.0,1256119.0,2223672.0
XHLD,"TEN Holdings, Inc.",United States,NCM,USD,,2986666.0,1260213.0,4987732.0
NCI,Neo-Concept International Group Holdings Limited,Hong Kong,NCM,USD,,3464000.0,1260734.0,4958080.0
BJDX,"Bluejay Diagnostics, Inc.",United States,NCM,USD,,1814133.0,1270038.0,1269893.0
WAFU,Wah Fu Education Group Limited,China,NCM,USD,,4410559.0,1274519.0,6902525.0
PTN,"Palatin Technologies, Inc.",US,NYSE MKT LLC,USD,1999-12-21,1702675.0,1285724.0,24876082.0
RETO,"ReTo Eco-Solutions, Inc.",,,,,1858842.0,1286254.0,6089334.0
BGLC,BioNexus Gene Lab Corp.,MY,NASDAQ NMS - GLOBAL MARKET,USD,2020-03-11,2363836.0,1291994.0,9786281.0
MARPS,Marine Petroleum Trust,United States,NCM,USD,,2000000.0,1299020.0,8720000.0
ARL,"American Realty Investors, Inc.",United States,NYQ,USD,,16152043.0,1308639.0,258109648.0
FAMI,"Farmmi, Inc.",China,NCM,USD,,5481874.0,1314260.0,7839081.0
ASTC,Astrotech Corporation,United States,NCM,USD,,1758953.0,1318078.0,6666435.0
IBG,Innovation Beverage Group Limited,Australia,NCM,USD,,20020000.0,1332374.0,46046000.0
MNTSW,Momentus Inc.,United States,NCM,USD,,,1340974.0,
MNTS,Momentus Inc.,United States,NCM,USD,,1669562.0,1340974.0,10384682.0
GSUN,Golden Sun Health Technology Group Limited,China,NCM,USD,,8495971.0,1342030.0,10322806.0
MRNOW,Murano Global Investments Plc,United Kingdom,NCM,USD,,,1349131.0,
MRNO,Murano Global Investments Plc,United Kingdom,NCM,USD,,79315662.0,1349131.0,50777888.0
JLHL,Julong Holding Limited,China,NCM,USD,,11448632.0,1351552.0,93087064.0
RKDA,"Arcadia Biosciences, Inc.",United States,NCM,USD,,1373120.0,1361902.0,3570111.0
CJMB,Callan JMB Inc.,US,NASDAQ NMS - GLOBAL MARKET,USD,2025-02-05,4623027.0,1371652.0,6148626.0
JZXN,"Jiuzi Holdings, Inc.",CN,NASDAQ NMS - GLOBAL MARKET,USD,2021-05-18,1392834.0,1375034.0,2493172.0
NITO,"N2OFF, Inc.",US,NASDAQ NMS - GLOBAL MARKET,USD,2010-05-26,2712883.0,1389810.0,6022602.0
TANH,Tantech Holdings Ltd,China,NCM,USD,,6138555.0,1407609.0,6261326.0
TFLM,TOFLA MEGALINE INC.,,,,,5912535.0,1410553.0,956056.0
YDESW,YD Bio Limited,Taiwan,NGM,USD,,,1420759.0,
YDES,YD Bio Ltd,TW,NASDAQ NMS - GLOBAL MARKET,USD,2025-08-29,70521359.0,1420759.0,863181440.0
PARK,"Park Dental Partners, Inc.",United States,NCM,USD,,4091636.0,1424511.0,60065216.0
LCFYW,Locafy Limited,Australia,NCM,USD,,,1425571.0,
LCFY,Locafy Limited,Australia,NCM,USD,,1799055.0,1425571.0,5613051.0
PRPO,"Precipio, Inc.",United States,NCM,USD,,1752007.0,1426484.0,41627688.0
NXTT,Next Technology Holding Inc.,China,NCM,USD,,4082556.0,1442809.0,27148998.0
BOLT,"Bolt Biotherapeutics, Inc.",United States,NCM,USD,,1919441.0,1449101.0,10230626.0
PFX,PhenixFIN Corporation,United States,NGM,USD,,2000560.0,1461649.0,90174152.0
FLYE,"Fly-E Group, Inc.",United States,NCM,USD,,1632386.0,1464087.0,9924907.0
SHPH,"Shuttle Pharmaceuticals Holdings, Inc.",United States,NCM,USD,,1603285.0,1475295.0,2998143.0
GNLN,"Greenlane Holdings, Inc.",United States,NCM,USD,,4829563.0,1490665.0,10190377.0
PTZH,"Photozou Holdings, Inc.",,,,,8052083.0,1490924.0,4750729.0
PBBK,"PB Bankshares, Inc.",United States,NCM,USD,,2374576.0,1499307.0,56240476.0
FRGT,"Freight Technologies, Inc.",Mexico,NCM,USD,,1564246.0,1501399.0,3191063.0
ITIC,Investors Title Company,United States,NMS,USD,,1887574.0,1515099.0,472459776.0
CIX,CompX International Inc.,United States,ASE,USD,,12323057.0,1517708.0,284231328.0
IVF,"INVO Fertility, Inc.",United States,NCM,USD,,15130282.0,1520971.0,12673124.0
DEVS,DevvStream Corp.,US,,USD,2021-10-28,4380012.0,1521003.0,5650215.0
LSE,"Leishen Energy Holding Co., Ltd.",China,NCM,USD,,17025000.0,1524929.0,74399248.0
RHEPB,"Regional Health Properties, Inc.",US,NYSE MKT LLC,USD,2017-10-02,,1533433.0,5.0
INDP,"Indaptus Therapeutics, Inc.",United States,NCM,USD,,1751163.0,1533861.0,4465465.0
CVKD,"Cadrenal Therapeutics, Inc.",United States,NCM,USD,,2338127.0,1542872.0,17325520.0
HIND,"Vyome Holdings, Inc.",United States,NCM,USD,,5644494.0,1543882.0,21053962.0
ARKR,Ark Restaurants Corp.,United States,NGM,USD,,3606157.0,1544697.0,22971220.0
MKTW,"MarketWise, Inc.",United States,NGM,USD,,2416640.0,1549646.0,39177656.0
PBMWW,Psyence Biomedical Ltd.,Canada,NCM,USD,,,1550489.0,
PBM,Psyence Biomedical Ltd.,Canada,NCM,USD,,1872051.0,1550489.0,1741007.0
AIMD,"Ainos, Inc.",United States,NCM,USD,,4812634.0,1567427.0,9403889.0
AIMDW,"Ainos, Inc.",,,,,,1567427.0,
TIVC,"Tivic Health Systems, Inc.",United States,NCM,USD,,1765952.0,1569472.0,2843184.0
SHFSW,"SHF Holdings, Inc.",United States,NCM,USD,,,1571102.0,
SHFS,"SHF Holdings, Inc.",US,NASDAQ NMS - GLOBAL MARKET,USD,2021-06-24,3081076.0,1571102.0,3851346.0
WLDSW,Wearable Devices Ltd.,Israel,NCM,USD,,,1585079.0,
WLDS,Wearable Devices Ltd.,Israel,NCM,USD,,8648406.0,1585079.0,10896991.0
BKHAR,Black Hawk Acquisition Corporation,United States,NGM,USD,,1380000.0,1593188.0,1752600.0
BKHAU,Black Hawk Acquisition Corporation,United States,NGM,USD,,,1593188.0,
BKHA,Black Hawk Acquisition Corporation,,,,,4153577.0,1593188.0,46727740.0
MAMK,MaxsMaking Inc.,China,NCM,USD,,9200000.0,1601550.0,218784992.0
RAINW,"Rain Enhancement Technologies Holdco, Inc.",United States,NCM,USD,,,1613651.0,
RAIN,"Rain Enhancement Technologies Holdco, Inc.",United States,NCM,USD,,8131081.0,1613651.0,53923472.0
VTAK,"Catheter Precision, Inc.",United States,ASE,USD,,1668375.0,1618574.0,2802870.0
ASNS,"Actelis Networks, Inc.",United States,NCM,USD,,6395892.0,1619975.0,3357843.0
TRSG,Tungray Technologies Inc.,Singapore,NCM,USD,,11793485.0,1625373.0,18479440.0
KWIK,"KwikClick, Inc.",,,,,3892960.0,1625700.0,8369864.0
NUWE,"Nuwellis, Inc.",United States,NCM,USD,,902665.0,1632275.0,1841436.0
IROQ,"IF Bancorp, Inc.",United States,NCM,USD,,3240867.0,1634078.0,87276576.0
FIEE,"FiEE, Inc.",Hong Kong,NCM,USD,,6295961.0,1639594.0,17376856.0
JL,J-Long Group Limited,Hong Kong,NCM,USD,,1652701.0,1652703.0,23585872.0
BRID,Bridgford Foods Corporation,United States,NGM,USD,,9076832.0,1658156.0,69800848.0
ELSE,"Electro-Sensors, Inc.",United States,NCM,USD,,3480521.0,1668144.0,14687798.0
XAGE,"Longevity Health Holdings, Inc.",,,,,1781738.0,1668277.0,783964.0
HFBL,"Home Federal Bancorp, Inc. of Louisiana",United States,NCM,USD,,3088261.0,1672598.0,51234252.0
WSTNU,Westin Acquisition Corp,Singapore,NCM,USD,,,1672633.0,
BCTX,BriaCell Therapeutics Corp.,Canada,NCM,USD,,1883906.0,1674529.0,14972310.0
BCTXW,BriaCell Therapeutics Corp.,Canada,NCM,USD,,,1674529.0,
BCTXZ,BriaCell Therapeutics Corp.,Canada,NCM,USD,,,1674529.0,
ACFN,"Acorn Energy, Inc.",United States,NCM,USD,,2504626.0,1677373.0,38070316.0
SNOA,"Sonoma Pharmaceuticals, Inc.",United States,NCM,USD,,1701076.0,1680136.0,6140884.0
LCRXF,Lacroix Group SA,FR,NYSE EURONEXT - EURONEXT PARIS,EUR,1992-11-05,4696437.0,1685035.0,47434016.0
UUU,"Universal Safety Products, Inc",United States,ASE,USD,,2312887.0,1686280.0,11564435.0
CDIO,"Cardio Diagnostics Holdings, Inc.",United States,NCM,USD,,1826051.0,1697607.0,6080753.0
CDIOW,"Cardio Diagnostics Holdings, Inc.",United States,NCM,USD,,,1697607.0,
INKT,"MiNK Therapeutics, Inc.",United States,NCM,USD,,4694155.0,1698439.0,56095152.0
CREV,Carbon Revolution Public Limited Company,IE,NASDAQ NMS - GLOBAL MARKET,AUD,2021-03-08,1927815.0,1700455.0,4877372.0
HIFS,Hingham Institution for Savings,,,,,2182150.0,1701310.0,635354816.0
SFBC,"Sound Financial Bancorp, Inc.",United States,NCM,USD,,2388038.0,1704594.0,104142336.0
ABTS,Abits Group Inc.,Hong Kong,NCM,USD,,2369995.0,1704865.0,12584679.0
MKZR,"MacKenzie Realty Capital, Inc.",US,NASDAQ NMS - GLOBAL MARKET,USD,2023-09-22,1852481.0,1709581.0,7206155.0
ANGH,Anghami Inc.,United Arab Emirates,NCM,USD,,9064883.0,1714143.0,22118318.0
ANGHW,Anghami Inc.,United Arab Emirates,NCM,USD,,,1714143.0,
ABPWW,"Abpro Holdings, Inc.",United States,NCM,USD,,,1726765.0,
ABP,"Abpro Holdings, Inc.",US,NASDAQ NMS - GLOBAL MARKET,USD,2022-01-14,2716278.0,1726765.0,12494879.0
TCRT,"Alaunos Therapeutics, Inc.",United States,NCM,USD,,2231829.0,1735448.0,7208807.0
HOUR,"Hour Loop, Inc.",United States,NCM,USD,,35176320.0,1749318.0,67538536.0
VSSYW,Versus Systems Inc.,United States,NCM,USD,,,1756614.0,
VS,Versus Systems Inc.,United States,NCM,USD,,4901677.0,1756614.0,6176114.0
TGAWF,,,,,,,1780990.0,
BBLGW,Bone Biologics Corporation,United States,NCM,USD,,,1787397.0,
BBLG,Bone Biologics Corporation,United States,NCM,USD,,1795260.0,1787397.0,3051942.0
SNAXW,"Stryve Foods, Inc.",,,,,,1790822.0,
ASPC,A SPAC III Acquisition Corp.,Hong Kong,NCM,USD,,837581.0,1791732.0,56125344.0
ASPCR,A SPAC III Acquisition Corp.,,,,,,1791732.0,
ASPCU,A SPAC III Acquisition Corp.,Hong Kong,NCM,USD,,,1791732.0,
WFCF,"Where Food Comes From, Inc.",United States,NCM,USD,,5111945.0,1792964.0,58452072.0
PDEX,"Pro-Dex, Inc.",United States,NCM,USD,,3262004.0,1805193.0,129396200.0
JCSE,JE Cleantech Holdings Limited,Singapore,NCM,USD,,5260260.0,1806654.0,5733683.0
REEWF,,,,,,,1826119.0,
JWEL,Jowell Global Ltd.,China,NCM,USD,,2170475.0,1829168.0,4861864.0
AGMH,AGM Group Holdings Inc.,Hong Kong,NCM,USD,,1977191.0,1832161.0,4033471.0
AGPU,Axe Compute Inc.,United States,NCM,USD,,3393516.0,1833008.0,24433322.0
PRFX,PainReform Ltd.,Israel,NCM,USD,,3915340.0,1834374.0,3239943.0
CIGL,Concorde International Group Ltd.,Singapore,NCM,USD,,6674356.0,1841781.0,49572304.0
HCWB,HCW Biologics Inc.,US,NASDAQ NMS - GLOBAL MARKET,USD,2021-07-20,2701607.0,1845360.0,3836281.0
ATON,AlphaTON Capital Corp.,British Virgin Islands,NCM,USD,,8187488.0,1845752.0,5375904.0
POLA,"Polar Power, Inc.",United States,NCM,USD,,2658676.0,1848604.0,4812203.0
MTR,Mesa Royalty Trust,United States,NYQ,USD,,1863590.0,1863590.0,7920262.0
RAY,Raytech Holding Limited,Hong Kong,NCM,USD,,2975817.0,1874881.0,6725348.0
DGLY,"Digital Ally, Inc.",United States,NCM,USD,,1898436.0,1898284.0,1398198.0
BGMS,"Bio Green Med Solution, Inc.",Malaysia,NCM,USD,,4900142.0,1906106.0,7252210.0
NXTC,"NextCure, Inc.",US,NASDAQ NMS - GLOBAL MARKET,USD,2019-05-09,3505621.0,1911731.0,44766780.0
AWX,Avalon Holdings Corporation,United States,ASE,USD,,3287647.0,1915673.0,9709586.0
BNRG,Brenmiller Energy Ltd,Israel,NCM,USD,,3859800.0,1917333.0,2740844.0
ORKT,Orangekloud Technology Inc.,Singapore,NCM,USD,,2097003.0,1923099.0,4863343.0
ACXP,"Acurx Pharmaceuticals, Inc.",United States,NCM,USD,,2085363.0,1956759.0,6652308.0
VEEE,Twin Vee Powercats Co.,United States,NCM,USD,,2237299.0,1958890.0,4161376.0
XBIO,"Xenetic Biosciences, Inc.",United States,NCM,USD,,2291056.0,1984948.0,4765396.0
WXM,WF International Limited,China,NCM,USD,,8620688.0,1991000.0,4594826.0
WKHS,Workhorse Group Inc.,,,,,8799568.0,1994187.0,49189588.0
RYOJ,"rYojbaba Co., Ltd.",Japan,NCM,USD,,11250000.0,1994700.0,38445748.0
WATT,Energous Corporation,United States,NCM,USD,,2175146.0,2008957.0,8167673.0
AHMA,Ambitions Enterprise Management Co. L.L.C,United Arab Emirates,NCM,USD,,10965000.0,2020480.0,219370496.0
ACCS,ACCESS Newswire Inc.,United States,ASE,USD,,3868826.0,2029161.0,33194536.0
UK,Ucommune International Ltd,China,NCM,USD,,2075569.0,2047543.0,1755964.0
NCEL,NewcelX Ltd.,Switzerland,NCM,USD,,4558378.0,2056548.0,11395948.0
TCBS,"Texas Community Bancshares, Inc.",United States,NCM,USD,,2721248.0,2058243.0,48748412.0
EPSM,Epsium Enterprise Limited,China,NCM,USD,,13423034.0,2076042.0,28891776.0
TRUG,"TruGolf Holdings, Inc.",United States,NCM,USD,,2386402.0,2076648.0,2057482.0
KHOB,,,,,,8092000.0,2092025.0,20230000.0
ELWT,"Elauwit Connection, Inc.",United States,NCM,USD,,6619796.0,2101851.0,32503198.0
DXR,Daxor Corporation,United States,NCM,USD,,4984452.0,2122479.0,69333728.0
ALX,"Alexander's, Inc.",,,,,5107290.0,2125654.0,1114206464.0
KEQU,Kewaunee Scientific Corporation,United States,NGM,USD,,2866384.0,2157269.0,108922592.0
NTSK,"Netskope, Inc.",United States,NMS,USD,,85188411.0,2174722.0,7192704512.0
STI,"Solidion Technology, Inc.",United States,NCM,USD,,7252723.0,2186283.0,45764680.0
RGS,Regis Corporation,United States,NGM,USD,,2480493.0,2189085.0,67940704.0
AUBN,"Auburn National Bancorporation, Inc.",United States,NGM,USD,,3493699.0,2191213.0,94155192.0
IMCC,IM Cannabis Corp.,Israel,NCM,USD,,5246812.0,2204973.0,7502941.0
FOFO,"Hang Feng Technology Innovation Co., Ltd.",Hong Kong,NCM,USD,,6871250.0,2210479.0,72354272.0
HTCO,High-Trend International Group,Singapore,NCM,USD,,7285324.0,2215419.0,66216812.0
INAB,"IN8bio, Inc.",United States,NCM,USD,,9761425.0,2220803.0,21767980.0
ICON,Icon Energy Corp.,GR,NASDAQ NMS - GLOBAL MARKET,USD,2024-05-14,3460000.0,2225483.0,2418886.0
SWKH,SWK Holdings Corporation,United States,NGM,USD,,12095906.0,2231937.0,208084800.0
ESP,Espey Mfg. & Electronics Corp.,United States,ASE,USD,,2935093.0,2232490.0,133106464.0
ROLR,"High Roller Technologies, Inc.",United States,ASE,USD,,8497511.0,2244363.0,11981490.0
MSGM,Motorsport Games Inc.,United States,NCM,USD,,5078450.0,2244929.0,16047906.0
EKSO,"Ekso Bionics Holdings, Inc.",United States,NCM,USD,,2623233.0,2249475.0,14585181.0
CYCU,"Cycurion, Inc.",United States,NGM,USD,,3608277.0,2249753.0,10103178.0
CYCUW,"Cycurion, Inc.",,,,,,2249753.0,
FOA,Finance of America Companies Inc.,United States,NYQ,USD,,7891348.0,2279100.0,254158464.0
WLFC,Willis Lease Finance Corporation,United States,NGM,USD,,6814154.0,2290442.0,1045449856.0
HSEEF,Hill Incorporated,,,,,3282812.0,2324690.0,326910.0
STRRP,"Star Equity Holdings, Inc.",United States,NMS,USD,,,2333871.0,
STRR,"Star Equity Holdings, Inc.",United States,NMS,USD,,3473613.0,2333871.0,37931856.0
CPHI,"China Pharma Holdings, Inc.",China,ASE,USD,,5022002.0,2340604.0,6453272.0
SBEV,"Splash Beverage Group, Inc.",United States,ASE,USD,,2773106.0,2354877.0,2666062.0
RGNT,Regentis Biomaterials Ltd.,Israel,ASE,USD,,5179378.0,2371812.0,35893088.0
DOGZ,Dogness (International) Corporation,China,NCM,USD,,5441658.0,2372260.0,148008704.0
GHC,Graham Holdings Company,United States,NYQ,USD,,3398422.0,2382712.0,4841591296.0
XCUR,"Exicure, Inc.",United States,NCM,USD,,6373869.0,2383954.0,38179472.0
TRNR,Interactive Strength Inc.,United States,NCM,USD,,2777714.0,2385803.0,3972130.0
NSRX,Nasus Pharma Ltd.,Israel,ASE,USD,,9059634.0,2389042.0,68898528.0
VHI,"Valhi, Inc.",United States,NYQ,USD,,28302293.0,2391544.0,341891680.0
MSGY,Masonglory Limited,Hong Kong,NCM,USD,,14225000.0,2394500.0,38123000.0
CELZ,"Creative Medical Technology Holdings, Inc.",United States,NCM,USD,,3494668.0,2395353.0,7338802.0
CTW,CTW Cayman,Japan,NCM,USD,,50400000.0,2399904.0,112944000.0
RECT,Rectitude Holdings Ltd,SG,NASDAQ NMS - GLOBAL MARKET,SGD,2024-06-21,14500000.0,2400040.0,24658700.0
TRT,Trio-Tech International,,,,,4350555.0,2400767.0,60864264.0
WRLD,World Acceptance Corporation,US,NASDAQ NMS - GLOBAL MARKET,USD,1991-11-26,5038077.0,2407111.0,802654720.0
MBBC,"Marathon Bancorp, Inc.",United States,NCM,USD,,2938620.0,2409492.0,35969676.0
UFG,Uni-Fuels Holdings Limited,Singapore,NCM,USD,,9765000.0,2414918.0,26346912.0
ARTW,"Art's-Way Manufacturing Co., Inc.",United States,NCM,USD,,5106834.0,2416707.0,12157241.0
PW,Power REIT,United States,ASE,USD,,3389661.0,2435607.0,3233397.0
HHS,"Harte Hanks, Inc.",United States,NGM,USD,,7414794.0,2446660.0,24617116.0
WTM,"White Mountains Insurance Group, Ltd.",,,,,2476555.0,2446783.0,5246061056.0
DHIL,"Diamond Hill Investment Group, Inc.",United States,NMS,USD,,2705296.0,2447833.0,457790368.0
GITS,"Global Interactive Technologies, Inc.",South Korea,NCM,USD,,3674208.0,2459809.0,2632570.0
ANTA,Antalpha Platform Holding Compa,Singapore,NGM,USD,,23677500.0,2477614.0,224936256.0
CTNT,Cheetah Net Supply Chain Service Inc.,United States,NCM,USD,,2727712.0,2478109.0,4307419.0
ATGL,Alpha Technology Group Limited,Hong Kong,NCM,USD,,15262500.0,2480004.0,346371008.0
POM,Pomdoctor Limited,China,NGM,USD,,106942308.0,2481973.0,42087600.0
HAO,Haoxi Health Technology Limited,,,,,13753028.0,2488233.0,14877143.0
NORD,Nordicus Partners Corporation,,,,,18566360.0,2522033.0,93760120.0
BQ,Boqii Holding Limited,China,ASE,USD,,4298128.0,2525632.0,9416173.0
CPHC,Canterbury Park Holding Corporation,United States,NGM,USD,,5099272.0,2528729.0,78069856.0
PLPC,Preformed Line Products Company,United States,NMS,USD,,4901871.0,2550296.0,1047811904.0
BLBX,Blackboxstocks Inc.,United States,NCM,USD,,4305133.0,2551819.0,36464476.0
BHM,"Bluerock Homes Trust, Inc.",,,,,4048078.0,2559734.0,46001472.0
PWBK,Pacific West Bancorp,,,,,2697153.0,2561432.0,32204006.0
VIVS,"VivoSim Labs, Inc.",United States,NCM,USD,,2607962.0,2580161.0,5242003.0
BMRA,"Biomerica, Inc.",United States,NCM,USD,,2947966.0,2582422.0,7959508.0
JAGX,"Jaguar Health, Inc.",United States,NCM,USD,,4175837.0,2596257.0,4551662.0
LUCN,"Lucent, Inc.",,,,,15800000.0,2600052.0,142042000.0
MPTI,"M-tron Industries, Inc.",US,NYSE MKT LLC,USD,2022-09-29,2929798.0,2600840.0,150005664.0
EFOI,"Energy Focus, Inc.",United States,NCM,USD,,5739415.0,2611721.0,12913684.0
DUO,Fangdd Network Group Ltd.,China,NCM,USD,,4013414.0,2614526.0,11500980.0
SMC,Summit Midstream Corporation,United States,NYQ,USD,,12261954.0,2639753.0,328497760.0
ERNA,Ernexa Therapeutics Inc.,United States,NCM,USD,,7848889.0,2684556.0,9497157.0
TISI,"Team, Inc.",United States,NYQ,USD,,4527240.0,2689181.0,61253556.0
CBNA,"Chain Bridge Bancorp, Inc.",United States,NYQ,USD,,3210437.0,2689886.0,234125664.0
LUD,Luda Technology Group Limited,HK,NYSE MKT LLC,USD,2025-02-27,22690000.0,2689900.0,155199600.0
EURKR,Eureka Acquisition Corp,Hong Kong,NCM,USD,,,2700673.0,
EURK,Eureka Acquisition Corp,SG,NASDAQ NMS - GLOBAL MARKET,USD,2024-07-02,3388233.0,2700673.0,52600488.0
EURKU,Eureka Acquisition Corp,,,,,6666750.0,2700673.0,72600912.0
MGRT,Mega Fortune Company Limited,,,,,13750000.0,2727300.0,123337504.0
SCOR,"comScore, Inc.",US,NASDAQ NMS - GLOBAL MARKET,USD,2007-06-27,5015664.0,2728571.0,33956044.0
SMID,Smith-Midland Corporation,United States,NCM,USD,,5304606.0,2735585.0,186722128.0
AIM,AIM ImmunoTech Inc.,United States,ASE,USD,,2938681.0,2747035.0,3673351.0
FSHPU,Flag Ship Acquisition Corporation,US,NASDAQ NMS - GLOBAL MARKET,USD,2024-06-18,6220000.0,2754084.0,65869800.0
FSHP,Flag Ship Acquisition Corporation,United States,NGM,USD,,5025517.0,2754084.0,95099984.0
FSHPR,Flag Ship Acquisition Corporation,United States,NGM,USD,,,2754084.0,
BCG,"Binah Capital Group, Inc.",United States,NGM,USD,,16602460.0,2762483.0,39679884.0
BCGWW,"Binah Capital Group, Inc.",United States,NCM,USD,,,2762483.0,
IHT,InnSuites Hospitality Trust,United States,ASE,USD,,9204834.0,2764304.0,12518576.0
BODI,"The Beachbody Company, Inc.",United States,NCM,USD,,4359034.0,2764760.0,71234776.0
ESEA,Euroseas Ltd.,Greece,NCM,USD,,7006612.0,2770204.0,381229760.0
UTMD,"Utah Medical Products, Inc.",United States,NMS,USD,,3203672.0,2774156.0,181924784.0
BNGRF,Savencia SA,,,,,12945794.0,2778328.0,860248000.0
CLST,"Catalyst Bancorp, Inc.",United States,NCM,USD,,4113660.0,2783796.0,64275020.0
CPBI,"Central Plains Bancshares, Inc.",United States,NCM,USD,,4212839.0,2790369.0,71365496.0
SPPL,Simpple Ltd.,Singapore,NCM,USD,,4873144.0,2793920.0,19979894.0
NVR,"NVR, Inc.",,,,,2732735.0,2794995.0,20397676544.0
INM,InMed Pharmaceuticals Inc.,Canada,NCM,USD,,2804186.0,2799465.0,3421107.0
AQMS,"Aqua Metals, Inc.",United States,NCM,USD,,2981223.0,2802205.0,14458931.0
SEED,Origin Agritech Limited,China,NCM,USD,,7846318.0,2805317.0,9258655.0
ELTK,Eltek Ltd.,Israel,NCM,USD,,6719827.0,2805788.0,57790516.0
BNAIW,"Brand Engagement Network, Inc.",United States,NCM,USD,,,2819187.0,
IPDN,"Professional Diversity Network, Inc.",United States,NCM,USD,,4881963.0,2823630.0,6932387.0
GRVY,"Gravity Co., Ltd.",South Korea,NGM,USD,,6948900.0,2827160.0,400951520.0
BGM,BGM Group Ltd.,China,NCM,USD,,180623358.0,2832616.0,862680512.0
RBKB,"Rhinebeck Bancorp, Inc.",United States,NCM,USD,,11145681.0,2835621.0,137426240.0
NATH,"Nathan's Famous, Inc.",United States,NMS,USD,,4089510.0,2843763.0,385559008.0
BGI,Birks Group Inc.,Canada,ASE,USD,,11876717.0,2849655.0,17856640.0
USGO,U.S. GoldMining Inc.,United States,NCM,USD,,13273195.0,2850950.0,132997416.0
OESX,"Orion Energy Systems, Inc.",,,,,3530870.0,2858981.0,55823056.0
PASG,"Passage Bio, Inc.",United States,NCM,USD,,3178710.0,2867165.0,34520788.0
AXR,AMREP Corporation,United States,NYQ,USD,,5305199.0,2885816.0,100017144.0
FTLF,"FitLife Brands, Inc.",US,NASDAQ NMS - GLOBAL MARKET,USD,2007-10-26,9391072.0,2901653.0,148378960.0
VTVT,vTv Therapeutics Inc.,United States,NCM,USD,,3938018.0,2902505.0,149290256.0
INLX,"Intellinetics, Inc.",United States,ASE,USD,,4479123.0,2905249.0,36460064.0
RIBBU,Ribbon Acquisition Corp.,Japan,NCM,USD,,6470000.0,2905806.0,67546800.0
RIBBR,Ribbon Acquisition Corp.,Japan,NCM,USD,,5220000.0,2905806.0,1148400.0
RIBB,Ribbon Acquisition Corp.,Japan,NCM,USD,,5220000.0,2905806.0,67100372.0
HIHO,Highway Holdings Limited,Hong Kong,NCM,USD,,4601825.0,2920567.0,7224867.0
TWAV,"TaoWeave, Inc.",United States,NCM,USD,,3207210.0,2923179.0,6318206.0
ACCL,Acco Group Holdings Limited,Hong Kong,NCM,USD,,13949900.0,2926923.0,40454712.0
ELOG,Eastern International Ltd.,China,NCM,USD,,12017000.0,2938277.0,18986860.0
OMCC,Old Market Capital Corporation,US,NASDAQ NMS - GLOBAL MARKET,USD,1994-08-22,6790097.0,2943711.0,34425792.0
UG,"United-Guardian, Inc.",United States,NGM,USD,,4594319.0,2949185.0,28484776.0
GRI,"GRI Bio, Inc.",,,,,5872058.0,2950288.0,1620688.0
CNET,ZW Data Action Technologies Inc.,Hong Kong,NCM,USD,,3268469.0,2955807.0,3954847.0
ACU,Acme United Corporation,United States,ASE,USD,,3806724.0,2962393.0,154476864.0
SINT,"Sintx Technologies, Inc.",United States,NCM,USD,,3851956.0,2992238.0,14406315.0
SLXN,Silexion Therapeutics Corp,Israel,NCM,USD,,3126642.0,2995386.0,7160010.0
SLXNW,Silexion Therapeutics Corp,Israel,NCM,USD,,,2995386.0,
CFFI,C&F Financial Corporation,United States,NMS,USD,,3238232.0,3017320.0,230567024.0
KFFB,Kentucky First Federal Bancorp,United States,NGM,USD,,8086715.0,3030335.0,36390216.0
LSDAF,Lassonde Industries Inc.,,,,,3069000.0,3030914.0,1051279872.0
PSIG,PS International Group Ltd.,Hong Kong,NCM,USD,,8623102.0,3035340.0,36734416.0
IMNN,"Imunon, Inc.",United States,NCM,USD,,3070354.0,3036427.0,9671615.0
AMST,Amesite Inc.,,,,,4572713.0,3042409.0,9694151.0
PTNM,Pitanium Limited,Hong Kong,NCM,USD,,19922500.0,3053190.0,238164784.0
HSCSW,HeartSciences Inc.,,,,,,3059215.0,
HSCS,HeartSciences Inc.,United States,NCM,USD,,3178207.0,3059215.0,9057890.0
UCAR,U Power Limited,China,NCM,USD,,4603440.0,3060176.0,8379438.0
TAYD,"Taylor Devices, Inc.",United States,NCM,USD,,3147497.0,3065819.0,193130416.0
CYCN,"Cyclerion Therapeutics, Inc.",United States,NCM,USD,,3806212.0,3070471.0,5138386.0
ALGS,"Aligos Therapeutics, Inc.",United States,NCM,USD,,5353582.0,3074268.0,62212712.0
DSS,"DSS, Inc.",United States,ASE,USD,,9092518.0,3074271.0,8820652.0
AUUD,Auddia Inc.,United States,NCM,USD,,3101423.0,3096554.0,3132437.0
AUUDW,Auddia Inc.,United States,NCM,USD,,,3096554.0,
WTGUU,Wintergreen Acquisition Corp.,China,NCM,USD,,,3101828.0,
WTGUR,Wintergreen Acquisition Corp.,China,NCM,USD,,,3101828.0,
WTG,Wintergreen Acquisition Corp.,China,NCM,USD,,7303575.0,3101828.0,74205056.0
WPDPF,WPD Pharmaceuticals Inc.,,,,,4639485.0,3117595.0,402591.0
KLRS,"Kalaris Therapeutics, Inc.",United States,NGM,USD,,18702418.0,3127044.0,173090880.0
ENSC,"Ensysce Biosciences, Inc.",United States,NCM,USD,,3632301.0,3129838.0,3995531.0
BUUU,BUUU Group Limited,Hong Kong,NCM,USD,,11675000.0,3135067.0,139903248.0
AENTW,Alliance Entertainment Holding Corporation,United States,NCM,USD,,,3142031.0,
AENT,Alliance Entertainment Holding Corporation,United States,NCM,USD,,50937400.0,3142031.0,857700480.0
ELST,"Electronic Systems Technology, Inc.",,,,,4946502.0,3146618.0,123662.0
BTBD,"BT Brands, Inc.",United States,NCM,USD,,6154724.0,3152942.0,8862803.0
LPA,Logistic Properties of the Americas,United States,ASE,USD,,31617815.0,3165402.0,90110776.0
MSW,Ming Shing Group Holdings Limited,Hong Kong,NCM,USD,,12975000.0,3167976.0,11664525.0
MEGL,Magic Empire Global Limited,Hong Kong,NCM,USD,,4064050.0,3173944.0,6076861.0
XELB,"Xcel Brands, Inc.",US,NASDAQ NMS - GLOBAL MARKET,USD,2001-03-20,5784368.0,3174587.0,7924584.0
FCAP,"First Capital, Inc.",,,,,3347627.0,3187644.0,200870976.0
BCRD,"BlueOne Card, Inc.",,,,,14297295.0,3197304.0,117459424.0
WILC,G. Willi-Food International Ltd.,Israel,NCM,USD,,13923365.0,3209057.0,408233056.0
HKPD,Hong Kong Pharma Digital Technology Holdings Limited,Hong Kong,NCM,USD,,11000000.0,3213650.0,8756000.0
TIL,"Instil Bio, Inc.",United States,NCM,USD,,6781976.0,3228627.0,76704152.0
MYSZ,"My Size, Inc.",Israel,NCM,USD,,3848979.0,3230833.0,3166171.0
PC,Premium Catering (Holdings) Limited,,,,,2072528.0,3232765.0,30497782.0
CLWT,Euro Tech Holdings Company Limited,Hong Kong,NCM,USD,,7616844.0,3245004.0,9645375.0
RBOT,Vicarious Surgical Inc.,US,"NEW YORK STOCK EXCHANGE, INC.",USD,2020-09-04,6463251.0,3247807.0,13878620.0
OAKUU,Oak Woods Acquisition Corporation,,,,,,3274626.0,
OAKU,Oak Woods Acquisition Corporation,CA,NASDAQ NMS - GLOBAL MARKET,USD,2023-03-24,3920550.0,3274626.0,64671672.0
NISN,"Nisun International Enterprise Development Group Co., Ltd",China,NCM,USD,,4798358.0,3278032.0,6477783.0
AFRIW,Forafric Global PLC,Gibraltar,NCM,USD,,,3281994.0,
AFRI,Forafric Global PLC,Gibraltar,NCM,USD,,26901592.0,3281994.0,285963936.0
DRUG,Bright Minds Biosciences Inc.,United States,NCM,USD,,7787161.0,3292801.0,639481664.0
UTSI,UTStarcom Holdings Corp.,CN,NASDAQ NMS - GLOBAL MARKET,USD,2000-03-03,9470255.0,3302967.0,23675638.0
SLNG,"Stabilis Solutions, Inc.",United States,NCM,USD,,18596301.0,3315349.0,80893912.0
WBX,Wallbox N.V.,Spain,NYQ,USD,,16346744.0,3315686.0,48503488.0
CARV,"Carver Bancorp, Inc.",US,NASDAQ NMS - GLOBAL MARKET,USD,1994-10-25,5287100.0,3338461.0,6503133.0
MHH,"Mastech Digital, Inc.",United States,ASE,USD,,11697331.0,3350116.0,85788864.0
BMHL,Bluemount Holdings Limited,HK,NASDAQ NMS - GLOBAL MARKET,HKD,2025-07-11,14014999.0,3352582.0,86258104.0
PRHI,"Presurance Holdings, Inc.",United States,NCM,USD,,12222881.0,3376082.0,9387173.0
PRHIZ,"Presurance Holdings, Inc.",United States,NGM,USD,,,3376082.0,
FNWD,Finward Bancorp,United States,NCM,USD,,4327000.0,3383151.0,159449936.0
BDSX,"Biodesix, Inc.",United States,NGM,USD,,7955685.0,3388167.0,54560000.0
INLF,INLIF Limited,CN,NASDAQ NMS - GLOBAL MARKET,USD,2025-01-02,6400000.0,3400056.0,9661680.0
ANEB,"Anebulo Pharmaceuticals, Inc.",United States,NCM,USD,,41084731.0,3401405.0,46014900.0
FSEA,"First Seacoast Bancorp, Inc.",United States,NCM,USD,,4696767.0,3406265.0,61038616.0
SUNE,SUNation Energy Inc.,United States,NCM,USD,,3406614.0,3406273.0,3747276.0
LEDS,SemiLEDs Corporation,Taiwan,NCM,USD,,8226153.0,3425535.0,13984460.0
ASTI,"Ascent Solar Technologies, Inc.",United States,NCM,USD,,4537215.0,3439556.0,16197857.0
AXIL,"AXIL Brands, Inc.",United States,ASE,USD,,6757717.0,3446571.0,50074688.0
JCTC,Jewett-Cameron Trading Company Ltd.,United States,NCM,USD,,3518119.0,3474389.0,8162036.0
OLB,"The OLB Group, Inc.",United States,NCM,USD,,8780749.0,3481036.0,6987720.0
FLXS,"Flexsteel Industries, Inc.",United States,NMS,USD,,5340446.0,3487258.0,217943648.0
CHMG,Chemung Financial Corporation,US,NASDAQ NMS - GLOBAL MARKET,USD,1994-03-21,4794349.0,3498580.0,264887776.0
BAFN,BayFirst Financial Corp.,United States,NCM,USD,,4110003.0,3499626.0,32242370.0
PBHC,"Pathfinder Bancorp, Inc.",US,NASDAQ NMS - GLOBAL MARKET,USD,1954-11-05,4794225.0,3504342.0,84529008.0
SRZNW,"Surrozen, Inc.",,,,,,3506311.0,
SRZN,"Surrozen, Inc.",United States,NCM,USD,,8571421.0,3506311.0,190285552.0
NPT,Texxon Holding Limited,China,NCM,USD,,22185000.0,3508114.0,114474600.0
OFLX,"Omega Flex, Inc.",US,NASDAQ NMS - GLOBAL MARKET,USD,2005-08-01,10094322.0,3508383.0,297782496.0
HYFM,"Hydrofarm Holdings Group, Inc.",US,NASDAQ NMS - GLOBAL MARKET,USD,2020-12-10,4667004.0,3515701.0,7933907.0
MRSN,"Mersana Therapeutics, Inc.",United States,NMS,USD,,4998750.0,3519620.0,145338656.0
ZGM,Zenta Group Company Limited,Macau,NCM,USD,,11808839.0,3521478.0,27337466.0
IDTA,IDenta Corp.,,,,,4045589.0,3525084.0,707978.0
BOTJ,"Bank of the James Financial Group, Inc.",United States,NCM,USD,,4543338.0,3529719.0,82734200.0
XBPEW,"XBP Global Holdings, Inc.",,,,,,3537466.0,
XBP,"XBP Global Holdings, Inc.",US,NASDAQ NMS - GLOBAL MARKET,USD,2021-03-12,11751597.0,3537466.0,78148128.0
KPRX,"Kiora Pharmaceuticals, Inc.",United States,NCM,USD,,3677935.0,3558300.0,7245532.0
TMDE,TMD Energy Limited,Malaysia,ASE,USD,,23565000.0,3564913.0,12701534.0
NEPTF,Neptune Wellness Solutions Inc.,,,,,4532038.0,3567575.0,453.0
QNTM,Quantum BioPharma Ltd.,Canada,NCM,USD,,3842935.0,3579839.0,31896710.0
FGEN,"FibroGen, Inc.",United States,NMS,USD,,4045445.0,3583374.0,36004460.0
CHCI,"Comstock Holding Companies, Inc.",United States,NCM,USD,,9867401.0,3584344.0,110056272.0
VHC,VirnetX Holding Corporation,,,,,4270840.0,3596773.0,76879472.0
SEAT,Vivid Seats Inc.,United States,NMS,USD,,10725316.0,3602097.0,96377432.0
SEATW,Vivid Seats Inc.,United States,NMS,USD,,,3602097.0,
LEE,"Lee Enterprises, Incorporated",United States,NMS,USD,,6261825.0,3605121.0,23419226.0
SMTI,Sanara MedTech Inc.,United States,NCM,USD,,8935657.0,3612329.0,216421600.0
PFAI,Pinnacle Food Group Limited,Canada,NCM,USD,,4005000.0,3625011.0,24219000.0
PULM,"Pulmatrix, Inc.",US,NASDAQ NMS - GLOBAL MARKET,USD,2014-03-21,3652285.0,3628107.0,8546349.0
ANPA,Rich Sparkle Holdings Limited,Hong Kong,NCM,USD,,12500000.0,3636000.0,281124992.0
SXTP,"60 Degrees Pharmaceuticals, Inc.",United States,NCM,USD,,4230448.0,3643939.0,2944391.0
RHLD,"Resolute Holdings Management, Inc.",United States,NYQ,USD,,8525998.0,3671124.0,1853296384.0
APWC,Asia Pacific Wire & Cable Corporation Limited,Taiwan,NCM,USD,,21204400.0,3678966.0,40076316.0
GDTC,CytoMed Therapeutics Limited,Singapore,NCM,USD,,11733712.0,3679298.0,17952580.0
CCHH,CCH Holdings Ltd,Malaysia,NCM,USD,,19250000.0,3693420.0,9755900.0
ENGS,Energys Group Limited,United Kingdom,NCM,USD,,14287860.0,3702293.0,11690328.0
AEI,Alset Inc.,United States,NCM,USD,,38905255.0,3706893.0,99597456.0
OVBC,Ohio Valley Banc Corp.,United States,NGM,USD,,4711001.0,3712834.0,189947600.0
REBN,"Reborn Coffee, Inc.",,,,,5976322.0,3742731.0,8785195.0
SGA,"Saga Communications, Inc.",,,,,6372406.0,3744363.0,73672704.0
SIF,"SIFCO Industries, Inc.",United States,ASE,USD,,6173688.0,3748849.0,33559504.0
BSBK,Bogota Financial Corp.,US,NASDAQ NMS - GLOBAL MARKET,USD,2020-01-16,12968697.0,3752359.0,109974544.0
NTHI,"NeOnc Technologies Holdings, Inc.",US,NASDAQ NMS - GLOBAL MARKET,USD,2025-03-26,23970791.0,3769836.0,205429680.0
TLF,"Tandy Leather Factory, Inc.",United States,NCM,USD,,8067502.0,3770912.0,21701584.0
UNB,"Union Bankshares, Inc.",United States,NGM,USD,,4582423.0,3784257.0,107778592.0
ALZN,"Alzamend Neuro, Inc.",United States,NCM,USD,,3801604.0,3787918.0,7679242.0
AQB,"AquaBounty Technologies, Inc.",United States,NCM,USD,,3877695.0,3788973.0,3955249.0
OZ,"Belpointe PREP, LLC",United States,ASE,USD,,3791177.0,3790941.0,244455168.0
WSBK,"Winchester Bancorp, Inc.",United States,NCM,USD,,8960743.0,3794372.0,92564488.0
VCIGF,Vitreous Glass Inc.,,,,,6336087.0,3814071.0,27561978.0
CRGH,Zhonghe Brand Yunjigou Technology Inc.,,,,,4450000.0,3819836.0,11125000.0
FRAF,Franklin Financial Services Corporation,United States,NCM,USD,,4479037.0,3846418.0,228565248.0
AMS,American Shared Hospital Services,United States,ASE,USD,,6543000.0,3850621.0,14002021.0
STRT,Strattec Security Corporation,United States,NGM,USD,,4185271.0,3855221.0,332645344.0
APM,Aptorum Group Limited,United Kingdom,NCM,USD,,6346823.0,3863844.0,9283883.0
AIRI,Air Industries Group,United States,ASE,USD,,4775777.0,3892640.0,14757151.0
JTAI,Jet.AI Inc.,United States,NCM,USD,,4237256.0,3897330.0,3087688.0
KPLTW,"Katapult Holdings, Inc.",,,,,,3901051.0,
KPLT,"Katapult Holdings, Inc.",United States,NGM,USD,,4720466.0,3901051.0,32335192.0
WKEY,WISeKey International Holding AG,Switzerland,NGM,USD,,8048076.0,3919815.0,94498616.0
SGN,"Signing Day Sports, Inc.",United States,ASE,USD,,4017781.0,3945019.0,4339203.0
NOMA,Nomadar Corp.,United States,NCM,USD,,12673401.0,3959651.0,82998504.0
CETY,"Clean Energy Technologies, Inc.",United States,NCM,USD,,7463203.0,3962212.0,6418354.0
QCLS,"Q/C Technologies, Inc.",United States,NCM,USD,,4166760.0,3963214.0,19833778.0
MYSEW,"Myseum, Inc.",United States,NCM,USD,,,3969792.0,
MYSE,"Myseum, Inc.",United States,NCM,USD,,4264329.0,3969792.0,7974297.0
EXOD,"Exodus Movement, Inc.",United States,ASE,USD,,9934432.0,3970549.0,441609600.0
HNVR,"Hanover Bancorp, Inc.",United States,NMS,USD,,7192390.0,3973436.0,168835568.0
CLMB,"Climb Global Solutions, Inc.",United States,NGM,USD,,4613446.0,3974591.0,480305984.0
LGL,"The LGL Group, Inc.",United States,ASE,USD,,5531537.0,3975108.0,31916968.0
REED,"Reed's, Inc.",United States,ASE,USD,,11445454.0,3986094.0,29758180.0
VRCA,Verrica Pharmaceuticals Inc.,United States,NCM,USD,,15989861.0,3986194.0,130477272.0
ONEG,OneConstruction Group Limited,Hong Kong,NCM,USD,,16000000.0,3999970.0,19680000.0
ATHR,"Aether Holdings, Inc.",United States,NCM,USD,,12117586.0,4020130.0,70766704.0
BIAFW,"bioAffinity Technologies, Inc.",United States,NCM,USD,,,4021152.0,
BIAF,"bioAffinity Technologies, Inc.",United States,NCM,USD,,4498709.0,4021152.0,5263489.0
SBC,SBC Medical Group Holdings Incorporated,United States,NGM,USD,,102576943.0,4026145.0,455441632.0
SBCWW,SBC Medical Group Holdings Incorporated,United States,NCM,USD,,,4026145.0,
NTRP,"NextTrip, Inc.",US,NASDAQ NMS - GLOBAL MARKET,USD,2002-05-17,12632816.0,4032053.0,46488764.0
AAME,Atlantic American Corporation,United States,NGM,USD,,20397228.0,4033552.0,52012932.0
OGEN,"Oragenics, Inc.",US,NYSE MKT LLC,USD,2003-07-09,4168223.0,4035215.0,3580503.0
FORA,Forian Inc.,United States,NCM,USD,,31072252.0,4036907.0,65562448.0
INHD,Inno Holdings Inc.,Hong Kong,NCM,USD,,4081224.0,4039276.0,5591278.0
TJGC,TJGC Group Limited,Hong Kong,NCM,USD,,15300000.0,4050063.0,14008680.0
IQST,iQSTEL Inc.,United States,NCM,USD,,4664306.0,4051166.0,13946275.0
CLRB,"Cellectar Biosciences, Inc.",United States,NCM,USD,,4240134.0,4059165.0,10854743.0
MYNZ,Mainz Biomed N.V.,DE,NASDAQ NMS - GLOBAL MARKET,USD,2021-11-04,8583939.0,4067384.0,10901604.0
GBLI,"Global Indemnity Group, LLC",United States,NMS,USD,,10530342.0,4083840.0,399638304.0
WVVI,"Willamette Valley Vineyards, Inc.",United States,NCM,USD,,4964529.0,4094595.0,15638267.0
WVVIP,"Willamette Valley Vineyards, Inc.",United States,NCM,USD,,4964530.0,4094595.0,23700776.0
DTSS,Datasea Inc.,China,NCM,USD,,8570713.0,4114885.0,7207970.0
NTRB,Nutriband Inc.,United States,NCM,USD,,12174883.0,4122823.0,58439444.0
NTRBW,Nutriband Inc.,United States,NCM,USD,,,4122823.0,
NWTG,"Newton Golf Company, Inc.",US,NASDAQ NMS - GLOBAL MARKET,USD,2023-08-15,4752463.0,4125262.0,7508891.0
CABR,"Caring Brands, Inc.",United States,NCM,USD,,14736925.0,4135913.0,11789540.0
LUCYW,"Lucyd, Inc",United States,NCM,,,,4150404.0,
LUCY,"Lucyd, Inc",United States,NCM,USD,,5350183.0,4150404.0,6527223.0
ATRA,"Atara Biotherapeutics, Inc.",United States,NMS,USD,,7210235.0,4151509.0,124520760.0
SCLXW,Scilex Holding Company,United States,NCM,USD,,,4155474.0,
SCLX,Scilex Holding Company,United States,NCM,USD,,7033004.0,4155474.0,99165360.0
NEUP,Neuphoria Therapeutics Inc.,United States,NGM,USD,,5377329.0,4159472.0,20003664.0
SIRC,Solar Integrated Roofing Corporation,,,,,10975456223.0,4172554.0,1097545.0
GBIO,Generation Bio Co.,United States,NMS,USD,,6738545.0,4185381.0,37735852.0
EFSI,"Eagle Financial Services, Inc.",United States,NCM,USD,,5376346.0,4190455.0,216828048.0
TPST,"Tempest Therapeutics, Inc.",,,,,4927161.0,4191112.0,14732211.0
OPXS,"Optex Systems Holdings, Inc",United States,NCM,USD,,6937358.0,4192655.0,97608624.0
UI,Ubiquiti Inc.,United States,NYQ,USD,,60499655.0,4193836.0,34528362496.0
BSVN,Bank7 Corp.,United States,NMS,USD,,9453390.0,4196738.0,388912512.0
CCEL,"Cryo-Cell International, Inc.",United States,ASE,USD,,8055150.0,4203580.0,28193028.0
VATE,INNOVATE Corp.,United States,NYQ,USD,,13655062.0,4204667.0,67182904.0
NC,"NACCO Industries, Inc.",United States,NYQ,USD,,5897002.0,4215695.0,363225184.0
FEDU,Four Seasons Education (Cayman) Inc.,China,NYQ,USD,,2260058.0,4220996.0,26216674.0
MNPR,Monopar Therapeutics Inc.,United States,NCM,USD,,6682584.0,4229474.0,459561280.0
HUDI,"Huadi International Group Co., Ltd.",,,,,14279182.0,4237204.0,16563851.0
KMRK,K-TECH Solutions Company Limited,Hong Kong,NCM,USD,,16600000.0,4251195.0,23421000.0
DDC,DDC Enterprise Limited,United States,ASE,USD,,22660530.0,4259433.0,48713340.0
PEBK,"Peoples Bancorp of North Carolina, Inc.",United States,NGM,USD,,5309018.0,4263407.0,196592928.0
PRPH,"ProPhase Labs, Inc.",US,NASDAQ NMS - GLOBAL MARKET,USD,1984-01-16,4187902.0,4284582.0,2177709.0
PROV,"Provident Financial Holdings, Inc.",United States,NMS,USD,,6474230.0,4286588.0,104641496.0
FUSB,"First US Bancshares, Inc.",United States,NCM,USD,,5766888.0,4301752.0,78660352.0
LWAY,"Lifeway Foods, Inc.",United States,NGM,USD,,15228763.0,4308674.0,361683136.0
MCTA,Charming Medical Limited,Hong Kong,NCM,USD,,15178000.0,4310592.0,504260192.0
DLXY,Delixy Holdings Limited,,,,,16350000.0,4317450.0,11610135.0
CTRN,"Citi Trends, Inc.",United States,NMS,USD,,8345260.0,4326997.0,335229088.0
DTST,Data Storage Corporation,United States,NCM,USD,,7498358.0,4332701.0,38016680.0
DTSTW,Data Storage Corporation,United States,NCM,USD,,,4332701.0,
MI,NFT Limited,Hong Kong,ASE,USD,,14318410.0,4333286.0,57212068.0
AFBI,"Affinity Bancshares, Inc.",,,,,6167602.0,4346741.0,132895976.0
PXS,Pyxis Tankers Inc.,Greece,NCM,USD,,10485865.0,4366629.0,30933302.0
GBIM,"GlobeImmune, Inc.",,,,,5751574.0,4370506.0,575.0
AXG,Solowin Holdings,Hong Kong,NCM,USD,,155825986.0,4376429.0,799333696.0
ZCAR,"Zoomcar Holdings, Inc.",,,,,6902727.0,4376743.0,462482.0
CFBK,CF Bankshares Inc.,United States,NCM,USD,,6367075.0,4383700.0,166764896.0
RCMT,"RCM Technologies, Inc.",United States,NGM,USD,,7410510.0,4388875.0,150433360.0
MBAI,Check-Cap Ltd.,IL,NASDAQ NMS - GLOBAL MARKET,USD,2015-02-19,6118763.0,4389584.0,10279522.0
AFJK,"Aimei Health Technology Co., Ltd",US,NASDAQ NMS - GLOBAL MARKET,USD,2024-01-22,6121733.0,4396751.0,269478688.0
AFJKR,"Aimei Health Technology Co., Ltd",United States,NGM,USD,,,4396751.0,
AFJKU,"Aimei Health Technology Co., Ltd",United States,NGM,USD,,,4396751.0,
HOV,"Hovnanian Enterprises, Inc.",United States,NYQ,USD,,5167955.0,4400933.0,605803904.0
APRE,"Aprea Therapeutics, Inc.",United States,NCM,USD,,6993838.0,4410214.0,6855360.0
KG,Kestrel Group Ltd,Bermuda,NCM,USD,,7741943.0,4415772.0,78890408.0
ZYBT,Zhengye Biotechnology Holding Limited,China,NCM,USD,,47391376.0,4418772.0,72508800.0
ONFOW,"Onfolio Holdings, Inc.",United States,NCM,USD,,,4430031.0,
ONFO,"Onfolio Holdings, Inc.",US,NASDAQ NMS - GLOBAL MARKET,USD,2022-08-26,5127396.0,4430031.0,3739557.0
NSTS,"NSTS Bancorp, Inc.",United States,NCM,USD,,4887961.0,4440419.0,63025624.0
SPCB,SuperCom Ltd.,IL,NASDAQ NMS - GLOBAL MARKET,USD,2013-09-17,4683506.0,4441995.0,43790784.0
EVTV,"Envirotech Vehicles, Inc.",United States,NCM,USD,,4829515.0,4447838.0,2099873.0
ICCT,iCoreConnect Inc.,US,NASDAQ NMS - GLOBAL MARKET,USD,2022-02-25,4877080.0,4448580.0,14631.0
ICNP,iCoreConnect Inc. New,US,NASDAQ NMS - GLOBAL MARKET,USD,2022-02-25,,4448580.0,0.0
JBDI,JBDI Holdings Limited,Singapore,NCM,USD,,19254471.0,4471830.0,16354748.0
RAC,Rithm Acquisition Corp.,United States,NYQ,USD,,23660000.0,4474650.0,305864000.0
REVBW,"Revelation Biosciences, Inc.",United States,NCM,USD,,,4488956.0,
REVB,"Revelation Biosciences, Inc.",United States,NCM,USD,,5924137.0,4488956.0,5094758.0
CZFS,"Citizens Financial Services, Inc.",United States,NCM,USD,,4806377.0,4504200.0,279250496.0
SNES,"SenesTech, Inc.",United States,NCM,USD,,5223015.0,4510648.0,12117394.0
ALUR,Allurion Technologies Inc.,United States,NYQ,USD,,12256598.0,4525700.0,16423842.0
NUTX,Nutex Health Inc.,United States,NCM,USD,,7071916.0,4544201.0,1249430784.0
SKIL,Skillsoft Corp.,United States,NYQ,USD,,8758515.0,4544793.0,62798552.0
UCFI,CN Healthy Food Tech Group Corp.,United States,NCM,USD,,52235000.0,4545490.0,287867104.0
UCFIW,CN Healthy Food Tech Group Corp.,United States,NCM,USD,,,4545490.0,
MDBH,"MDB Capital Holdings, LLC",United States,NCM,USD,,5138632.0,4556301.0,35485212.0
CBFV,"CB Financial Services, Inc.",United States,NGM,USD,,5010883.0,4569675.0,180191344.0
ARTV,"Artiva Biotherapeutics, Inc.",United States,NGM,USD,,24544904.0,4572961.0,102597696.0
DSWL,"Deswell Industries, Inc.",Macau,NGM,USD,,15935239.0,4587596.0,56092040.0
JVA,"Coffee Holding Co., Inc.",United States,NCM,USD,,5708599.0,4601702.0,23519432.0
RENX,RenX Enterprises Corp.,United States,NCM,USD,,8882672.0,4610685.0,2000377.0
EBON,Ebang International Holdings Inc.,China,NMS,USD,,4726424.0,4613934.0,21040066.0
RDGT,"Ridgetech, Inc.",China,NCM,USD,,18285638.0,4618080.0,58879760.0
CABO,"Cable One, Inc.",United States,NYQ,USD,,5635177.0,4623606.0,658921280.0
HUHU,HUHUTECH International Group Inc.,China,NCM,USD,,23173413.0,4633524.0,259542208.0
OTH,Off The Hook YS Inc.,United States,ASE,USD,,23750000.0,4648350.0,53437500.0
LOCL,Local Bounti Corporation,United States,NYQ,USD,,22271082.0,4653988.0,48773672.0
MTEK,Maris-Tech Ltd.,Israel,NCM,USD,,8072591.0,4658328.0,9848561.0
MTEKW,Maris-Tech Ltd.,Israel,NCM,USD,,,4658328.0,
FDBC,"Fidelity D & D Bancorp, Inc.",United States,NGM,USD,,5767286.0,4687189.0,261028080.0
MB,MasterBeef Group,Hong Kong,NCM,USD,,17155000.0,4690005.0,120599656.0
VNCE,Vince Holding Corp.,United States,NCM,USD,,13339426.0,4694277.0,58560080.0
CAPNR,Cayson Acquisition Corp,United States,NGM,USD,,,4705439.0,
CAPN,Cayson Acquisition Corp,United States,NGM,USD,,7830000.0,4705439.0,83545320.0
CAPNU,Cayson Acquisition Corp,United States,NGM,USD,,,4705439.0,
VMAR,Vision Marine Technologies Inc.,Canada,NCM,USD,,24258735.0,4706358.0,5761449.0
GENK,"GEN Restaurant Group, Inc.",United States,NGM,USD,,5259566.0,4711572.0,79390904.0
GRAN,Grande Group Limited,Hong Kong,NCM,USD,,19906250.0,4712263.0,114568744.0
VABK,Virginia National Bankshares Corporation,United States,NCM,USD,,5393139.0,4714682.0,220471536.0
COEP,"Coeptis Therapeutics Holdings, Inc.",United States,NCM,USD,,5340111.0,4722954.0,78232624.0
KZR,"Kezar Life Sciences, Inc.",United States,NCM,USD,,7323156.0,4725413.0,46428812.0
GBR,"New Concept Energy, Inc.",United States,ASE,USD,,5131934.0,4731951.0,3900269.0
DRIO,DarioHealth Corp.,United States,NCM,USD,,6758412.0,4734886.0,67854464.0
SEGG,Lottery.com Inc.,United States,NGM,USD,,5139652.0,4736857.0,5139652.0
IDAI,T Stamp Inc.,United States,NCM,USD,,5243832.0,4749653.0,19139988.0
RBZHF,Reebonz Holding Limited,,,,,6221964.0,4753954.0,622.0
PAMT,Pamt Corp.,United States,NGM,USD,,20926020.0,4767994.0,262412288.0
CWNOF,ChineseWorldNet.Com Inc.,,,,,10950000.0,4773324.0,124830.0
NVEC,NVE Corporation,United States,NCM,USD,,4837166.0,4773799.0,295502528.0
SENEB,Seneca Foods Corporation,US,NASDAQ NMS - GLOBAL MARKET,USD,1995-09-20,1561783.0,4778182.0,787905344.0
SENEA,Seneca Foods Corporation,United States,NMS,USD,,5282966.0,4778182.0,757285440.0
HNNA,"Hennessy Advisors, Inc.",United States,NGM,USD,,7891917.0,4805388.0,74657536.0
BRN,"Barnwell Industries, Inc.",United States,ASE,USD,,12538064.0,4814746.0,14168012.0
KVACU,Keen Vision Acquisition Corporation,United States,NGM,USD,,,4822363.0,
KVACW,Keen Vision Acquisition Corporation,,,,,,4822363.0,
KVAC,Keen Vision Acquisition Corporation,United States,NGM,USD,,9238421.0,4822363.0,108920984.0
EDBL,Edible Garden AG Incorporated,United States,NCM,USD,,5126655.0,4824234.0,3691191.0
EDBLW,Edible Garden AG Incorporated,United States,NCM,USD,,,4824234.0,
CAPS,Capstone Holding Corp.,United States,NCM,USD,,8306205.0,4835623.0,5845907.0
CYAN,Cyanotech Corporation,,,,,7392243.0,4840662.0,2661207.0
CVV,CVD Equipment Corporation,United States,NCM,USD,,6937338.0,4857663.0,21020136.0
FDSB,"Fifth District Bancorp, Inc.",United States,NCM,USD,,5522750.0,4860855.0,82951704.0
SORA,AsiaStrategy,Hong Kong,NCM,USD,,24864000.0,4863896.0,85283520.0
SNYR,Synergy CHC Corp.,United States,NCM,USD,,11251853.0,4864289.0,20928448.0
PCSC,Perceptive Capital Solutions Corp,US,NASDAQ NMS - GLOBAL MARKET,USD,2024-06-12,8911250.0,4882538.0,146865728.0
NAII,"Natural Alternatives International, Inc.",United States,NGM,USD,,6176778.0,4893985.0,21124582.0
LPCN,Lipocine Inc.,United States,NCM,USD,,5551931.0,4894138.0,29036600.0
LARK,"Landmark Bancorp, Inc.",United States,NGM,USD,,6074231.0,4896858.0,167385344.0
ETS,Elite Express Holding Inc.,US,NASDAQ NMS - GLOBAL MARKET,USD,2025-08-21,12550005.0,4899991.0,10192155.0
MTEN,Mingteng International Corporation Inc.,China,NCM,USD,,19766054.0,4902283.0,16803124.0
SBFMW,"Sunshine Biopharma, Inc.",United States,NCM,USD,,,4903934.0,
SBFM,"Sunshine Biopharma, Inc.",United States,NCM,USD,,4905945.0,4903934.0,6181490.0
UBCP,"United Bancorp, Inc.",US,NASDAQ NMS - GLOBAL MARKET,USD,1993-03-01,5774011.0,4914723.0,85397640.0
ZKIN,"ZK International Group Co., Ltd.",China,NCM,USD,,15823946.0,4917579.0,26109510.0
EML,The Eastern Company,United States,NGM,USD,,6068650.0,4918034.0,124164576.0
NPK,"National Presto Industries, Inc.",US,"NEW YORK STOCK EXCHANGE, INC.",USD,1980-03-17,7151940.0,4928974.0,775627968.0
IDYLF,Imaging Dynamics Company Ltd.,,,,,10334550.0,4929890.0,294696.0
LZMH,LZ Technology Holdings Limited,China,NCM,USD,,129570000.0,4931630.0,211377296.0
MAMO,Massimo Group,United States,NCM,USD,,41640950.0,4940699.0,170311504.0
UGHB,Universal Global Hub Inc.,,,,,49511775.0,4945236.0,4951.0
BYFC,Broadway Financial Corporation,US,NASDAQ NMS - GLOBAL MARKET,USD,1996-01-09,6097773.0,4945560.0,58156436.0
UYSCU,UY Scuti Acquisition Corp.,United States,NCM,USD,,6677500.0,4945761.0,69646328.0
UYSCR,UY Scuti Acquisition Corp.,United States,NCM,USD,,,4945761.0,
UYSC,UY Scuti Acquisition Corp.,United States,NCM,USD,,7658348.0,4945761.0,78421480.0
SUGRF,,,,,,11017062.0,4962456.0,225944720.0
BSAAU,BEST SPAC I Acquisition Corp.,Hong Kong,NCM,USD,,,4964843.0,
BSAAR,BEST SPAC I Acquisition Corp.,Hong Kong,NCM,USD,,,4964843.0,
BSAA,BEST SPAC I Acquisition Corp.,,,,,6024500.0,4964843.0,74734952.0
GTEC,Greenland Technologies Holding Corporation,,,,,17394226.0,4969182.0,12160305.0
SHIM,Shimmick Corporation,,,,,35815479.0,4970830.0,114251384.0
MGN,Megan Holdings Limited,Malaysia,NCM,USD,,16250000.0,4989300.0,27137500.0
OKUR,"OnKure Therapeutics, Inc.",,,,,12861672.0,4998744.0,37934960.0
BPRN,"Princeton Bancorp, Inc.",United States,NMS,USD,,6762859.0,5000864.0,238593696.0
PPCB,"Propanc Biopharma, Inc.",Australia,NCM,USD,,13364244.0,5006914.0,7828774.0
FABFF,FAB-FORM INDUSTRIES,,,,,9174507.0,5008730.0,9174507.0
FVNNR,Future Vision II Acquisition Corp.,,,,,,5023474.0,
FVNNU,Future Vision II Acquisition Corp.,China,NCM,USD,,,5023474.0,
FVN,Future Vision II Acquisition Corp.,China,NCM,USD,,7544000.0,5023474.0,79815520.0
EDSA,"Edesa Biotech, Inc.",Canada,NCM,USD,,8333823.0,5031712.0,12000706.0
SCKT,"Socket Mobile, Inc.",United States,NCM,USD,,7976462.0,5039130.0,8375284.0
VWAVW,"VisionWave Holdings, Inc.",United States,NCM,USD,,,5044581.0,
VWAV,"VisionWave Holdings, Inc.",United States,NGM,USD,,16496603.0,5044581.0,159852080.0
PMEC,Primech Holdings Ltd.,Singapore,NCM,USD,,38417987.0,5044666.0,39378436.0
COLAU,Columbus Acquisition Corp,Singapore,NGM,USD,,7944290.0,5052171.0,83494488.0
COLA,Columbus Acquisition Corp,Singapore,NGM,USD,,7944290.0,5052171.0,82143960.0
COLAR,Columbus Acquisition Corp,Singapore,NGM,USD,,,5052171.0,
AGCC,Agencia Comercial Spirits Ltd,Taiwan,NCM,USD,,19876500.0,5061730.0,193795872.0
LSBWF,"LakeShore Biopharma Co., Ltd",,,,,,5062567.0,
AIXC,"AIxCrypto Holdings, Inc.",United States,NCM,USD,,5160383.0,5071005.0,13004168.0
RMCF,"Rocky Mountain Chocolate Factory, Inc.",,,,,9300508.0,5078521.0,18042986.0
JFB,JFB Construction Holdings,United States,NCM,USD,,6115524.0,5096372.0,94607160.0
ECOR,"electroCore, Inc.",United States,NCM,USD,,7995903.0,5106344.0,39579720.0
RRBI,"Red River Bancshares, Inc.",US,NASDAQ NMS - GLOBAL MARKET,USD,2019-05-03,6756609.0,5107794.0,496002688.0
EQS,"Equus Total Return, Inc.",United States,NYQ,USD,,13966696.0,5158599.0,23184714.0
CRMT,"America's Car-Mart, Inc.",United States,NMS,USD,,8294807.0,5178614.0,214503712.0
CSBR,"Champions Oncology, Inc.",United States,NCM,USD,,13886326.0,5187793.0,96926552.0
PLAG,Planet Green Holdings Corp.,United States,ASE,USD,,9382714.0,5188547.0,19516046.0
SER,"Serina Therapeutics, Inc.",United States,ASE,USD,,10664064.0,5190200.0,28366412.0
HCI,"HCI Group, Inc.",United States,NYQ,USD,,12960037.0,5193074.0,2489104640.0
NODK,"NI Holdings, Inc.",US,NASDAQ NMS - GLOBAL MARKET,USD,2017-03-16,20605747.0,5202333.0,279737280.0
FLD,"Fold Holdings, Inc.",United States,NCM,USD,,48307642.0,5206598.0,125599856.0
FLDDW,"Fold Holdings, Inc.",United States,NCM,USD,,,5206598.0,
NGNE,Neurogene Inc.,United States,NGM,USD,,15489800.0,5210149.0,309950912.0
SBFG,"SB Financial Group, Inc.",,,,,6240963.0,5229730.0,136614704.0
MTNB,"Matinas BioPharma Holdings, Inc.",United States,ASE,USD,,6406191.0,5232897.0,3968635.0
GRNQ,Greenpro Capital Corp.,Malaysia,NCM,USD,,9325813.0,5235804.0,15574107.0
PLTXF,JIVA Technologies Inc.,,,,,5240961.0,5239494.0,151987.0
BRLSW,Borealis Foods Inc.,,,,,,5253573.0,
SOPA,Society Pass Incorporated,Singapore,NCM,USD,,6105525.0,5265527.0,11112056.0
NOEMR,CO2 Energy Transition Corp.,,,,,,5267657.0,
NOEMW,CO2 Energy Transition Corp.,United States,NGM,USD,,,5267657.0,
NOEMU,CO2 Energy Transition Corp.,United States,NGM,USD,,8370000.0,5267657.0,93409200.0
NOEM,CO2 Energy Transition Corp.,United States,NGM,USD,,9585750.0,5267657.0,98829088.0
BLIV,BeLive Holdings,Singapore,NCM,USD,,10864802.0,5270190.0,40743008.0
ATLCP,Atlanticus Holdings Corporation,United States,NMS,USD,,,5287725.0,
ATLC,Atlanticus Holdings Corporation,United States,NMS,USD,,15141530.0,5287725.0,1062026880.0
NUTR,NusaTrip Incorporated,ID,NASDAQ NMS - GLOBAL MARKET,USD,2025-08-15,19379168.0,5304206.0,174412512.0
RDACR,Rising Dragon Acquisition Corp.,,,,,,5307533.0,
RDAC,Rising Dragon Acquisition Corp.,China,NCM,USD,,7499375.0,5307533.0,82268144.0
RDACU,Rising Dragon Acquisition Corp.,China,NCM,USD,,,5307533.0,
POCI,"Precision Optics Corporation, Inc.",United States,NCM,USD,,7714701.0,5309412.0,32440322.0
ALOT,"AstroNova, Inc.",,,,,7638423.0,5313134.0,62635076.0
HURC,"Hurco Companies, Inc.",United States,NMS,USD,,6402396.0,5319745.0,98084704.0
LSBK,"Lake Shore Bancorp, Inc.",United States,NGM,USD,,7311205.0,5342663.0,114216088.0
MBIO,"Mustang Bio, Inc.",United States,NCM,USD,,6453701.0,5347002.0,7445068.0
SST,"System1, Inc.",United States,NYQ,USD,,8128321.0,5348029.0,46090448.0
SSTPW,,,,,,,5348029.0,
MLAB,"Mesa Laboratories, Inc.",United States,NMS,USD,,5522299.0,5349009.0,444379392.0
SGBX,Safe & Green Holdings Corp.,United States,NCM,USD,,6035011.0,5393839.0,13578775.0
GLMD,Galmed Pharmaceuticals Ltd.,IL,NASDAQ NMS - GLOBAL MARKET,USD,2014-03-13,5479231.0,5403563.0,4740083.0
ELA,Envela Corporation,US,NYSE MKT LLC,USD,1992-03-18,25963476.0,5406115.0,324565984.0
FSFG,"First Savings Financial Group, Inc.",United States,NCM,USD,,7015080.0,5410487.0,228411008.0
SILC,Silicom Ltd.,Israel,NMS,USD,,5674097.0,5411057.0,80264600.0
CRVO,CervoMed Inc.,United States,NCM,USD,,9252719.0,5423111.0,74761968.0
ARQQW,Arqit Quantum Inc.,United Kingdom,NCM,USD,,,5424308.0,
ARQQ,Arqit Quantum Inc.,United Kingdom,NCM,USD,,15651859.0,5424308.0,357018880.0
VBIX,Viewbix Inc.,Israel,NCM,USD,,10670392.0,5427922.0,12270951.0
CWD,CaliberCos Inc.,United States,NCM,USD,,5617985.0,5436579.0,10281678.0
NERV,"Minerva Neurosciences, Inc.",United States,NCM,USD,,43274398.0,5437023.0,181319744.0
GELS,Gelteq Limited,Australia,NCM,USD,,10711059.0,5455571.0,9260783.0
ELWS,"Earlyworks Co., Ltd",Japan,NCM,USD,,3050570.0,5467638.0,14642741.0
STRS,Stratus Properties Inc.,United States,NMS,USD,,7994746.0,5468966.0,198656592.0
KOSS,Koss Corporation,United States,NCM,USD,,9456438.0,5476412.0,42459404.0
YHNA,YHN Acquisition I Limited,Hong Kong,NGM,USD,,7750000.0,5484288.0,82460000.0
YHNAR,YHN Acquisition I Limited,Hong Kong,NGM,USD,,,5484288.0,
YHNAU,YHN Acquisition I Limited,Hong Kong,NGM,USD,,7750000.0,5484288.0,81762504.0
PHOE,Phoenix Asia Holdings Limited,Hong Kong,NCM,USD,,21600000.0,5500008.0,345384000.0
BOSC,B.O.S. Better Online Solutions Ltd.,Israel,NCM,USD,,6186000.0,5500034.0,28579320.0
TANAF,Tian'an Technology Group Ltd.,,,,,45518000.0,5518147.0,22759000.0
SLRX,"Salarius Pharmaceuticals, Inc.",United States,NCM,USD,,5862178.0,5519827.0,3853209.0
QTTB,Q32 Bio Inc.,United States,NCM,USD,,12304352.0,5527607.0,39373928.0
GDEV,GDEV Inc.,Cyprus,NGM,USD,,18130090.0,5533454.0,289454144.0
GDEVW,GDEV Inc.,Cyprus,NGM,USD,,,5533454.0,
RXRSF,,,,,,,5536617.0,
LIMNW,"Liminatus Pharma, Inc.",United States,NCM,USD,,,5555287.0,
CALC,"CalciMedica, Inc.",United States,NCM,USD,,14409431.0,5561464.0,89770752.0
PXLW,"Pixelworks, Inc.",United States,NCM,USD,,6293545.0,5565885.0,42733176.0
DTSQU,DT Cloud Star Acquisition Corporation,United States,NGM,USD,,7753400.0,5568848.0,84279456.0
DTSQR,DT Cloud Star Acquisition Corporation,United States,NGM,USD,,,5568848.0,
DTSQ,DT Cloud Star Acquisition Corporation,United States,NGM,USD,,3653409.0,5568848.0,96574768.0
PXED,"Phoenix Education Partners, Inc.",United States,NYQ,USD,,35652963.0,5570775.0,1137329536.0
BIRD,"Allbirds, Inc.",United States,NMS,USD,,5670752.0,5573568.0,33263024.0
MNSBP,"MainStreet Bancshares, Inc.",United States,NCM,USD,,,5594889.0,
MNSB,"MainStreet Bancshares, Inc.",United States,NCM,USD,,7496571.0,5594889.0,157502976.0
HQI,"HireQuest, Inc.",United States,NCM,USD,,14055475.0,5595162.0,146780992.0
HSPTU,Horizon Space Acquisition II Corp.,United States,NGM,USD,,,5598819.0,
HSPTR,Horizon Space Acquisition II Corp.,United States,NGM,USD,,,5598819.0,
HSPT,Horizon Space Acquisition II Corp.,United States,NGM,USD,,9080000.0,5598819.0,95883896.0
SPKLU,Spark I Acquisition Corporation,United States,NGM,USD,,,5602757.0,
SPKL,Spark I Acquisition Corporation,US,NASDAQ NMS - GLOBAL MARKET,USD,2023-11-27,6236713.0,5602757.0,97757752.0
SPKLW,Spark I Acquisition Corporation,United States,NGM,USD,,,5602757.0,
WEYS,"Weyco Group, Inc.",United States,NMS,USD,,9548388.0,5607962.0,299151008.0
AGIG,Abundia Global Impact Group Inc,United States,ASE,USD,,36918281.0,5615671.0,71621464.0
HYPD,"Hyperion DeFi, Inc.",United States,NCM,USD,,8172659.0,5629778.0,31383010.0
LINK,"Interlink Electronics, Inc.",United States,NCM,USD,,15750007.0,5639763.0,60558776.0
FGBI,"First Guaranty Bancshares, Inc.",US,NASDAQ NMS - GLOBAL MARKET,USD,2015-11-05,15352947.0,5675831.0,77225328.0
FGBIP,"First Guaranty Bancshares, Inc.",United States,NGM,USD,,,5675831.0,
HWBK,"Hawthorn Bancshares, Inc.",United States,NMS,USD,,6897646.0,5676280.0,222441248.0
FLYX,"flyExclusive, Inc.",United States,ASE,USD,,20757668.0,5682412.0,84898864.0
RCON,"Recon Technology, Ltd.",China,NCM,USD,,10627426.0,5692720.0,42265852.0
LIXT,"Lixte Biotechnology Holdings, Inc.",United States,NCM,USD,,8003077.0,5693191.0,32572524.0
WETO,Webus International Limited,China,NCM,USD,,22000000.0,5700420.0,19793400.0
ASRT,"Assertio Holdings, Inc.",US,NASDAQ NMS - GLOBAL MARKET,USD,1997-02-12,6416805.0,5709035.0,63783048.0
OCC,Optical Cable Corporation,United States,NGM,USD,,8870070.0,5717292.0,39207364.0
IPM,Intelligent Protection Management Corp.,United States,NCM,USD,,9085729.0,5725917.0,23297096.0
TCX,Tucows Inc.,Canada,NCM,USD,,11103919.0,5731399.0,248283632.0
SNWV,"SANUWAVE Health, Inc.",United States,NGM,USD,,8576164.0,5744915.0,261487232.0
CACC,Credit Acceptance Corporation,United States,NMS,USD,,11031544.0,5755929.0,5138196480.0
IVDAW,"Iveda Solutions, Inc.",United States,NCM,USD,,,5764002.0,
IVDA,"Iveda Solutions, Inc.",United States,NCM,USD,,5874741.0,5764002.0,5261193.0
SSBI,Summit State Bank,United States,NGM,USD,,6771526.0,5771168.0,79565440.0
KRRO,"Korro Bio, Inc.",United States,NCM,USD,,9417295.0,5778546.0,76468432.0
MSN,Emerson Radio Corp.,,,,,21042652.0,5799355.0,8522274.0
MGYR,"Magyar Bancorp, Inc.",United States,NGM,USD,,6477991.0,5799551.0,113040944.0
SSEA,Starry Sea Acquisition Corp,US,NASDAQ NMS - GLOBAL MARKET,USD,2025-08-08,7635871.0,5799597.0,76435080.0
SSEAR,Starry Sea Acquisition Corp,United States,NCM,USD,,,5799597.0,
SSEAU,Starry Sea Acquisition Corp,United States,NCM,USD,,,5799597.0,
HKIT,Hitek Global Inc.,China,NCM,USD,,21107364.0,5805376.0,64165608.0
JOUT,Johnson Outdoors Inc.,United States,NMS,USD,,9203034.0,5812533.0,455820800.0
AHT,"Ashford Hospitality Trust, Inc.",United States,NYQ,USD,,6411532.0,5817888.0,24786970.0
MRM,MEDIROM Healthcare Technologies Inc.,Japan,NCM,USD,,7901950.0,5821999.0,17463312.0
MMCP,"Mag Mile Capital, Inc.",,,,,100055935.0,5833261.0,22512586.0
CTEV,Claritev Corporation,United States,NYQ,USD,,16525644.0,5834048.0,694572800.0
GNTLF,Genetic Technologies Limited,,,,,145417246.0,5839957.0,392350688.0
HMR,Heidmar Maritime Holdings Corp.,Greece,NCM,USD,,58396233.0,5843181.0,49496644.0
TRAW,"Traws Pharma, Inc.",United States,NCM,USD,,7990867.0,5869052.0,9349314.0
KRUS,"Kura Sushi USA, Inc.",United States,NGM,USD,,11111427.0,5878790.0,683571776.0
ALCO,"Alico, Inc.",United States,NMS,USD,,7656646.0,5890028.0,280309824.0
EVI,"EVI Industries, Inc.",United States,ASE,USD,,12844419.0,5899570.0,330230016.0
WHG,"Westwood Holdings Group, Inc.",United States,NYQ,USD,,9408130.0,5915146.0,167370656.0
BRIA,BrilliA Inc,Singapore,ASE,USD,,25000000.0,5915525.0,36750000.0
KTTA,Pasithea Therapeutics Corp.,United States,NCM,USD,,22398920.0,5924120.0,25086790.0
KTTAW,Pasithea Therapeutics Corp.,,,,,,5924120.0,
DLHC,DLH Holdings Corp.,United States,NCM,USD,,14493035.0,5926637.0,81885648.0
BWFG,"Bankwell Financial Group, Inc.",US,NASDAQ NMS - GLOBAL MARKET,USD,2014-05-15,7877443.0,5932858.0,369924704.0
PMTS,CPI Card Group Inc.,United States,NGM,USD,,11387538.0,5946914.0,173204448.0
FUNC,First United Corporation,United States,NMS,USD,,6496908.0,5959809.0,251625248.0
FATBB,FAT Brands Inc.,United States,NCM,USD,,1270805.0,5960700.0,21706582.0
FATBP,FAT Brands Inc.,United States,NCM,USD,,,5960700.0,
FAT,FAT Brands Inc.,United States,NCM,USD,,16668520.0,5960700.0,6780494.0
FONR,FONAR Corporation,United States,NCM,USD,,6168625.0,5975164.0,90981184.0
OPTXW,"Syntec Optics Holdings, Inc.",United States,NCM,USD,,,5982184.0,
OPTX,"Syntec Optics Holdings, Inc.",,,,,36920226.0,5982184.0,94146576.0
ENGDF,naturenergie holding AG,,,,,33063141.0,5982775.0,1192256896.0
RTNB,"root9B Holdings, Inc.",,,,,6100275.0,5983882.0,610.0
BRTX,"BioRestorative Therapies, Inc.",United States,NCM,USD,,8876242.0,5993949.0,9941391.0
ICCC,ImmuCell Corporation,United States,NCM,USD,,9045851.0,6004907.0,55360608.0
VEL,"Velocity Financial, Inc.",United States,NYQ,USD,,38900030.0,6040008.0,759328640.0
JILL,"J.Jill, Inc.",US,"NEW YORK STOCK EXCHANGE, INC.",USD,2017-03-09,15115353.0,6052338.0,220040560.0
BNZIW,"Banzai International, Inc.",United States,NCM,USD,,,6057701.0,
BNZI,"Banzai International, Inc.",United States,NCM,USD,,9110970.0,6057701.0,9435505.0
DSYWW,Big Tree Cloud Holdings Limited,China,NCM,USD,,,6072228.0,
JCAP,"Jefferson Capital, Inc.",US,NASDAQ NMS - GLOBAL MARKET,USD,2025-06-26,58290473.0,6073284.0,1338932096.0
CBIO,"Crescent Biopharma, Inc.",United States,NCM,USD,,13892516.0,6073877.0,207264672.0
WSHP,WeShop Holdings Limited,British Virgin Islands,NCM,USD,,10943683.0,6087930.0,1224051072.0
NKSH,"National Bankshares, Inc.",United States,NCM,USD,,6366001.0,6099537.0,215616448.0
STRO,"Sutro Biopharma, Inc.",United States,NGM,USD,,8519392.0,6102583.0,97887816.0
ONIT,Onity Group Inc.,US,"NEW YORK STOCK EXCHANGE, INC.",USD,1996-09-25,8521636.0,6105242.0,376571072.0
HBB,Hamilton Beach Brands Holding Company,United States,NYQ,USD,,9855732.0,6114080.0,218450816.0
CLDI,"Calidi Biotherapeutics, Inc.",United States,ASE,USD,,7167721.0,6114468.0,8887974.0
AREB,"American Rebel Holdings, Inc.",United States,NCM,USD,,6662308.0,6131324.0,5691610.0
APACU,StoneBridge Acquisition II Corporation,United States,NCM,USD,,,6133774.0,
APAC,StoneBridge Acquisition II Corporation,United States,NCM,USD,,6133750.0,6133774.0,79940656.0
APACR,StoneBridge Acquisition II Corporation,US,NASDAQ NMS - GLOBAL MARKET,USD,2025-09-30,,6133774.0,60.0
JRSH,"Jerash Holdings (US), Inc.",United States,NCM,USD,,12699940.0,6149565.0,38480816.0
NCRA,"Nocera, Inc.",Taiwan,NCM,USD,,14373617.0,6153920.0,11973223.0
TENX,"Tenax Therapeutics, Inc.",United States,NCM,USD,,6243575.0,6165881.0,79106096.0
ADGM,"Adagio Medical Holdings, Inc.",,,,,21179637.0,6168146.0,22026820.0
OXBR,Oxbridge Re Holdings Limited,Cayman Islands,NCM,USD,,7676122.0,6196319.0,9441630.0
OXBRW,Oxbridge Re Holdings Limited,Cayman Islands,NCM,USD,,5733590.0,6196319.0,1490733.0
TOPP,Toppoint Holdings Inc.,United States,ASE,USD,,19400000.0,6200046.0,17262120.0
GIGM,GigaMedia Limited,TW,NASDAQ NMS - GLOBAL MARKET,USD,2000-02-17,11052235.0,6203930.0,16578352.0
FSBW,"FS Bancorp, Inc.",United States,NCM,USD,,7518462.0,6224711.0,320337472.0
FATN,"FatPipe, Inc.",United States,NCM,USD,,13924468.0,6226187.0,34950416.0
NLLGF,Nilörngruppen AB,SE,NASDAQ OMX NORDIC,SEK,2015-06-12,10441988.0,6228678.0,65721060.0
ARAI,Arrive AI Inc.,United States,NGM,USD,,34213387.0,6232653.0,110167112.0
ALIS,Calisa Acquisition Corp,United States,NGM,USD,,8427500.0,6235002.0,83685080.0
ALISR,Calisa Acquisition Corp,United States,NGM,USD,,,6235002.0,
ALISU,Calisa Acquisition Corp,United States,NGM,USD,,,6235002.0,
CODA,"Coda Octopus Group, Inc.",United States,NCM,USD,,11248867.0,6237834.0,105289392.0
EXOZ,"eXoZymes, Inc.",United States,NCM,USD,,8387250.0,6241959.0,96369504.0
VENU,Venu Holding Corporation,United States,ASE,USD,,42847542.0,6253727.0,352556192.0
TVRD,"Tvardi Therapeutics, Inc.",United States,NCM,USD,,9381344.0,6261484.0,38838764.0
DWSN,Dawson Geophysical Company,,,,,31047801.0,6272277.0,52781260.0
ACR,ACRES Commercial Realty Corp.,United States,NYQ,USD,,7285680.0,6276551.0,160779696.0
LFS,"Leifras Co., Ltd.",Japan,NCM,USD,,26160619.0,6278971.0,80051496.0
LGPS,LogProstyle Inc.,Japan,ASE,USD,,23628452.0,6300763.0,23628452.0
SFST,"Southern First Bancshares, Inc.",United States,NGM,USD,,8189177.0,6301408.0,432470464.0
VRTS,"Virtus Investment Partners, Inc.",United States,NYQ,USD,,6754405.0,6308344.0,1124135552.0
NCPLW,Netcapital Inc.,United States,NCM,USD,,,6308715.0,
NCPL,Netcapital Inc.,United States,NCM,USD,,6867899.0,6308715.0,5271800.0
RPGL,Republic Power Group Limited,Singapore,NCM,USD,,17250000.0,6309188.0,4568255.0
CVM,CEL-SCI Corporation,United States,ASE,USD,,7993356.0,6312176.0,37648708.0
UTKN,"Universal Token, Inc.",,,,,101505000.0,6314626.0,281980896.0
CRAI,"CRA International, Inc.",United States,NMS,USD,,6562262.0,6316768.0,1357903360.0
ISBA,Isabella Bank Corporation,United States,NCM,USD,,7335096.0,6323220.0,379992256.0
XAIR,"Beyond Air, Inc.",United States,NCM,USD,,8009488.0,6326614.0,6024737.0
DBGI,"Digital Brands Group, Inc.",United States,NCM,USD,,8188336.0,6326930.0,95557880.0
IMA,"ImageneBio, Inc.",United States,NCM,USD,,11181672.0,6327520.0,64853724.0
PGACR,Pantages Capital Acquisition Corporation.,United States,NGM,USD,,,6334922.0,
PGAC,Pantages Capital Acquisition Corporation.,,,,,8869250.0,6334922.0,114224176.0
PGACU,Pantages Capital Acquisition Corporation.,United States,NGM,USD,,,6334922.0,
WTF,Waton Financial Limited,Hong Kong,NCM,USD,,48237472.0,6348051.0,160148400.0
FWFW,"Flywheel Advanced Technology, Inc.",,,,,29591164.0,6366984.0,1923425.0
VTIAF,FamiCord AG,,,,,17431762.0,6378979.0,137473152.0
COOTW,Australian Oilseeds Holdings Limited,Australia,NCM,USD,,,6387928.0,
COOT,Australian Oilseeds Holdings Limited,Australia,NCM,USD,,27898538.0,6387928.0,16348545.0
COSO,"CoastalSouth Bancshares, Inc.",United States,NYQ,USD,,10448892.0,6394588.0,293124192.0
FNWB,First Northwest Bancorp,United States,NGM,USD,,8945992.0,6418721.0,86955048.0
PLBC,Plumas Bancorp,United States,NCM,USD,,6955514.0,6434268.0,315084768.0
TPET,Trio Petroleum Corp.,US,NYSE MKT LLC,USD,2023-04-18,8440849.0,6438595.0,6738330.0
EDUC,Educational Development Corporation,United States,NGM,USD,,8583201.0,6453709.0,11415658.0
BTSEF,,,,,,9175807.0,6506686.0,1825985536.0
TZOO,Travelzoo,United States,NMS,USD,,10932337.0,6524419.0,76976392.0
AMIX,"Autonomix Medical, Inc.",US,NASDAQ NMS - GLOBAL MARKET,USD,2024-01-29,6907678.0,6533570.0,3974678.0
GXAI,Gaxos.ai Inc.,United States,NCM,USD,,7123453.0,6537407.0,7550860.0
ELMD,"Electromed, Inc.",,,,,8340538.0,6554829.0,238720192.0
FBRX,"Forte Biosciences, Inc.",United States,NCM,USD,,12526935.0,6565492.0,349125696.0
PODC,"PodcastOne, Inc.",United States,NCM,USD,,26910733.0,6566757.0,56512536.0
RMCO,Royalty Management Holding Corporation,United States,NCM,USD,,15140734.0,6568353.0,43756724.0
RMCOW,Royalty Management Holding Corporation,,,,,,6568353.0,
GLSI,"Greenwich LifeSciences, Inc.",United States,NCM,USD,,13854539.0,6577165.0,286581120.0
PVLA,"Palvella Therapeutics, Inc.",US,NASDAQ NMS - GLOBAL MARKET,USD,2014-12-18,11836490.0,6585941.0,1223538048.0
AABKF,,,,,,59857200.0,6638655.0,2042641408.0
ISPOW,Inspirato Incorporated,,,,,,6653852.0,
ISPO,Inspirato Incorporated,United States,NGM,USD,,12724272.0,6653852.0,52932968.0
QVCGA,QVC Group Inc.,United States,NCM,USD,,7886235.0,6665281.0,95163200.0
QVCGP,QVC Group Inc.,United States,NCM,USD,,,6665281.0,
SDSTW,Stardust Power Inc.,,,,,,6667372.0,
SDST,Stardust Power Inc.,United States,NCM,USD,,9817809.0,6667372.0,31024278.0
FRD,"Friedman Industries, Incorporated",United States,NMS,USD,,7112182.0,6667813.0,147008816.0
BXC,BlueLinx Holdings Inc.,United States,NYQ,USD,,7865058.0,6668311.0,493670624.0
ULH,"Universal Logistics Holdings, Inc.",United States,NMS,USD,,26330058.0,6681252.0,412328704.0
ELVAF,EvoNext Holdings SA,,,,,7211552.0,6686551.0,11976906.0
MITQ,"Moving iMage Technologies, Inc.",United States,ASE,USD,,9939732.0,6689937.0,6827602.0
AVBH,"Avidbank Holdings, Inc.",United States,NMS,USD,,10950802.0,6694335.0,298628384.0
SDHC,Smith Douglas Homes Corp.,United States,NYQ,USD,,9017638.0,6702089.0,158620256.0
FCCO,First Community Corporation,United States,NCM,USD,,7689694.0,6723253.0,228845328.0
ACNT,Ascent Industries Co.,United States,NGM,USD,,9380000.0,6726933.0,149423408.0
HBCP,"Home Bancorp, Inc.",,,,,7828144.0,6728603.0,464835200.0
CING,Cingulate Inc.,United States,NCM,USD,,6757070.0,6749232.0,28244552.0
CINGW,Cingulate Inc.,,,,,,6749232.0,
MCRB,"Seres Therapeutics, Inc.",United States,NMS,USD,,9046519.0,6753679.0,132531496.0
ORIQW,Origin Investment Corp I,Singapore,NGM,USD,,,6758636.0,
ORIQU,Origin Investment Corp I,Singapore,NGM,USD,,6355000.0,6758636.0,147188400.0
ORIQ,Origin Investment Corp I,Singapore,NGM,USD,,8625000.0,6758636.0,87285008.0
ESQ,"Esquire Financial Holdings, Inc.",United States,NCM,USD,,8565491.0,6778413.0,899633536.0
FXNC,First National Corporation,,,,,9010817.0,6786317.0,229775840.0
SOTK,Sono-Tek Corporation,United States,NCM,USD,,15707062.0,6800844.0,63854472.0
MAXN,"Maxeon Solar Technologies, Ltd.",Singapore,NMS,USD,,16932760.0,6806123.0,54184832.0
NAMM,Namib Minerals,KY,NASDAQ NMS - GLOBAL MARKET,USD,2025-06-06,53677429.0,6811129.0,52603884.0
NAMMW,Namib Minerals,Cayman Islands,NCM,USD,,,6811129.0,
FEIM,"Frequency Electronics, Inc.",United States,NGM,USD,,9777647.0,6819127.0,550383744.0
PETZ,"TDH Holdings, Inc.",China,NCM,USD,,10323268.0,6836791.0,10117836.0
NHTC,Natural Health Trends Corp.,United States,NCM,USD,,11513075.0,6846129.0,38223408.0
MOB,Mobilicom Limited,AU,NASDAQ NMS - GLOBAL MARKET,USD,2022-08-25,11961698.0,6861596.0,76554872.0
MOBBW,Mobilicom Limited,Israel,NCM,USD,,321936716.0,6861596.0,964200384.0
CSPI,CSP Inc.,United States,NGM,USD,,9904783.0,6864609.0,128861232.0
LCCCU,Lakeshore Acquisition III Corp.,United States,NGM,USD,,,6900039.0,
LCCCR,Lakeshore Acquisition III Corp.,United States,NGM,USD,,,6900039.0,
LCCC,Lakeshore Acquisition III Corp.,United States,NGM,USD,,8905000.0,6900039.0,90831000.0
NXGL,"NEXGEL, Inc.",United States,NCM,USD,,8143133.0,6913683.0,12458995.0
NXGLW,"NEXGEL, Inc.",United States,NCM,USD,,,6913683.0,
VVOS,"Vivos Therapeutics, Inc.",United States,NCM,USD,,8988106.0,6917426.0,18245854.0
SOAR,"Volato Group, Inc.",United States,ASE,USD,,7469936.0,6918086.0,7044896.0
XXII,"22nd Century Group, Inc.",United States,NCM,USD,,6987290.0,6919304.0,6112481.0
RM,Regional Management Corp.,United States,NYQ,USD,,9712805.0,6921442.0,393138528.0
GCBC,"Greene County Bancorp, Inc.",United States,NCM,USD,,17026828.0,6923789.0,387700896.0
BRFH,"Barfresh Food Group, Inc.",United States,NCM,USD,,15969281.0,6953344.0,42797676.0
TAOX,TAO Synergies Inc.,United States,NCM,USD,,7128912.0,6965375.0,30583032.0
OPY,Oppenheimer Holdings Inc.,United States,NYQ,USD,,10420884.0,6979648.0,780203968.0
VOR,Vor Biopharma Inc.,US,NASDAQ NMS - GLOBAL MARKET,USD,2021-02-05,21910630.0,6981056.0,322524512.0
LHAI,Linkhome Holdings Inc.,,,,,16230000.0,6999999.0,117342904.0
ELLO,Ellomay Capital Ltd.,Israel,ASE,USD,,13779585.0,7024456.0,318308416.0
SAM,"The Boston Beer Company, Inc.",US,"NEW YORK STOCK EXCHANGE, INC.",USD,1995-11-21,8590368.0,7035866.0,2145603200.0
AYTU,"Aytu BioPharma, Inc.",United States,NCM,USD,,10188208.0,7039033.0,24961110.0
OVLY,Oak Valley Bancorp,United States,NCM,USD,,8388221.0,7087854.0,251982160.0
USEA,United Maritime Corporation,Greece,NCM,USD,,9105456.0,7120193.0,19901728.0
LSF,"Laird Superfood, Inc.",United States,ASE,USD,,10687056.0,7124922.0,27251992.0
IPWR,Ideal Power Inc.,United States,NCM,USD,,8511403.0,7125406.0,27576946.0
YIBO,Planet Image International Limited,China,NCM,USD,,32918421.0,7128838.0,56864848.0
SLAHF,Stella Chemifa Corporation,,,,,11816570.0,7132363.0,258782880.0
SDM,Smart Digital Group Limited,Singapore,NCM,USD,,26725000.0,7147750.0,49441252.0
ZJK,"ZJK Industrial Co., Ltd.",China,NCM,USD,,63822249.0,7149688.0,132112048.0
EBMT,"Eagle Bancorp Montana, Inc.",United States,NGM,USD,,7952177.0,7151818.0,157294080.0
THCH,TH International Limited,China,NCM,USD,,32010532.0,7160859.0,70103064.0
RICK,"RCI Hospitality Holdings, Inc.",United States,NGM,USD,,8684061.0,7161330.0,203361152.0
MBCN,Middlefield Banc Corp.,United States,NCM,USD,,8090067.0,7166356.0,284608544.0
VIRDY,,,,,,7180200.0,7170794.0,777184832.0
BTCT,BTC Digital Ltd.,Singapore,NCM,USD,,9516975.0,7175629.0,15227160.0
VLDXW,,,,,,,7200270.0,
VELO,"Velo3D, Inc.",United States,NCM,USD,,24548535.0,7200270.0,331405248.0
BCDA,"BioCardia, Inc.",United States,NCM,USD,,10612734.0,7207002.0,13478172.0
CBK,"Commercial Bancgroup, Inc.",United States,NCM,USD,,12239644.0,7207804.0,333545984.0
BBSI,"Barrett Business Services, Inc.",United States,NMS,USD,,25624623.0,7216165.0,930989824.0
BATL,Battalion Oil Corporation,United States,ASE,USD,,16456563.0,7223279.0,19089612.0
UNTY,"Unity Bancorp, Inc.",United States,NGM,USD,,10039444.0,7230207.0,527070816.0
RCKY,"Rocky Brands, Inc.",United States,NMS,USD,,7493687.0,7232157.0,224960480.0
TOYO,"TOYO Co., Ltd.",Japan,NCM,USD,,37773997.0,7232499.0,228154928.0
PPIH,"Perma-Pipe International Holdings, Inc.",United States,NGM,USD,,8094045.0,7242794.0,266941632.0
GROO,Groovy Company Inc,,,,,7384006.0,7244005.0,37658.0
HCTI,"Healthcare Triangle, Inc.",United States,NCM,USD,,7261344.0,7249508.0,8350546.0
KORE,"KORE Group Holdings, Inc.",United States,NYQ,USD,,17539937.0,7252413.0,77000320.0
PRT,PermRock Royalty Trust,United States,NYQ,USD,,12165732.0,7272066.0,36253884.0
CMT,"Core Molding Technologies, Inc.",United States,ASE,USD,,8561353.0,7283914.0,182185600.0
SGLY,Singularity Future Technology Ltd.,US,NASDAQ NMS - GLOBAL MARKET,USD,2008-05-21,7293492.0,7293492.0,3795533.0
TSBK,"Timberland Bancorp, Inc.",United States,NGM,USD,,7880773.0,7300196.0,282879136.0
DDS,"Dillard's, Inc.",United States,NYQ,USD,,11626733.0,7316704.0,9837417472.0
LSTA,"Lisata Therapeutics, Inc.",United States,NCM,USD,,8820733.0,7324472.0,17376846.0
RMBI,"Richmond Mutual Bancorporation, Inc.",US,NASDAQ NMS - GLOBAL MARKET,USD,2019-07-02,9660972.0,7342257.0,137082912.0
SRBK,"SR Bancorp, Inc.",United States,NCM,USD,,7668306.0,7345486.0,130274088.0
IRMD,IRADIMED CORPORATION,US,NASDAQ NMS - GLOBAL MARKET,USD,2014-07-16,12721156.0,7350284.0,1239676672.0
CUPR,Cuprina Holdings (Cayman) Limited,SG,NASDAQ NMS - GLOBAL MARKET,SGD,2025-04-10,7365000.0,7365072.0,9869145.0
EGG,Enigmatig Limited,Singapore,ASE,USD,,12255200.0,7369250.0,137796784.0
LIQT,"LiqTech International, Inc.",Denmark,NCM,USD,,9627064.0,7397725.0,15114493.0
HPAIW,Helport AI Limited,,,,,,7416946.0,
HPAI,Helport AI Limited,Singapore,NCM,USD,,37430968.0,7416946.0,151969728.0
FGRRF,,,,,,7581850.0,7421079.0,15171574.0
NBN,Northeast Bank,United States,NGM,USD,,8562960.0,7426227.0,909040960.0
UFPT,"UFP Technologies, Inc.",United States,NCM,USD,,7712444.0,7430631.0,1829545984.0
XOS,"Xos, Inc.",United States,NCM,USD,,11334192.0,7444751.0,22895068.0
TGE,The Generation Essentials Group,France,NYQ,USD,,29175159.0,7450890.0,53791792.0
ASMB,"Assembly Biosciences, Inc.",United States,NMS,USD,,15817140.0,7458256.0,531772224.0
MLP,"Maui Land & Pineapple Company, Inc.",United States,NYQ,USD,,19741709.0,7460194.0,342537248.0
NRXS,"NeurAxis, Inc.",United States,ASE,USD,,10652812.0,7486690.0,41759024.0
WOLF,"Wolfspeed, Inc.",US,"NEW YORK STOCK EXCHANGE, INC.",USD,1993-02-09,25892446.0,7490167.0,464769440.0
BIVI,BioVie Inc.,US,NASDAQ NMS - GLOBAL MARKET,USD,2014-01-14,7537479.0,7497756.0,9120350.0
BIVIW,BioVie Inc.,United States,NCM,USD,,,7497756.0,
KARO,Karooooo Ltd.,Singapore,NCM,USD,,30893300.0,7512633.0,1463724544.0
QSEA,Quartzsea Acquisition Corporati,United States,NGM,USD,,11409900.0,7521406.0,116723272.0
QSEAR,Quartzsea Acquisition Corporation,United States,NGM,USD,,,7521406.0,
QSEAU,Quartzsea Acquisition Corporation,United States,NGM,USD,,,7521406.0,
GLOO,"Gloo Holdings, Inc.",US,NASDAQ NMS - GLOBAL MARKET,USD,2025-11-19,10130932.0,7529941.0,512463168.0
ACITF,ASIAN CITRUS HLDGS,,,,,14900529.0,7563658.0,2980105.0
SEG,Seaport Entertainment Group Inc.,United States,NYQ,USD,,12735071.0,7568325.0,256102288.0
NTIC,Northern Technologies International Corporation,United States,NGM,USD,,9480689.0,7583034.0,71768816.0
CREX,"Creative Realities, Inc.",United States,NCM,USD,,10518932.0,7583624.0,27980360.0
AVTXF,Avantium N.V.,NL,NYSE EURONEXT - EURONEXT AMSTERDAM,EUR,2017-03-15,25196719.0,7585194.0,380470496.0
ASIC,Ategrity Specialty Insurance Company Holdings,United States,NYQ,USD,,48066674.0,7594534.0,1032472064.0
CHPG,ChampionsGate Acquisition Corporation,United States,NGM,USD,,8617125.0,7597129.0,101670576.0
CHPGU,ChampionsGate Acquisition Corporation,United States,NGM,USD,,,7597129.0,
CHPGR,ChampionsGate Acquisition Corporation,United States,NGM,USD,,,7597129.0,
MVO,MV Oil Trust,United States,NYQ,USD,,11500000.0,7608860.0,13915000.0
VVPR,VivoPower International PLC,United Kingdom,NCM,USD,,16790245.0,7629949.0,40968196.0
MYFW,"First Western Financial, Inc.",United States,NMS,USD,,9714711.0,7639746.0,255095472.0
SNDA,"Sonida Senior Living, Inc.",United States,NYQ,USD,,18770006.0,7667351.0,605708096.0
CVCO,"Cavco Industries, Inc.",United States,NMS,USD,,7805037.0,7708957.0,4754072064.0
QUMSU,Quantumsphere Acquisition Corporation,US,NASDAQ NMS - GLOBAL MARKET,USD,2025-08-06,,7712492.0,114.0
QUMSR,Quantumsphere Acquisition Corporation,United States,NGM,USD,,,7712492.0,
QUMS,Quantumsphere Acquisition Corporation,United States,NGM,USD,,11406650.0,7712492.0,114066512.0
CNTRF,CENTR Brands Corp.,,,,,11597740.0,7717948.0,162965.0
PBFS,"Pioneer Bancorp, Inc.",United States,NCM,USD,,25080547.0,7741309.0,350762784.0
CLNN,Clene Inc.,United States,NCM,USD,,10333980.0,7763196.0,64587376.0
CLNNW,Clene Inc.,United States,NCM,USD,,,7763196.0,
SRL,Scully Royalty Ltd.,CN,"NEW YORK STOCK EXCHANGE, INC.",CAD,1996-05-08,15149072.0,7766267.0,107558408.0
AUST,Austin Gold Corp.,Canada,ASE,USD,,13693001.0,7772284.0,25468982.0
POAS,Phaos Technology Holdings (Caym,Singapore,ASE,USD,,13301750.0,7777787.0,50546652.0
IMDX,Insight Molecular Diagnostics Inc.,United States,NCM,USD,,28664437.0,7782395.0,182592448.0
SAMG,Silvercrest Asset Management Group Inc.,US,NASDAQ NMS - GLOBAL MARKET,USD,2013-06-27,8121141.0,7801818.0,128549952.0
IVCUF,Investcorp Europe Acquisition Corp I,,,,,,7805651.0,
CNCK,Coincheck Group N.V.,Netherlands,NGM,USD,,135822026.0,7820570.0,472660672.0
CNCKW,Coincheck Group N.V.,Netherlands,NCM,USD,,,7820570.0,
STRW,"Strawberry Fields REIT, Inc.",United States,ASE,USD,,13120095.0,7827449.0,722228992.0
NEU,NewMarket Corporation,United States,NYQ,USD,,9397122.0,7831561.0,6663875072.0
FBIZ,"First Business Financial Services, Inc.",US,NASDAQ NMS - GLOBAL MARKET,USD,2005-10-07,8324258.0,7842783.0,461496864.0
CHARU,Charlton Aria Acquisition Corporation,United States,NGM,USD,,,7845896.0,
CHARR,Charlton Aria Acquisition Corporation,,,,,,7845896.0,
CHAR,Charlton Aria Acquisition Corporation,United States,NGM,USD,,8840000.0,7845896.0,114584248.0
OSRHW,"OSR Holdings, Inc.",,,,,,7850482.0,
INBX,"Inhibrx Biosciences, Inc.",United States,NMS,USD,,14543738.0,7866999.0,1166553216.0
RAVE,"Rave Restaurant Group, Inc.",US,NASDAQ NMS - GLOBAL MARKET,USD,1993-09-01,14211566.0,7874913.0,46756056.0
AFYA,Afya Limited,,,,,46894952.0,7894329.0,1357624704.0
ZOOZW,ZOOZ Strategy Ltd.,Israel,NCM,USD,,,7904454.0,
EDTK,Skillful Craftsman Education Technology Limited,China,NCM,USD,,15929451.0,7924424.0,14264824.0
WKSP,Worksport Ltd.,United States,NCM,USD,,8254389.0,7927268.0,19315270.0
VSTA,Vasta Platform Limited,Brazil,NMS,USD,,15969992.0,7929648.0,397206080.0
MMA,Mixed Martial Arts Group Limited,Australia,ASE,USD,,13041209.0,7940401.0,15910275.0
RELIW,"Reliance Global Group, Inc.",United States,NCM,USD,,,7943485.0,
TACT,TransAct Technologies Incorporated,United States,NGM,USD,,10112585.0,7952132.0,39641332.0
JYNT,The Joint Corp.,United States,NCM,USD,,14866192.0,7954453.0,133050928.0
BVFL,"BV Financial, Inc.",United States,NCM,USD,,8903927.0,7962646.0,181693888.0
IPEX,Inflection Point Acquisition Corp. V,United States,NGM,USD,,10919375.0,7965585.0,122428368.0
IPEXR,Inflection Point Acquisition Corp. V,United States,NGM,USD,,,7965585.0,
IPEXU,Inflection Point Acquisition Corp. V,United States,NGM,USD,,,7965585.0,
CYN,Cyngn Inc.,United States,NCM,USD,,7974380.0,7974300.0,23125706.0
GRMZF,"grems,Inc.",,,,,23102007.0,7982667.0,261052688.0
TNON,"Tenon Medical, Inc.",US,NASDAQ NMS - GLOBAL MARKET,USD,2022-04-27,11106444.0,7992667.0,11883896.0
CYRNQ,Cyren Ltd.,,,,,7999808.0,7995488.0,799.0
ECBK,"ECB Bancorp, Inc.",United States,NCM,USD,,8796890.0,8001475.0,153477152.0
STEM,"Stem, Inc.",United States,NYQ,USD,,8390208.0,8012733.0,134411136.0
MRBK,Meridian Corporation,United States,NMS,USD,,11517456.0,8016610.0,202937584.0
BSET,"Bassett Furniture Industries, Incorporated",United States,NMS,USD,,8685710.0,8019255.0,148765664.0
IZM,ICZOOM Group Inc.,China,NCM,USD,,8188610.0,8021367.0,23194954.0
FMSTW,Foremost Clean Energy Ltd.,Canada,NCM,USD,,,8034588.0,
FMST,Foremost Clean Energy Ltd.,Canada,NCM,USD,,14435380.0,8034588.0,34551068.0
INBK,First Internet Bancorp,United States,NMS,USD,,8706094.0,8037379.0,178357056.0
DXST,Decent Holding Inc.,CN,NASDAQ NMS - GLOBAL MARKET,USD,2025-01-22,24583333.0,8050088.0,38162496.0
CIIT,"Tianci International, Inc.",,,,,24531803.0,8098439.0,8895232.0
EDHL,Everbright Digital Holding Limited,HK,NASDAQ NMS - GLOBAL MARKET,USD,2025-04-17,26660000.0,8120750.0,12266266.0
LGCY,Legacy Education Inc.,United States,ASE,USD,,12566988.0,8121919.0,132330384.0
APT,"Alpha Pro Tech, Ltd.",Canada,ASE,USD,,10360062.0,8126847.0,46620280.0
BETRW,Better Home & Finance Holding Company,United States,NGM,USD,,,8149381.0,
BETR,Better Home & Finance Holding Company,United States,NGM,USD,,9855284.0,8149381.0,548283584.0
YDDL,One and one Green Technologies. Inc,Philippines,NCM,USD,,44096040.0,8168160.0,292134016.0
WYY,WidePoint Corporation,United States,ASE,USD,,9891002.0,8183024.0,52521220.0
IFBD,"Infobird Co., Ltd",China,NCM,USD,,8188574.0,8186773.0,8966489.0
KLMR,KLM Royal Dutch Airlines,NL,NYSE EURONEXT - EURONEXT BRUSSELS,EUR,2014-12-05,46809698.0,8191697.0,32766.0
GSBC,"Great Southern Bancorp, Inc.",United States,NMS,USD,,11189262.0,8192890.0,709380928.0
PLCE,"The Children's Place, Inc.",United States,NMS,USD,,22167889.0,8204336.0,89336600.0
CZWI,"Citizens Community Bancorp, Inc.",United States,NGM,USD,,9659745.0,8244109.0,173392432.0
CTGO,"Contango Ore, Inc.",United States,ASE,USD,,14964048.0,8249975.0,443684032.0
SNAL,"Snail, Inc.",United States,NCM,USD,,8998728.0,8281759.0,34538788.0
AMKBY,A.P. Møller - Mærsk A/S,,,,,1019089400.0,8299467.0,33769904128.0
RGCO,"RGC Resources, Inc.",United States,NGM,USD,,10350531.0,8303610.0,225952096.0
AGH,Aureus Greenway Holdings Inc.,United States,NCM,USD,,15056297.0,8304602.0,60074624.0
NL,"NL Industries, Inc.",United States,NYQ,USD,,48862734.0,8310574.0,266790544.0
LFVN,LifeVantage Corporation,United States,NCM,USD,,12701187.0,8363986.0,77096208.0
FSI,"Flexible Solutions International, Inc.",Canada,ASE,USD,,12692498.0,8372352.0,88974424.0
ACTU,"Actuate Therapeutics, Inc. Common stock",United States,NGM,USD,,23243328.0,8373874.0,150268112.0
NWFL,Norwood Financial Corp.,,,,,9264200.0,8384409.0,262825360.0
TDIC,Dreamland Limited,HK,NASDAQ NMS - GLOBAL MARKET,HKD,2025-07-23,36000000.0,8384882.0,7363000.0
AEON,"AEON Biopharma, Inc.",United States,ASE,USD,,13800000.0,8390973.0,14076000.0
GTIM,Good Times Restaurants Inc.,United States,NCM,USD,,10549508.0,8416292.0,12284872.0
PSIX,"Power Solutions International, Inc.",United States,NCM,USD,,23040930.0,8426299.0,1508950400.0
FKWL,Franklin Wireless Corp.,United States,NCM,USD,,11784280.0,8442376.0,50436720.0
RFIL,"RF Industries, Ltd.",United States,NGM,USD,,10667447.0,8468459.0,63791340.0
FTRK,FAST TRACK GROUP,,,,,21812500.0,8468703.0,18322500.0
AEYE,"AudioEye, Inc.",United States,NCM,USD,,12418617.0,8480549.0,132755008.0
LE,"Lands' End, Inc.",United States,NCM,USD,,30551068.0,8484643.0,446962144.0
LAKE,"Lakeland Industries, Inc.",US,NASDAQ NMS - GLOBAL MARKET,USD,1986-09-09,9806128.0,8493774.0,84724952.0
PRSO,Peraso Inc.,United States,NCM,USD,,9311877.0,8494846.0,9461542.0
ASPS,Altisource Portfolio Solutions S.A.,Luxembourg,NMS,USD,,10993549.0,8496150.0,74481296.0
ASPSW,Altisource Portfolio Solutions S.A.,Luxembourg,NMS,USD,,,8496150.0,
ASPSZ,Altisource Portfolio Solutions S.A.,,,,,,8496150.0,
DAIO,Data I/O Corporation,US,NASDAQ NMS - GLOBAL MARKET,USD,1981-05-06,9391883.0,8497776.0,30241864.0
FSTR,L.B. Foster Company,United States,NMS,USD,,10393009.0,8504184.0,301663072.0
DAC,Danaos Corporation,Greece,NYQ,USD,,18309702.0,8513828.0,1734111872.0
GRCE,"Grace Therapeutics, Inc.",United States,NCM,USD,,15474026.0,8535629.0,52611692.0
BFIN,BankFinancial Corporation,US,NASDAQ NMS - GLOBAL MARKET,USD,2005-06-24,12460678.0,8540923.0,153515552.0
ITXXF,Itaconix plc,,,,,13486122.0,8559642.0,24546442.0
SUNS,"Sunrise Realty Trust, Inc.",United States,NCM,USD,,13420986.0,8561113.0,131123040.0
AEC,Anfield Energy Inc.,Canada,NCM,USD,,15877763.0,8565259.0,83698448.0
LTRN,Lantern Pharma Inc.,United States,NCM,USD,,11184423.0,8587400.0,38921792.0
LNSR,"LENSAR, Inc.",United States,NCM,USD,,11944546.0,8591712.0,142737328.0
CCEC,Capital Clean Energy Carriers Corp.,Greece,NMS,USD,,59082322.0,8598250.0,1259044224.0
PPSI,"Pioneer Power Solutions, Inc.",US,NASDAQ NMS - GLOBAL MARKET,USD,2013-09-19,11095266.0,8600052.0,51371084.0
LOAN,"Manhattan Bridge Capital, Inc.",United States,NCM,USD,,11438651.0,8626001.0,55820624.0
EVGN,Evogene Ltd.,Israel,NCM,USD,,8716410.0,8630466.0,9423893.0
DOMH,Dominari Holdings Inc.,United States,NCM,USD,,16012435.0,8644313.0,73176832.0
NEPH,"Nephros, Inc.",United States,NCM,USD,,10626683.0,8659471.0,52389544.0
KRT,Karat Packaging Inc.,United States,NMS,USD,,20099505.0,8662485.0,458469664.0
SNCR,"Synchronoss Technologies, Inc.",United States,NCM,USD,,10635433.0,8664550.0,98043352.0
ENRT,Enertopia Corp.,,,,,10339394.0,8704115.0,1359113.0
YCBD,"cbdMD, Inc.",United States,ASE,USD,,8959410.0,8705325.0,15824608.0
LITM,Snow Lake Resources Ltd.,Canada,NCM,USD,,18026269.0,8720610.0,61469584.0
CLGN,CollPlant Biotechnologies Ltd.,,,,,12776385.0,8723460.0,19547868.0
ATLO,Ames National Corporation,United States,NCM,USD,,8892167.0,8724105.0,205231232.0
CPIX,Cumberland Pharmaceuticals Inc.,United States,NMS,USD,,14956627.0,8733324.0,61634940.0
FMFC,Kandal M Venture Limited,Cambodia,NCM,USD,,15300000.0,8740080.0,6822240.0
MCRP,Micropolis AI Robotics,United Arab Emirates,ASE,USD,,34888447.0,8787353.0,42563908.0
FLES,"Auto Parts 4Less Group, Inc.",,,,,8845362.0,8811838.0,884.0
LMFA,"LM Funding America, Inc.",,,,,14031948.0,8827284.0,6440664.0
BFC,Bank First Corporation,United States,NCM,USD,,9835013.0,8833907.0,1248358272.0
GCO,Genesco Inc.,United States,NYQ,USD,,10792736.0,8860512.0,275823104.0
ZEO,Zeo Energy Corp.,United States,NCM,USD,,33149931.0,8869264.0,112163992.0
ZEOWW,Zeo Energy Corp.,United States,NCM,USD,,,8869264.0,
MIND,"MIND Technology, Inc.",United States,NCM,USD,,9038082.0,8869883.0,83421496.0
NRT,North European Oil Royalty Trust,United States,NYQ,USD,,9190590.0,8872320.0,57716908.0
TPCS,TechPrecision Corporation,United States,NCM,USD,,10012950.0,8876480.0,48863204.0
IPST,"Heritage Distilling Holding Company, Inc.",United States,NCM,USD,,9559321.0,8884608.0,19118642.0
JBSS,"John B. Sanfilippo & Son, Inc.",United States,NMS,USD,,9046833.0,8907625.0,835359104.0
PELI,Pelican Acquisition Corporation,United States,NGM,USD,,11998750.0,8911232.0,122255272.0
PELIU,Pelican Acquisition Corporation,United States,NGM,USD,,,8911232.0,
PELIR,Pelican Acquisition Corporation,United States,NGM,USD,,,8911232.0,
NREF,"NexPoint Real Estate Finance, Inc.",United States,NYQ,USD,,17721828.0,8911598.0,319780960.0
YSXT,"YSX Tech. Co., Ltd",China,NCM,USD,,22260175.0,8967656.0,30468748.0
JAKK,"JAKKS Pacific, Inc.",United States,NMS,USD,,11269529.0,8985872.0,188990000.0
VLGEA,"Village Super Market, Inc.",United States,NMS,USD,,10628425.0,8987371.0,531420032.0
IESC,"IES Holdings, Inc.",United States,NGM,USD,,19854585.0,9001672.0,8004971008.0
DAVEW,Dave Inc.,United States,NGM,USD,,,9002226.0,
DAVE,Dave Inc.,United States,NGM,USD,,12190000.0,9002226.0,3095405568.0
SEPSF,ASEP Medical Holdings Inc.,,,,,11123729.0,9019787.0,121248.0
RDCM,RADCOM Ltd.,Israel,NCM,USD,,16405788.0,9036567.0,222954656.0
FCNCP,"First Citizens BancShares, Inc.",United States,NMS,USD,,,9036791.0,
FCNCA,"First Citizens BancShares, Inc.",United States,NMS,USD,,11430367.0,9036791.0,27918630912.0
FCNCO,"First Citizens BancShares, Inc.",United States,NMS,USD,,,9036791.0,
CMDB,Costamare Bulkers Holdings Limited,Monaco,NYQ,USD,,24301491.0,9038697.0,373513920.0
WW,"WW International, Inc.",US,NASDAQ NMS - GLOBAL MARKET,USD,2001-11-15,9986928.0,9052451.0,276837664.0
NTCL,NetClass Technology Inc,China,NCM,USD,,19992031.0,9071657.0,12095618.0
FINW,FinWise Bancorp,United States,NGM,USD,,13586921.0,9075520.0,242390672.0
MCB,Metropolitan Bank Holding Corp.,US,"NEW YORK STOCK EXCHANGE, INC.",USD,2017-11-08,10298002.0,9087781.0,816098624.0
LESL,"Leslie's, Inc.",United States,NMS,USD,,9290311.0,9092985.0,15514819.0
ESLAW,"Estrella Immunopharma, Inc.",,,,,,9097054.0,
CPSS,"Consumer Portfolio Services, Inc.",United States,NGM,USD,,22071046.0,9098127.0,202906832.0
NXNT,,,,,,,9100387.0,
TRNS,"Transcat, Inc.",United States,NGM,USD,,9328412.0,9123094.0,549116992.0
ENFY,Enlightify Inc.,CN,"NEW YORK STOCK EXCHANGE, INC.",USD,2007-09-27,15769434.0,9133025.0,1419249.0
BNGO,"Bionano Genomics, Inc.",United States,NCM,USD,,10176000.0,9133672.0,15467520.0
PFIS,Peoples Financial Services Corp.,United States,NMS,USD,,9994595.0,9133860.0,495282144.0
ISTR,Investar Holding Corporation,United States,NGM,USD,,9810435.0,9139990.0,267951856.0
MED,"Medifast, Inc.",United States,NYQ,USD,,10991273.0,9167019.0,121343656.0
TAVIU,Tavia Acquisition Corp.,United States,NGM,USD,,13883300.0,9170718.0,145774656.0
TAVIR,Tavia Acquisition Corp.,United States,NGM,USD,,,9170718.0,
TAVI,Tavia Acquisition Corp.,United States,NGM,USD,,15920833.0,9170718.0,165735872.0
SKLZ,Skillz Inc.,United States,NYQ,USD,,11678067.0,9178189.0,71477592.0
PKOH,Park-Ohio Holdings Corp.,United States,NMS,USD,,14404207.0,9217296.0,303784736.0
HAFN,Hafnia Limited,Singapore,NYQ,USD,,497989642.0,9232413.0,2692179200.0
FUSEW,Fusemachines Inc.,,,,,,9243057.0,
FUSE,Fusemachines Inc.,US,NASDAQ NMS - GLOBAL MARKET,USD,2022-01-13,26501049.0,9243057.0,50617000.0
KBSX,FST Corp.,Taiwan,NGM,USD,,44766003.0,9254923.0,61777084.0
TLYS,"Tilly's, Inc.",US,"NEW YORK STOCK EXCHANGE, INC.",USD,2012-05-04,23167562.0,9261863.0,55766820.0
RANGU,Range Capital Acquisition Corp.,United States,NGM,USD,,,9264864.0,
RANGR,Range Capital Acquisition Corp.,United States,NGM,USD,,,9264864.0,
RANG,Range Capital Acquisition Corp.,US,NASDAQ NMS - GLOBAL MARKET,USD,2024-12-20,16037500.0,9264864.0,167110752.0
GBFH,GBank Financial Holdings Inc.,United States,NCM,USD,,14376113.0,9266842.0,517396320.0
XPON,Expion360 Inc.,United States,NCM,USD,,9656739.0,9285534.0,7918526.0
DLPN,"Dolphin Entertainment, Inc.",United States,NCM,USD,,12122422.0,9286745.0,16728942.0
ARTNA,Artesian Resources Corporation,United States,NMS,USD,,9431693.0,9287296.0,328480896.0
BFRIW,Biofrontera Inc.,United States,NCM,USD,,,9313999.0,
BFRI,Biofrontera Inc.,United States,NCM,USD,,11648323.0,9313999.0,8400770.0
SVCO,"Silvaco Group, Inc.",United States,NMS,USD,,30638877.0,9316363.0,130215224.0
NWPX,"NWPX Infrastructure, Inc.",United States,NMS,USD,,9609651.0,9322322.0,618331264.0
COCP,"Cocrystal Pharma, Inc.",United States,NCM,USD,,13784065.0,9326574.0,13405005.0
OPHC,"OptimumBank Holdings, Inc.",,,,,11533943.0,9339380.0,48903920.0
NOTE,"FiscalNote Holdings, Inc.",US,"NEW YORK STOCK EXCHANGE, INC.",USD,2020-10-29,15018986.0,9343931.0,24664536.0
SNGX,"Soligenix, Inc.",United States,NCM,USD,,10086130.0,9362349.0,13817998.0
RNAC,"Cartesian Therapeutics, Inc.",United States,NGM,USD,,26003606.0,9374300.0,173704080.0
ANNA,"AleAnna, Inc.",US,NASDAQ NMS - GLOBAL MARKET,USD,2022-02-04,40659881.0,9387147.0,115880656.0
ANNAW,"AleAnna, Inc.",United States,NCM,USD,,,9387147.0,
MDV,"Modiv Industrial, Inc.",United States,NYQ,USD,,10274997.0,9395046.0,151761712.0
CVEO,Civeo Corporation,United States,NYQ,USD,,11515223.0,9414386.0,292205216.0
POWL,"Powell Industries, Inc.",United States,NMS,USD,,12092083.0,9437871.0,4121707264.0
WMK,"Weis Markets, Inc.",United States,NYQ,USD,,24744597.0,9451199.0,1609883520.0
CRWS,"Crown Crafts, Inc.",United States,NCM,USD,,10702787.0,9462762.0,28576442.0
SMBC,"Southern Missouri Bancorp, Inc.",United States,NGM,USD,,11202189.0,9477388.0,681391744.0
LPSN,"LivePerson, Inc.",US,NASDAQ NMS - GLOBAL MARKET,USD,2000-04-07,11672614.0,9480634.0,47974444.0
ASYS,"Amtech Systems, Inc.",United States,NMS,USD,,14356797.0,9500467.0,183192736.0
FORTY,Formula Systems (1985) Ltd.,Israel,NMS,USD,,15332667.0,9505138.0,2921791488.0
CARL,"Carlsmed, Inc.",United States,NMS,USD,,26592908.0,9505369.0,364588768.0
INDO,Indonesia Energy Corporation Limited,Indonesia,ASE,USD,,14987474.0,9523041.0,44962424.0
GOCO,"GoHealth, Inc.",United States,NCM,USD,,16093116.0,9524389.0,67190760.0
EXALF,Exail Technologies,FR,NYSE EURONEXT - EURONEXT PARIS,EUR,1998-01-01,16971409.0,9540026.0,1880072448.0
KMDA,Kamada Ltd.,Israel,NMS,USD,,57681590.0,9549865.0,408369056.0
SUPX,SuperX AI Technology Limited,Singapore,NCM,USD,,31506228.0,9553318.0,469442784.0
TXMD,"TherapeuticsMD, Inc.",United States,NMS,USD,,11574362.0,9567715.0,20139392.0
XOMA,XOMA Royalty Corporation,US,NASDAQ NMS - GLOBAL MARKET,USD,1986-06-06,12383103.0,9590342.0,322703648.0
XOMAP,XOMA Royalty Corporation,United States,NGM,USD,,,9590342.0,
XOMAO,XOMA Royalty Corporation,United States,NGM,USD,,,9590342.0,
MCFT,"MasterCraft Boat Holdings, Inc.",United States,NGM,USD,,16288798.0,9596382.0,317402400.0
BKYI,"BIO-key International, Inc.",US,NASDAQ NMS - GLOBAL MARKET,USD,1997-04-17,10836618.0,9607746.0,6562656.0
RBCAA,"Republic Bancorp, Inc.",United States,NMS,USD,,17388491.0,9613752.0,1368201856.0
USNA,"USANA Health Sciences, Inc.",United States,NYQ,USD,,18280857.0,9617193.0,362692192.0
BOF,BranchOut Food Inc.,United States,NCM,USD,,13380459.0,9642116.0,44958340.0
SSTI,"SoundThinking, Inc.",US,NASDAQ NMS - GLOBAL MARKET,USD,2017-06-07,12698453.0,9642697.0,102969584.0
STHO,Star Holdings,United States,NGM,USD,,12735503.0,9642813.0,104592448.0
CULP,"Culp, Inc.",United States,NYQ,USD,,12662784.0,9651739.0,44319744.0
FET,"Forum Energy Technologies, Inc.",United States,NYQ,USD,,11377958.0,9672971.0,437445440.0
DLTH,Duluth Holdings Inc.,,,,,33361992.0,9675515.0,77492264.0
SNTI,"Senti Biosciences, Inc.",United States,NCM,USD,,26290838.0,9706314.0,27868286.0
MDWD,MediWound Ltd.,Israel,NGM,USD,,12821433.0,9715825.0,240914736.0
UNTCW,,,,,,,9737282.0,
SPEG,Silver Pegasus Acquisition Corp.,United States,NGM,USD,,11500000.0,9761046.0,154100000.0
SPEGU,Silver Pegasus Acquisition Corp.,US,NASDAQ NMS - GLOBAL MARKET,USD,2025-07-15,,9761046.0,154.0
SFWL,Shengfeng Development Limited,,,,,40617513.0,9769355.0,80902872.0
HTCR,"HeartCore Enterprises, Inc.",,,,,25419807.0,9770865.0,8800337.0
TOBAF,TAAT Global Alternatives Inc.,,,,,23109681.0,9817325.0,2310.0
ODC,Oil-Dri Corporation of America,United States,NYQ,USD,,10342807.0,9819771.0,718196352.0
TOMZ,"TOMI Environmental Solutions, Inc.",US,NASDAQ NMS - GLOBAL MARKET,USD,2008-06-19,20277205.0,9825321.0,16201486.0
ZEUS,"Olympic Steel, Inc.",United States,NMS,USD,,11197621.0,9827704.0,501317536.0
PYPD,PolyPid Ltd.,Israel,NCM,USD,,16634790.0,9872748.0,67703600.0
EMYSF,Easy Technologies Inc.,,,,,9481332.0,9877280.0,142219.0
ATNI,"ATN International, Inc.",United States,NMS,USD,,15257391.0,9904543.0,337646080.0
AGRZ,Agroz Inc.,,,,,21673485.0,9928265.0,17330118.0
HUBCZ,HUB Cyber Security Ltd.,,,,,,9953354.0,
HUBC,HUB Cyber Security Ltd.,Israel,NCM,USD,,32756017.0,9953354.0,14114568.0
NRP,Natural Resource Partners L.P.,United States,NYQ,USD,,13138097.0,9958809.0,1352567040.0
FC,Franklin Covey Co.,,,,,11989951.0,9965230.0,207621616.0
GGR,Gogoro Inc.,Taiwan,NCM,USD,,14773463.0,9986382.0,51411652.0
GGROW,Gogoro Inc.,Taiwan,NCM,USD,,,9986382.0,
NTWK,"NetSol Technologies, Inc.",,,,,11796775.0,9994582.0,36334068.0
