symbol,headline,summary,source,url,published_at,is_catalyst,name,country,exchange,currency,ipo,share_outstanding,float_shares,market_cap
GRAL,GRAIL: Making Strides In Cancer Detection,"GRAIL, Inc. has reported positive test results for the Galleri cancer screening blood test.",Finnhub,https://finnhub.io/api/news?id=66152e5fcc366aa2fdeff115166017bd5a5e2c02ba8219326b17c98a39a34980,2025-12-27T05:12:14,0,"GRAIL, Inc.",United States,NMS,USD,,38982223.0,32893590.0,3570381824.0
CVI,"FOMC Minutes, Jobless Claims Report In Focus As 2025 Winds Down","Stay ahead with Wall Street Week Aheadâget key market events, upcoming earnings, economic data releases, and stock insights for the week.",Finnhub,https://finnhub.io/api/news?id=e6ea60a77188b88a0825deddd75c9440618cc5f4d27aae2368aae0b91f8ab2b8,2025-12-27T03:00:00,0,"CVR Energy, Inc.",US,"NEW YORK STOCK EXCHANGE, INC.",USD,2007-10-23,100530599.0,30103888.0,2615806208.0
LFCR,"FOMC Minutes, Jobless Claims Report In Focus As 2025 Winds Down","Stay ahead with Wall Street Week Aheadâget key market events, upcoming earnings, economic data releases, and stock insights for the week.",Finnhub,https://finnhub.io/api/news?id=e6ea60a77188b88a0825deddd75c9440618cc5f4d27aae2368aae0b91f8ab2b8,2025-12-27T03:00:00,0,"Lifecore Biomedical, Inc.",United States,NMS,USD,,37466352.0,19780933.0,310970720.0
HYMC,"FOMC Minutes, Jobless Claims Report In Focus As 2025 Winds Down","Stay ahead with Wall Street Week Aheadâget key market events, upcoming earnings, economic data releases, and stock insights for the week.",Finnhub,https://finnhub.io/api/news?id=e6ea60a77188b88a0825deddd75c9440618cc5f4d27aae2368aae0b91f8ab2b8,2025-12-27T03:00:00,0,Hycroft Mining Holding Corporation,United States,NCM,USD,,81283600.0,22818589.0,2032902912.0
JVA,"FOMC Minutes, Jobless Claims Report In Focus As 2025 Winds Down","Stay ahead with Wall Street Week Aheadâget key market events, upcoming earnings, economic data releases, and stock insights for the week.",Finnhub,https://finnhub.io/api/news?id=e6ea60a77188b88a0825deddd75c9440618cc5f4d27aae2368aae0b91f8ab2b8,2025-12-27T03:00:00,0,"Coffee Holding Co., Inc.",United States,NCM,USD,,5708599.0,4601702.0,23519432.0
PKE,"FOMC Minutes, Jobless Claims Report In Focus As 2025 Winds Down","Stay ahead with Wall Street Week Aheadâget key market events, upcoming earnings, economic data releases, and stock insights for the week.",Finnhub,https://finnhub.io/api/news?id=e6ea60a77188b88a0825deddd75c9440618cc5f4d27aae2368aae0b91f8ab2b8,2025-12-27T03:00:00,0,Park Aerospace Corp.,United States,NYQ,USD,,19905823.0,17990286.0,425387488.0
TAYD,"FOMC Minutes, Jobless Claims Report In Focus As 2025 Winds Down","Stay ahead with Wall Street Week Aheadâget key market events, upcoming earnings, economic data releases, and stock insights for the week.",Finnhub,https://finnhub.io/api/news?id=e6ea60a77188b88a0825deddd75c9440618cc5f4d27aae2368aae0b91f8ab2b8,2025-12-27T03:00:00,0,"Taylor Devices, Inc.",United States,NCM,USD,,3147497.0,3065819.0,193130416.0
TTSH,"FOMC Minutes, Jobless Claims Report In Focus As 2025 Winds Down","Stay ahead with Wall Street Week Aheadâget key market events, upcoming earnings, economic data releases, and stock insights for the week.",Finnhub,https://finnhub.io/api/news?id=e6ea60a77188b88a0825deddd75c9440618cc5f4d27aae2368aae0b91f8ab2b8,2025-12-27T03:00:00,0,"Tile Shop Holdings, Inc.",United States,NCM,USD,,44715001.0,4393.0,164722080.0
HURC,"FOMC Minutes, Jobless Claims Report In Focus As 2025 Winds Down","Stay ahead with Wall Street Week Aheadâget key market events, upcoming earnings, economic data releases, and stock insights for the week.",Finnhub,https://finnhub.io/api/news?id=e6ea60a77188b88a0825deddd75c9440618cc5f4d27aae2368aae0b91f8ab2b8,2025-12-27T03:00:00,0,"Hurco Companies, Inc.",United States,NMS,USD,,6402396.0,5319745.0,98084704.0
GSL,17 Ideal 'Safer' Dividend Buys From 30 Of 73 November Graham Value All-Stars (GVAS),Discover top GASV stocks for 2024-2026 with up to 50.81% gains and high yields. Learn which value picks offer stable dividends.,Finnhub,https://finnhub.io/api/news?id=42a21b2ac34f3fd5ff86933f0c768ae0ecbde98ef59008c6dc66daa6aaf1e92b,2025-12-27T00:33:06,0,"Global Ship Lease, Inc.",Greece,NYQ,USD,,35770652.0,32513734.0,1238737664.0
WLKP,17 Ideal 'Safer' Dividend Buys From 30 Of 73 November Graham Value All-Stars (GVAS),Discover top GASV stocks for 2024-2026 with up to 50.81% gains and high yields. Learn which value picks offer stable dividends.,Finnhub,https://finnhub.io/api/news?id=42a21b2ac34f3fd5ff86933f0c768ae0ecbde98ef59008c6dc66daa6aaf1e92b,2025-12-27T00:33:06,0,Westlake Chemical Partners LP,,,,,35245879.0,19260463.0,657688128.0
EBF,17 Ideal 'Safer' Dividend Buys From 30 Of 73 November Graham Value All-Stars (GVAS),Discover top GASV stocks for 2024-2026 with up to 50.81% gains and high yields. Learn which value picks offer stable dividends.,Finnhub,https://finnhub.io/api/news?id=42a21b2ac34f3fd5ff86933f0c768ae0ecbde98ef59008c6dc66daa6aaf1e92b,2025-12-27T00:33:06,0,"Ennis, Inc.",United States,NYQ,USD,,25629751.0,22970011.0,471043648.0
HAFN,17 Ideal 'Safer' Dividend Buys From 30 Of 73 November Graham Value All-Stars (GVAS),Discover top GASV stocks for 2024-2026 with up to 50.81% gains and high yields. Learn which value picks offer stable dividends.,Finnhub,https://finnhub.io/api/news?id=42a21b2ac34f3fd5ff86933f0c768ae0ecbde98ef59008c6dc66daa6aaf1e92b,2025-12-27T00:33:06,0,Hafnia Limited,Singapore,NYQ,USD,,497989642.0,9232413.0,2692179200.0
GAM,10 Best CEFs This Month: Average Yield Of 9.25% (December 2025),"Discover Juneâs top 10 closed-end funds for income, yielding 9.25% on average with sector diversification and NAV discounts. Click for the picks!",Finnhub,https://finnhub.io/api/news?id=220bae680b72a9c2a7ef391f8fd98b965e6310577607ee845cd2f1851747b208,2025-12-27T00:00:00,0,"General American Investors Company, Inc.",United States,NYQ,USD,,23279512.0,20405423.0,1377798528.0
SMC,Hess Midstream: No Adjusted EBITDA Growth,"Hess Midstream faces flat 2026 EBITDA, Chevron cuts boosting cash flow, single customer risk, limited upside, and downside risk. Read why HESS stock is a sell.",Finnhub,https://finnhub.io/api/news?id=f123def3180e8506e694640704eebb5c3c862b2006265e13ca508e75252d1821,2025-12-26T23:38:57,0,Summit Midstream Corporation,United States,NYQ,USD,,12261954.0,2639753.0,328497760.0
AWR,American States Water: Now Is The Time To Buy America's Longest-Reigning Dividend Grower,"American States Water has a historic dividend growth streak, a mid-single-digit EPS growth outlook, and trades 16% below fair value. Read why AWR stock is a buy.",Finnhub,https://finnhub.io/api/news?id=45da2b58731e207a3ccf3c686762f3193b062c9adbdcd8d05c975d5544299fea,2025-12-26T23:30:00,0,American States Water Company,United States,NYQ,USD,,38714426.0,38332315.0,2827701504.0
WSO,These Are Some Of My Favorite Investment Picks For 2026,Explore why selective stock picking may outperform broad market exposure amid high valuations and AI-driven earnings forecasts.,Finnhub,https://finnhub.io/api/news?id=6b7b45c2e0df9ffc602c33efccd5a8c715e32614e6df90034ff76b677c4d9f7a,2025-12-26T23:30:00,0,"Watsco, Inc.",,,,,34923800.0,32911048.0,14156713984.0
CSL,These Are Some Of My Favorite Investment Picks For 2026,Explore why selective stock picking may outperform broad market exposure amid high valuations and AI-driven earnings forecasts.,Finnhub,https://finnhub.io/api/news?id=6b7b45c2e0df9ffc602c33efccd5a8c715e32614e6df90034ff76b677c4d9f7a,2025-12-26T23:30:00,0,Carlisle Companies Incorporated,United States,NYQ,USD,,41785774.0,41178458.0,14121423872.0
LB,These Are Some Of My Favorite Investment Picks For 2026,Explore why selective stock picking may outperform broad market exposure amid high valuations and AI-driven earnings forecasts.,Finnhub,https://finnhub.io/api/news?id=6b7b45c2e0df9ffc602c33efccd5a8c715e32614e6df90034ff76b677c4d9f7a,2025-12-26T23:30:00,0,LandBridge Company LLC,United States,NYQ,USD,,27838199.0,25195292.0,4135450112.0
SAIA,These Are Some Of My Favorite Investment Picks For 2026,Explore why selective stock picking may outperform broad market exposure amid high valuations and AI-driven earnings forecasts.,Finnhub,https://finnhub.io/api/news?id=6b7b45c2e0df9ffc602c33efccd5a8c715e32614e6df90034ff76b677c4d9f7a,2025-12-26T23:30:00,0,"Saia, Inc.",United States,NMS,USD,,26642641.0,25095340.0,8819246080.0
TLN,"NXG: Infrastructure Income, Beware The Premium","NextGen Infrastructure Income Fund surged, moved from discount to premium, fits bullish infrastructure view, NAV gains, RoC dividends. Read why NXG CEF is a buy.",Finnhub,https://finnhub.io/api/news?id=102ebd6b089b0b19f248d87f0b867938a722da70c92fdd4402822186c68cb26a,2025-12-26T21:32:16,0,Talen Energy Corporation,United States,NMS,USD,,45687828.0,38849274.0,17567883264.0
HNI,HNI Corporation: Execution And Acquisitions In A Choppy Demand Environment,"HNI Corporation saw office furnishings growth, housing softness, Steelcase synergies by 2027, and strong cash flow. Read why HNI stock is a hold.",Finnhub,https://finnhub.io/api/news?id=f937983378c8e7ae54c0215d862f8cf64d4a02cc344a172be6a8a4c5467783de,2025-12-26T20:13:14,1,HNI Corporation,United States,NYQ,USD,,45843684.0,44855972.0,1940563200.0
MPWR,"Dividend Champion, Contender, And Challenger Highlights: Week Of December 28",,Finnhub,https://finnhub.io/api/news?id=d4724f0fa303d96a75b34c3a6c40f48d4c52d155ed6ff3969dd66b9b7071e8e9,2025-12-26T15:16:10,0,"Monolithic Power Systems, Inc.",United States,NMS,USD,,47907000.0,46041501.0,45335351296.0
CFFI,"Dividend Champion, Contender, And Challenger Highlights: Week Of December 28",,Finnhub,https://finnhub.io/api/news?id=d4724f0fa303d96a75b34c3a6c40f48d4c52d155ed6ff3969dd66b9b7071e8e9,2025-12-26T15:16:10,0,C&F Financial Corporation,United States,NMS,USD,,3238232.0,3017320.0,230567024.0
CTBI,"Dividend Champion, Contender, And Challenger Highlights: Week Of December 28",,Finnhub,https://finnhub.io/api/news?id=d4724f0fa303d96a75b34c3a6c40f48d4c52d155ed6ff3969dd66b9b7071e8e9,2025-12-26T15:16:10,0,"Community Trust Bancorp, Inc.",United States,NMS,USD,,18115847.0,15502998.0,1046552576.0
EFSC,"Dividend Champion, Contender, And Challenger Highlights: Week Of December 28",,Finnhub,https://finnhub.io/api/news?id=d4724f0fa303d96a75b34c3a6c40f48d4c52d155ed6ff3969dd66b9b7071e8e9,2025-12-26T15:16:10,0,Enterprise Financial Services Corp,United States,NMS,USD,,37010909.0,35915756.0,2052624896.0
FISI,"Dividend Champion, Contender, And Challenger Highlights: Week Of December 28",,Finnhub,https://finnhub.io/api/news?id=d4724f0fa303d96a75b34c3a6c40f48d4c52d155ed6ff3969dd66b9b7071e8e9,2025-12-26T15:16:10,0,"Financial Institutions, Inc.",United States,NMS,USD,,20130546.0,17824391.0,643976192.0
GATX,"Dividend Champion, Contender, And Challenger Highlights: Week Of December 28",,Finnhub,https://finnhub.io/api/news?id=d4724f0fa303d96a75b34c3a6c40f48d4c52d155ed6ff3969dd66b9b7071e8e9,2025-12-26T15:16:10,0,GATX Corporation,United States,NYQ,USD,,35678804.0,35475792.0,6179926016.0
HMN,"Dividend Champion, Contender, And Challenger Highlights: Week Of December 28",,Finnhub,https://finnhub.io/api/news?id=d4724f0fa303d96a75b34c3a6c40f48d4c52d155ed6ff3969dd66b9b7071e8e9,2025-12-26T15:16:10,0,Horace Mann Educators Corporation,United States,NYQ,USD,,40684968.0,40440044.0,1891851008.0
ISTR,"Dividend Champion, Contender, And Challenger Highlights: Week Of December 28",,Finnhub,https://finnhub.io/api/news?id=d4724f0fa303d96a75b34c3a6c40f48d4c52d155ed6ff3969dd66b9b7071e8e9,2025-12-26T15:16:10,0,Investar Holding Corporation,United States,NGM,USD,,9810435.0,9139990.0,267951856.0
LII,"Dividend Champion, Contender, And Challenger Highlights: Week Of December 28",,Finnhub,https://finnhub.io/api/news?id=d4724f0fa303d96a75b34c3a6c40f48d4c52d155ed6ff3969dd66b9b7071e8e9,2025-12-26T15:16:10,0,Lennox International Inc.,United States,NYQ,USD,,35072782.0,31746479.0,17497511936.0
MBIN,"Dividend Champion, Contender, And Challenger Highlights: Week Of December 28",,Finnhub,https://finnhub.io/api/news?id=d4724f0fa303d96a75b34c3a6c40f48d4c52d155ed6ff3969dd66b9b7071e8e9,2025-12-26T15:16:10,0,Merchants Bancorp,United States,NCM,USD,,45889238.0,29282382.0,1547385216.0
NDSN,"Dividend Champion, Contender, And Challenger Highlights: Week Of December 28",,Finnhub,https://finnhub.io/api/news?id=d4724f0fa303d96a75b34c3a6c40f48d4c52d155ed6ff3969dd66b9b7071e8e9,2025-12-26T15:16:10,0,Nordson Corporation,United States,NMS,USD,,55823516.0,49763315.0,13620379648.0
SWBI,"Dividend Champion, Contender, And Challenger Highlights: Week Of December 28",,Finnhub,https://finnhub.io/api/news?id=d4724f0fa303d96a75b34c3a6c40f48d4c52d155ed6ff3969dd66b9b7071e8e9,2025-12-26T15:16:10,0,"Smith & Wesson Brands, Inc.",United States,NMS,USD,,44493745.0,41395646.0,444492480.0
SYBT,"Dividend Champion, Contender, And Challenger Highlights: Week Of December 28",,Finnhub,https://finnhub.io/api/news?id=d4724f0fa303d96a75b34c3a6c40f48d4c52d155ed6ff3969dd66b9b7071e8e9,2025-12-26T15:16:10,0,"Stock Yards Bancorp, Inc.",United States,NMS,USD,,29473458.0,26400555.0,1965290240.0
UHT,"Dividend Champion, Contender, And Challenger Highlights: Week Of December 28",,Finnhub,https://finnhub.io/api/news?id=d4724f0fa303d96a75b34c3a6c40f48d4c52d155ed6ff3969dd66b9b7071e8e9,2025-12-26T15:16:10,0,Universal Health Realty Income Trust,United States,NYQ,USD,,13873618.0,12759983.0,545669568.0
AGM,"Dividend Champion, Contender, And Challenger Highlights: Week Of December 28",,Finnhub,https://finnhub.io/api/news?id=d4724f0fa303d96a75b34c3a6c40f48d4c52d155ed6ff3969dd66b9b7071e8e9,2025-12-26T15:16:10,0,Federal Agricultural Mortgage Corporation,,,,,9373642.0,10276829.0,1936569728.0
CSR,"Dividend Champion, Contender, And Challenger Highlights: Week Of December 28",,Finnhub,https://finnhub.io/api/news?id=d4724f0fa303d96a75b34c3a6c40f48d4c52d155ed6ff3969dd66b9b7071e8e9,2025-12-26T15:16:10,0,Centerspace,United States,NYQ,USD,,16703468.0,16611933.0,1191276416.0
LAND,"Dividend Champion, Contender, And Challenger Highlights: Week Of December 28",,Finnhub,https://finnhub.io/api/news?id=d4724f0fa303d96a75b34c3a6c40f48d4c52d155ed6ff3969dd66b9b7071e8e9,2025-12-26T15:16:10,0,Gladstone Land Corporation,United States,NGM,USD,,37266833.0,34725608.0,328320800.0
NXRT,"Dividend Champion, Contender, And Challenger Highlights: Week Of December 28",,Finnhub,https://finnhub.io/api/news?id=d4724f0fa303d96a75b34c3a6c40f48d4c52d155ed6ff3969dd66b9b7071e8e9,2025-12-26T15:16:10,0,"NexPoint Residential Trust, Inc.",United States,NYQ,USD,,25364470.0,22027013.0,1488564352.0
RICK,"Dividend Champion, Contender, And Challenger Highlights: Week Of December 28",,Finnhub,https://finnhub.io/api/news?id=d4724f0fa303d96a75b34c3a6c40f48d4c52d155ed6ff3969dd66b9b7071e8e9,2025-12-26T15:16:10,0,"RCI Hospitality Holdings, Inc.",United States,NGM,USD,,8684061.0,7161330.0,203361152.0
SSD,"Dividend Champion, Contender, And Challenger Highlights: Week Of December 28",,Finnhub,https://finnhub.io/api/news?id=d4724f0fa303d96a75b34c3a6c40f48d4c52d155ed6ff3969dd66b9b7071e8e9,2025-12-26T15:16:10,0,"Simpson Manufacturing Co., Inc.",United States,NYQ,USD,,41459275.0,41310851.0,6957579776.0
STC,"Dividend Champion, Contender, And Challenger Highlights: Week Of December 28",,Finnhub,https://finnhub.io/api/news?id=d4724f0fa303d96a75b34c3a6c40f48d4c52d155ed6ff3969dd66b9b7071e8e9,2025-12-26T15:16:10,0,Stewart Information Services Corporation,United States,NYQ,USD,,30209203.0,27497628.0,2147270272.0
BANF,"Dividend Champion, Contender, And Challenger Highlights: Week Of December 28",,Finnhub,https://finnhub.io/api/news?id=d4724f0fa303d96a75b34c3a6c40f48d4c52d155ed6ff3969dd66b9b7071e8e9,2025-12-26T15:16:10,0,BancFirst Corporation,United States,NMS,USD,,33334172.0,22691238.0,3657758720.0
COFS,"Dividend Champion, Contender, And Challenger Highlights: Week Of December 28",,Finnhub,https://finnhub.io/api/news?id=d4724f0fa303d96a75b34c3a6c40f48d4c52d155ed6ff3969dd66b9b7071e8e9,2025-12-26T15:16:10,0,"ChoiceOne Financial Services, Inc.",United States,NCM,USD,,15023732.0,12690246.0,452514816.0
CPK,"Dividend Champion, Contender, And Challenger Highlights: Week Of December 28",,Finnhub,https://finnhub.io/api/news?id=d4724f0fa303d96a75b34c3a6c40f48d4c52d155ed6ff3969dd66b9b7071e8e9,2025-12-26T15:16:10,0,Chesapeake Utilities Corporation,United States,NYQ,USD,,23650684.0,23390999.0,2978094080.0
IIPR,"Dividend Champion, Contender, And Challenger Highlights: Week Of December 28",,Finnhub,https://finnhub.io/api/news?id=d4724f0fa303d96a75b34c3a6c40f48d4c52d155ed6ff3969dd66b9b7071e8e9,2025-12-26T15:16:10,0,"Innovative Industrial Properties, Inc.",,,,,28022975.0,27564239.0,1425809024.0
MORN,"Dividend Champion, Contender, And Challenger Highlights: Week Of December 28",,Finnhub,https://finnhub.io/api/news?id=d4724f0fa303d96a75b34c3a6c40f48d4c52d155ed6ff3969dd66b9b7071e8e9,2025-12-26T15:16:10,0,"Morningstar, Inc.",US,NASDAQ NMS - GLOBAL MARKET,USD,2005-05-03,41129198.0,20643567.0,9239454720.0
NEU,"Dividend Champion, Contender, And Challenger Highlights: Week Of December 28",,Finnhub,https://finnhub.io/api/news?id=d4724f0fa303d96a75b34c3a6c40f48d4c52d155ed6ff3969dd66b9b7071e8e9,2025-12-26T15:16:10,0,NewMarket Corporation,United States,NYQ,USD,,9397122.0,7831561.0,6663875072.0
WLY,"Dividend Champion, Contender, And Challenger Highlights: Week Of December 28",,Finnhub,https://finnhub.io/api/news?id=d4724f0fa303d96a75b34c3a6c40f48d4c52d155ed6ff3969dd66b9b7071e8e9,2025-12-26T15:16:10,0,"John Wiley & Sons, Inc.",,,,,43792357.0,39549666.0,1636142720.0
YORW,"Dividend Champion, Contender, And Challenger Highlights: Week Of December 28",,Finnhub,https://finnhub.io/api/news?id=d4724f0fa303d96a75b34c3a6c40f48d4c52d155ed6ff3969dd66b9b7071e8e9,2025-12-26T15:16:10,0,The York Water Company,United States,NMS,USD,,14434680.0,13502200.0,468260992.0
PINE,"Dividend Champion, Contender, And Challenger Highlights: Week Of December 28",,Finnhub,https://finnhub.io/api/news?id=d4724f0fa303d96a75b34c3a6c40f48d4c52d155ed6ff3969dd66b9b7071e8e9,2025-12-26T15:16:10,0,"Alpine Income Property Trust, Inc.",United States,NYQ,USD,,14164662.0,12777800.0,253141104.0
DDS,"Dividend Champion, Contender, And Challenger Highlights: Week Of December 28",,Finnhub,https://finnhub.io/api/news?id=d4724f0fa303d96a75b34c3a6c40f48d4c52d155ed6ff3969dd66b9b7071e8e9,2025-12-26T15:16:10,0,"Dillard's, Inc.",United States,NYQ,USD,,11626733.0,7316704.0,9837417472.0
FSFG,"Dividend Champion, Contender, And Challenger Highlights: Week Of December 28",,Finnhub,https://finnhub.io/api/news?id=d4724f0fa303d96a75b34c3a6c40f48d4c52d155ed6ff3969dd66b9b7071e8e9,2025-12-26T15:16:10,0,"First Savings Financial Group, Inc.",United States,NCM,USD,,7015080.0,5410487.0,228411008.0
FSV,"Dividend Champion, Contender, And Challenger Highlights: Week Of December 28",,Finnhub,https://finnhub.io/api/news?id=d4724f0fa303d96a75b34c3a6c40f48d4c52d155ed6ff3969dd66b9b7071e8e9,2025-12-26T15:16:10,0,FirstService Corporation,Canada,NMS,USD,,45712236.0,41752185.0,7176770560.0
GWRS,"Dividend Champion, Contender, And Challenger Highlights: Week Of December 28",,Finnhub,https://finnhub.io/api/news?id=d4724f0fa303d96a75b34c3a6c40f48d4c52d155ed6ff3969dd66b9b7071e8e9,2025-12-26T15:16:10,0,"Global Water Resources, Inc.",United States,NGM,USD,,28750265.0,13624751.0,246102272.0
HWBK,"Dividend Champion, Contender, And Challenger Highlights: Week Of December 28",,Finnhub,https://finnhub.io/api/news?id=d4724f0fa303d96a75b34c3a6c40f48d4c52d155ed6ff3969dd66b9b7071e8e9,2025-12-26T15:16:10,0,"Hawthorn Bancshares, Inc.",United States,NMS,USD,,6897646.0,5676280.0,222441248.0
UTMD,"Dividend Champion, Contender, And Challenger Highlights: Week Of December 28",,Finnhub,https://finnhub.io/api/news?id=d4724f0fa303d96a75b34c3a6c40f48d4c52d155ed6ff3969dd66b9b7071e8e9,2025-12-26T15:16:10,0,"Utah Medical Products, Inc.",United States,NMS,USD,,3203672.0,2774156.0,181924784.0
ANGI,Angi: Great Value Amid Business Transition,"Discover why Angi (ANGI) is rated a buy for its undervalued growth, rising profitability, and strategic transformation.",Finnhub,https://finnhub.io/api/news?id=97ca83a6f6d7762ca67f7018f7b7015a9deeabc9c8bb0fed45185e42d9d181c6,2025-12-26T14:55:41,0,Angi Inc.,United States,NMS,USD,,43150575.0,35527594.0,561371776.0
APOG,"Chevron, Kimberly-Clark Among 16 Companies To Kick Off 2026 With Annual Dividend Increases In January",,Finnhub,https://finnhub.io/api/news?id=20b9385ce291b3e51c0db6b6bdcae3f5ba04d18b5ed06ab231b7a60eee1917d2,2025-12-26T14:35:47,0,"Apogee Enterprises, Inc.",US,NASDAQ NMS - GLOBAL MARKET,USD,1971-07-01,21510930.0,20965198.0,817262464.0
FELE,"Chevron, Kimberly-Clark Among 16 Companies To Kick Off 2026 With Annual Dividend Increases In January",,Finnhub,https://finnhub.io/api/news?id=20b9385ce291b3e51c0db6b6bdcae3f5ba04d18b5ed06ab231b7a60eee1917d2,2025-12-26T14:35:47,0,"Franklin Electric Co., Inc.",United States,NMS,USD,,44510381.0,38227296.0,4415874560.0
BCPC,"Chevron, Kimberly-Clark Among 16 Companies To Kick Off 2026 With Annual Dividend Increases In January",,Finnhub,https://finnhub.io/api/news?id=20b9385ce291b3e51c0db6b6bdcae3f5ba04d18b5ed06ab231b7a60eee1917d2,2025-12-26T14:35:47,0,Balchem Corporation,United States,NMS,USD,,32386260.0,32227243.0,5110394880.0
ERIE,"Chevron, Kimberly-Clark Among 16 Companies To Kick Off 2026 With Annual Dividend Increases In January",,Finnhub,https://finnhub.io/api/news?id=20b9385ce291b3e51c0db6b6bdcae3f5ba04d18b5ed06ab231b7a60eee1917d2,2025-12-26T14:35:47,0,Erie Indemnity Company,United States,NMS,USD,,46189068.0,25131033.0,14766658560.0
APVO,Sector Update: Health Care Stocks Edge Higher Late Afternoon,Health care stocks were edging up late Friday afternoon with the NYSE Health Care Index and the Stat,Finnhub,https://finnhub.io/api/news?id=1952286a7dc717030a5784e26245321f1382cf8ad6b92234fabf926288d23f78,2025-12-26T13:06:46,0,Aptevo Therapeutics Inc.,United States,NCM,USD,,16850494.0,16837014.0,10229935.0
MELI,"MercadoLibre: Even If Growth Is Cooling Down, It's My Top Pick Right Now","Discover why MercadoLibre is a Buy for 2024: strong growth, integrated LATAM presence, and 24% upside despite competition. Click here to read my analysis.",Finnhub,https://finnhub.io/api/news?id=ba1ffefb7d83a324cf4d57555e0e2889349d9b9511f290928e0fe5106fb0c678,2025-12-26T09:55:57,0,"MercadoLibre, Inc.",Uruguay,NMS,USD,,50697182.0,47022143.0,101683847168.0
CWBC,3 Stocks Estimated To Be Undervalued In December 2025,"As we approach the end of 2025, the U.S. stock market is experiencing a period of notable strength, with major indices like the S&P 500 reaching fresh all-time highs amid a backdrop of rising precious metal prices and stable Treasury yields. In this environment, identifying undervalued stocks becomes crucial for investors looking to capitalize on opportunities that may not be immediately apparent in a thriving market.",Finnhub,https://finnhub.io/api/news?id=549a140c7e6a2871980ca7db1c285e2c2bc4f79f84ebdd6f92e39a28d13a6efa,2025-12-26T09:38:17,0,Community West Bancshares,United States,NCM,USD,,19160403.0,15348966.0,434749568.0
MIDD,Here's Why You Should Consider Investing in Middleby Stock Now,"MIDD rides Food Processing momentum, accretive deals and hefty buybacks as shares jump 35% YTD, far outpacing industry gains on strong global demand.",Finnhub,https://finnhub.io/api/news?id=a789fd06dc7c36385a30be24736d5cdd6fbd26d744a84bd1aba6faa5c65b6565,2025-12-26T09:06:00,0,The Middleby Corporation,United States,NMS,USD,,50371250.0,38855879.0,7658615296.0
CR,Here's Why You Should Consider Investing in Middleby Stock Now,"MIDD rides Food Processing momentum, accretive deals and hefty buybacks as shares jump 35% YTD, far outpacing industry gains on strong global demand.",Finnhub,https://finnhub.io/api/news?id=a789fd06dc7c36385a30be24736d5cdd6fbd26d744a84bd1aba6faa5c65b6565,2025-12-26T09:06:00,0,Crane Company,United States,NYQ,USD,,57596887.0,48830641.0,10816695296.0
ENGN,enGene Holdings: A Potential Oncology Entrant,"enGene Holdings Inc. rises on 62% CR rate in Phase 2 NMIBC trial. Click to learn about ENGN and its gene delivery tech, market position, and investment insights.",Finnhub,https://finnhub.io/api/news?id=d3d9dfdf4f23143622e156f782cfb578fc23d148b8bf148f9866a20b5008ddef,2025-12-26T08:00:35,1,enGene Holdings Inc.,Canada,NCM,USD,,66984661.0,32831192.0,636354240.0
URGN,enGene Holdings: A Potential Oncology Entrant,"enGene Holdings Inc. rises on 62% CR rate in Phase 2 NMIBC trial. Click to learn about ENGN and its gene delivery tech, market position, and investment insights.",Finnhub,https://finnhub.io/api/news?id=d3d9dfdf4f23143622e156f782cfb578fc23d148b8bf148f9866a20b5008ddef,2025-12-26T08:00:35,1,UroGen Pharma Ltd.,United States,NGM,USD,,46808892.0,37059068.0,1078008832.0
MASI,Apple Stock Ticks Up After a Surprise From China—and a Legal Win,"China’s imports of foreign-branded mobile phones, including Apple’s iPhone, rose 128% in November from a year earlier.",Finnhub,https://finnhub.io/api/news?id=67460b79d0c591251a8c9ff0da475113165d268e2c19c250d9e664fb2a99532c,2025-12-26T07:58:00,0,Masimo Corporation,,,,,53713949.0,46018889.0,7131063296.0
CACI,CACI International: An Impressive M&A Player,"Explore CACI International Incâs growth, recent ARKA acquisition impact, and investment outlook. Click to learn if CACI stock is a Buy or watch.",Finnhub,https://finnhub.io/api/news?id=70d28d30fba6709085a64e9b9340b6caa8dd3ebafb0a252eb5a117365f4bd864,2025-12-26T07:45:30,1,CACI International Inc,United States,NYQ,USD,,22079710.0,21789362.0,11966539776.0
ALRS,Optimism Is Muted For Alerus Financial Corporation,"Discover why Alerus Financial (ALRS) leads quant rankings with strong growth, asset gains, and 28 years of rising dividends.",Finnhub,https://finnhub.io/api/news?id=6c3b10fb15bb14082fbba7dcd18d5621a9593d454ace41f2bd49bb41ac3cc7c2,2025-12-26T07:33:16,0,Alerus Financial Corporation,United States,NCM,USD,,25397303.0,23429520.0,552645312.0
CHA,Why Chagee's Q3 Earnings Didn't Change My Mind,"Chagee Holdings Limited is rated a Sell due to declining revenue, compressed margins, and weakening unit economics. Lear more about CHA stock here.",Finnhub,https://finnhub.io/api/news?id=bbd3e9377e3dd7660e426e7b29f19d0ffc48c15575e37fe72a3e971128f2e6bb,2025-12-26T07:32:04,0,Chagee Holdings Limited,,,,,120478383.0,28756586.0,2210454528.0
WOK,BC-Most Active Stocks,"YY Group Holdings Ltd. 45,999,120 0.2354",Finnhub,https://finnhub.io/api/news?id=1a92408d241e18375eb78b69af747e305f4aa4c88f8b7a7ed86fa861bfa843ba,2025-12-26T07:30:16,0,WORK Medical Technology Group LTD,China,NCM,USD,,960012.0,128312.0,30576.0
LOCO,Is El Pollo Loco (LOCO) Stock Undervalued Right Now?,"Here at Zacks, our focus is on the proven Zacks Rank system, which emphasizes earnings estimates and estimate revisions to find great stocks. Nevertheless, we are always paying attention to the latest value, growth, and momentum trends to underscore strong picks.",Finnhub,https://finnhub.io/api/news?id=01b64a29a7e082d94aaa6ffc99bed79590e1aeaf0a6bad5d260647a932061d86,2025-12-26T06:40:04,0,"El Pollo Loco Holdings, Inc.",United States,NMS,USD,,29954935.0,23097352.0,326050560.0
PPC,Should Value Investors Buy Pilgrim's Pride (PPC) Stock?,"Here at Zacks, our focus is on the proven Zacks Rank system, which emphasizes earnings estimates and estimate revisions to find great stocks. Nevertheless, we are always paying attention to the latest value, growth, and momentum trends to underscore strong picks.",Finnhub,https://finnhub.io/api/news?id=7c0bcb0e71d14e6648dab06640b1fdeb11ed7ee3db59094c5617bfe77823c39d,2025-12-26T06:40:03,0,Pilgrim's Pride Corporation,United States,NMS,USD,,237547447.0,41898619.0,9459139584.0
AMG,Why This 1 Value Stock Could Be a Great Addition to Your Portfolio,"Wondering how to pick strong, market-beating stocks for your investment portfolio? Look no further than the Zacks Style Scores.",Finnhub,https://finnhub.io/api/news?id=fea592ccec9a3e014b51f2097f69aaea6673e41beb498b30bbb9f8af896b7c12,2025-12-26T06:40:03,0,"Affiliated Managers Group, Inc.",United States,NYQ,USD,,28128908.0,27006565.0,8411959808.0
ULTA,Is Ulta (ULTA) a Buy as Wall Street Analysts Look Optimistic?,"According to the average brokerage recommendation (ABR), one should invest in Ulta (ULTA). It is debatable whether this highly sought-after metric is effective because Wall Street analysts' recommendations tend to be overly optimistic. Would it be worth investing in the stock?",Finnhub,https://finnhub.io/api/news?id=f08845853b4ae66338f498ee8b2fdab45f3778e5fbd0b6678010eb8b8e681efc,2025-12-26T06:30:03,0,"Ulta Beauty, Inc.",US,NASDAQ NMS - GLOBAL MARKET,USD,2007-10-25,44362172.0,44189603.0,27240204288.0
SKYT,Is SkyWater Technology (SKYT) a Buy as Wall Street Analysts Look Optimistic?,"The average brokerage recommendation (ABR) for SkyWater Technology (SKYT) is equivalent to a Buy. The overly optimistic recommendations of Wall Street analysts make the effectiveness of this highly sought-after metric questionable. So, is it worth buying the stock?",Finnhub,https://finnhub.io/api/news?id=87f9372856704417502fa4be58e206cfc42edb4864c270c01e6f882992f12f5d,2025-12-26T06:30:03,0,"SkyWater Technology, Inc.",United States,NCM,USD,,48508000.0,35024716.0,881875456.0
HII,New to Investing? This 1 Aerospace Stock Could Be the Perfect Starting Point,"Wondering how to pick strong, market-beating stocks for your investment portfolio? Look no further than the Zacks Focus List.",Finnhub,https://finnhub.io/api/news?id=14341b9d8a6fd1f749c1accd3b3f939b7bf388afe070cff5da10cc3fa11d7426,2025-12-26T06:30:01,0,"Huntington Ingalls Industries, Inc.",US,"NEW YORK STOCK EXCHANGE, INC.",USD,2011-03-19,39241434.0,38987542.0,13778844672.0
LAD,Can Carvana Stock Extend Its Strong 2025 Rally Into 2026?,"CVNA shares have surged 117% YTD. Freshly added to the S&P 500, the company appears well-positioned to sustain its rally into 2026.",Finnhub,https://finnhub.io/api/news?id=ff58ec8f7c6fef0826f0a0776febb8ab3bc805a4cc9d949e58ad85e67cf7a30b,2025-12-26T06:16:00,0,"Lithia Motors, Inc.",US,"NEW YORK STOCK EXCHANGE, INC.",USD,1996-12-18,24250030.0,21397984.0,8351952896.0
RL,Can RL's Next Great Chapter Strategy and Digital Push Sustain Growth?,"Ralph Lauren's digital push is paying off as personalization, omnichannel and Asia growth lift sales and fuel its Next Great Chapter strategy.",Finnhub,https://finnhub.io/api/news?id=f507f2768b7936bc789ddc45d8df31c84c666b628fa17e83fa8c42e9bdb73da5,2025-12-26T06:14:00,0,Ralph Lauren Corporation,United States,NYQ,USD,,38759382.0,38077482.0,21716025344.0
EME,Is Quanta the Biggest Winner From Data Center Power Demand?,"Is PWR the biggest beneficiary of surging data center power demand as utilities, grid infrastructure and storage build ramps?",Finnhub,https://finnhub.io/api/news?id=296f3e08fd48df6f163a1225c9aa2e3c02e44dd99366e32d753264f803628930,2025-12-26T06:11:00,0,"EMCOR Group, Inc.",United States,NYQ,USD,,44765864.0,44154362.0,28072226816.0
AMG,2 Asset Management Stocks to Watch as They Hit New 52-Week Highs,"AMG and FHI hit new 52-week highs as investor optimism grows on strong earnings, AUM gains and strategy shifts.",Finnhub,https://finnhub.io/api/news?id=c2203d2f556ded9a225b2c66b1430ac9d520080bda882872169c5d0f3d97b434,2025-12-26T06:10:00,0,"Affiliated Managers Group, Inc.",United States,NYQ,USD,,28128908.0,27006565.0,8411959808.0
EME,Can EMCOR RPOs Support Stable Revenue Visibility Heading Into 2026?,"EME's record $12.61B RPO base, fueled by network, healthcare and manufacturing projects, boosts revenue visibility as the company looks toward 2026.",Finnhub,https://finnhub.io/api/news?id=48694a1c37bd74106873d85eaab797f4dee9928e8be5a627620a6deb41fc633a,2025-12-26T06:02:00,0,"EMCOR Group, Inc.",United States,NYQ,USD,,44765864.0,44154362.0,28072226816.0
DUOL,"Duolingo, Inc. (DUOL) is Attracting Investor Attention: Here is What You Should Know","Recently, Zacks.com users have been paying close attention to Duolingo (DUOL). This makes it worthwhile to examine what the stock has in store.",Finnhub,https://finnhub.io/api/news?id=5a210beb7dc4ee150b527289cb3646ae25a3ab18b707750d89bb24703b4afbff,2025-12-26T06:00:04,0,"Duolingo, Inc.",United States,NMS,USD,,40013533.0,39610835.0,8397661696.0
AZO,"Investors Heavily Search AutoZone, Inc. (AZO): Here is What You Need to Know","Zacks.com users have recently been watching AutoZone (AZO) quite a bit. Thus, it is worth knowing the facts that could determine the stock's prospects.",Finnhub,https://finnhub.io/api/news?id=0bd464dd854fb9cb7e99220f36f1f5dff6d7cd116384574e6da28b7889211195,2025-12-26T06:00:02,0,"AutoZone, Inc.",United States,NYQ,USD,,16567821.0,16518780.0,57361068032.0
NRIM,"Northrim (NRIM) is on the Move, Here's Why the Trend Could be Sustainable","Northrim (NRIM) made it through our ""Recent Price Strength"" screen and could be a great choice for investors looking to make a profit from stocks that are currently on the move.",Finnhub,https://finnhub.io/api/news?id=355ca9943088fddffc15b58514d2249e61290302834a4cc37acfc1b91a9e9652,2025-12-26T05:55:01,0,"Northrim BanCorp, Inc.",United States,NMS,USD,,22090668.0,21453573.0,599319808.0
QLYS,4 Cybersecurity Stocks With Strong Demand and Durable Moats for 2026,"Cybersecurity demand is set to grow through 2026, and QLYS, FTNT, CRWD & PANW are the four stocks with strong demand signals and competitive moats.",Finnhub,https://finnhub.io/api/news?id=15703ecb51762202c12417cd0e2fe12c96102f6981028e38292692b712ed8165,2025-12-26T05:37:00,0,"Qualys, Inc.",United States,NMS,USD,,35858308.0,35653557.0,4991698944.0
ARW,Arrow Electronics (ARW) Rose 22.72% in Q3,"Harbor Funds, an investment management company, released its Q3 2025 investor letter for “Harbor Mid Cap Fund”. A copy of the letter can be downloaded here. The Harbor Mid Cap Fund primarily focuses on investing in equity securities, targeting common and preferred stocks of mid-sized U.S. companies. Global equities rebounded strongly in the third quarter, […]",Finnhub,https://finnhub.io/api/news?id=453e656b602d3833f6c7dc68eb92d68cfbc201f09840d335dd6ce63eaa5125a2,2025-12-26T05:25:06,0,"Arrow Electronics, Inc.",United States,NYQ,USD,,51511356.0,48089972.0,5840872448.0
FIX,Can Mechanical & Electrical Strength Support Comfort Systems in 2026?,"FIX enters 2026 with surging mechanical and electrical revenues, a record backlog and tech-driven demand supporting earnings stability.",Finnhub,https://finnhub.io/api/news?id=4c08f1710688f28db2bfc95ed4a87cf3678034ff1d776128e2306b75d2448a5a,2025-12-26T05:23:00,0,"Comfort Systems USA, Inc.",United States,NYQ,USD,,35271950.0,34734386.0,34005321728.0
WSO,Can Mechanical & Electrical Strength Support Comfort Systems in 2026?,"FIX enters 2026 with surging mechanical and electrical revenues, a record backlog and tech-driven demand supporting earnings stability.",Finnhub,https://finnhub.io/api/news?id=4c08f1710688f28db2bfc95ed4a87cf3678034ff1d776128e2306b75d2448a5a,2025-12-26T05:23:00,0,"Watsco, Inc.",,,,,34923800.0,32911048.0,14156713984.0
GSL,Global Ship Lease: Trading At A Steep Discount Against Its Peers,"Global Ship Lease, Inc. offers deep value and operational excellence, anchored by a $1.9B contract backlog. Click here to read why GSL stock is a Buy.",Finnhub,https://finnhub.io/api/news?id=8df93d54929dc5225aaedb5d2eecbee6cd85bc7ae26916db15e8f9b0f5a9f0b3,2025-12-26T05:12:11,1,"Global Ship Lease, Inc.",Greece,NYQ,USD,,35770652.0,32513734.0,1238737664.0
APVO,Aptevo Therapeutics Announces 1-for-18 Reverse Stock Split,"SEATTLE, WA / ACCESS Newswire / December 26, 2025 / Aptevo Therapeutics Inc. (NASDAQ:APVO), a clinical-stage biotechnology company focused on developing novel immune-oncology therapeutics based on its proprietary ADAPTIR™ and ADAPTIR-FLEX™ platform ...",Finnhub,https://finnhub.io/api/news?id=b628a0618a897c3d21087139b518e16050662d48c39d073a975d83afd231e195,2025-12-26T05:05:00,0,Aptevo Therapeutics Inc.,United States,NCM,USD,,16850494.0,16837014.0,10229935.0
MNDY,monday.com: I Was Wrong (Rating Downgrade),monday.com Ltd. is downgraded to Hold due to disappointing forward revenue guidance for Q4 and FY27. Learn more about MNDY stock here.,Finnhub,https://finnhub.io/api/news?id=7be771644254c3648a4e05c5da52295278b17e576631a49ad829a3d14b1eaf6f,2025-12-26T04:52:06,0,monday.com Ltd.,Israel,NMS,USD,,51551462.0,42433373.0,7515172352.0
PEN,Reasons to Retain Penumbra Stock in Your Portfolio for Now,"PEN's expanding thrombectomy portfolio and growing international footprint support momentum, even as FX and macro pressures pose risks.",Finnhub,https://finnhub.io/api/news?id=9514dec62958089617dd073b6156c6ccf4506b8f19118baac0b716c1b6dac2b1,2025-12-26T04:17:00,0,"Penumbra, Inc.",US,"NEW YORK STOCK EXCHANGE, INC.",USD,2015-09-18,39162177.0,37979871.0,12413235200.0
H,Market Chatter: Hyatt Pursues China Joint Ventures to Counter Revenue Slowdown,Hyatt Hotels (H) is forming partnerships with Chinese state-owned entities to launch joint-venture b,Finnhub,https://finnhub.io/api/news?id=7ec1f3ab5cbd09e0e79739d36e841d5e33743a6e77a6d09abd98c8b1108b9aa0,2025-12-26T04:01:32,1,Hyatt Hotels Corporation,United States,NYQ,USD,,41819241.0,40337312.0,15820908544.0
FICO,Why Your Credit Scores Never Match—and Which One Actually Matters,"Your credit scores are never the same, but one matters more than the others. Here's what you need to know.",Finnhub,https://finnhub.io/api/news?id=14bdf8991d7637f69e1e0ba6eb0a83d64f9adba3280086f23d58cb9b8ab84501,2025-12-26T04:01:00,0,Fair Isaac Corporation,United States,NYQ,USD,,23709047.0,22998961.0,42082967552.0
FUNC,Exploring 3 Undervalued Small Caps With Insider Buying Across Regions,"As the U.S. stock market continues to reach new heights, with the S&P 500 setting all-time records, investors are increasingly interested in exploring opportunities beyond large-cap stocks. Amidst this backdrop of strong market performance and economic indicators, identifying promising small-cap stocks can offer potential for growth, particularly when these companies demonstrate solid fundamentals and insider confidence through recent buying activity.",Finnhub,https://finnhub.io/api/news?id=4ee2249fafe69dc4d12560ff1ce910f48552b8af09f394578e11d862138e8c91,2025-12-26T03:39:27,0,First United Corporation,United States,NMS,USD,,6496908.0,5959809.0,251625248.0
AGYS,Exploring High Growth Tech Stocks In The US December 2025,"As the U.S. stock market continues to reach new heights, with major indices like the S&P 500 setting all-time records, investor sentiment remains buoyant despite recent volatility in tech shares. In this thriving environment, identifying high growth tech stocks involves looking for companies that not only show robust revenue potential but also demonstrate resilience and adaptability amid shifting economic landscapes.",Finnhub,https://finnhub.io/api/news?id=c8217c5972b1a1452f8c143be8ef91ca4303fdeed96054ca986b8afa2c622831,2025-12-26T03:38:12,0,"Agilysys, Inc.",United States,NMS,USD,,28042508.0,26405553.0,3406638848.0
CWBC,Three Companies Estimated To Be Trading Below Their Intrinsic Value,"As the U.S. stock market continues to reach new heights, with major indices like the S&P 500 setting all-time records, investors are increasingly looking for opportunities that may be overlooked in this bullish environment. In such a climate, identifying stocks trading below their intrinsic value can offer potential avenues for growth and diversification amidst the prevailing optimism.",Finnhub,https://finnhub.io/api/news?id=a7d157c0a3733decce49f6ef287347a10e07e9b147a2d2ad7f363502ba9d7299,2025-12-26T03:37:45,0,Community West Bancshares,United States,NCM,USD,,19160403.0,15348966.0,434749568.0
SRBK,"SR Bancorp, Inc. (NASDAQ:SRBK) Looks Interesting, And It's About To Pay A Dividend","It looks like SR Bancorp, Inc. ( NASDAQ:SRBK ) is about to go ex-dividend in the next four days. The ex-dividend date...",Finnhub,https://finnhub.io/api/news?id=068408f9e0e3647a976dfbe3acafdf904841ed3bf11e35d59e0650d502e18a86,2025-12-26T03:01:01,0,"SR Bancorp, Inc.",United States,NCM,USD,,7668306.0,7345486.0,130274088.0
BKNG,Booking Holdings Insider Lowered Holding By 30% During Last Year,"Looking at Booking Holdings Inc.'s ( NASDAQ:BKNG ) insider transactions over the last year, we can see that insiders...",Finnhub,https://finnhub.io/api/news?id=30afcfc86602be5af577ba9671fe74e637c6aa288cb4a83520269a8bbed2fd65,2025-12-26T03:00:42,0,Booking Holdings Inc.,United States,NMS,USD,,32233815.0,32141949.0,176314318848.0
DPZ,Fast food sector: Analyst shares best & worst 2026 stock picks,"As consumers look for value, Mizuho managing director and senior equity research analyst Nick Setyan joins Market Catalysts with Yahoo Finance Senior Reporter Ines Ferré to discuss why Domino's (DPZ) and Wendy's (WEN) are the best and worst fast food restaurant sector picks, respectively. To watch more expert insights and analysis on the latest market action, check out more Market Catalysts.",Finnhub,https://finnhub.io/api/news?id=6b30f98f316eda84b1b30e09e4ff4c4a6180dc7ca9a8d358ec1048c6993d60ec,2025-12-26T03:00:28,0,"Domino's Pizza, Inc.",United States,NMS,USD,,33786218.0,32829970.0,14447302656.0
SRI,"Stoneridge: Expect Near-Term Pain, But Long-Term Gain","Stoneridge, Inc. is rated Buy despite near-term automotive sector headwinds and 27.9% stock decline since reaffirmation. Read more on SRI stock here.",Finnhub,https://finnhub.io/api/news?id=5ac279cec5338ec3500f7742d5566c785f84e33a337ce634208fd142839bc4cc,2025-12-26T02:30:37,0,"Stoneridge, Inc.",US,"NEW YORK STOCK EXCHANGE, INC.",USD,1997-10-10,28016931.0,25005671.0,159416352.0
HII,Huntington Ingalls: Sailing The High Seas,"Huntington Ingalls Industries has delivered a nearly 95% total return in the past year, outpacing the S&P 500 by a wide margin. Read my analysis of HII stock.",Finnhub,https://finnhub.io/api/news?id=81e02ab76513352827f6f12dba74c50f4e69c7d0f7dfec009046e220fbdb673c,2025-12-26T00:52:52,0,"Huntington Ingalls Industries, Inc.",US,"NEW YORK STOCK EXCHANGE, INC.",USD,2011-03-19,39241434.0,38987542.0,13778844672.0
KNSL,Kinsale Capital: Writing Insurance On An Insurance Company For 23% Yield,"Kinsale Capitalâs focused, single-line strategy has delivered superior results versus the broader market over the past decade. Read my analysis of KNSL stock.",Finnhub,https://finnhub.io/api/news?id=295854a2e3ccfdc37396eca78b791038ee70d1d4efef5744a3f4d4414945e504,2025-12-25T23:29:01,0,"Kinsale Capital Group, Inc.",United States,NYQ,USD,,23263426.0,22033954.0,9165987840.0
LMAT,Selling Starbucks And More Trades--November Dividend Income Report,My goal is to build a portfolio of thriving companies with a solid dividend triangle. Read more here.,Finnhub,https://finnhub.io/api/news?id=e1c97f23e67b771eb76a9c3e7210e819236f9754f164dde807975202b7f9b4c8,2025-12-25T18:30:00,0,"LeMaitre Vascular, Inc.",United States,NGM,USD,,22685994.0,20852739.0,1900632576.0
JLL,JLL (JLL): Revisiting Valuation After a Steady Share Price Climb and Earnings Recovery,"Jones Lang LaSalle (JLL) has quietly pushed higher again, with the stock gaining about 1% on the day and roughly 5% over the past month, as investors reassess its earnings driven recovery. See our latest analysis for Jones Lang LaSalle. That move builds on a strong run, with the share price up meaningfully over the past quarter and year to date as investors grow more comfortable with JLL’s earnings recovery and long term cash flow story. With JLL’s rebound gathering pace, it is a good moment...",Finnhub,https://finnhub.io/api/news?id=051bcec83edbf909bd87d503aa356d1177db1f2cfcf24f042cbf38962eab78f3,2025-12-25T18:06:12,0,Jones Lang LaSalle Incorporated,United States,NYQ,USD,,47194630.0,46683512.0,16439392256.0
AZO,"AutoZone, Inc. 2026 Q1 - Results - Earnings Call Presentation","2025-12-26. The following slide deck was published by AutoZone, Inc.",Finnhub,https://finnhub.io/api/news?id=141c76e6a66990f31ff10281b8f10a609b0693ea0804d0014add567355838c10,2025-12-25T17:12:27,0,"AutoZone, Inc.",United States,NYQ,USD,,16567821.0,16518780.0,57361068032.0
GTLS,Chart Industries (GTLS): Is This Clean-Energy Supplier Still Undervalued After Its Recent Share Price Recovery?,"Chart Industries (GTLS) has quietly built an interesting setup for patient investors, with the stock up about 7% over the past year and roughly 79% across the past 3 years. See our latest analysis for Chart Industries. Over the past year, a steady single digit total shareholder return, alongside improving sentiment around clean energy infrastructure and hydrogen, suggests momentum is gradually rebuilding from earlier volatility rather than breaking out aggressively. If you like the structural...",Finnhub,https://finnhub.io/api/news?id=fec20a9705e3f5a20fd6146a6510a9eea5b6e61e954b43f3ce148bef833e4467,2025-12-25T17:10:15,0,"Chart Industries, Inc.",United States,NYQ,USD,,44952953.0,44689529.0,9253565440.0
MEDP,Medpace (MEDP): Has the Recent Pullback Opened a Valuation Opportunity for Long‑Term Investors?,"Recent Performance and Context for Medpace Holdings Medpace Holdings (MEDP) has quietly pulled back over the past month after a strong run this year, and that dip is catching investors attention as they reassess what has driven the stock higher. See our latest analysis for Medpace Holdings. Despite the recent 30 day share price pullback, Medpace still has strong momentum, with the share price up sharply year to date and multi year total shareholder returns remaining impressive. This suggests...",Finnhub,https://finnhub.io/api/news?id=a54a84ae17000bba75805fbd1dd3a463bd90d1d82a40127266bb9a49c599f404,2025-12-25T17:08:48,0,"Medpace Holdings, Inc.",United States,NMS,USD,,28168223.0,22646970.0,15987156992.0
ECOR,"electroCore, Inc. (ECOR) Discusses Neuromodulation Platform, Business Evolution, and Strategic Priorities Transcript","electroCore, Inc. (ECOR) Discusses Neuromodulation Platform, Business Evolution, and Strategic Priorities December 21, 2025 7:00 PM ESTCompany...",Finnhub,https://finnhub.io/api/news?id=876d2571d9a77dabdee5101989d75cfdfbc740e58588ac2d3ed14e616dc88146,2025-12-25T16:36:11,0,"electroCore, Inc.",United States,NCM,USD,,7995903.0,5106344.0,39579720.0
CAR,Avis Budget Group (CAR): Revisiting Valuation After a Volatile Year and Recent Share Price Pullback,"Avis Budget Group (CAR) has quietly become a volatile ride for shareholders, with the stock up roughly 64% this year but down nearly 19% over the past 3 months as investors reassess expectations. See our latest analysis for Avis Budget Group. That mix of a strong year to date share price return and a steep 90 day pullback suggests momentum is fading for now, as investors reprice growth expectations and rising risk around profitability. If Avis Budget Group’s rollercoaster has you rethinking...",Finnhub,https://finnhub.io/api/news?id=3d4cdb7fd57fb9097bb794f9df4a9a8efb3d4518d2500a2815e14fe007fb840b,2025-12-25T16:10:24,0,"Avis Budget Group, Inc.",US,NASDAQ NMS - GLOBAL MARKET,USD,1983-09-15,35196992.0,13948920.0,4643538944.0
BWB,Bridgewater Bancshares: I Disagree With The Market's Decision To Push Shares Higher,"Get the latest analysis on Bridgewater Bancshares (BWB): see why itâs rated 'hold' despite growth, and what investors should watch in asset quality and...",Finnhub,https://finnhub.io/api/news?id=816b9bd813f67461dac48fa75c1ee34d0e431bebed1651a469c426390ebae345,2025-12-25T15:37:00,0,"Bridgewater Bancshares, Inc.",United States,NCM,USD,,27584732.0,21926276.0,497076896.0
RENT,"Rent the Runway: Back In Growth Mode, But Profitability Remains The Key Question",Rent the Runway's latest financial insights: strong growth but rising costs. Learn what impacts RENT stock's rating and the outlook for investors.,Finnhub,https://finnhub.io/api/news?id=ca7ee755745d65824e67156ca7504916f784cfc5d685344bd79146a77c36055e,2025-12-25T15:22:00,0,"Rent the Runway, Inc.",United States,NGM,USD,,33390904.0,24088198.0,291855456.0
AZZ,AZZ: A Structural Valuation Disconnect For This Infrastructure Company,"AZZ Inc. stands out as a low-risk, high-upside investment with strong margins, cash flow, and infrastructure-driven growth. Read here for more analysis.",Finnhub,https://finnhub.io/api/news?id=04c64e6ab7bb0ef24088e509ebaff7f009a47df6158d8a0be808d6295c5e28d8,2025-12-25T15:08:00,0,AZZ Inc.,,,,,30057082.0,29460749.0,3320706560.0
DIOD,Diodes Incorporated: How Nexperia Could Shape The Path Ahead,"Diodes is expected to grow in FY2026, potential challenges lie ahead, and analyst ratings. Read here for an investment analysis of DIOD stock.",Finnhub,https://finnhub.io/api/news?id=eece4261560fd8a9b83a4342cbaea8ec9c4be9b54f79c8e8b65b476769d7e074,2025-12-25T15:02:12,0,Diodes Incorporated,US,NASDAQ NMS - GLOBAL MARKET,USD,1980-03-17,46385331.0,45324035.0,2340249344.0
PCTY,Is Paylocity a Hidden Opportunity After 2024 Share Price Slump and DCF Upside?,"If you are wondering whether Paylocity Holding is quietly turning into a value opportunity after a rough stretch, this article will walk you through whether the current share price actually makes sense. Despite being down 21.9% year to date and 24.3% over the last year, the stock has shown some recent stability, with a 1.0% gain over the past week and 4.7% over the last month. Much of the recent share price action has been driven by ongoing debate about how durable Paylocity's growth engine...",Finnhub,https://finnhub.io/api/news?id=295d98ca4ea6534142b3d2cae80ff4272323ac1afa0e284577233a108e71e2d9,2025-12-25T12:04:53,0,Paylocity Holding Corporation,US,NASDAQ NMS - GLOBAL MARKET,USD,2014-03-19,54381607.0,43726075.0,8475584000.0
HLP,Discover Hongli Group And Two More Promising Penny Stocks,"As the U.S. stock market continues to set new records, with the Dow Jones and S&P 500 reaching all-time highs, investors are exploring diverse opportunities beyond blue-chip stocks. Penny stocks, a term that has evolved from its speculative roots, still present intriguing possibilities for those willing to explore smaller or newer companies offering potential growth. In this article, we will discuss three penny stocks that stand out due to their financial resilience and potential for...",Finnhub,https://finnhub.io/api/news?id=86a881c7120b6c824608f49951bc2db68bcebc56385ea569cc112ec88d205102,2025-12-25T10:04:50,0,Hongli Group Inc.,China,NCM,USD,,73438750.0,47450980.0,91064056.0
NIC,3 Stocks Estimated To Be Trading At Discounts Of 23.1% To 41.2%,"In a robust market environment where the Dow Jones and S&P 500 have recently set new records, investors are keenly observing opportunities that may be overlooked amid widespread gains. Identifying undervalued stocks can be particularly rewarding in such conditions, as they offer potential value not yet recognized by the broader market.",Finnhub,https://finnhub.io/api/news?id=c52fb6d273ab69b7a9745aa5acb0e48130ab448e811971331e7365cdd0b4e7c5,2025-12-25T09:37:51,0,"Nicolet Bankshares, Inc.",United States,NYQ,USD,,14811409.0,13056495.0,1831578880.0
CWBC,3 Stocks Estimated To Be Trading At Discounts Of 23.1% To 41.2%,"In a robust market environment where the Dow Jones and S&P 500 have recently set new records, investors are keenly observing opportunities that may be overlooked amid widespread gains. Identifying undervalued stocks can be particularly rewarding in such conditions, as they offer potential value not yet recognized by the broader market.",Finnhub,https://finnhub.io/api/news?id=c52fb6d273ab69b7a9745aa5acb0e48130ab448e811971331e7365cdd0b4e7c5,2025-12-25T09:37:51,0,Community West Bancshares,United States,NCM,USD,,19160403.0,15348966.0,434749568.0
DY,3 Stocks Estimated To Be Trading At Discounts Of 23.1% To 41.2%,"In a robust market environment where the Dow Jones and S&P 500 have recently set new records, investors are keenly observing opportunities that may be overlooked amid widespread gains. Identifying undervalued stocks can be particularly rewarding in such conditions, as they offer potential value not yet recognized by the broader market.",Finnhub,https://finnhub.io/api/news?id=c52fb6d273ab69b7a9745aa5acb0e48130ab448e811971331e7365cdd0b4e7c5,2025-12-25T09:37:51,0,"Dycom Industries, Inc.",United States,NYQ,USD,,29967120.0,23827934.0,10417470464.0
CNCK,December 2025's Top Insider-Owned Growth Stocks,"As the U.S. stock market continues to hit new highs, with the S&P 500 setting an all-time record and major indices posting consistent gains, investors are keenly observing growth opportunities. In this thriving environment, companies with high insider ownership often attract attention due to the potential alignment of interests between management and shareholders, making them compelling considerations for those seeking robust growth prospects.",Finnhub,https://finnhub.io/api/news?id=7dfb4db2c4789c171f3cb009bcd07e56e8dd235c2dede9b20c9f6964360dc5d4,2025-12-25T09:35:27,0,Coincheck Group N.V.,Netherlands,NGM,USD,,135822026.0,7820570.0,472660672.0
AVAV,Why Kratos and AeroVironment Are Suddenly Moving Like Tech Stocks,Kratos and AeroVironment are actively transforming the defense sector by shifting from legacy industrial models to high-growth technology platforms.,Finnhub,https://finnhub.io/api/news?id=a9092db69a5e593ca68786a551537b173f08843f6243368736fa267dbebda84b,2025-12-25T09:35:00,0,"AeroVironment, Inc.",United States,NMS,USD,,49925878.0,37235083.0,12732712960.0
NRIM,Unearthing US Market's 3 Undiscovered Gem Stocks,"Amidst a backdrop of record-setting highs for major indices like the S&P 500 and Dow Jones Industrial Average, the U.S. stock market continues to capture investor attention with its robust performance. In this thriving environment, discovering stocks that are not yet in the spotlight but show potential can be rewarding for investors seeking growth opportunities beyond blue-chip names.",Finnhub,https://finnhub.io/api/news?id=2264456fc223dbe46813628fc64737bff5bc4ec0bf8701d4683ffb75d6325971,2025-12-25T09:33:05,0,"Northrim BanCorp, Inc.",United States,NMS,USD,,22090668.0,21453573.0,599319808.0
SYNA,Wells Fargo Bullish on Synaptics (SYNA) Due to Attractive Risk/Reward Profile,"Synaptics Incorporated (NASDAQ:SYNA) is included in our list of the best rising tech stocks to buy now. On December 19, 2025, TheFly reported that Wells Fargo initiated coverage of Synaptics Incorporated (NASDAQ:SYNA) with an “Overweight” rating and a $95 price target. The firm believes the stock offers an attractive risk/reward profile into 2026. Furthermore, the analyst cited […]",Finnhub,https://finnhub.io/api/news?id=8c28aee2dbb456d3d65ec109e86fa252552618c4dafb8753493cf24c31901a61,2025-12-25T09:00:37,0,Synaptics Incorporated,United States,NMS,USD,,38990073.0,38248872.0,2868628736.0
CNXC,Will Emotionally Aware AI Agents and Nespresso Adoption Change Concentrix's (CNXC) Customer-Experience Narrative?,"In recent days, Concentrix Corporation launched a suite of pre-built, emotionally aware conversational AI agents, covering product support, order status, appointment scheduling, and collections, built on its Agentic Operating Framework™ and iX Hello™ platform, with clients such as Nespresso already using the technology to enhance brand experiences. The announcement highlights how Concentrix is productizing its AI and customer experience expertise into standardized, ISO-certified solutions...",Finnhub,https://finnhub.io/api/news?id=340dc0264ca68b9eabef929f4a5c5231a36b51eab7b02a4ba7fb1c18226ce9ed,2025-12-25T08:22:14,0,Concentrix Corporation,United States,NMS,USD,,62257439.0,39394017.0,2644534016.0
PAYC,Assessing Paycom Software’s Valuation After Years of Share Price Weakness,"Wondering if Paycom Software is finally starting to look like value after a rough few years in the market? In this article, we walk through whether the current share price fairly reflects the business behind the ticker. Despite a long slide over the last 3 and 5 years, with the stock still down heavily from its highs, recent moves have been more muted. The share price has moved 0.7% over the last month and the shares are still down 20.4% year to date. Recent headlines have focused less on...",Finnhub,https://finnhub.io/api/news?id=dd37d362ac58ad0789a53a1a7df33445428e3573f6971814bb396ea474bfb68e,2025-12-25T07:07:32,0,"Paycom Software, Inc.",,,,,54906117.0,48407978.0,9024119808.0
CMPR,"Cimpress (CMPR) May Find a Bottom Soon, Here's Why You Should Buy the Stock Now","After losing some value lately, a hammer chart pattern has been formed for Cimpress (CMPR), indicating that the stock has found support. This, combined with an upward trend in earnings estimate revisions, could lead to a trend reversal for the stock in the near term.",Finnhub,https://finnhub.io/api/news?id=5707ba5be1d341c3884ae121dff10523c3331b6de368a9bf2bcedbe759b252df,2025-12-25T06:55:02,0,Cimpress plc,Ireland,NMS,USD,,24671784.0,15380390.0,1707287424.0
HII,Huntington Ingalls (HII) Valuation Check After New U.S. Navy Small Surface Combatant Contract Boosts Attention,"Huntington Ingalls Industries (HII) is back in the spotlight after the U.S. Navy tapped its Ingalls Shipbuilding division to design and build a new small surface combatant fleet, sending the stock higher. See our latest analysis for Huntington Ingalls Industries. The Navy contract arrives on top of a string of operational milestones, from progress on the Virginia class submarine Oklahoma to advances on the ROMULUS unmanned surface vessel line. Investors have noticed, with the stock delivering...",Finnhub,https://finnhub.io/api/news?id=4ab46f14ad8b732a692f257581f1c2aee4aaa4d30122b797aea23312e309f247,2025-12-25T05:10:44,1,"Huntington Ingalls Industries, Inc.",US,"NEW YORK STOCK EXCHANGE, INC.",USD,2011-03-19,39241434.0,38987542.0,13778844672.0
AVAV,AeroVironment (AVAV): Evaluating Valuation After FCC Drone Ban Prospects and New Coast Guard Contract,"AeroVironment (AVAV) just caught investors attention after a potential FCC ban on foreign made drones pushed U.S. drone suppliers into the spotlight, and a fresh $4.8 million Coast Guard contract reinforced demand. See our latest analysis for AeroVironment. Those headlines sit on top of a powerful run, with AeroVironment’s share price up 66.63 percent year to date at about $260.70, while its three year total shareholder return of 215.24 percent suggests momentum is very much still building...",Finnhub,https://finnhub.io/api/news?id=bc8bf48eeced5ac110bca0c87d0b9a0aafa28737efd862ae9d104997ed0fd846,2025-12-25T05:07:38,1,"AeroVironment, Inc.",United States,NMS,USD,,49925878.0,37235083.0,12732712960.0
LII,Lennox International (LII): Assessing Valuation After a Recent Share Price Rebound,"Lennox International (LII) has quietly staged a solid rebound this month, with the stock climbing about 7% even as its year to date and past year returns remain firmly in the red. See our latest analysis for Lennox International. That recent 6.9 percent 1 month share price return to about 497 dollars comes after a weaker stretch, and while the 3 year total shareholder return of roughly 115 percent still looks impressive, near term momentum is only cautiously rebuilding. As you weigh Lennox...",Finnhub,https://finnhub.io/api/news?id=28bbf420f75c31dc4b15152edadef8531231c9940e4cfed4ee690debc9cef161,2025-12-25T05:06:53,0,Lennox International Inc.,United States,NYQ,USD,,35072782.0,31746479.0,17497511936.0
DUOL,"2 Growth Stocks Wall Street Might Be Sleeping On, but I'm Not",Some of the best growth stories don't make many headlines. Here are two companies quietly compounding while analysts and stock pickers look elsewhere.,Finnhub,https://finnhub.io/api/news?id=4457bf4a96e88b9e3136c87d7241b961741c1f634072a0c973c81c870717ed68,2025-12-25T04:51:00,0,"Duolingo, Inc.",United States,NMS,USD,,40013533.0,39610835.0,8397661696.0
JLL,Tulip Real Estate Crosses £100 Million in Business Across Prime London Real Estate and Hospitality Assets in 2025,"LONDON, Dec. 25, 2025 (GLOBE NEWSWIRE) -- Tulip Real Estate, led by Sidd Mahajan, Founder and Managing Director, has crossed £100 million in transactions in 2025, spanning strategic residential real estate and hospitality assets across prime London locations. This marks the second time the firm has surpassed the £100 million milestone in a single year, following its £101 million Amory Tower transaction in 2022, underscoring the consistency of Tulip Real Estate’s execution and long-term investmen",Finnhub,https://finnhub.io/api/news?id=259fa9127e1325f79fb92ee87ad0a6b4d2bb0374de468cb95e2d19a042ac34a4,2025-12-25T04:44:00,0,Jones Lang LaSalle Incorporated,United States,NYQ,USD,,47194630.0,46683512.0,16439392256.0
HAE,Do You Believe in the Long-Term Growth Potential of Haemonetics Corporation (HAE)?,"Loomis Sayles, an investment management company, released its “Small Cap Value Fund” third-quarter 2025 investor letter. A copy of the letter can be downloaded here. US equities delivered strong results in the third quarter, mainly driven by easing tariff concerns, a pro-growth budget passed by the U.S. Congress, and anticipation of the Federal Reserve’s further […]",Finnhub,https://finnhub.io/api/news?id=b7a6fd38f54014816565d20fee044107703006965657356564d9d5d90b6a345c,2025-12-25T04:42:13,0,Haemonetics Corporation,United States,NYQ,USD,,46809672.0,46219870.0,3867670016.0
AVAV,AeroVironment (AVAV) Is Up 13.8% After New U.S. Directed‑Energy and Robotics Contracts,"AeroVironment recently delivered two JLTV-mounted LOCUST laser weapon systems to the U.S. Army, showcased its electronic warfare sensors on PteroDynamics’ Transwing VTOL drone at Silent Swarm 25, and secured a US$4.8 million U.S. Coast Guard contract for VideoRay Mission Specialist Defender underwater robots. Together, these developments highlight AeroVironment’s broadening role across counter-drone lasers, autonomous aerial EW platforms, and maritime robotics, deepening its integration into...",Finnhub,https://finnhub.io/api/news?id=752a0a47c3e127e200278343489df7978ff2ddca58cada961b86152ab04b7438,2025-12-25T04:09:04,1,"AeroVironment, Inc.",United States,NMS,USD,,49925878.0,37235083.0,12732712960.0
CNXC,Is The Market Mispricing Concentrix After Its Steep Multi Year Share Price Slide?,"If you are wondering whether Concentrix is a quietly mispriced opportunity or a value trap, you are in the right place to unpack what the current share price is really implying. The stock has bounced recently, gaining 3.7% over the last week and 16.6% over the past month, even though it is still down 4.2% year to date and 3.9% over the last year, after a steep 67.1% slide across three years and 54.8% over five years. Investors have been reacting to a mix of strategic updates and sector wide...",Finnhub,https://finnhub.io/api/news?id=6cea31223cff1a5ab2d015e133867dbd94e61a95bb8a6dea03ef51a3e517a79f,2025-12-25T04:07:28,0,Concentrix Corporation,United States,NMS,USD,,62257439.0,39394017.0,2644534016.0
AMPG,Those who invested in AmpliTech Group (NASDAQ:AMPG) three years ago are up 49%,"AmpliTech Group, Inc. ( NASDAQ:AMPG ) shareholders might be concerned after seeing the share price drop 24% in the last...",Finnhub,https://finnhub.io/api/news?id=b7d7a096c999a3099c5d9750df52c2158a1e8e87ab104e848a30fc2b63de4d72,2025-12-25T03:58:51,0,"AmpliTech Group, Inc.",United States,NCM,USD,,20683095.0,17631744.0,60187812.0
FUNC,Exploring Omega Flex And 2 Other Undervalued Small Caps With Insider Buying,"As the U.S. stock market continues to set new records, with the S&P 500 achieving an all-time high, investors are increasingly turning their attention to small-cap stocks, which often offer unique opportunities for growth in a buoyant economic environment. In this context, identifying undervalued small-cap companies with insider buying can be particularly appealing as these factors may signal confidence from those closest to the company's operations and potential for future appreciation.",Finnhub,https://finnhub.io/api/news?id=ccef7e64a3068dad67cd2b3c603dbe3f2ca3a190b3c791a9a5752253b3289b55,2025-12-25T03:39:25,0,First United Corporation,United States,NMS,USD,,6496908.0,5959809.0,251625248.0
MRKR,Exploring US High Growth Tech Stocks In December 2025,"As the U.S. stock market continues to reach new heights with the S&P 500 and Dow Jones Industrial Average setting all-time records, investor attention remains sharply focused on high growth sectors such as technology. In this environment, identifying promising tech stocks involves looking for companies that not only demonstrate strong innovation and adaptability but also show resilience amidst broader market trends and economic indicators.",Finnhub,https://finnhub.io/api/news?id=63cc31a23fb06e362dce70fef8009db952ae50a33a448520d5432989d2f33319,2025-12-25T03:38:05,0,"Marker Therapeutics, Inc.",United States,NCM,USD,,16673127.0,13676466.0,23925936.0
FIX,3 Stocks Estimated To Be Trading At Discounts Of 21.2% To 35.3% Below Intrinsic Value,"As the U.S. stock market continues to reach new heights with the Dow Jones and S&P 500 setting all-time records, investors are keenly observing opportunities amid this bullish trend. In such a thriving environment, identifying stocks that are trading below their intrinsic value can offer potential for growth and diversification within a portfolio.",Finnhub,https://finnhub.io/api/news?id=a7e1caa0837b95e81b0b74284192eb5f58dddfe021501c784299ace60f250367,2025-12-25T03:37:46,0,"Comfort Systems USA, Inc.",United States,NYQ,USD,,35271950.0,34734386.0,34005321728.0
NIC,3 Stocks Estimated To Be Trading At Discounts Of 21.2% To 35.3% Below Intrinsic Value,"As the U.S. stock market continues to reach new heights with the Dow Jones and S&P 500 setting all-time records, investors are keenly observing opportunities amid this bullish trend. In such a thriving environment, identifying stocks that are trading below their intrinsic value can offer potential for growth and diversification within a portfolio.",Finnhub,https://finnhub.io/api/news?id=a7e1caa0837b95e81b0b74284192eb5f58dddfe021501c784299ace60f250367,2025-12-25T03:37:46,0,"Nicolet Bankshares, Inc.",United States,NYQ,USD,,14811409.0,13056495.0,1831578880.0
CWBC,3 Stocks Estimated To Be Trading At Discounts Of 21.2% To 35.3% Below Intrinsic Value,"As the U.S. stock market continues to reach new heights with the Dow Jones and S&P 500 setting all-time records, investors are keenly observing opportunities amid this bullish trend. In such a thriving environment, identifying stocks that are trading below their intrinsic value can offer potential for growth and diversification within a portfolio.",Finnhub,https://finnhub.io/api/news?id=a7e1caa0837b95e81b0b74284192eb5f58dddfe021501c784299ace60f250367,2025-12-25T03:37:46,0,Community West Bancshares,United States,NCM,USD,,19160403.0,15348966.0,434749568.0
NBN,Discovering Hidden Opportunities: 3 Undiscovered Gems in the US Market,"As the U.S. market continues to reach new heights with the S&P 500 setting all-time records, investors are increasingly interested in exploring opportunities beyond the well-trodden paths of blue-chip stocks. In this dynamic environment, identifying small-cap stocks that offer unique growth potential can be particularly rewarding, especially when these companies demonstrate resilience and innovation amidst broader market trends.",Finnhub,https://finnhub.io/api/news?id=16e1137ebe2ea89402446c59c6668eed450f35ddaef42635c3491019472470cf,2025-12-25T03:32:54,0,Northeast Bank,United States,NGM,USD,,8562960.0,7426227.0,909040960.0
GHG,Estimating The Fair Value Of GreenTree Hospitality Group Ltd. (NYSE:GHG),Key Insights GreenTree Hospitality Group's estimated fair value is US$1.91 based on 2 Stage Free Cash Flow to Equity...,Finnhub,https://finnhub.io/api/news?id=4e85cfcf092e560d78b9c0149f1f99c60ba5f9226cb9f140bd5aeb4607a48eb6,2025-12-25T03:08:29,0,GreenTree Hospitality Group Ltd.,China,NYQ,USD,,66761582.0,10109954.0,181762896.0
MPWR,"Is Monolithic Power Systems, Inc.'s (NASDAQ:MPWR) Recent Performance Tethered To Its Attractive Financial Prospects?",Monolithic Power Systems' (NASDAQ:MPWR) stock up by 6.9% over the past three months. Given its impressive performance...,Finnhub,https://finnhub.io/api/news?id=fbb5eae99f1c401cafd6b55240b29eb3623e32ab1255e638566aa9aa79b319bf,2025-12-25T03:00:44,0,"Monolithic Power Systems, Inc.",United States,NMS,USD,,47907000.0,46041501.0,45335351296.0
GEMSF,Graphite Miners News For The Month Of December 2025,"Get the latest graphite market updatesâprice trends, oversupply, company news, and breakthroughs in ultra-high purity.",Finnhub,https://finnhub.io/api/news?id=de3d700939c4a82e70f6383272ca8a7657756198f51d2b7f6c09a95418cfc75e,2025-12-25T02:46:02,1,Infinity Stone Ventures Corp.,,,,,44507216.0,46180085.0,4885.0
EAF,Graphite Miners News For The Month Of December 2025,"Get the latest graphite market updatesâprice trends, oversupply, company news, and breakthroughs in ultra-high purity.",Finnhub,https://finnhub.io/api/news?id=de3d700939c4a82e70f6383272ca8a7657756198f51d2b7f6c09a95418cfc75e,2025-12-25T02:46:02,1,GrafTech International Ltd.,United States,NYQ,USD,,25820110.0,17254805.0,419576800.0
KNSL,What Is Shifting the Narrative for Kinsale Capital as Valuation Recalibrates?,"Kinsale Capital Group s latest narrative update features a modest trim to fair value, from about $465 to $461 per share, even as underlying assumptions around risk and growth remain largely intact. While the discount rate is essentially steady near 6.96%, revenue growth expectations have ticked up from roughly 9.0% to 9.2%, reflecting Street models that still see resilient expansion despite a softer property and casualty backdrop. Stay tuned to see how you can track these evolving fair value...",Finnhub,https://finnhub.io/api/news?id=bc252cca2ca96f85c87c617d5969f8c1eaf1f938b6549a0186895f3ea08cd032,2025-12-25T02:06:10,1,"Kinsale Capital Group, Inc.",United States,NYQ,USD,,23263426.0,22033954.0,9165987840.0
MTN,ArcelorMittal (ENXTAM:MT): Evaluating Valuation After a Strong Year of Share Price Momentum,"ArcelorMittal (ENXTAM:MT) has quietly pushed higher this month, and that kind of steady climb usually makes investors ask a simple question: is the market finally re-rating this steel giant or just catching up? See our latest analysis for ArcelorMittal. That recent 9.3% 1 month share price return builds on a strong trend, with the year to date share price return above 70% and a 1 year total shareholder return of roughly 75%. This suggests momentum is still very much in ArcelorMittal's favour,...",Finnhub,https://finnhub.io/api/news?id=340af14f74320b349ccafc0bd0123a1bce99ac925460aba1120b38066c8e6890,2025-12-25T01:12:14,0,"Vail Resorts, Inc.",United States,NYQ,USD,,35775575.0,35262553.0,5042437632.0
MORN,How Morningstar’s ChatGPT Integration With PitchBook (MORN) Has Changed Its Investment Story,"In December 2025, Morningstar, Inc. and its subsidiary PitchBook launched new apps within OpenAI’s ChatGPT, allowing entitled users to access their research, data, and ratings through natural-language prompts with enterprise-grade security. This integration advances Morningstar’s ambition to serve as an “intelligence layer” for investing by embedding its public and private markets insights directly into widely used AI workflows. Next, we’ll examine how embedding Morningstar and PitchBook...",Finnhub,https://finnhub.io/api/news?id=528ca2d0ae4f996714d5765198b6e32001fd85362c4737fe950be77c25188888,2025-12-25T01:11:34,0,"Morningstar, Inc.",US,NASDAQ NMS - GLOBAL MARKET,USD,2005-05-03,41129198.0,20643567.0,9239454720.0
ISSC,Innovative Aerosystems: High Growth Projections For High Reward,"Innovative Aerosystems is rated Buy with strong growth, a rising backlog, and strategic expansion. Click here to read my latest analysis of ISSC stock.",Finnhub,https://finnhub.io/api/news?id=e29e3b1543177ee9056f526e60571a07be3d4ad9708b6b0868eccb3bcc78c2e8,2025-12-25T00:30:18,0,"Innovative Aerosystems, Inc.",United States,NMS,USD,,17752354.0,15523723.0,344395648.0
AVBP,ArriVent BioPharma: A De-Risked Binary With Near-Term Catalysts,"ArriVent BioPharma is rated a Strong Buy, driven by Firmonertinibâs clinical progress and de-risking. Click here to read my latest analysis of AVBP stock.",Finnhub,https://finnhub.io/api/news?id=384a331f03dab8d0f7afb37badbb2673f36e081f19474243f1d23cddcc8340e2,2025-12-25T00:30:04,0,"ArriVent BioPharma, Inc.",US,NASDAQ NMS - GLOBAL MARKET,USD,2024-01-26,41281361.0,22710941.0,906951424.0
HYMC,Hycroft Mining: Huge Silver Potential With Near-Term Catalysts,Hycroft Mining is transitioning from a gold-focused explorer to a high-upside silver play. Click here to find out why HYMC stock is a Buy.,Finnhub,https://finnhub.io/api/news?id=437697034dd1c5930b6c3f4ebc01e375728441100576732a7f60f2580d46fcd6,2025-12-25T00:30:00,0,Hycroft Mining Holding Corporation,United States,NCM,USD,,81283600.0,22818589.0,2032902912.0
DPZ,"Restaurants, Weed, and Other Stock Themes On Our 2026 Radar","As 2025 winds to a close, Barron’s Investor Circle reporters are, not unexpectedly, already staking out the investment landscape for 2026.  Key drivers include a ramp-up of its Uber Eats and DoorDash presence and faster delivery times.",Finnhub,https://finnhub.io/api/news?id=93dcec4335c1a33451382824bec05f1e7aea293ffc0a276b9ce447cff809e96e,2025-12-25T00:12:00,0,"Domino's Pizza, Inc.",United States,NMS,USD,,33786218.0,32829970.0,14447302656.0
KNSL,Is Kinsale Capital Group Attractive After 2025 Share Pullback And Earnings Strength?,"If you have been wondering whether Kinsale Capital Group is starting to look like a bargain or still pricing in perfection, you are not alone. This stock has been attracting plenty of valuation chatter lately. After a rough patch that has left shares down about 12.6% year to date and 15.6% over the last year, the stock has recently bounced with gains of roughly 4.9% over the past week and 4.6% over the past month, all on the back of a long term record that still shows it up about 52.4% over...",Finnhub,https://finnhub.io/api/news?id=ea3e008773844322ec3015dacef2b09a4bd41149134c65a99f779d23e7f8fe53,2025-12-25T00:09:17,0,"Kinsale Capital Group, Inc.",United States,NYQ,USD,,23263426.0,22033954.0,9165987840.0
FDS,FactSet (FDS): Evaluating Valuation After a 40% Share Price Pullback,"Recent performance puts FactSet in context FactSet Research Systems (FDS) has been grinding through a mixed stretch, with the stock down about 40 % over the past year even as revenue and net income keep growing at mid single digit rates. See our latest analysis for FactSet Research Systems. Over the past year, FactSet’s share price return of roughly negative 39 percent and 1 year total shareholder return of about negative 40 percent show how sentiment has cooled. At the same time, a 1 month...",Finnhub,https://finnhub.io/api/news?id=26cf684a952cc93d7f9d07f8a450e2951af57ef2acd7d7bd9b637131a02d67b2,2025-12-24T23:10:47,0,FactSet Research Systems Inc.,United States,NYQ,USD,,37419936.0,37285924.0,11044493312.0
CMP,Lithium Junior Miners News For The Month Of December 2025,"Stay updated on lithium market trends, soaring BESS cell shipments, and major junior miner deals.",Finnhub,https://finnhub.io/api/news?id=f6d0c8624eebd7ce5534f983b88082ef81500bf36eb738d2bb0f1711f8d8244c,2025-12-24T22:34:56,0,"Compass Minerals International, Inc.",United States,NYQ,USD,,41819495.0,41651799.0,838899072.0
NMTLF,Lithium Junior Miners News For The Month Of December 2025,"Stay updated on lithium market trends, soaring BESS cell shipments, and major junior miner deals.",Finnhub,https://finnhub.io/api/news?id=f6d0c8624eebd7ce5534f983b88082ef81500bf36eb738d2bb0f1711f8d8244c,2025-12-24T22:34:56,0,New Age Metals Inc.,,,,,66420940.0,36089628.0,25107114.0
GEMSF,Lithium Junior Miners News For The Month Of December 2025,"Stay updated on lithium market trends, soaring BESS cell shipments, and major junior miner deals.",Finnhub,https://finnhub.io/api/news?id=f6d0c8624eebd7ce5534f983b88082ef81500bf36eb738d2bb0f1711f8d8244c,2025-12-24T22:34:56,0,Infinity Stone Ventures Corp.,,,,,44507216.0,46180085.0,4885.0
ATLX,Lithium Junior Miners News For The Month Of December 2025,"Stay updated on lithium market trends, soaring BESS cell shipments, and major junior miner deals.",Finnhub,https://finnhub.io/api/news?id=f6d0c8624eebd7ce5534f983b88082ef81500bf36eb738d2bb0f1711f8d8244c,2025-12-24T22:34:56,0,Atlas Lithium Corporation,Brazil,NCM,USD,,26554331.0,14497946.0,127195248.0
FEAM,Lithium Junior Miners News For The Month Of December 2025,"Stay updated on lithium market trends, soaring BESS cell shipments, and major junior miner deals.",Finnhub,https://finnhub.io/api/news?id=f6d0c8624eebd7ce5534f983b88082ef81500bf36eb738d2bb0f1711f8d8244c,2025-12-24T22:34:56,0,"5E Advanced Materials, Inc.",United States,NMS,USD,,23511883.0,10938818.0,79470168.0
AGYS,Assessing Agilysys (AGYS) Valuation After Recent Share Price Consolidation,"Agilysys (AGYS) has quietly slipped about 1% over the past week, but that comes after a solid run in the past 3 months. This leaves investors weighing whether the hospitality software specialist’s momentum still has room to extend. See our latest analysis for Agilysys. At around $120.10, the recent dip in Agilysys’ share price comes after a strong 90 day share price return of just over 16%, set against a weaker year to date share price performance and still impressive multiyear total...",Finnhub,https://finnhub.io/api/news?id=bd8916eb6f8d80514fad6b549ca245a14f39d2ce8e1f7575dfad3d892cd1f244,2025-12-24T22:32:58,0,"Agilysys, Inc.",United States,NMS,USD,,28042508.0,26405553.0,3406638848.0
KNSL,Kinsale Capital Group (KNSL): Revisiting Valuation After Recent Share Price Rebound,"Kinsale Capital Group (KNSL) has quietly pulled ahead of many insurance peers this month, bouncing from recent weakness while its longer term track record still looks strong despite a softer past 3 months. See our latest analysis for Kinsale Capital Group. The recent rebound, including a 7 day share price return close to 5 percent from a last close of 396.64 dollars, sits against a weaker year to date share price return and negative 1 year total shareholder return. However, the multi year...",Finnhub,https://finnhub.io/api/news?id=cf044da1e75e12cd46da82ece3f58ccc011c351dc8bad94139035340967b0233,2025-12-24T22:29:58,0,"Kinsale Capital Group, Inc.",United States,NYQ,USD,,23263426.0,22033954.0,9165987840.0
MEDP,Assessing Medpace Holdings After a 70% Rally and Recent Pullback in 2025,"If you are wondering whether Medpace Holdings is still worth buying after its huge run, or if most of the upside is already priced in, you are not alone. The stock has climbed 70.8% year to date and 66.9% over the last year, even after a recent 7.5% pullback over the past month and a 2.7% bounce in the last week. Investors have been watching Medpace as contract research organizations remain in demand, with drug developers increasingly outsourcing clinical trial work to specialized partners...",Finnhub,https://finnhub.io/api/news?id=1baff3efc47e1dd93912d6b7f4be5a80e7135c8423230e23a2e0b4b5b56093ba,2025-12-24T22:29:50,1,"Medpace Holdings, Inc.",United States,NMS,USD,,28168223.0,22646970.0,15987156992.0
ANF,Abercrombie & Fitch (ANF) Is Up 8.2% After Raising Profit Outlook And Promoting Its CFO,"On December 11, 2025, Abercrombie & Fitch promoted Robert J. Ball from Senior Vice President and Chief Financial Officer to Executive Vice President and Chief Financial Officer, while also raising its annual profit outlook following strong third-quarter performance led by Hollister. The combination of an upgraded profit forecast, CFO promotion, and festive sales push underscores how operational execution and governance continuity are supporting Abercrombie & Fitch’s current momentum. Next,...",Finnhub,https://finnhub.io/api/news?id=eb57876c6a361efc0a0464ee77a4c166be554fb9c332d1c90ee29629ad50e715,2025-12-24T22:29:42,0,Abercrombie & Fitch Co.,United States,NYQ,USD,,45857556.0,44756975.0,5970335744.0
FDS,The 5 Most Interesting Analyst Questions From FactSet’s Q4 Earnings Call,"FactSet’s fourth quarter drew a negative market reaction despite the company beating Wall Street’s revenue and non-GAAP profit expectations. Management highlighted that revenue gains were driven by strong adoption of AI-enabled products, expansion with key institutional clients, and traction in wealth management and banking segments. CEO Sanoke Viswanathan pointed to several large client wins, such as a mandate with a major investment manager for FactSet Vault and increased usage of AI-powered a",Finnhub,https://finnhub.io/api/news?id=c0c46bb0bd76f3afdd4d1aa928cec6efc9929bfd96bd8b98d7750d2907890e47,2025-12-24T21:30:50,0,FactSet Research Systems Inc.,United States,NYQ,USD,,37419936.0,37285924.0,11044493312.0
MELI,MercadoLibre (NasdaqGS:MELI): Assessing Valuation After Recent Share Price Volatility,"MercadoLibre (MELI) has been on investors radar as Latin America digital commerce and fintech dynamics keep evolving, and its strong multi year returns contrast with a choppy stock performance in recent months. See our latest analysis for MercadoLibre. The latest share price of $1,998.21 leaves MercadoLibre with a modest year to date share price gain, while the 3 year total shareholder return of 138.00 percent shows that the longer term momentum has been powerful despite a recent 90 day share...",Finnhub,https://finnhub.io/api/news?id=44d05cc3935fa890738973f04fe67f9af384d0a8451ce12eff800d54162a427e,2025-12-24T21:10:01,0,"MercadoLibre, Inc.",Uruguay,NMS,USD,,50697182.0,47022143.0,101683847168.0
CVLT,2 Russell 2000 Stocks Worth Investigating and 1 Facing Challenges,"Small-cap stocks in the Russell 2000 (^RUT) can be a goldmine for investors looking beyond the usual large-cap names. But with less stability and fewer resources than their bigger counterparts, these companies face steeper challenges in scaling their businesses.",Finnhub,https://finnhub.io/api/news?id=064785997d6c5e59d0801dc0701a9bc9bbe56ee085c5bca575e0f79835f99526,2025-12-24T20:35:39,0,"Commvault Systems, Inc.",United States,NMS,USD,,44094362.0,43768946.0,5708620288.0
AYI,1 Profitable Stock to Keep an Eye On and 2 That Underwhelm,"While profitability is essential, it doesn’t guarantee long-term success. Some companies that rest on their margins will lose ground as competition intensifies - as Jeff Bezos said, ""Your margin is my opportunity"".",Finnhub,https://finnhub.io/api/news?id=94fadc2e74a78c3510a679e0f0d1a0f92c69cf014f37395928d0c8a3276c6d7e,2025-12-24T20:35:01,0,Acuity Inc.,United States,NYQ,USD,,30727680.0,30214677.0,11471257600.0
QLYS,3 Software Stocks Walking a Fine Line,"Software is eating the world, and virtually no business is left untouched by it. Companies bringing it to life have been rewarded with high valuation multiples that make fundraising easier, but they have capped returns lately as the industry was flat over the past six months and trailed the S&P 500’s 13.3% gain.",Finnhub,https://finnhub.io/api/news?id=a7ae56d187431e87b88252176b2ab13c8431f59f86b1e67ea8e526f1bd1f65b6,2025-12-24T20:34:14,0,"Qualys, Inc.",United States,NMS,USD,,35858308.0,35653557.0,4991698944.0
BCO,2 Surging  Stocks to Research Further and 1 We Question,"The stocks in this article are all trading near their 52-week highs. This strength often reflects positive developments such as new product launches, favorable industry trends, or improved financial performance.",Finnhub,https://finnhub.io/api/news?id=eb9761f267271409444dcb972d183911ccb665baeb7f87b19efae4b1041b4934,2025-12-24T20:33:15,0,The Brink's Company,United States,NYQ,USD,,41545506.0,41198601.0,4984059392.0
H,3 Hyped Up  Stocks with Warning Signs,"The stocks featured in this article have all approached their 52-week highs. When these price levels hit, it typically signals strong business execution, positive market sentiment, or significant industry tailwinds.",Finnhub,https://finnhub.io/api/news?id=7519184771dc03c1570faff5c4b2ec7f698addb8a4382653fa397d0fa11ba9fa,2025-12-24T20:32:54,0,Hyatt Hotels Corporation,United States,NYQ,USD,,41819241.0,40337312.0,15820908544.0
OMCL,1 Cash-Producing Stock with Impressive Fundamentals and 2 We Avoid,"A company that generates cash isn’t automatically a winner. Some businesses stockpile cash but fail to reinvest wisely, limiting their ability to expand.",Finnhub,https://finnhub.io/api/news?id=8663d7815a9e7063cf39c2d03b39fc037bfa34a883c50bafc529c113de96f799,2025-12-24T20:32:17,0,"Omnicell, Inc.",,,,,44876522.0,43778394.0,2131349376.0
JLL,1 Cash-Producing Stock with Impressive Fundamentals and 2 We Avoid,"A company that generates cash isn’t automatically a winner. Some businesses stockpile cash but fail to reinvest wisely, limiting their ability to expand.",Finnhub,https://finnhub.io/api/news?id=8663d7815a9e7063cf39c2d03b39fc037bfa34a883c50bafc529c113de96f799,2025-12-24T20:32:17,0,Jones Lang LaSalle Incorporated,United States,NYQ,USD,,47194630.0,46683512.0,16439392256.0
ANF,1 Cash-Producing Stock with Impressive Fundamentals and 2 We Avoid,"A company that generates cash isn’t automatically a winner. Some businesses stockpile cash but fail to reinvest wisely, limiting their ability to expand.",Finnhub,https://finnhub.io/api/news?id=8663d7815a9e7063cf39c2d03b39fc037bfa34a883c50bafc529c113de96f799,2025-12-24T20:32:17,0,Abercrombie & Fitch Co.,United States,NYQ,USD,,45857556.0,44756975.0,5970335744.0
LFUS,3 Cash-Heavy Stocks We Find Risky,"A cash-heavy balance sheet is often a sign of strength, but not always. Some companies avoid debt because they have weak business models, limited expansion opportunities, or inconsistent cash flow.",Finnhub,https://finnhub.io/api/news?id=54739b2405649a470f4fc8e297c1b88c6c033092e1f257538cfd2898a915e762,2025-12-24T20:31:47,0,"Littelfuse, Inc.",United States,NMS,USD,,24901687.0,24616065.0,6526981120.0
HZO,MarineMax: The Ride Risks Getting Bumpy (Rating Downgrade),MarineMax's rising SG&A costs and lower new boat sales pressure profitability. Click here to read why HZO stock is downgraded to Hold.,Finnhub,https://finnhub.io/api/news?id=01e5f01d4f73de24bf3fa61665d9b0467cf316f9dcb9ea7c3000b462885493ba,2025-12-24T20:16:18,0,"MarineMax, Inc.",United States,NYQ,USD,,21869518.0,19086184.0,535147104.0
LSTR,3 Reasons to Sell LSTR and 1 Stock to Buy Instead,"Landstar’s stock price has taken a beating over the past six months, shedding 20.2% of its value and falling to a new 52-week low of $110.14 per share. This may have investors wondering how to approach the situation.",Finnhub,https://finnhub.io/api/news?id=5c1bce39afb8c17a758586a6a28243921e2f3c6edbf126acfaa253f9dabb4b75,2025-12-24T20:05:21,0,"Landstar System, Inc.",United States,NMS,USD,,34344702.0,34030791.0,5060109312.0
BFH,2 Reasons to Avoid BFH and 1 Stock to Buy Instead,"Bread Financial has had an impressive run over the past six months as its shares have beaten the S&P 500 by 25.8%. The stock now trades at $77.81, marking a 39.1% gain. This was partly due to its solid quarterly results, and the performance may have investors wondering how to approach the situation.",Finnhub,https://finnhub.io/api/news?id=04757868c962abdfe36e045d59e9e67dc72be5436407bab5a26975acfa429756,2025-12-24T20:03:59,0,"Bread Financial Holdings, Inc.",United States,NYQ,USD,,45600000.0,45224619.0,3494784000.0
ESE,3 Reasons ESE Has Explosive Upside Potential,"Even though ESCO (currently trading at $201.90 per share) has gained 6.1% over the last six months, it has lagged the S&P 500’s 13.3% return during that period. This may have investors wondering how to approach the situation.",Finnhub,https://finnhub.io/api/news?id=88d784d72cc1c366f40952a29af4c8fb3f76d3b690bc1f35ee54c1b1e86de28f,2025-12-24T20:03:08,0,ESCO Technologies Inc.,United States,NYQ,USD,,25874368.0,25704488.0,5187810816.0
LOCO,Q3 Earnings Roundup: El Pollo Loco (NASDAQ:LOCO) And The Rest Of The Traditional Fast Food Segment,"Wrapping up Q3 earnings, we look at the numbers and key takeaways for the traditional fast food stocks, including El Pollo Loco (NASDAQ:LOCO) and its peers.",Finnhub,https://finnhub.io/api/news?id=9aaeac19e9ec3b311225e6a52bb6e9c5b5f8f3dc09ff1424fd274eb27be6a79a,2025-12-24T19:34:27,0,"El Pollo Loco Holdings, Inc.",United States,NMS,USD,,29954935.0,23097352.0,326050560.0
TDY,Is Teledyne Technologies (TDY) Still Undervalued After Its Recent Share Price Rebound?,"Teledyne Technologies (TDY) has quietly pushed higher in recent weeks, with shares up about 6% over the past month despite a weaker past 3 months. That kind of divergence deserves a closer look. See our latest analysis for Teledyne Technologies. Zooming out, Teledyne’s 30 day share price return of 5.7 percent looks like a rebound within a choppy year, where a solid year to date share price gain and steady multi year total shareholder returns suggest momentum is stabilising rather than...",Finnhub,https://finnhub.io/api/news?id=c99ddf419a65496c055d72264a15e9f1552dab30dbde1415309f3cbe6c796b68,2025-12-24T17:53:06,0,Teledyne Technologies Incorporated,United States,NYQ,USD,,46950987.0,46462227.0,24290093056.0
ANF,Abercrombie & Fitch (ANF): Evaluating Valuation After a 93% One-Month Retail Rebound Run,"Abercrombie & Fitch (ANF) has quietly become one of the market’s stronger retail rebound stories, with the stock climbing about 93% over the past month and roughly 44% in the past 3 months. See our latest analysis for Abercrombie & Fitch. That surge comes after a volatile stretch, with the latest share price at $126.74 and a strong 3 year total shareholder return of 466.82% signaling that momentum has clearly swung back in the bulls’ favor. If Abercrombie & Fitch’s rebound has your attention,...",Finnhub,https://finnhub.io/api/news?id=65b4369f33059484daff703fde48f402a60d1b94029749e37073de456f4a45b1,2025-12-24T17:51:40,0,Abercrombie & Fitch Co.,United States,NYQ,USD,,45857556.0,44756975.0,5970335744.0
AIR,AAR: Firing On All Cylinders,AAR's strategic acquisitions and strong aftermarket demand drive earnings growth and expansion in the $140B global MRO market. See more on AIR stock.,Finnhub,https://finnhub.io/api/news?id=5dbede4138c602d52f7a8bfc019dee39b965376da98392522d4c1348c287c9cf,2025-12-24T17:30:00,1,AAR Corp.,United States,NYQ,USD,,39562491.0,34799856.0,3365581056.0
AEHR,"Aehr Test Systems: AI Processing Opportunity Looks Interesting, But Don't Be In A Rush","Aehr Test Systems faces near-term headwinds from customer uncertainty, weak backlog, and margin compression. Read why AEHR stock is a Hold.",Finnhub,https://finnhub.io/api/news?id=52dfd3a95fab47e88b0d2fdeedd04b1ab8e32a47f9a6c9e3446ea0b1feebcab9,2025-12-24T15:44:00,0,"Aehr Test Systems, Inc.",United States,NCM,USD,,30006590.0,26573536.0,643941376.0
AMVMF,Lithium Miners News For The Month Of December 2025,,Finnhub,https://finnhub.io/api/news?id=94688504eca1f5deb45b267bea8a30613fa8f27a44eb8e913a1e726124de9def,2025-12-24T14:55:19,0,AMG Critical Materials N.V.,NL,NYSE EURONEXT - EURONEXT AMSTERDAM,USD,2007-07-11,32269144.0,30588911.0,1077789440.0
RGP,"Resources Connection to Announce Second Quarter Fiscal 2026 Results on January 7, 2026","DALLAS, December 24, 2025--Resources Connection, Inc. (Nasdaq: RGP) (the ""Company,"" ""we,"" and ""our""), a global consulting firm, will announce results of operations for its second quarter of fiscal 2026 ended November 29, 2025, after the close of market on Wednesday, January 7, 2026.",Finnhub,https://finnhub.io/api/news?id=79141ab11fc2535e52ba5c3ca24c675d5f5e746b919f2fefdc636914c43e5473,2025-12-24T13:05:00,0,"Resources Connection, Inc.",United States,NMS,USD,,33390494.0,30212721.0,175634000.0
GTLS,Chart Industries Drew a New $27 Million Bet Amid Record Orders and a $210 Per Share Buyout Deal,"The move isn’t about chasing a cyclical bounce, but about locking in exposure to a business with record orders and deep industrial leverage.",Finnhub,https://finnhub.io/api/news?id=b6d10464ab371964098d624e5a26e01265dac61b4113d98fa467e1df73ab7a62,2025-12-24T11:36:14,1,"Chart Industries, Inc.",United States,NYQ,USD,,44952953.0,44689529.0,9253565440.0
BLLN,BillionToOne: An Interesting Set-Up Into 2026,"BillionToOne saw rapid growth in molecular diagnostics, strong Q3 results, and evolving valuation. Read here for more analysis on BLLN stock.",Finnhub,https://finnhub.io/api/news?id=519bf5baa96a8594ac33d0ee725a95b0cbfbbcc6224c698b8fa0ac1beb0dd6e3,2025-12-24T11:30:00,0,"BillionToOne, Inc.",United States,NMS,USD,,41216110.0,22947541.0,4087150336.0
CMCO,Hyster-Yale Is Facing Too Many Challenges To Upgrade,"Hyster-Yale is seeing declining backlogs, economic risks, and tariff impacts, which signal a Sell. Click for why now may not be the time to buy HY stock.",Finnhub,https://finnhub.io/api/news?id=e5fe01371eeb737aa66b598b1a3526f32eea18f074f2291beb0522bd13a723f2,2025-12-24T11:06:57,0,Columbus McKinnon Corporation,United States,NMS,USD,,28728261.0,27765140.0,511075776.0
KRNT,Hyster-Yale Is Facing Too Many Challenges To Upgrade,"Hyster-Yale is seeing declining backlogs, economic risks, and tariff impacts, which signal a Sell. Click for why now may not be the time to buy HY stock.",Finnhub,https://finnhub.io/api/news?id=e5fe01371eeb737aa66b598b1a3526f32eea18f074f2291beb0522bd13a723f2,2025-12-24T11:06:57,0,Kornit Digital Ltd.,Israel,NMS,USD,,45972712.0,41015006.0,666144576.0
GHM,Hyster-Yale Is Facing Too Many Challenges To Upgrade,"Hyster-Yale is seeing declining backlogs, economic risks, and tariff impacts, which signal a Sell. Click for why now may not be the time to buy HY stock.",Finnhub,https://finnhub.io/api/news?id=e5fe01371eeb737aa66b598b1a3526f32eea18f074f2291beb0522bd13a723f2,2025-12-24T11:06:57,0,Graham Corporation,US,"NEW YORK STOCK EXCHANGE, INC.",USD,1980-03-17,10987954.0,10310217.0,785968320.0
HY,Hyster-Yale Is Facing Too Many Challenges To Upgrade,"Hyster-Yale is seeing declining backlogs, economic risks, and tariff impacts, which signal a Sell. Click for why now may not be the time to buy HY stock.",Finnhub,https://finnhub.io/api/news?id=e5fe01371eeb737aa66b598b1a3526f32eea18f074f2291beb0522bd13a723f2,2025-12-24T11:06:57,0,"Hyster-Yale, Inc.",US,"NEW YORK STOCK EXCHANGE, INC.",USD,1999-02-26,14283983.0,11674334.0,549747584.0
FJET,Starfighters Space: A Hypersonic And Space Launch Hype To Sell,"Starfighters Space is rated a Strong Sell. Unproven model, high capital needs, and overvaluation signal investor caution. Read here for more on FJET stock.",Finnhub,https://finnhub.io/api/news?id=f48b33fb6ad992649953382cecf9d0e843888ee03886724084e4628fef596bc3,2025-12-24T10:57:05,0,"Starfighters Space, Inc.",United States,ASE,USD,,27862261.0,13662260.0,409018016.0
WTS,Deere to Scale Customer-Focused Mixed-Fleet Business with Tenna Buyout,"DE plans to scale its mixed-fleet strategy with the Tenna acquisition, expanding customer-focused construction technology offerings.",Finnhub,https://finnhub.io/api/news?id=e2fdfb585d9a3c45dd7616d4c9a274523560af465116e47217e417c922579922,2025-12-24T10:40:00,1,"Watts Water Technologies, Inc.",United States,NYQ,USD,,27406631.0,27069898.0,9480901632.0
CR,Deere to Scale Customer-Focused Mixed-Fleet Business with Tenna Buyout,"DE plans to scale its mixed-fleet strategy with the Tenna acquisition, expanding customer-focused construction technology offerings.",Finnhub,https://finnhub.io/api/news?id=e2fdfb585d9a3c45dd7616d4c9a274523560af465116e47217e417c922579922,2025-12-24T10:40:00,1,Crane Company,United States,NYQ,USD,,57596887.0,48830641.0,10816695296.0
SD,SandRidge Energy's Operational Momentum Builds on Cherokee Gains,"SD shows rising Cherokee volumes, a 49% jump in oil production and ample cash to fund growth initiatives and shareholder returns.",Finnhub,https://finnhub.io/api/news?id=c77bed83e646e089c2daf1a08d7d76d68799c9ff05ff3b9b04a27df3150fbac0,2025-12-24T10:21:00,0,"SandRidge Energy, Inc.",United States,NYQ,USD,,36773746.0,36061609.0,526232288.0
ARW,There Are Reasons To Feel Uneasy About Arrow Electronics' (NYSE:ARW) Returns On Capital,"If you're not sure where to start when looking for the next multi-bagger, there are a few key trends you should keep an...",Finnhub,https://finnhub.io/api/news?id=c107cb4d156f1e1fed2b1d3e9916037c214076f8916c2fd4520a70c983f014de,2025-12-24T10:13:46,0,"Arrow Electronics, Inc.",United States,NYQ,USD,,51511356.0,48089972.0,5840872448.0
RL,Can lululemon Halt Margin Erosion Amid Tariff-Driven Cost Hits?,"LULU faces tariff-driven margin pressure as the gross margin slumps. However, pricing, efficiency and supply-chain moves aim to blunt the hit into 2026.",Finnhub,https://finnhub.io/api/news?id=8396e06b5b157c3068b92c52f39b7627fcc9703c8b5a2c081f9f7c84134b38f0,2025-12-24T10:13:00,0,Ralph Lauren Corporation,United States,NYQ,USD,,38759382.0,38077482.0,21716025344.0
DY,Dycom Strengthens Position With $1.63B Power Solutions Acquisition,"DY closes a $1.63B Power Solutions deal, boosting data center electrical capabilities and positioning the firm for AI-driven digital infrastructure growth.",Finnhub,https://finnhub.io/api/news?id=d94ba95266b66243d83aed161de5c515c7222db9a729a56e05fdf04001ac818d,2025-12-24T09:52:00,1,"Dycom Industries, Inc.",United States,NYQ,USD,,29967120.0,23827934.0,10417470464.0
MED,Medifast's Third-Quarter Revenue Fell 36%: Is Stabilization Near?,"MED witnesses revenue plunge as its coach base shrank, but restructuring and productivity initiatives aim to stabilize results by late 2025.",Finnhub,https://finnhub.io/api/news?id=d5afa3c55d3fce44e1740360cf5b8fd2cb6c04cc3d0c6b1fe93e9df1a81376c9,2025-12-24T09:41:00,0,"Medifast, Inc.",United States,NYQ,USD,,10991273.0,9167019.0,121343656.0
CWBC,Discover 3 Stocks Including Atour Lifestyle Holdings That May Be Trading Below Estimated Value,"As the U.S. stock market continues to reach new heights with the S&P 500 hitting an all-time high, investors are keenly observing opportunities that might be trading below their estimated value. In such a vibrant market environment, identifying undervalued stocks requires careful analysis of fundamentals and market positioning, making it essential to consider companies like Atour Lifestyle Holdings that may offer potential value at current prices.",Finnhub,https://finnhub.io/api/news?id=c300fb7b7fef0e70c6decefaf5295c5f3d5cec7e48202c43842f9a2fd7a418cb,2025-12-24T09:38:01,0,Community West Bancshares,United States,NCM,USD,,19160403.0,15348966.0,434749568.0
AVAV,Top Drone Tech Stocks to Bet on Amid Increasing Adoption,"AVAV, KTOS and DPRO are some stocks in the drone technology space that are worthy of investment consideration.",Finnhub,https://finnhub.io/api/news?id=a40a2197a742cc13277b7c20d5aad12277567ecddff881847299060d07bb1294,2025-12-24T09:36:00,0,"AeroVironment, Inc.",United States,NMS,USD,,49925878.0,37235083.0,12732712960.0
UNB,Undiscovered Gems in the US Market to Explore December 2025,"As the U.S. stock market continues to climb, with the S&P 500 reaching new all-time highs and major indices showing consistent gains, investors are keenly observing opportunities in lesser-known sectors. In such a dynamic environment, identifying stocks with strong fundamentals and growth potential can be particularly rewarding for those looking to explore undiscovered gems in the market.",Finnhub,https://finnhub.io/api/news?id=7453df7d8fbc8db4282d65848c6c4ba009fcdac32df90ca70785625c86bb6e12,2025-12-24T09:33:14,0,"Union Bankshares, Inc.",United States,NGM,USD,,4582423.0,3784257.0,107778592.0
RPTX,Sector Update: Health Care Stocks Rise Wednesday Afternoon,"Health care stocks were rising in recent early Wednesday afternoon trading, with the NYSE Health Car",Finnhub,https://finnhub.io/api/news?id=557b9b15ce1914aefbc3d5e26cd692d3185101880994e632f162a417cc3ece20,2025-12-24T09:08:38,0,Repare Therapeutics Inc.,Canada,NMS,USD,,43108362.0,25786295.0,110788480.0
DAVE,"Fintech, Neobanks Finish 2025 on High Note, B. Riley Says",Financial technology platforms and neobanks have performed generally well this year amid robust unit,Finnhub,https://finnhub.io/api/news?id=a905ce7340d2a6edae1accba677ffea604f55d5bceae87877afeeba11496cfe9,2025-12-24T09:03:52,0,Dave Inc.,United States,NGM,USD,,12190000.0,9002226.0,3095405568.0
KALU,Kaiser Aluminum (KALU) Is Up 4.90% in One Week: What You Should Know,Does Kaiser Aluminum (KALU) have what it takes to be a top stock pick for momentum investors? Let's find out.,Finnhub,https://finnhub.io/api/news?id=5b9f86473c6bd780162d33917249247059969f5fccf6fdae31f6dafb09360e7f,2025-12-24T09:00:03,0,Kaiser Aluminum Corporation,United States,NMS,USD,,16206255.0,15745344.0,1905045376.0
HGV,Do Options Traders Know Something About Hilton Grand Vacations Stock We Don't?,Investors need to pay close attention to Hilton Grand Vacations stock based on the movements in the options market lately.,Finnhub,https://finnhub.io/api/news?id=32970dbc583ef1337bfa43074836cc7445c0e9fb578a1b33a412b4e826893bc1,2025-12-24T08:59:00,0,Hilton Grand Vacations Inc.,United States,NYQ,USD,,85543093.0,48101737.0,3984611328.0
RDNW,"Shareholders in RideNow Group (NASDAQ:RDNW) have lost 82%, as stock drops 14% this past week","While not a mind-blowing move, it is good to see that the RideNow Group, Inc. ( NASDAQ:RDNW ) share price has gained...",Finnhub,https://finnhub.io/api/news?id=c7f7457e05b9a058d80f7b2b70f65f9f005435683415b0e5db141267ff822df4,2025-12-24T08:50:34,0,"RideNow Group, Inc.",United States,NCM,USD,,38017502.0,13548224.0,207848576.0
TDY,AXON's Dedrone Expands in CUAS Capability: Can It Deliver Growth?,"Axon is expanding its counter-drone footprint as Dedrone boosts CUAS capabilities through AI platforms, acquisitions and new defense partnerships.",Finnhub,https://finnhub.io/api/news?id=5278d8fbc5f10f9ff6b46590155fa784528cf2d4de6b29c0e7c62bfc3251ecb4,2025-12-24T08:46:00,1,Teledyne Technologies Incorporated,United States,NYQ,USD,,46950987.0,46462227.0,24290093056.0
PARR,Par Pacific Holdings: A Risky Play In A Cyclical Industry,Discover why PARR stock faces risks from volatile margins & high costs. Learn about valuation concerns and why itâs rated a SELL.,Finnhub,https://finnhub.io/api/news?id=558935a2c731d86a9fecfb644a522387be3ce284ae9d4b83a1bea66d62f0759d,2025-12-24T08:42:53,0,"Par Pacific Holdings, Inc.",United States,NYQ,USD,,50291043.0,48824556.0,1779022080.0
KNSL,AXS or KNSL: Which Is the Better Value Stock Right Now?,AXS vs. KNSL: Which Stock Is the Better Value Option?,Finnhub,https://finnhub.io/api/news?id=639bd0b1e210f4ee2bffe5321adc1a3ae090e3e5954f7428ef1cfc078632c663,2025-12-24T08:40:03,0,"Kinsale Capital Group, Inc.",United States,NYQ,USD,,23263426.0,22033954.0,9165987840.0
WOK,"WORK Medical Technology Group LTD Announces 1-for-100 Reverse Stock Split Effective December 29, 2025","Hangzhou, China, Dec. 24, 2025 (GLOBE NEWSWIRE) -- WORK Medical Technology Group LTD (Nasdaq: WOK) (“WORK Medical” or the “Company”), a supplier of medical devices in China, through its subsidiary, Work (Hangzhou) Medical Treatment Equipment Co., Ltd. and its subsidiaries in China, today announced that it will effect a reverse stock split of its ordinary shares on a 1-for-100 basis (the “Reverse Stock Split”). The Company’s Class A ordinary shares will begin trading on a post-split basis when th",Finnhub,https://finnhub.io/api/news?id=ee19328cd059a3e9a860897a786baf928cd1aae87eed0fc2ea79e2475f98981f,2025-12-24T08:30:00,0,WORK Medical Technology Group LTD,China,NCM,USD,,960012.0,128312.0,30576.0
MELI,The 3 consumer internet stocks best positioned for 2026,"Wedbush Securities managing director of equity research Scott Devitt sits down with Market Catalysts host Ines Ferré to outline his top three consumer internet stock picks: MercadoLibre (MELI), DoorDash (DASH), and Meta Platforms (META). Devitt goes on to explain the growth drivers he is seeing for Meta in 2026. To watch more expert insights and analysis on the latest market action, check out more Market Catalysts.",Finnhub,https://finnhub.io/api/news?id=e68645ecaa4cfc9814212d064fff074c0d420a6d3541a77d1691fe3ebd5df6f2,2025-12-24T07:59:25,0,"MercadoLibre, Inc.",Uruguay,NMS,USD,,50697182.0,47022143.0,101683847168.0
REVG,4 Auto Stocks Up More Than 50% YTD & Still Worth Buying for 2026,"GM, STRT, GTX and REVG are all up more than 50% YTD, and still have more upside potential heading into 2026.",Finnhub,https://finnhub.io/api/news?id=7cb16c6287a0b77a8bdfddfa535a3efbed6fdd036af90a8fab509818036a9911,2025-12-24T07:47:00,0,"REV Group, Inc.",United States,NYQ,USD,,48806145.0,48008165.0,3052824320.0
MTN,ArcelorMittal Announces Renewable Energy Projects in India,"MT plans three renewable projects in India, doubling local capacity to 2 GW and lifting global renewables to 3.3GW to power AMNS India operations.",Finnhub,https://finnhub.io/api/news?id=9f1757a9169faab1c2f91f4cb41c305e466ec98a7bf2498149a674f9883a6dea,2025-12-24T07:11:00,0,"Vail Resorts, Inc.",United States,NYQ,USD,,35775575.0,35262553.0,5042437632.0
VMI,"A Look At The Intrinsic Value Of Valmont Industries, Inc. (NYSE:VMI)",Key Insights The projected fair value for Valmont Industries is US$450 based on 2 Stage Free Cash Flow to Equity...,Finnhub,https://finnhub.io/api/news?id=9cd98a6f5ce9124bc14075ee83d24e8763493fc988692652f372d71977d31b0d,2025-12-24T07:07:19,0,"Valmont Industries, Inc.",United States,NYQ,USD,,19699639.0,19363957.0,8136207360.0
RDVT,Red Violet: Still A Compelling Story Going Into 2026,"Discover why Red Violet's financial strength, sector demand, and experienced leadership make it a standout investment in 2026. Click here to read my analysis.",Finnhub,https://finnhub.io/api/news?id=cd22a18815a3817907500a2eb48dcd1807bee0b47231a497b089889aeb991178,2025-12-24T07:06:07,0,"Red Violet, Inc.",United States,NCM,USD,,14088231.0,12728719.0,778092992.0
PPC,Will 25% Sales Growth in Prepared Foods Continue for Pilgrim's Pride?,"PPC reports more than 25% year-over-year growth in prepared foods sales in the third quarter, raising questions about whether that pace can continue.",Finnhub,https://finnhub.io/api/news?id=1e51d33cd908a73f86918f5a20716f7894fed7727c8cd746dd6cb4f574e4331e,2025-12-24T06:53:00,0,Pilgrim's Pride Corporation,United States,NMS,USD,,237547447.0,41898619.0,9459139584.0
RPTX,Update: Gilead Sciences to Acquire Repare Therapeutics' Investigational Cancer Treatment; Repare Shares Rise,(Updates with stock move in the headline and last paragraph.) Gilead Sciences (GILD) has signed a,Finnhub,https://finnhub.io/api/news?id=79d0c46379b41a849b89f762a136c501542bb4111dfbe8f051525a8bae3a1368,2025-12-24T06:49:35,0,Repare Therapeutics Inc.,Canada,NMS,USD,,43108362.0,25786295.0,110788480.0
MCY,MCY Stock Near 52-Week High: Time to Add it for Better Returns?,"Mercury General gains from rising premiums, strong P&C performance, and solid investment income, which highlight sustained financial strength.",Finnhub,https://finnhub.io/api/news?id=714527ec149374912cd14bc976118aec84ab631564593b7e265a1428a5299c46,2025-12-24T06:43:00,0,Mercury General Corporation,United States,NYQ,USD,,55388627.0,26555523.0,5203761664.0
DY,Is Dycom Industries (DY) Stock Outpacing Its Construction Peers This Year?,Here is how Dycom Industries (DY) and Great Lakes Dredge & Dock (GLDD) have performed compared to their sector so far this year.,Finnhub,https://finnhub.io/api/news?id=89f43dccc4a90ba85603df9ffed9ee42c417390b609e60826a338a2ee49d0be2,2025-12-24T06:40:05,0,"Dycom Industries, Inc.",United States,NYQ,USD,,29967120.0,23827934.0,10417470464.0
NVR,NVR Inc.’s Q4 2025 Earnings: What to Expect,"Homebuilder NVR, Inc. is set to report its Q4 results soon. What are analysts expecting out of the upcoming earnings?",Finnhub,https://finnhub.io/api/news?id=d7eb75a4fc15b2fb5532e4c7c06460922b9f97d009fd3d197ccd258aa84d0801,2025-12-24T06:30:18,0,"NVR, Inc.",,,,,2732735.0,2794995.0,20397676544.0
MELI,MercadoLibre (MELI) Is Considered a Good Investment by Brokers: Is That True?,"The average brokerage recommendation (ABR) for MercadoLibre (MELI) is equivalent to a Buy. The overly optimistic recommendations of Wall Street analysts make the effectiveness of this highly sought-after metric questionable. So, is it worth buying the stock?",Finnhub,https://finnhub.io/api/news?id=7c29f74c8008c99076b95a7fa4173e4e738da9ae2d43cd37b0afab13a96e830f,2025-12-24T06:30:04,0,"MercadoLibre, Inc.",Uruguay,NMS,USD,,50697182.0,47022143.0,101683847168.0
ORMP,"Oramed Pharmaceuticals: Scarred, Well-Capitalized, And Regrouping After Setback",Oramed (ORMP) targets a new patient subset after FDA setback. Learn how promising trials may revive its protein oral delivery platform. Click here to read more.,Finnhub,https://finnhub.io/api/news?id=5c04813ac4c705f8fdad0e9171aabf54ea135249cf79c35f958cdd464b3bd7e6,2025-12-24T06:28:51,0,Oramed Pharmaceuticals Inc.,United States,NCM,USD,,39802455.0,31351598.0,117552288.0
NRIM,"Zacks.com featured highlights include Strattec Security, Astronics, Willdan, Great Lakes Dredge & Dock and Northrim BanCorp","Zacks highlights five stocks with strong late-2025 momentum, as Strattec Security, Astronics and peers post solid gains into year-end.",Finnhub,https://finnhub.io/api/news?id=49710511075c49467de4a542aa9886c12ba11a94c93cfe22b043c483725cdab7,2025-12-24T06:19:00,0,"Northrim BanCorp, Inc.",United States,NMS,USD,,22090668.0,21453573.0,599319808.0
WLDN,"Zacks.com featured highlights include Strattec Security, Astronics, Willdan, Great Lakes Dredge & Dock and Northrim BanCorp","Zacks highlights five stocks with strong late-2025 momentum, as Strattec Security, Astronics and peers post solid gains into year-end.",Finnhub,https://finnhub.io/api/news?id=49710511075c49467de4a542aa9886c12ba11a94c93cfe22b043c483725cdab7,2025-12-24T06:19:00,0,"Willdan Group, Inc.",United States,NGM,USD,,14749882.0,14319333.0,1641219328.0
BLKB,Blackbaud Up 12.5% in a Month: How to Approach the Stock Now?,"BLKB aims for AI-led product launches and margin expansion, targets Rule of 45 by 2030 and boosts cash flow as shares jump 13% in a month.",Finnhub,https://finnhub.io/api/news?id=799806e43b1a258e6c2e10b96ec65354cc3877b763cfb8095a3427319e2842f2,2025-12-24T06:17:00,0,"Blackbaud, Inc.",United States,NMS,USD,,47834179.0,36285683.0,3114764800.0
DY,Is Dycom Positioned to Win Big as States Accelerate BEAD Funding?,"Can DY win big as BEAD funding accelerates, with early awards, a record backlog and scale advantages supporting upside?",Finnhub,https://finnhub.io/api/news?id=3676cc6a9ab2677c97db90730987eb7f8db100c519fc1646679a40e7d7881b93,2025-12-24T06:09:00,0,"Dycom Industries, Inc.",United States,NYQ,USD,,29967120.0,23827934.0,10417470464.0
METC,"Ramaco Resources: Buyback Strength, But The Cycle Still Matters","Ramaco Resources, Inc. announces $100M buyback amid strong liquidity and cost control. Click for more on METC and met coal market trends and long-term upside.",Finnhub,https://finnhub.io/api/news?id=33023c7796f44f5e8263f4830601a609f4c24f72c4177781af196dd6fda48220,2025-12-24T06:03:46,0,"Ramaco Resources, Inc.",US,NASDAQ NMS - GLOBAL MARKET,USD,2017-02-03,55159985.0,42145669.0,1183577216.0
METCB,"Ramaco Resources: Buyback Strength, But The Cycle Still Matters","Ramaco Resources, Inc. announces $100M buyback amid strong liquidity and cost control. Click for more on METC and met coal market trends and long-term upside.",Finnhub,https://finnhub.io/api/news?id=33023c7796f44f5e8263f4830601a609f4c24f72c4177781af196dd6fda48220,2025-12-24T06:03:46,0,"Ramaco Resources, Inc.",United States,NMS,USD,,10998605.0,42145669.0,1562385408.0
ESQ,Esquire Financial Holdings: Shares Are Becoming Difficult To Justify,"Esquire Financial Holdings, Inc. is rated a Hold due to its expensive valuation and strong fundamentals. Learn more about ESQ stock here.",Finnhub,https://finnhub.io/api/news?id=e98e312a91879442e068f201d49be2d7ecba230d72e2fedc39310968ad9a314e,2025-12-24T05:58:26,0,"Esquire Financial Holdings, Inc.",United States,NCM,USD,,8565491.0,6778413.0,899633536.0
KALU,Fast-paced Momentum Stock Kaiser (KALU) Is Still Trading at a Bargain,"If you are looking for stocks that have gained strong momentum recently but are still trading at reasonable prices, Kaiser (KALU) could be a great choice. It is one of the several stocks that passed through our 'Fast-Paced Momentum at a Bargain' screen.",Finnhub,https://finnhub.io/api/news?id=ae54cccf87b2958ca2bc44d7f8bc32b80a39e99323ebd3d43280ca9148daef97,2025-12-24T05:55:02,0,Kaiser Aluminum Corporation,United States,NMS,USD,,16206255.0,15745344.0,1905045376.0
WLDN,Here's Why Momentum in Willdan (WLDN) Should Keep going,"Willdan (WLDN) could be a great choice for investors looking to make a profit from fundamentally strong stocks that are currently on the move. It is one of the several stocks that made it through our ""Recent Price Strength"" screen.",Finnhub,https://finnhub.io/api/news?id=e2d17b87e0b6ba1037be90c285e0b6f8073b0878ce55b157c5b302156eaa90e0,2025-12-24T05:55:02,0,"Willdan Group, Inc.",United States,NGM,USD,,14749882.0,14319333.0,1641219328.0
FDS,Jobless Claims Fall. What That Means for Fed Rate Cuts.,"The number of Americans filing for initial unemployment benefits dropped last week, suggesting the labor market is still in a relatively good place as the year draws to a close.  The jobless claims number fell by 10,000 to 214,00 for the week ended Dec. 20, according to Labor Department data published on Wednesday.  The drop in jobless claims is good news for the economy, although a stronger labor market may weaken the case for the Federal Reserve to carry on cutting interest rates in early 2026",Finnhub,https://finnhub.io/api/news?id=7399de347fe2b2f86fca8a91b4365ca301cc417c3bf12e3d6a0518db95bc835a,2025-12-24T05:51:47,0,FactSet Research Systems Inc.,United States,NYQ,USD,,37419936.0,37285924.0,11044493312.0
EG,Everest Group: Writing Insurance On An Insurance Company For 14% Yield,Discover Everest Group Ltd.'s outlook post-Q3-2025 earnings. Learn why EG is a Hold now and when a pullback could offer a strong investment entry.,Finnhub,https://finnhub.io/api/news?id=a9252adf5f489c2249a238cabcdc49aa6b6b492bb3b48c164cf527709ed7e877,2025-12-24T05:35:06,0,"Everest Group, Ltd.",,,,,41978058.0,31598983.0,14168853504.0
CCB,Coastal Financial Corporation: An Interesting Prospect I Can't Justify Buying,"Coastal Financial Corporation exhibits robust deposit growth, expanding its balance sheet & profitability. Click here to read why CCB stock is a Hold.",Finnhub,https://finnhub.io/api/news?id=bf98a4ae3d6264c048ada182d4ca3856ea6594e9e4ce7d2a7a9ee5df83b4e3c6,2025-12-24T05:16:46,0,Coastal Financial Corporation,United States,NMS,USD,,15121263.0,13020466.0,1767826944.0
EDBL,Edible Garden to Start Shipping Pulp and Pickle Party to Western Beef,"Strengthens Company Footprint In The New York Metropolitan Area Amid Continued Demand For Clean-Label, Better-For-You, FoodsBELVIDERE, NJ, Dec. 24, 2025 (GLOBE NEWSWIRE) -- Edible Garden AG Incorporated (“Edible Garden” or the “Company”) (Nasdaq: EDBL, EDBLW), a leading provider of controlled environment agriculture (CEA) solutions and sustainable, locally grown organic produce, today announced that Western Beef, a prominent regional supermarket operator, is now carrying the Company’s Pulp ferme",Finnhub,https://finnhub.io/api/news?id=6d7a7c7ce868e552555b748cb7ba3615044b77b92a3ea26a568db41822d9890b,2025-12-24T04:45:00,0,Edible Garden AG Incorporated,United States,NCM,USD,,5126655.0,4824234.0,3691191.0
WSO,Watsco (WSO) Reported Mixed Performance in Q3,"Qualivian Investment Partners, an investment partnership focused on long-only public equities, released its Q3 2025 investor letter. A copy of the letter can be downloaded here. The fund outperformed the iShares MSCI USA Quality Factor ETF (QUAL) by 69.2% and 61.3% on a gross and net basis, since inception through September 30, 2025. It also exceeded […]",Finnhub,https://finnhub.io/api/news?id=d9290214d4771d0a1771f2bce000ae4dfae91e02a8f603c723f42b25825170aa,2025-12-24T04:10:12,1,"Watsco, Inc.",,,,,34923800.0,32911048.0,14156713984.0
CNCK,December 2025's Top Penny Stocks With Financial Strength,"As the S&P 500 reaches record highs, investors are increasingly looking beyond large-cap stocks to diversify their portfolios. Penny stocks, a term that may seem outdated but still relevant, often represent smaller or newer companies that can offer unique opportunities. By focusing on those with strong financial health and potential for growth, investors might uncover promising options among these lesser-known equities.",Finnhub,https://finnhub.io/api/news?id=f209899726a28523972305f729954e7768874185d53693e06d3942786512b5c0,2025-12-24T04:04:45,0,Coincheck Group N.V.,Netherlands,NGM,USD,,135822026.0,7820570.0,472660672.0
SPIR,Alliance Global Partners Downgrades Spire Global (SPIR),,Finnhub,https://finnhub.io/api/news?id=3669f8f960c654a9462f4f5df6520651610ce45fa6de048f674da32608b3e621,2025-12-24T04:02:35,0,"Spire Global, Inc.",United States,NYQ,USD,,33100260.0,28490056.0,256196000.0
RPTX,"Repare Therapeutics Announces Acquisition of Polθ ATPase Inhibitor, RP-3467, by Gilead Sciences for Up To $30 Million in Total Consideration","CAMBRIDGE, Mass. & MONTREAL, December 24, 2025--Repare Therapeutics Inc. (""Repare"" or the ""Company"") (Nasdaq: RPTX), a clinical-stage precision oncology company, today announced a definitive asset purchase agreement for Gilead Sciences, Inc. to acquire Repare’s polymerase theta (Polθ) ATPase inhibitor, RP-3467 (the ""Gilead Agreement"").",Finnhub,https://finnhub.io/api/news?id=ace9adaca610ea8a37b5401a7eba995b59276c25a87868202d55eaaed4461fe6,2025-12-24T04:00:00,1,Repare Therapeutics Inc.,Canada,NMS,USD,,43108362.0,25786295.0,110788480.0
NRIM,Undervalued Small Caps With Insider Action To Consider In December 2025,"As the U.S. stock market reaches new heights with the S&P 500 closing at a record high, small-cap stocks are gaining attention amidst a robust economic backdrop marked by stronger-than-expected GDP growth. In this thriving environment, identifying small-cap companies with potential insider action can offer intriguing opportunities for investors looking to diversify their portfolios.",Finnhub,https://finnhub.io/api/news?id=4f3051483b1732cbd552ba7cc4b80151fdd056d8632661dc03e7053b06bcbf0c,2025-12-24T03:39:39,0,"Northrim BanCorp, Inc.",United States,NMS,USD,,22090668.0,21453573.0,599319808.0
MRKR,Exploring US High Growth Tech Stocks for Potential Expansion,"As the U.S. stock market reaches new highs with the S&P 500 closing at a record level and tech stocks leading recent gains, investors are closely watching high-growth sectors for potential opportunities. In this environment, identifying strong tech stocks involves considering their capacity for innovation and resilience amid evolving economic conditions.",Finnhub,https://finnhub.io/api/news?id=92164124a2470cf020d45f4afd012ec3b0bfea41c32189de871290a4a8bea841,2025-12-24T03:38:29,0,"Marker Therapeutics, Inc.",United States,NCM,USD,,16673127.0,13676466.0,23925936.0
CWBC,3 Stocks That Investors Might Be Undervaluing By Up To 32.3%,"As the S&P 500 closes at a record high, buoyed by stronger-than-expected economic growth and a tech stock rally, investors are keenly observing which sectors might lead the market next year. Amidst this optimistic environment, identifying undervalued stocks becomes crucial as they may offer potential opportunities for those looking to capitalize on market inefficiencies.",Finnhub,https://finnhub.io/api/news?id=6ee5568e1ac1d648ef5befc6ffeff999d2faf4fa82dc7601bb4a5d508e72fe4c,2025-12-24T03:37:56,0,Community West Bancshares,United States,NCM,USD,,19160403.0,15348966.0,434749568.0
PAYC,Paycom price target lowered to $185 from $191 at Citi,"Citi lowered the firm’s price target on Paycom (PAYC) to $185 from $191 and keeps a Neutral rating on the shares. The firm adjusted models in the application software group after catching up with managements. Companies are facing a stable but uncertain demand environment, with some relief from the reopening of the U.S. government, the analyst tells investors in a research note. Citi names Pegasystems (PEGA) its new top pick, saying the company is the leader in artificial intelligence monetizatio",Finnhub,https://finnhub.io/api/news?id=7871aa2d60742d61bf46be68cd35d260da8c1020ba2beff485fde8109c059a95,2025-12-24T03:35:34,0,"Paycom Software, Inc.",,,,,54906117.0,48407978.0,9024119808.0
PCTY,Paylocity price target raised to $179 from $175 at Citi,"Citi analyst Steven Enders raised the firm’s price target on Paylocity (PCTY) to $179 from $175 and keeps a Buy rating on the shares. The firm adjusted models in the application software group after catching up with managements. Companies are facing a stable but uncertain demand environment, with some relief from the reopening of the U.S. government, the analyst tells investors in a research note. Citi names Pegasystems (PEGA) its new top pick, saying the company is the leader in artificial inte",Finnhub,https://finnhub.io/api/news?id=a44d4ccbbe2bdcbe0df83f1cde121a9bd1be00247d6227bf6289e6867fd4bd81,2025-12-24T03:35:27,0,Paylocity Holding Corporation,US,NASDAQ NMS - GLOBAL MARKET,USD,2014-03-19,54381607.0,43726075.0,8475584000.0
CSL,"2026 Bloomberg Watch List Has 4 Ideal ""Safer"" DiviDog Buys",Discover Bloomberg's 2026 Dividend Focus picksâtop stocks with high yields & cash flow. See potential gainers & learn contrarian strategies.,Finnhub,https://finnhub.io/api/news?id=4478ee4529696e0ae622ea8ba640d24970aad6444f5122555085cef2a17e9e6f,2025-12-24T03:34:06,0,Carlisle Companies Incorporated,United States,NYQ,USD,,41785774.0,41178458.0,14121423872.0
UNB,US Market's Undiscovered Gems to Explore This December 2025,"As the U.S. stock market continues to reach new heights, with the S&P 500 closing at a record high after a series of positive economic indicators, investors are keenly observing the landscape for promising opportunities. In this vibrant market environment, identifying undiscovered gems among small-cap stocks can offer unique growth potential, especially as these companies often thrive in periods of robust economic expansion and increased consumer spending.",Finnhub,https://finnhub.io/api/news?id=f1b7a843ae39900a6c0900c4e5697d4deac5510dfe27d26fd34665bda9fd3b47,2025-12-24T03:33:09,0,"Union Bankshares, Inc.",United States,NGM,USD,,4582423.0,3784257.0,107778592.0
SD,US Market's Undiscovered Gems to Explore This December 2025,"As the U.S. stock market continues to reach new heights, with the S&P 500 closing at a record high after a series of positive economic indicators, investors are keenly observing the landscape for promising opportunities. In this vibrant market environment, identifying undiscovered gems among small-cap stocks can offer unique growth potential, especially as these companies often thrive in periods of robust economic expansion and increased consumer spending.",Finnhub,https://finnhub.io/api/news?id=f1b7a843ae39900a6c0900c4e5697d4deac5510dfe27d26fd34665bda9fd3b47,2025-12-24T03:33:09,0,"SandRidge Energy, Inc.",United States,NYQ,USD,,36773746.0,36061609.0,526232288.0
BCBP,"Individual investors account for 49% of BCB Bancorp, Inc.'s (NASDAQ:BCBP) ownership, while institutions account for 40%",Key Insights BCB Bancorp's significant individual investors ownership suggests that the key decisions are influenced by...,Finnhub,https://finnhub.io/api/news?id=51f568701b2fc60779d3f3e10628cbb2c8a650fa820681be18c587e69be57ef9,2025-12-24T03:25:21,0,"BCB Bancorp, Inc.",US,NASDAQ NMS - GLOBAL MARKET,USD,2005-12-14,17228206.0,15365320.0,142477264.0
CELC,"Celcuity: After Stellar 2025, I Predict More Success In 2026 And Beyond","Celcuity Inc. soared on best-in-class Phase 3 breast cancer data. Click to see why I have a Buy rating on CELC due to data, regulatory filings, and potential M&A.",Finnhub,https://finnhub.io/api/news?id=2b372dce414b5b245a5f88c1e00d954adc282bc964ba067ba8e9a39de5ba9c66,2025-12-24T03:25:01,1,Celcuity Inc.,US,NASDAQ NMS - GLOBAL MARKET,USD,2017-09-20,46271259.0,30876348.0,4731236352.0
HFWA,"With 86% institutional ownership, Heritage Financial Corporation (NASDAQ:HFWA) is a favorite amongst the big guns",Key Insights Significantly high institutional ownership implies Heritage Financial's stock price is sensitive to their...,Finnhub,https://finnhub.io/api/news?id=9af96fe1fb2413f54532233c77c5abfaaa83abacf3796656dae340aaa2aacd3c,2025-12-24T03:18:10,0,Heritage Financial Corporation,United States,NMS,USD,,33956738.0,33332613.0,830242304.0
AEYE,One AudioEye Insider Raised Stake By 13% In Previous Year,"Viewing insider transactions for AudioEye, Inc.'s ( NASDAQ:AEYE ) over the last year, we see that insiders were net...",Finnhub,https://finnhub.io/api/news?id=c2d2d67d5dd9c965f0c7d8dc65b4ea7b95e8e216bca1454038a8ee61855a1956,2025-12-24T02:54:11,0,"AudioEye, Inc.",United States,NCM,USD,,12418617.0,8480549.0,132755008.0
BWMN,"With 63% ownership, Bowman Consulting Group Ltd. (NASDAQ:BWMN) boasts of strong institutional backing",Key Insights Institutions' substantial holdings in Bowman Consulting Group implies that they have significant influence...,Finnhub,https://finnhub.io/api/news?id=981b304053a54be684082d59118ecbc8dc4dd768a50029ce9fbe15b52393e05a,2025-12-24T02:47:01,0,Bowman Consulting Group Ltd.,United States,NGM,USD,,17373129.0,14063200.0,601110208.0
WBI,Exploring Midstream's Water Handling Services,"Water is a key feature of energy production, both as an inconvenient byproduct and an essential input for fracking. Select midstream companies provide water services. Read more here...",Finnhub,https://finnhub.io/api/news?id=3c6de7f9b5ae82c74d989b5c7b11ffdb7976b07519e563d694262c528369fb32,2025-12-24T01:50:00,0,WaterBridge Infrastructure LLC,United States,NYQ,USD,,43264850.0,29725548.0,873517376.0
GNSS,"Genasys Will Probably Become Profitable In FY26, But Beyond That It Is Still Very Uncertain","Genasys Inc. (GNSS) delivered record 4Q25 results, driven by the Puerto Rico emergency warning system project and a US Navy order.",Finnhub,https://finnhub.io/api/news?id=f734504399aebead5d3f1cc95e95dbe0812c96f3b10e76fe0788472a3d86fc66,2025-12-24T01:43:32,0,Genasys Inc.,United States,NCM,USD,,45193561.0,38374305.0,100329704.0
WSR,3 Once-In-A-Decade REIT Buying Opportunities For 2026,Discover 3 REITs trading at historic lows in 2026 with significant upside potential.,Finnhub,https://finnhub.io/api/news?id=433deddd91ca3810aad679c8e786857360870e3e8a973a65c6c4bff0c98025fc,2025-12-24T00:50:15,0,Whitestone REIT,,,,,51020124.0,44958933.0,708818048.0
XIORF,3 Once-In-A-Decade REIT Buying Opportunities For 2026,Discover 3 REITs trading at historic lows in 2026 with significant upside potential.,Finnhub,https://finnhub.io/api/news?id=433deddd91ca3810aad679c8e786857360870e3e8a973a65c6c4bff0c98025fc,2025-12-24T00:50:15,0,Xior Student Housing NV,,,,,46695094.0,38642058.0,1510119424.0
HII,"Company News for Dec 24, 2025","Companies In The News Are: NVO, HII, NOW, ZIM.",Finnhub,https://finnhub.io/api/news?id=9d238ec5ce1f29f48f151441cfa656a20b161aa59924526e57033745e2e42b23,2025-12-24T00:47:00,0,"Huntington Ingalls Industries, Inc.",US,"NEW YORK STOCK EXCHANGE, INC.",USD,2011-03-19,39241434.0,38987542.0,13778844672.0
PPIH,2026 Playbook: My Market Outlook Is To Bet On The Consumer And Double Down On AI,Discover why the S&P 500 is rated 'Buy' for 2026 as tax cuts and consumer resilience boost GDP.,Finnhub,https://finnhub.io/api/news?id=b695db961f24eb86daea30a2df2c901717d64aa95b5cf2b37523f4f5f1801237,2025-12-24T00:45:00,0,"Perma-Pipe International Holdings, Inc.",United States,NGM,USD,,8094045.0,7242794.0,266941632.0
PSIX,2026 Playbook: My Market Outlook Is To Bet On The Consumer And Double Down On AI,Discover why the S&P 500 is rated 'Buy' for 2026 as tax cuts and consumer resilience boost GDP.,Finnhub,https://finnhub.io/api/news?id=b695db961f24eb86daea30a2df2c901717d64aa95b5cf2b37523f4f5f1801237,2025-12-24T00:45:00,0,"Power Solutions International, Inc.",United States,NCM,USD,,23040930.0,8426299.0,1508950400.0
LYEL,Lyell Immunopharma: LYL314 Drives Momentum Amid Strong ASH Data,"Discover why Lyell Immunopharma (LYEL) stock is up 191% YTD. Explore CAR T therapy breakthroughs, trial milestones, and key investment insights.",Finnhub,https://finnhub.io/api/news?id=80431030014aea059ef0e11ab6cef36ac565cb42f6a2daf0adb612b9d2ec2660,2025-12-24T00:30:00,1,"Lyell Immunopharma, Inc.",United States,NMS,USD,,21243954.0,12170981.0,745450368.0
PMI,Philip Morris: Smoke 'Em If You Got 'Em,,Finnhub,https://finnhub.io/api/news?id=56775b3bfd9f0979e87dc5886298452873217984a0c4b0ad2d69f1c739527220,2025-12-24T00:00:00,0,"Picard Medical, Inc.",United States,ASE,USD,,73701176.0,26138859.0,145191312.0
GALT,Galectin Therapeutics: Runway With Convertible Financing But Dilution Overhang Remains,"Galectin Therapeutics Inc. is rated a Hold due to absence of finalized agreement with FDA, combined with a tight runway. Read more on GALT stock here.",Finnhub,https://finnhub.io/api/news?id=a9f7d636d140c28135289ea137177b40aa663fd488690134e2ad2ca467ac39b5,2025-12-23T23:45:28,0,Galectin Therapeutics Inc.,United States,NCM,USD,,64472792.0,45758275.0,261140800.0
LMNR,"After Another Enormous Earnings Miss, Limoneira Tries To Spin Transition Away From Lemons",Limoneira Company is downgraded to Sell after another significant EPS miss & mounting losses in Q4 & full-year 2025. Read more on LMNR stock here.,Finnhub,https://finnhub.io/api/news?id=f4b4c33b0a95705e78effe288cb57f2bfa9e48235c04a4322ac5a3261d244aee,2025-12-23T23:45:00,0,Limoneira Company,,,,,18119117.0,16470277.0,232287056.0
LB,"Energy Is, By Far, My Favorite Sector For 2026",Discover why energy stocks may be poised for a turnaround as market sentiment and fundamentals divergeâlearn how investors can benefit from this rare setup.,Finnhub,https://finnhub.io/api/news?id=27bca6623b1c4f66e8c278bd1a95d3828f010c760b3a633bad8fb2e06608b2bd,2025-12-23T23:30:00,0,LandBridge Company LLC,United States,NYQ,USD,,27838199.0,25195292.0,4135450112.0
WBI,"Energy Is, By Far, My Favorite Sector For 2026",Discover why energy stocks may be poised for a turnaround as market sentiment and fundamentals divergeâlearn how investors can benefit from this rare setup.,Finnhub,https://finnhub.io/api/news?id=27bca6623b1c4f66e8c278bd1a95d3828f010c760b3a633bad8fb2e06608b2bd,2025-12-23T23:30:00,0,WaterBridge Infrastructure LLC,United States,NYQ,USD,,43264850.0,29725548.0,873517376.0
MCRI,"Monarch Casino: Valuation Is Nearly Fair, Optionality Is Not","Monarch Casino & Resort, Inc. remains a top regional casino play, maintaining a Buy rating. Learn more about MCRI stock here.",Finnhub,https://finnhub.io/api/news?id=5c68fcb22b6430173d1b8f941ef61238e3b66a895ed7b457838904ce8e9d39f3,2025-12-23T23:13:00,0,"Monarch Casino & Resort, Inc.",US,NASDAQ NMS - GLOBAL MARKET,USD,1993-08-06,18250291.0,12493237.0,1796238592.0
SAMG,"Silvercrest: Unique Asset Manager, Building Toward The Next Phase Of Growth",Silvercrest Asset Management Group Inc. is rated a Hold with robust financials and strong dividend yields. Learn more about SAMG stock here.,Finnhub,https://finnhub.io/api/news?id=f0ab607767c0929fa6acd57e54f7567808ce3f3a861badf2ba813da5d7053ed9,2025-12-23T23:05:15,0,Silvercrest Asset Management Group Inc.,US,NASDAQ NMS - GLOBAL MARKET,USD,2013-06-27,8121141.0,7801818.0,128549952.0
WLTH,Why Wealthfront Could Be The Costco Of Fintech,"Wealthfront Corporation is rated a Buy due to reasonable valuation, high insider ownership, & strong product-market fit. Read more on WLTH stock here.",Finnhub,https://finnhub.io/api/news?id=f5abe2e338113c58e3c411f70cb6d78dba54a29af2d98c024b1b84255bdaa2ef,2025-12-23T22:21:14,0,Wealthfront Corporation,United States,NMS,USD,,146268749.0,21338748.0,1940986368.0
MNTN,MNTN: Hold In View Of Growing Streaming Volumes Into 2026 And Rising Cash Balance,"MNTN, Inc. is rated a Hold, as shares trade at fair value, despite revenue growth and net income increase. Learn more about MNTN stock here.",Finnhub,https://finnhub.io/api/news?id=bf5c220ba3f998cfeea9bca29ee7ab2ff6af167782178b7b4a67f2a4f48c31fc,2025-12-23T22:17:09,1,"MNTN, Inc.",US,"NEW YORK STOCK EXCHANGE, INC.",USD,2025-05-22,44231894.0,21865935.0,868428096.0
JILL,"J.Jill Expects A Bad Q4, But Could Become An Opportunity Then","J.Jill, Inc. delivered a superficially stable 3Q25, but underlying store traffic & profitability trends are concerning. Read why JILL stock is a Hold.",Finnhub,https://finnhub.io/api/news?id=790e82eae23b2998bbe07dc6b29865e2c79fb23030cb7197abb82f26d3fc910a,2025-12-23T21:59:00,0,"J.Jill, Inc.",US,"NEW YORK STOCK EXCHANGE, INC.",USD,2017-03-09,15115353.0,6052338.0,220040560.0
LXFR,"Luxfer: Sleepy, Dividend-Paying, And Cheap","Luxferâs growth remains modest, driven by end-market cyclicality and a passive management approach. Click here to read my latest analysis of LXFR stock.",Finnhub,https://finnhub.io/api/news?id=d0242dac0b342976be28b521646662a26a74808a5fd8d63acefc63a77b30e742,2025-12-23T21:43:31,0,Luxfer Holdings PLC,US,"NEW YORK STOCK EXCHANGE, INC.",USD,2012-10-03,26721510.0,26372794.0,375971648.0
MELI,"MercadoLibre's Ecosystem Strengthens, But Rerating Triggers Remain Absent",,Finnhub,https://finnhub.io/api/news?id=4a4994d10c187e73839dd00fd4fb418a03ec0dd060d5d0e1fcbade0368f1204d,2025-12-23T21:08:06,0,"MercadoLibre, Inc.",Uruguay,NMS,USD,,50697182.0,47022143.0,101683847168.0
WLDN,Will Santa Claus Rally For Top AI Stocks?,"Discover how the 2025 Santa Claus rally could boost AI stocks, with three top AI Strong Buys plus a bonus cannabis pick powered by strong fundamentals.",Finnhub,https://finnhub.io/api/news?id=58a74a22f882f1b1e44c0dc40ef7ea4b217ebd49e1e8b28914f5bafbd12b180e,2025-12-23T21:00:00,0,"Willdan Group, Inc.",United States,NGM,USD,,14749882.0,14319333.0,1641219328.0
GABC,1 Safe-and-Steady Stock with Competitive Advantages and 2 We Ignore,"Low-volatility stocks may offer stability, but that often comes at the cost of slower growth and the upside potential of more dynamic companies.",Finnhub,https://finnhub.io/api/news?id=5787acb96e991a5576c25b0f93d5f08ba6caa118c022abea8b9361c25bd5a3c4,2025-12-23T20:35:27,0,"German American Bancorp, Inc.",US,NASDAQ NMS - GLOBAL MARKET,USD,1993-05-18,37491797.0,35903644.0,1504216064.0
RH,1 Volatile Stock with Solid Fundamentals and 2 Facing Challenges,"A highly volatile stock can deliver big gains - or just as easily wipe out a portfolio if things go south. While some investors embrace risk, mistakes can be costly for those who aren’t prepared.",Finnhub,https://finnhub.io/api/news?id=59e1c113acfd902ffeb16a4a35d550b5029269a87624bc39c3b8627209a4621e,2025-12-23T20:34:05,0,RH,United States,NYQ,USD,,18777699.0,15300445.0,3486080000.0
CHE,1 of Wall Street’s Favorite Stock to Consider Right Now and 2 Facing Challenges,"Wall Street is overwhelmingly bullish on the stocks in this article, with price targets suggesting significant upside potential. However, it’s worth remembering that analysts rarely issue sell ratings, partly because their firms often seek other business from the same companies they cover.",Finnhub,https://finnhub.io/api/news?id=a749f238763b802f81b1b2e95f98ac363411b879c30176ad35f7e48458244531,2025-12-23T20:34:01,0,Chemed Corporation,,,,,14108915.0,13876823.0,6297594880.0
FCFS,3 Russell 2000 Stocks with Open Questions,"The Russell 2000 (^RUT) is packed with potential breakout stocks, thanks to its focus on smaller companies with high growth potential. However, smaller size also means these businesses often lack the resilience and financial flexibility of large-cap firms, making careful selection crucial.",Finnhub,https://finnhub.io/api/news?id=584640a54b3e823cab7c5f9f1470d79cf8d39ad2230ec7e80fc0918d6c787a72,2025-12-23T20:32:20,0,"FirstCash Holdings, Inc.",United States,NMS,USD,,44134150.0,39062253.0,7140921344.0
CAR,3 Cash-Burning Stocks We Keep Off Our Radar,"While some companies burn cash to fuel expansion, others struggle to turn spending into sustainable growth. A high cash burn rate without a strong balance sheet can leave investors exposed to significant downside.",Finnhub,https://finnhub.io/api/news?id=17a3f803b2c08d8296a82899e040ab6d8937605a9a31b29d9b2b3b7f268ffe37,2025-12-23T20:32:16,0,"Avis Budget Group, Inc.",US,NASDAQ NMS - GLOBAL MARKET,USD,1983-09-15,35196992.0,13948920.0,4643538944.0
NDSN,3 Profitable Stocks Walking a Fine Line,Not all profitable companies are built to last - some rely on outdated models or unsustainable advantages. Just because a business is in the green today doesn’t mean it will thrive tomorrow.,Finnhub,https://finnhub.io/api/news?id=aab9c6f4a9da2918934043044f3d3b6d54a8d7d2aa29bd095a3cf5822f29a6e2,2025-12-23T20:32:10,0,Nordson Corporation,United States,NMS,USD,,55823516.0,49763315.0,13620379648.0
LII,2 S&P 500 Stocks Worth Investigating and 1 We Avoid,"While the S&P 500 (^GSPC) includes industry leaders, not every stock in the index is a winner. Some companies are past their prime, weighed down by poor execution, weak financials, or structural headwinds.",Finnhub,https://finnhub.io/api/news?id=f4c2d7c043dbeae9446b2eb04996051f22c8736217448712bbfadd05c79e212f,2025-12-23T20:31:02,0,Lennox International Inc.,United States,NYQ,USD,,35072782.0,31746479.0,17497511936.0
APPF,AppFolio (APPF): Revisiting Valuation After Recent Bounce and Longer-Term Share Price Outperformance,"Why AppFolio Stock Is Back on Investors Radar AppFolio (APPF) has quietly outperformed the broader software space over the past month, even as the stock remains down over the past 3 months, inviting a closer look at its setup. See our latest analysis for AppFolio. That recent 30 day share price return of just over 4% has only partly repaired a tougher 90 day stretch, but with a three year total shareholder return above 130%, long term momentum still looks firmly intact. If AppFolio’s rebound...",Finnhub,https://finnhub.io/api/news?id=a6a51bba4f42df5cebe4c9d9b282ce8210f0b2199c086f3eb1e6ba88f3698aa3,2025-12-23T20:25:50,0,"AppFolio, Inc.",United States,NGM,USD,,23073192.0,21674236.0,8523781120.0
BFH,BFH.PR.A: An 8.625% Preferred Stock IPO From Bread Financial Holdings,"Bread Financial issued 8.625% non-cumulative preferred stock, BFH.PR.A, currently yielding 8.75% and callable after December 15, 2030. Read more about BFH.PR.A here.",Finnhub,https://finnhub.io/api/news?id=62f0e61628bca1bedc39751c9f5805832474a5b91b531ebf73330e9906a85a4b,2025-12-23T20:21:18,0,"Bread Financial Holdings, Inc.",United States,NYQ,USD,,45600000.0,45224619.0,3494784000.0
AIT,3 Reasons AIT is Risky and 1 Stock to Buy Instead,"Applied Industrial trades at $263.52 per share and has stayed right on track with the overall market, gaining 12.2% over the last six months. At the same time, the S&P 500 has returned 12.9%.",Finnhub,https://finnhub.io/api/news?id=ea73a1fb06ac493cbc28a9cc43c6a73a3d1b878557a0a209a40f578387a6e688,2025-12-23T20:06:24,0,"Applied Industrial Technologies, Inc.",United States,NYQ,USD,,37717910.0,37344880.0,9995728896.0
MPWR,Monolithic Power Systems (MPWR): 3 Reasons We Love This Stock,"Since December 2020, the S&P 500 has delivered a total return of 85.6%. But one standout stock has nearly doubled the market - over the past five years, Monolithic Power Systems has surged 164% to $944.33 per share. Its momentum hasn’t stopped as it’s also gained 31.8% in the last six months thanks to its solid quarterly results, beating the S&P by 18.9%.",Finnhub,https://finnhub.io/api/news?id=6faf92432852095b8205fa78d840c404452546b84b2aebca357e6d52284f8711,2025-12-23T20:06:00,0,"Monolithic Power Systems, Inc.",United States,NMS,USD,,47907000.0,46041501.0,45335351296.0
ALOT,AstroNova Q3: Advancing Toward Financial Stability,"AstroNova posts strong Q3 results and margin growth, boosting its stock. ALOT stock trades at low valuation multiples. Read here for more analysis.",Finnhub,https://finnhub.io/api/news?id=2e8a157d317140a3d8beb7ba66c5d57362ed7ee18a22f49cd88fe455ec978dc8,2025-12-23T19:43:04,0,"AstroNova, Inc.",,,,,7638423.0,5313134.0,62635076.0
KNSL,Unpacking Q3 Earnings: Kinsale Capital Group (NYSE:KNSL) In The Context Of Other Property & Casualty Insurance Stocks,"Earnings results often indicate what direction a company will take in the months ahead. With Q3 behind us, let’s have a look at Kinsale Capital Group (NYSE:KNSL) and its peers.",Finnhub,https://finnhub.io/api/news?id=b8f1e87fe5011a6fd493f0a6af41a67b85b3c294fd9890fca09a80010427e1e7,2025-12-23T19:34:16,0,"Kinsale Capital Group, Inc.",United States,NYQ,USD,,23263426.0,22033954.0,9165987840.0
CACI,Assessing CACI International’s Valuation After a Recent 9% Pullback in the Share Price,"CACI International (CACI) has quietly pulled back about 9% over the past month, even though the stock is still up strongly this year. That disconnect between recent weakness and longer term strength is where things get interesting. See our latest analysis for CACI International. That recent 9% one month share price pullback comes after a strong run, including a roughly 10% 90 day share price return and a one year total shareholder return of about 35%. This suggests momentum is cooling rather...",Finnhub,https://finnhub.io/api/news?id=22a6c14b6f507fe1669929f851372825395366f233cbc212dc5413218e425787,2025-12-23T19:15:11,0,CACI International Inc,United States,NYQ,USD,,22079710.0,21789362.0,11966539776.0
FDS,"Korean Won, Japanese Yen Strengthen on Policymakers’ Warnings Against Excessive Weakness",The Korean won and the Japanese yen strengthened amid Asian policymakers’ warnings against excessive currency weakness versus the U.S. dollar.,Finnhub,https://finnhub.io/api/news?id=a8f13465e1552ab351faf0055745e2793761960fb6b0bc8eb8205b4781db7359,2025-12-23T19:02:00,0,FactSet Research Systems Inc.,United States,NYQ,USD,,37419936.0,37285924.0,11044493312.0
ELE,Are Silver Equities Really Lagging The Silver Price?,"Despite being nowhere near all-time highs in terms of share price performance, silver producers trading at/near their market capitalization highs adjusted for silver prices as whole sector.",Finnhub,https://finnhub.io/api/news?id=7ddfe80bb6aecb98abc4652cfd3624265c7a52b04186bdc88b243434ca36aa56,2025-12-23T18:15:00,0,Elemental Royalty Corporation,Canada,NCM,USD,,63770093.0,16427054.0,1128730624.0
TPB,Turning Point Brands: A Buzzing Growth Story,Turning Point Brands is undervalued because investors are not adequately pricing in the growth of its nicotine pouch segment. See why I rate TPB stock a Buy.,Finnhub,https://finnhub.io/api/news?id=20c5cecffeed7077a231bcd864b9d9b70069b1f8e53f7854b91b045b5bb535ce,2025-12-23T17:57:35,0,"Turning Point Brands, Inc.",United States,NYQ,USD,,19070757.0,16015431.0,2027602816.0
ACNT,"Ascent Industries: Priced For Stagnation, Pivoting For Growth","Ascent Industries (ACNT) pivots to specialty chemicals, boosts margins, and offers upside potential with strong cash, no debt, and growth. See more here.",Finnhub,https://finnhub.io/api/news?id=be1a28331cb1746ea9921caec67edf826c866c1749d42b4d283db3853fc7fb24,2025-12-23T17:29:59,0,Ascent Industries Co.,United States,NGM,USD,,9380000.0,6726933.0,149423408.0
SRFM,"Surf Air Mobility (SRFM): Revisiting Valuation After Q3 Beat, Upgraded Outlook and New Palantir Partnership","Surf Air Mobility (SRFM) jumped roughly 10% in pre market trading after Q3 results topped revenue guidance and management raised the full year outlook, while also unveiling an exclusive SurfOS partnership with Palantir. See our latest analysis for Surf Air Mobility. The pop comes after a bruising stretch, with the 90 day share price return down 50.81 percent and year to date share price return off 64.13 percent. However, the recent 7 day share price return of 9.28 percent hints that sentiment...",Finnhub,https://finnhub.io/api/news?id=5648a7e98e100f578aaf92bb323b8bcc5409fa1e9a3e325a10beba83b70a888b,2025-12-23T17:12:46,1,Surf Air Mobility Inc.,United States,NYQ,USD,,63223450.0,45944472.0,128343600.0
CALM,Cal-Maine Foods: Cheap Enough To Begin Accumulation,"Cal-Maine Foods offers exposure to structurally higher egg prices driven by regulation, consolidation, and resilient demand. See why CALM stock is a Buy now.",Finnhub,https://finnhub.io/api/news?id=78947a70beb7832a49b6e36cd3b2c1f9f90769a781edeb0b82df7784844d23b3,2025-12-23T17:09:46,0,"Cal-Maine Foods, Inc.",United States,NMS,USD,,48499606.0,43854799.0,3975997952.0
TMDX,TransMedics Group: I Estimate A Large Upside By The End Of 2028,,Finnhub,https://finnhub.io/api/news?id=ffd189b4cb43e30c1d0cef783298f4e0ed1a391e9441405e7e38ba24edb7a16c,2025-12-23T16:27:47,0,"TransMedics Group, Inc.",United States,NGM,USD,,34174325.0,33027435.0,4244450816.0
WGO,Benchmark Maintains Winnebago Industries (WGO) Buy Recommendation,,Finnhub,https://finnhub.io/api/news?id=42d0915f827c9063815f95dd310bd9070cbd94c036d1c4b5ce25e9da448a421a,2025-12-23T16:04:17,0,"Winnebago Industries, Inc.",United States,NYQ,USD,,28220626.0,27108733.0,1181033216.0
PAYC,Citigroup Maintains Paycom Software (PAYC) Neutral Recommendation,,Finnhub,https://finnhub.io/api/news?id=aacdcc96d700b14ff952a142c5affa3b485d47652acf9bb28b223b5bfde97bbd,2025-12-23T16:03:44,0,"Paycom Software, Inc.",,,,,54906117.0,48407978.0,9024119808.0
WGO,DA Davidson Maintains Winnebago Industries (WGO) Neutral Recommendation,,Finnhub,https://finnhub.io/api/news?id=55316cabc1ff0797b730ecf1725cd14ff439d441975087e2b3a393f76cd10a50,2025-12-23T16:03:21,0,"Winnebago Industries, Inc.",United States,NYQ,USD,,28220626.0,27108733.0,1181033216.0
WLK,UBS Maintains Westlake (WLK) Buy Recommendation,,Finnhub,https://finnhub.io/api/news?id=63d3e90d07e8c8ba3d0fe889873b636864acb40ac4ea8128aee3cde5912dcb87,2025-12-23T16:03:10,0,Westlake Corporation,United States,NYQ,USD,,128273152.0,33696092.0,9460145152.0
INSP,UBS Maintains Inspire Medical Systems (INSP) Neutral Recommendation,,Finnhub,https://finnhub.io/api/news?id=5581a1584608e6380fd12a53d8d48d7a95b7dd5ec1d01df4912f35571db6c7f4,2025-12-23T16:02:53,0,"Inspire Medical Systems, Inc.",United States,NYQ,USD,,29056434.0,25368301.0,2823460096.0
HII,Closing Bell Movers: Novo Nordisk gains on Wegovy FDA update,"Equity indices finished the first day of holiday-thinned trading week to the upside, as the seasonal “Santa Claus rally” brought its third straight day of gains. Cyclical sectors like Materials and Financials were at the forefront of the rally, while defensively-tilted Consumer Staples underperformed. The opening hour of the evening session is also shaping up constructively as S&P 500 e-minis build on gains above 6,930 and Nasdaq 100 futures extend their advance above 25,700.Claim 70% Off TipRan",Finnhub,https://finnhub.io/api/news?id=f1bbb132b653d0e61840fd7eb16e760e347ee9ff1602d2a4cbe30f7b9aae5bf3,2025-12-23T15:55:15,0,"Huntington Ingalls Industries, Inc.",US,"NEW YORK STOCK EXCHANGE, INC.",USD,2011-03-19,39241434.0,38987542.0,13778844672.0
FJET,This Recent IPO Drops 59% After Big Rise. What’s Behind the Wild Swings.,"Shares of  Starfighters Space  plummeted Tuesday in another tumultuous trading session following the space-launch company’s completion of its initial public offering last week.  Starfighters, which says it owns and operates the world’s largest commercial supersonic aircraft fleet, began trading on the NYSE American small-cap exchange on Thursday.  Starfighters is based at NASA’s Kennedy Space Center in Florida.",Finnhub,https://finnhub.io/api/news?id=3f3fa9faaaadb280ebee2195aba8a752c3b337ecdbf9fae7e787893fe285bd7f,2025-12-23T15:09:00,0,"Starfighters Space, Inc.",United States,ASE,USD,,27862261.0,13662260.0,409018016.0
HII,"Trump to announce Golden Fleet program, building new battleship class, WSJ says","President Trump will announce that the U.S. Navy intends to build a new “Trump-class” battleship as part of the “Golden Fleet” initiative, The Wall Street Journal’s Lara Seligman and Marcus Weisgerber report, citing a U.S. official. The new battleship will be an upgrade relative to the Navy’s Arleigh Burke-class destroyers, which Trump has compared unfavorably to rival navies, the report states. Shares of Huntington Ingalls (HII) are up 4% afterhours following the WSJ report.Claim 70% Off TipRan",Finnhub,https://finnhub.io/api/news?id=41d5905af90bb7ee31dc1acba19931d85d9da9490e8f605385e1bf58921deba5,2025-12-23T15:00:48,0,"Huntington Ingalls Industries, Inc.",US,"NEW YORK STOCK EXCHANGE, INC.",USD,2011-03-19,39241434.0,38987542.0,13778844672.0
HII,"Stocks to Watch Tuesday Recap: Novo Nordisk, Huntington Ingalls, ServiceNow","↗️ Novo Nordisk (NVO): The Danish drugmaker will start selling a pill version of its Wegovy weight-loss medicine in January, after securing approval from U.S. regulators. Novo Nordisk's stock jumped and its U.",Finnhub,https://finnhub.io/api/news?id=cdec3c8b6707fc3baf9a51d190f87694195d8451996f6348d13f00175b6567f7,2025-12-23T14:11:21,0,"Huntington Ingalls Industries, Inc.",US,"NEW YORK STOCK EXCHANGE, INC.",USD,2011-03-19,39241434.0,38987542.0,13778844672.0
FDS,FactSet's Unit Economics: User Growth Vs. Pricing,"FactSet (FDS) faces margin pressure and slow growth, but robust cash flow and AI potential support a cautiously optimistic outlook. See more here.",Finnhub,https://finnhub.io/api/news?id=eca47aa1a5c7344327ecca13314b57596ad148ec46f56c28974b822aa6b77291,2025-12-23T14:04:24,0,FactSet Research Systems Inc.,United States,NYQ,USD,,37419936.0,37285924.0,11044493312.0
LNZA,LanzaTech increases holdings of LanzaJet,"LanzaTech (LNZA) “announced an increase in its holdings of LanzaJet to 53%. This announcement follows the successful commissioning and production of ASTM-certified sustainable fuels including Synthetic Paraffinic Kerosene and Renewable Diesel at LanzaJet’s Freedom Pines Fuels facility in Soperton, Georgia, the world’s first commercial-scale plant to produce jet fuel from ethanol. On December 16, 2025, LanzaTech received its final tranches of LanzaJet common stock, which brings the Company’s owne",Finnhub,https://finnhub.io/api/news?id=35f3b7bd7304c599a3e5149fb2957e8a715864364d58ae0c9596a8a224ea136d,2025-12-23T14:00:39,0,"LanzaTech Global, Inc.",United States,NCM,USD,,2320216.0,1159621.0,30371628.0
HII,"Is Huntington Ingalls Industries, Inc. (HII) the Best Defense Dividend Stock to Buy?","Huntington Ingalls Industries, Inc. (NYSE:HII) is among the 7 Best Defense Dividend Stocks to Buy. On December 12, Citigroup initiated coverage on the stock with a Buy rating and announced a price target of $376. As of the close of business on December 22, Wall Street analysts have a consensus Moderate Buy rating on the […]",Finnhub,https://finnhub.io/api/news?id=9f4b5366517ad12305cb6e182267b2d333c062ad8114e44684d1e4bb53bf8e92,2025-12-23T13:55:21,0,"Huntington Ingalls Industries, Inc.",US,"NEW YORK STOCK EXCHANGE, INC.",USD,2011-03-19,39241434.0,38987542.0,13778844672.0
CW,"Curtiss-Wright Corporation (CW) a Moderate Buy, Per Wall Street Analysts","Curtiss-Wright Corporation (NYSE:CW) is among the 7 Best Defense Dividend Stocks to Buy. On December 16, Stifel cut its price target on the stock to $584 from $587, while maintaining a Hold rating on the shares. In a research note to investors, the analyst said that despite flat or lower volumes in 2025, diversified industrial […]",Finnhub,https://finnhub.io/api/news?id=db231d0f8f7460477ee68bc44312c72c5cc7e311a4f42c0f7915b9aee4026b41,2025-12-23T13:53:43,0,Curtiss-Wright Corporation,United States,NYQ,USD,,36874638.0,36679202.0,21332215808.0
AMPY,Amplify Energy Announces Closing of East Texas Divestiture,"HOUSTON, Dec. 23, 2025 (GLOBE NEWSWIRE) -- Amplify Energy Corp. (NYSE: AMPY) (“Amplify,” the “Company,” “us,” or “our”) announced today that it closed the previously announced transaction to sell its interests in East Texas for a contract price of $122.0 million, subject to customary post-closing adjustments. The previously announced divestiture of the Company’s Oklahoma assets is still expected to close by the end of 2025. About Amplify Energy Amplify Energy Corp. is an independent oil company",Finnhub,https://finnhub.io/api/news?id=56fb845a4f879033e1a4a6cc8aeffea566d37843d8cca50d88cf4ff5dd940cc3,2025-12-23T13:35:00,1,Amplify Energy Corp.,United States,NYQ,USD,,40475997.0,32611106.0,184570544.0
MORN,TSX Closer: Morningstar Cites Sector Composition For The Index's Outperformance In 2025,"Having breached 32,000 for the first time a day earlier, The Toronto Stock Exchange closed above it",Finnhub,https://finnhub.io/api/news?id=3ba763aa394a0303f11eaaffce6ed24c9bd70d6b98c6ba25be76a9c13d07c5ae,2025-12-23T13:32:31,0,"Morningstar, Inc.",US,NASDAQ NMS - GLOBAL MARKET,USD,2005-05-03,41129198.0,20643567.0,9239454720.0
CTXR,"Citius Pharmaceuticals, Inc. Reports Fiscal Year 2025 Financial Results and Provides Business Update","Citius Pharmaceuticals, Inc. (""Citius Pharma"" or the ""Company"") (Nasdaq: CTXR), a biopharmaceutical company dedicated to the development and commercialization of first-in-class critical care products today reported business and financial results for the fiscal year ended September 30, 2025.",Finnhub,https://finnhub.io/api/news?id=6ae79f808ee16ca30cd05f27d130e95b95a729450f89b2574b2d4095a311cb8b,2025-12-23T13:30:00,0,"Citius Pharmaceuticals, Inc.",United States,NCM,USD,,20762917.0,18567861.0,17457460.0
CTXR,"Citius Oncology, Inc. Reports Fiscal Year 2025 Financial Results and Provides Business Update","Citius Oncology, Inc. (""Citius Oncology"") (Nasdaq: CTOR), the oncology-focused subsidiary of Citius Pharmaceuticals, Inc. (""Citius Pharma"") (Nasdaq: CTXR), today reported financial results for the fiscal year ended September 30, 2025, and provided a business update.",Finnhub,https://finnhub.io/api/news?id=fe938682fb7237e9897a7eb479b5846d073d91ec604b696ce71071137025fdfc,2025-12-23T13:30:00,0,"Citius Pharmaceuticals, Inc.",United States,NCM,USD,,20762917.0,18567861.0,17457460.0
GPMT,Rithm Capital's Sector Comparative Analysis - Part 2 (Includes Q1 2026 + Q2 2026 Dividend Projection),"This article compares RITMâs recent dividend per share rates, yield percentages, and several dividend sustainability metrics to 17 mREIT peers.",Finnhub,https://finnhub.io/api/news?id=7fe943bb505b31a6a79a568b856cbe2db5416cab24b8092f1acec93f507471f3,2025-12-23T13:27:44,0,Granite Point Mortgage Trust Inc.,United States,NYQ,USD,,47405734.0,45043980.0,115670000.0
MITT,Rithm Capital's Sector Comparative Analysis - Part 2 (Includes Q1 2026 + Q2 2026 Dividend Projection),"This article compares RITMâs recent dividend per share rates, yield percentages, and several dividend sustainability metrics to 17 mREIT peers.",Finnhub,https://finnhub.io/api/news?id=7fe943bb505b31a6a79a568b856cbe2db5416cab24b8092f1acec93f507471f3,2025-12-23T13:27:44,0,"TPG Mortgage Investment Trust, Inc.",United States,NYQ,USD,,31744449.0,30595935.0,280303488.0
CHMI,Rithm Capital's Sector Comparative Analysis - Part 2 (Includes Q1 2026 + Q2 2026 Dividend Projection),"This article compares RITMâs recent dividend per share rates, yield percentages, and several dividend sustainability metrics to 17 mREIT peers.",Finnhub,https://finnhub.io/api/news?id=7fe943bb505b31a6a79a568b856cbe2db5416cab24b8092f1acec93f507471f3,2025-12-23T13:27:44,0,Cherry Hill Mortgage Investment Corporation,,,,,36739538.0,36377654.0,101547816.0
CNXC,Concentrix Schedules Release of Fourth Quarter and Fiscal Year 2025 Financial Results and Investor Conference Call Webcast,"NEWARK, Calif., Dec. 23, 2025 (GLOBE NEWSWIRE) -- Concentrix Corporation (NASDAQ: CNXC), a global technology and services leader, plans to announce its fourth quarter and fiscal year 2025 financial results before market open on Tuesday, January 13, 2026. The Company also plans to host a conference call and webcast with the investment community later that morning Tuesday, January 13, 2026, at 8:30 am, Eastern Time to discuss its fourth quarter and fiscal year financial results, the Company’s stra",Finnhub,https://finnhub.io/api/news?id=1944ee7ada2ed8736bba5c6b217db7847106a77f106dd674b2cda96cc75d6a98,2025-12-23T13:05:00,0,Concentrix Corporation,United States,NMS,USD,,62257439.0,39394017.0,2644534016.0
DTST,Data Storage Corporation Extends Expiration Time of Offer to Purchase,"MELVILLE, N.Y., Dec. 23, 2025 (GLOBE NEWSWIRE) -- Data Storage Corporation (Nasdaq: DTST) (“Data Storage” or the “Company”), today announced that it will extend the Expiration Time for its Offer to Purchase. The Offer to Purchase shall be extended from January 7, 2026 to January 12, 2026. The Company will file an Amendment No. 2 to its Schedule TO with the Securities and Exchange Commission solely to extend the expiration date of the Tender Offer to 12:00 Midnight at the end of the day, New York",Finnhub,https://finnhub.io/api/news?id=04caf5ef206b72306094e2be496c302a9e925fbe9205a86ab44c931d747a507c,2025-12-23T13:05:00,1,Data Storage Corporation,United States,NCM,USD,,7498358.0,4332701.0,38016680.0
PHUN,Phunware Announces Election of Ed Lu to the Board of Directors,"Seasoned Finance Executive and Strategic Technology Advisor toGuide Board Strategy Technology and Customer Initiatives AUSTIN, Texas, Dec. 23, 2025 (GLOBE NEWSWIRE) -- Phunware, Inc. (“Phunware” or the “Company”) (NASDAQ: PHUN), the enterprise cloud platform for mobile that provides products, solutions, data, and services for brands to engage, manage and monetize global audiences, today announced the election of Ed Lu to the Company’s Board of Directors at the Company’s Annual Meeting of Stockho",Finnhub,https://finnhub.io/api/news?id=198a9c55821158662b66588c0b6ea46c70073d397e625ca5522af725abeb3418,2025-12-23T13:01:00,0,"Phunware, Inc.",United States,NCM,USD,,20187326.0,20107586.0,38759668.0
DY,Dycom Industries Completes Acquisition of Power Solutions,"Acquisition Positions the Company for Accelerated Growth in Digital and Data Center Infrastructure ServicesWEST PALM BEACH, Fla., Dec. 23, 2025 (GLOBE NEWSWIRE) -- Dycom Industries, Inc. (NYSE: DY), a leading provider of specialty contracting services to the telecommunications and digital infrastructure industries throughout the United States, today announced that it has completed its previously announced acquisition of Power Solutions, LLC (“Power Solutions”), one of the Mid-Atlantic’s largest",Finnhub,https://finnhub.io/api/news?id=6244716dd1756c041b78dbb6760dfb83f8bb686a142ce89940b4fab3235524a4,2025-12-23T13:01:00,1,"Dycom Industries, Inc.",United States,NYQ,USD,,29967120.0,23827934.0,10417470464.0
RVSB,Riverview Bancorp Declares Quarterly Cash Dividend of $0.02 Per Share,"VANCOUVER, Wash., Dec. 23, 2025 (GLOBE NEWSWIRE) -- Riverview Bancorp, Inc. (Nasdaq GSM: RVSB) (“Riverview” or the “Company”) today announced that on December 18, 2025, its Board of Directors approved a quarterly cash dividend of $0.02 per share which remained unchanged compared to the preceding quarter. The dividend is payable on January 16, 2026, to shareholders of record as of January 5, 2026. About Riverview Riverview Bancorp, Inc. (www.riverviewbank.com) is headquartered in Vancouver, Washi",Finnhub,https://finnhub.io/api/news?id=b609a7c76c3cf0844cfd1dc878c5d32450e7c447d7aaaddc65b9fd98500b7e54,2025-12-23T13:00:00,1,"Riverview Bancorp, Inc.",United States,NMS,USD,,20750376.0,17750494.0,104374392.0
MTN,Why Vail Resorts (MTN) Stock Is Down Today,Shares of luxury ski resort company Vail Resorts (NYSE:MTN) fell 2.8% in the afternoon session after Morgan Stanley lowered its price target on the stock and an analyst highlighted concerns about poor weather conditions.,Finnhub,https://finnhub.io/api/news?id=5f4c0f8afd047f6f13a5f040b5d6621ba3ee165710599994502a7b087659f281,2025-12-23T12:51:10,0,"Vail Resorts, Inc.",United States,NYQ,USD,,35775575.0,35262553.0,5042437632.0
PAYC,Why Paycom (PAYC) Shares Are Sliding Today,Shares of HR software provider Paycom (NYSE:PAYC) fell 3.5% in the afternoon session after Citigroup lowered its price target on the software company's stock to $185 from $191.,Finnhub,https://finnhub.io/api/news?id=e5a3daa9f999835028fa499deffcc7c04944ec269e5198dbb8ae7835ebcbf7c9,2025-12-23T12:50:41,0,"Paycom Software, Inc.",,,,,54906117.0,48407978.0,9024119808.0
ETHZ,Thiel-Backed Crypto Hoarder ETHZilla Sells Tokens to Pay Debt,"ETHZilla, a cryptocurrency accumulator backed by billionaire Peter Thiel, appears to be shifting focus as investors abandon what was briefly one of the stock market's hottest trades. Just four months after the former 180 Life Sciences Corp. rebranded itself as a digital asset treasury company centered on buying Ether - the second largest cryptocurrency after Bitcoin - it sold $74.5 million worth of the tokens to pay down debt, according to a filing Friday with the SEC. Bloomberg's David Pan repo",Finnhub,https://finnhub.io/api/news?id=9349b94de2839eba1ff432563368e562b217dc1ab3185d7b4a24a716171a5b5c,2025-12-23T12:29:22,0,ETHZilla Corporation,United States,NCM,USD,,18935791.0,13963384.0,98087400.0
LMNR,Limoneira Company (LMNR) Q4 2025 Earnings Call Transcript,"Limoneira Company (LMNR) Q4 2025 Earnings Call December 23, 2025 4:30 PM ESTCompany ParticipantsHarold Edwards - President, CEO & DirectorMark...",Finnhub,https://finnhub.io/api/news?id=a4f43a1f31abf391c5cf6d079132b5cb1e9b24849052a22b0ca40ab8df57721e,2025-12-23T12:26:07,0,Limoneira Company,,,,,18119117.0,16470277.0,232287056.0
HLNE,Slate Asset Management and Hamilton Lane Back Cold-Link Logistics at a critical growth juncture,"In a deal signaling growing investor confidence in the cold-chain logistics sector, Slate Asset Management and Hamilton Lane have acquired a majority equity stake in Cold-Link Logistics, positioning the company for its next chapter of expansion across North America’s rapidly evolving food supply infrastructure. Cold-Link Logistics, founded in 2016 by brothers Michael and Nick Mandich, […] The post Slate Asset Management and Hamilton Lane Back Cold-Link Logistics at a critical growth juncture app",Finnhub,https://finnhub.io/api/news?id=ad63ab062ab3c485565bd10205ae7c6c7bfbddbbc1f32cc4f829a3b284a65819,2025-12-23T12:24:24,0,Hamilton Lane Incorporated,United States,NMS,USD,,43967288.0,37783289.0,7774495232.0
HII,"Stocks to Watch Tuesday: Novo Nordisk, Huntington Ingalls, ServiceNow","↗️ Novo Nordisk (NVO): The Danish drugmaker will start selling a pill version of its Wegovy weight-loss medicine in January, after securing approval from U.S. regulators. Novo Nordisk's stock jumped and its U.",Finnhub,https://finnhub.io/api/news?id=733af99edecc8c83ffae838925e5d0e8390852605eff8bcf4295788112cb15f5,2025-12-23T12:24:09,0,"Huntington Ingalls Industries, Inc.",US,"NEW YORK STOCK EXCHANGE, INC.",USD,2011-03-19,39241434.0,38987542.0,13778844672.0
INSW,International Seaways: Strategic Vessel Management And Fundamental Stability Amid Oil Market Volatility,"International Seawaysâ strategic fleet and strong balance sheet offer value, resilience, and dividend growth. See here for more on INSW stock.",Finnhub,https://finnhub.io/api/news?id=e7ee885d2161a452f0664afe9d05407ea412a9ba2e84f07b4692e10198534212,2025-12-23T12:03:10,0,"International Seaways, Inc.",United States,NYQ,USD,,49394531.0,40308901.0,2397610752.0
BIO,Tracking John Rogers' Ariel Investments Portfolio - Q3 2025 Update,"Ariel Investmentsâ Q3 2025 13F shows active portfolio shifts, major stake boosts, and reductions. Discover key holdings and strategic adjustments.",Finnhub,https://finnhub.io/api/news?id=2d02d5b3e4e8cbadb178b88ee0db96df5485690b1fe330e9dca6edf4087af5ae,2025-12-23T11:58:14,0,"Bio-Rad Laboratories, Inc.",,,,,21906399.0,21118868.0,8197113344.0
SPHR,Tracking John Rogers' Ariel Investments Portfolio - Q3 2025 Update,"Ariel Investmentsâ Q3 2025 13F shows active portfolio shifts, major stake boosts, and reductions. Discover key holdings and strategic adjustments.",Finnhub,https://finnhub.io/api/news?id=2d02d5b3e4e8cbadb178b88ee0db96df5485690b1fe330e9dca6edf4087af5ae,2025-12-23T11:58:14,0,Sphere Entertainment Co.,United States,NYQ,USD,,28447507.0,24205101.0,3363425536.0
JLL,Tracking John Rogers' Ariel Investments Portfolio - Q3 2025 Update,"Ariel Investmentsâ Q3 2025 13F shows active portfolio shifts, major stake boosts, and reductions. Discover key holdings and strategic adjustments.",Finnhub,https://finnhub.io/api/news?id=2d02d5b3e4e8cbadb178b88ee0db96df5485690b1fe330e9dca6edf4087af5ae,2025-12-23T11:58:14,0,Jones Lang LaSalle Incorporated,United States,NYQ,USD,,47194630.0,46683512.0,16439392256.0
MIDD,Tracking John Rogers' Ariel Investments Portfolio - Q3 2025 Update,"Ariel Investmentsâ Q3 2025 13F shows active portfolio shifts, major stake boosts, and reductions. Discover key holdings and strategic adjustments.",Finnhub,https://finnhub.io/api/news?id=2d02d5b3e4e8cbadb178b88ee0db96df5485690b1fe330e9dca6edf4087af5ae,2025-12-23T11:58:14,0,The Middleby Corporation,United States,NMS,USD,,50371250.0,38855879.0,7658615296.0
MSGE,Tracking John Rogers' Ariel Investments Portfolio - Q3 2025 Update,"Ariel Investmentsâ Q3 2025 13F shows active portfolio shifts, major stake boosts, and reductions. Discover key holdings and strategic adjustments.",Finnhub,https://finnhub.io/api/news?id=2d02d5b3e4e8cbadb178b88ee0db96df5485690b1fe330e9dca6edf4087af5ae,2025-12-23T11:58:14,0,Madison Square Garden Entertainment Corp.,US,"NEW YORK STOCK EXCHANGE, INC.",USD,2023-04-17,40364953.0,36148315.0,2550984448.0
AMG,Tracking John Rogers' Ariel Investments Portfolio - Q3 2025 Update,"Ariel Investmentsâ Q3 2025 13F shows active portfolio shifts, major stake boosts, and reductions. Discover key holdings and strategic adjustments.",Finnhub,https://finnhub.io/api/news?id=2d02d5b3e4e8cbadb178b88ee0db96df5485690b1fe330e9dca6edf4087af5ae,2025-12-23T11:58:14,0,"Affiliated Managers Group, Inc.",United States,NYQ,USD,,28128908.0,27006565.0,8411959808.0
ATGE,Tracking John Rogers' Ariel Investments Portfolio - Q3 2025 Update,"Ariel Investmentsâ Q3 2025 13F shows active portfolio shifts, major stake boosts, and reductions. Discover key holdings and strategic adjustments.",Finnhub,https://finnhub.io/api/news?id=2d02d5b3e4e8cbadb178b88ee0db96df5485690b1fe330e9dca6edf4087af5ae,2025-12-23T11:58:14,0,Adtalem Global Education Inc.,United States,NYQ,USD,,36328546.0,35485724.0,3803153920.0
BOKF,Tracking John Rogers' Ariel Investments Portfolio - Q3 2025 Update,"Ariel Investmentsâ Q3 2025 13F shows active portfolio shifts, major stake boosts, and reductions. Discover key holdings and strategic adjustments.",Finnhub,https://finnhub.io/api/news?id=2d02d5b3e4e8cbadb178b88ee0db96df5485690b1fe330e9dca6edf4087af5ae,2025-12-23T11:58:14,0,BOK Financial Corporation,United States,NMS,USD,,63247676.0,21151288.0,7754192896.0
CLB,Tracking John Rogers' Ariel Investments Portfolio - Q3 2025 Update,"Ariel Investmentsâ Q3 2025 13F shows active portfolio shifts, major stake boosts, and reductions. Discover key holdings and strategic adjustments.",Finnhub,https://finnhub.io/api/news?id=2d02d5b3e4e8cbadb178b88ee0db96df5485690b1fe330e9dca6edf4087af5ae,2025-12-23T11:58:14,0,Core Laboratories Inc.,United States,NYQ,USD,,46563387.0,46051190.0,767183232.0
CRL,Tracking John Rogers' Ariel Investments Portfolio - Q3 2025 Update,"Ariel Investmentsâ Q3 2025 13F shows active portfolio shifts, major stake boosts, and reductions. Discover key holdings and strategic adjustments.",Finnhub,https://finnhub.io/api/news?id=2d02d5b3e4e8cbadb178b88ee0db96df5485690b1fe330e9dca6edf4087af5ae,2025-12-23T11:58:14,0,"Charles River Laboratories International, Inc.",United States,NYQ,USD,,49215471.0,48695263.0,10023223296.0
HZO,Loop Capital Initiates Coverage of MarineMax (HZO) with Buy Recommendation,,Finnhub,https://finnhub.io/api/news?id=d77a691247b5f11644d8348a27454341b698890f10496ff4726211e38f6acaaa,2025-12-23T11:19:12,0,"MarineMax, Inc.",United States,NYQ,USD,,21869518.0,19086184.0,535147104.0
ACEL,"Is Accel Entertainment, Inc.'s (NYSE:ACEL) ROE Of 16% Impressive?","One of the best investments we can make is in our own knowledge and skill set. With that in mind, this article will...",Finnhub,https://finnhub.io/api/news?id=09b33abb857193d026dc650a90c8142ace83a804e87dc7f4cb27a5e496d5d621,2025-12-23T10:49:54,0,"Accel Entertainment, Inc.",United States,NYQ,USD,,83207946.0,43677515.0,986237440.0
FJET,This supersonic stock is making headlines after a wild IPO. Here’s why,"Starfighters Space, which operates the world’s only commercial supersonic aircraft fleet, is seeing volatility after its NYSE debut.",Finnhub,https://finnhub.io/api/news?id=2498a6d363f0b90bb52035c792610d412ad47a1dcf277606fa4cc8fd15baea6a,2025-12-23T10:45:00,0,"Starfighters Space, Inc.",United States,ASE,USD,,27862261.0,13662260.0,409018016.0
HII,Trump's Plans For a 'Golden Fleet' Sent This Shipmaker's Stock to Record Highs,Huntington Ingalls Industries shares surged to record highs after the Trump administration said it wants the company to build new ships for the U.S. Navy.,Finnhub,https://finnhub.io/api/news?id=05b595bb3334e60df1e18b5fb4782246f137b0c47ab65c1a2ce83d0acd4af5c7,2025-12-23T10:39:19,0,"Huntington Ingalls Industries, Inc.",US,"NEW YORK STOCK EXCHANGE, INC.",USD,2011-03-19,39241434.0,38987542.0,13778844672.0
ETHZ,"Bitcoin slips, crypto stocks suffer steep declines, as tax-loss selling drives action, analysts say",Digital asset treasury companies — the year's worst performers — were also hardest hit on Tuesday.,Finnhub,https://finnhub.io/api/news?id=b6b210a69335caea4c8e0c22cbff2c29b9c895281161f0adf8bf303c63c37301,2025-12-23T10:38:08,0,ETHZilla Corporation,United States,NCM,USD,,18935791.0,13963384.0,98087400.0
GTIM,Good Times Restaurants Inc. (GTIM) Q4 2025 Earnings Call Transcript,"Good Times Restaurants Inc. (GTIM) Q4 2025 Earnings Call December 23, 2025 5:00 PM ESTCompany ParticipantsKeri August - Senior VP of Finance &...",Finnhub,https://finnhub.io/api/news?id=ce755c5e901ca8624b9523a9bc2b7bd01fdad7e7cb301f7c579bc0bc0144f4a9,2025-12-23T10:36:07,0,Good Times Restaurants Inc.,United States,NCM,USD,,10549508.0,8416292.0,12284872.0
TMDX,"Why TransMedics Group, Inc. (NASDAQ:TMDX) Looks Like A Quality Company","One of the best investments we can make is in our own knowledge and skill set. With that in mind, this article will...",Finnhub,https://finnhub.io/api/news?id=6b1e5b0ca8331bd6d138b6937dc24d514f7e16135078694e5c0bd594e4ad8586,2025-12-23T10:23:52,0,"TransMedics Group, Inc.",United States,NGM,USD,,34174325.0,33027435.0,4244450816.0
NBN,Institutional investors control 69% of Northeast Bank (NASDAQ:NBN) and were rewarded last week after stock increased 7.3%,Key Insights Institutions' substantial holdings in Northeast Bank implies that they have significant influence over the...,Finnhub,https://finnhub.io/api/news?id=a4006b3baa560fcbf388f1c5a015b575087200444a9e2a8ac87dd6c70f3e6dd6,2025-12-23T10:17:21,0,Northeast Bank,United States,NGM,USD,,8562960.0,7426227.0,909040960.0
CURV,"Torrid Holdings Remains Too Risky, Even After Plunging","Torrid Holdings Inc. remains a Sell as revenue, profits, and cash flows continue to deteriorate. Learn more about CURV stock here.",Finnhub,https://finnhub.io/api/news?id=4b6c427b73d556f898b778f5c01797344492e74bb20e9269ec57c4e516f11f56,2025-12-23T10:10:52,0,Torrid Holdings Inc.,United States,NYQ,USD,,99196942.0,21436459.0,103164816.0
DUOL,Is Duolingo’s 2025 Slide a Chance to Reassess Its Long Term Value?,"Wondering if Duolingo at around $185 a share is a bargain in disguise or still priced for perfection? You are not alone. This article is going to unpack exactly what you are paying for. The stock has been choppy, down about 0.3% over the last week but up 7.3% over the past month, while still sitting roughly 43.1% lower year to date and 45.1% below its level a year ago, after a huge 162.2% gain over the last three years. Those swings come as Duolingo continues to expand its product ecosystem...",Finnhub,https://finnhub.io/api/news?id=eb4947af09f26c0cc81f44f761c63184e9131d9dfd74cea2b91b2fc3b91a8245,2025-12-23T10:08:16,0,"Duolingo, Inc.",United States,NMS,USD,,40013533.0,39610835.0,8397661696.0
FIX,Carvana (CVNA) Declines on Official S&P 500 Inclusion. Here’s Why,"We recently published 10 Stocks Struggling to Shine Ahead of Christmas. Carvana Co. (NYSE:CVNA) is one of the worst performers on Monday. Carvana extended its losses to a second day on Monday, shedding 3.69 percent to finish at $433.59 apiece as investors appeared to have already priced in its inclusion in the S&P 500. The […]",Finnhub,https://finnhub.io/api/news?id=ea8719b108062238db13d5b099ea3fbfd0922e515777f5413dbd0ba0e4f0d46a,2025-12-23T09:51:39,0,"Comfort Systems USA, Inc.",United States,NYQ,USD,,35271950.0,34734386.0,34005321728.0
MRKR,High Growth Tech Stocks To Watch In US December 2025,"As the United States market experiences a fourth consecutive session of gains, buoyed by better-than-expected GDP growth and a tech sector rally, attention turns to high-growth tech stocks that are poised to navigate these dynamic conditions. In this environment, identifying promising stocks involves assessing their potential for innovation and adaptability in response to economic shifts and technological advancements.",Finnhub,https://finnhub.io/api/news?id=c78b4739a97a58bcc8a09fed6dc50e9e32d54b3f020573a30cbc89f023a2f28f,2025-12-23T09:38:17,0,"Marker Therapeutics, Inc.",United States,NCM,USD,,16673127.0,13676466.0,23925936.0
CWBC,3 Stocks That May Be Priced Below Their Estimated Worth In December 2025,"As the United States stock market experiences a fourth consecutive session of gains, buoyed by better-than-expected GDP data and record highs in commodities like gold and silver, investors are keenly observing opportunities that may arise from these favorable economic conditions. In this context, identifying stocks that appear to be undervalued could present a strategic advantage, as they might offer potential for growth when the broader market is on an upward trajectory.",Finnhub,https://finnhub.io/api/news?id=ff42602b0edb25d54947b1736b38cbf41d8d7d391b633adf055f2f43de8e2753,2025-12-23T09:38:14,0,Community West Bancshares,United States,NCM,USD,,19160403.0,15348966.0,434749568.0
RH,3 Growth Companies With Insider Ownership Up To 37%,"As the U.S. market experiences a fourth consecutive session of gains, buoyed by better-than-expected GDP data and a strong tech sector performance, investors are increasingly focusing on growth companies with significant insider ownership. In this context, stocks with high levels of insider investment can be particularly appealing as they often indicate confidence in the company's future prospects amidst an evolving economic landscape.",Finnhub,https://finnhub.io/api/news?id=74dbb65814bcd4c79dd365f1bd9a6da1bde1908e1d42106561229715e933590c,2025-12-23T09:35:53,0,RH,United States,NYQ,USD,,18777699.0,15300445.0,3486080000.0
OMCL,FLGT to Acquire Bako & StrataDx Assets to Expand Pathology Platform,"Fulgent is set to buy Bako Diagnostics assets and StrataDx for $55.5M, expanding into anatomic pathology and dermatopathology to scale lab services.",Finnhub,https://finnhub.io/api/news?id=7c811ba0207f66acaad6d8b5ce0f622e96243218a020c5b42b506e8bd1acd347,2025-12-23T09:35:00,0,"Omnicell, Inc.",,,,,44876522.0,43778394.0,2131349376.0
CCLD,FLGT to Acquire Bako & StrataDx Assets to Expand Pathology Platform,"Fulgent is set to buy Bako Diagnostics assets and StrataDx for $55.5M, expanding into anatomic pathology and dermatopathology to scale lab services.",Finnhub,https://finnhub.io/api/news?id=7c811ba0207f66acaad6d8b5ce0f622e96243218a020c5b42b506e8bd1acd347,2025-12-23T09:35:00,0,"CareCloud, Inc.",,,,,42397039.0,36036635.0,128887000.0
UNB,US Market's Undiscovered Gems December 2025,"Amid a backdrop of rising stock indices and stronger-than-expected GDP growth, the U.S. market continues to capture investor attention with its robust economic performance. As major indices like the Dow Jones and S&P 500 gain ground, discerning investors are increasingly turning their focus toward uncovering small-cap stocks that may offer unique opportunities in this dynamic environment.",Finnhub,https://finnhub.io/api/news?id=7af9df66bbde3807fa5a6599bc1a4466f3697a13239cbc24bff26ce85434a1bd,2025-12-23T09:33:10,0,"Union Bankshares, Inc.",United States,NGM,USD,,4582423.0,3784257.0,107778592.0
AFBI,US Market's Undiscovered Gems December 2025,"Amid a backdrop of rising stock indices and stronger-than-expected GDP growth, the U.S. market continues to capture investor attention with its robust economic performance. As major indices like the Dow Jones and S&P 500 gain ground, discerning investors are increasingly turning their focus toward uncovering small-cap stocks that may offer unique opportunities in this dynamic environment.",Finnhub,https://finnhub.io/api/news?id=7af9df66bbde3807fa5a6599bc1a4466f3697a13239cbc24bff26ce85434a1bd,2025-12-23T09:33:10,0,"Affinity Bancshares, Inc.",,,,,6167602.0,4346741.0,132895976.0
PEBO,Three Dividend Stocks To Consider For Your Portfolio,"As major stock indexes in the United States continue their upward trajectory, buoyed by stronger-than-expected GDP growth and a surge in consumer spending, investors are increasingly looking for stable opportunities amid this economic optimism. In such a dynamic market environment, dividend stocks stand out as an attractive option for those seeking regular income and potential long-term growth.",Finnhub,https://finnhub.io/api/news?id=52d75f697bab05c19d79de1495a4b1531818d4a174392038b4d9a4fbd1d86df9,2025-12-23T09:31:54,0,Peoples Bancorp Inc.,United States,NMS,USD,,35702963.0,33796313.0,1090011520.0
WTS,Reasons Why You Should Avoid Betting on Carlisle Stock Right Now,"CSL struggles as construction markets weaken, costs rise and debt swells, with segment slowdowns and currency headwinds weighing on recent performance.",Finnhub,https://finnhub.io/api/news?id=94eb1ad0c5c39affc2613cb0cee93bbf240895c8181c805b4aa8ebc1f854d1d1,2025-12-23T09:18:00,0,"Watts Water Technologies, Inc.",United States,NYQ,USD,,27406631.0,27069898.0,9480901632.0
CSL,Reasons Why You Should Avoid Betting on Carlisle Stock Right Now,"CSL struggles as construction markets weaken, costs rise and debt swells, with segment slowdowns and currency headwinds weighing on recent performance.",Finnhub,https://finnhub.io/api/news?id=94eb1ad0c5c39affc2613cb0cee93bbf240895c8181c805b4aa8ebc1f854d1d1,2025-12-23T09:18:00,0,Carlisle Companies Incorporated,United States,NYQ,USD,,41785774.0,41178458.0,14121423872.0
RBC,Can Howmet Sustain Growth as Commercial Aerospace Demand Surges?,"HWM is riding a surge in commercial aerospace demand, with rising air travel and strong aircraft programs driving steady revenue growth.",Finnhub,https://finnhub.io/api/news?id=91fdecaf94106831d078db670dd7ea176cebda588b151eecee631cd7334b25d1,2025-12-23T09:17:00,1,RBC Bearings Incorporated,United States,NYQ,USD,,31611442.0,28410408.0,14425248768.0
DY,Dycom vs. MasTec: Which Infrastructure Stock Has More Potential?,"Does DY stock stand out against MTZ stock as AI-driven digital infrastructure demand, rising backlog and Fed rate cuts lift growth visibility?",Finnhub,https://finnhub.io/api/news?id=3e4ecb9ada6338e25c121e7ac449ecbb77d84bce0b5e4fdc612b48d87d8d9561,2025-12-23T09:16:00,0,"Dycom Industries, Inc.",United States,NYQ,USD,,29967120.0,23827934.0,10417470464.0
AVAV,RKLB vs. AVAV: Which Stock Looks Better in the Space Race?,"RKLB and AVAV draw investor focus as rising U.S. space and defense spending lifts launch activity, satellite work and military contracts.",Finnhub,https://finnhub.io/api/news?id=14debad1d393ef44cb535937fbc499659afb60316ff0dff4c23d2203b9cb830b,2025-12-23T09:15:00,1,"AeroVironment, Inc.",United States,NMS,USD,,49925878.0,37235083.0,12732712960.0
APPF,Has AppFolio’s Multi Year Run and Premium PE Left Limited Upside in 2025?,"If you are wondering whether AppFolio at around $236 a share is still a smart buy or if most of the upside has already been priced in, you are not alone. This breakdown looks at that question in detail. The stock has bounced 5.2% over the last week and 3.3% over the past month, but it is still down 4.8% year to date and 5.2% over the last year, while showing a 125.9% gain over three years. Recent headlines have focused on AppFolio's continued push to scale its cloud based property management...",Finnhub,https://finnhub.io/api/news?id=87b058a6e959a8cf2f201efe994c22d747df632cb91f2caf675d2cfe40446126,2025-12-23T09:10:54,0,"AppFolio, Inc.",United States,NGM,USD,,23073192.0,21674236.0,8523781120.0
BHRB,Burke & Herbert (BHRB) Upgraded to Buy: Here's What You Should Know,"Burke & Herbert (BHRB) has been upgraded to a Zacks Rank #2 (Buy), reflecting growing optimism about the company's earnings prospects. This might drive the stock higher in the near term.",Finnhub,https://finnhub.io/api/news?id=8b15a1c56e783f5f681fefa6952143fc0717cef244cd8fb96a0d431d9def5659,2025-12-23T09:00:05,0,Burke & Herbert Financial Services Corp.,United States,NCM,USD,,15028524.0,12973373.0,947999360.0
WCC,Wesco International (WCC) Upgraded to Buy: Here's What You Should Know,"Wesco International (WCC) might move higher on growing optimism about its earnings prospects, which is reflected by its upgrade to a Zacks Rank #2 (Buy).",Finnhub,https://finnhub.io/api/news?id=d30741fd2de9006a617bc61eb00472a65ff0ce616dbbea480fb109bc1b8e505c,2025-12-23T09:00:04,0,"WESCO International, Inc.",United States,NYQ,USD,,48646230.0,47787138.0,12358870016.0
MCY,Mercury Insurance Shares Tips to Help Santa Deliver Safely This Holiday Season,"As homes across the country light up with holiday cheer, Mercury Insurance (NYSE: MCY) is offering a friendly reminder to homeowners: a little preparation can go a long way in helping Santa complete his once-a-year delivery — and keeping your home safe in the process.",Finnhub,https://finnhub.io/api/news?id=b7e8a43d6963fafba9751e777d1c6f478cfba5d46e8f436ce7a1c0fa9d4504db,2025-12-23T09:00:00,0,Mercury General Corporation,United States,NYQ,USD,,55388627.0,26555523.0,5203761664.0
VINP,Vinci Compass (VINP) Q1 2025 Earnings Transcript,"On results, Vinci Compass generated fee-related earnings of BRL65.7 million, or BRL1.04 per share, and adjusted distributable earnings of BRL62.3 million, or BRL0.98 per share, for the first quarter of 2025.  Alessandro Horta: Thank you, Anna.",Finnhub,https://finnhub.io/api/news?id=7b77fe5ae80b024f7a5bdbe919f8b3de38b358e726751c6faddcef08b965127f,2025-12-23T08:59:13,0,Vinci Compass Investments Ltd.,Brazil,NMS,USD,,48778420.0,20170619.0,829769920.0
VINP,Vinci Compass (VINP) Q3 2024 Earnings Transcript,"On results, Vinci generated fee-related earnings of R$53.8 million or R$1.02 per share and adjusted distributable earnings of R$57.1 million or R$1.08 per share for the third quarter 2024.  Alessandro Monteiro Morgado Horta: Thank you, Anna.  Vinci reached R$70 billion in AUM, posting an 8% year-over-year growth.",Finnhub,https://finnhub.io/api/news?id=1b06cc6e6955a3794bb371b77cd59141bd4195ccdd7fdd0e099fb05c2b6a67ab,2025-12-23T08:55:57,0,Vinci Compass Investments Ltd.,Brazil,NMS,USD,,48778420.0,20170619.0,829769920.0
EVR,This Software Stock Looks ‘Washed Out’ but Analysts Think 2026 Could Be Its Turnaround Year. Why?,Evercore has named Salesforce one of its top software stock picks for the new year.,Finnhub,https://finnhub.io/api/news?id=b6c2f77e2f3302ed7289a47328da631503ee6a4e7469e5cfcb9407a69c29f9df,2025-12-23T08:47:09,0,Evercore Inc.,United States,NYQ,USD,,38678117.0,36585631.0,13621658624.0
MED,Hims & Hers Expands Subscription-Led Care as Platform Engagement Grows,"HIMS deepens its subscription-led model with new care verticals, diagnostics and global expansion to boost retention.",Finnhub,https://finnhub.io/api/news?id=80de39c362c224877687e5c26a88d767bcfa9fc62022d23e1ab19abb2c3f456c,2025-12-23T08:45:00,0,"Medifast, Inc.",United States,NYQ,USD,,10991273.0,9167019.0,121343656.0
RDWR,Radware (RDWR) Q2 2025 Earnings Call Transcript,"Roy Zisapel: Thank you, Yisca, and thank you all for joining us today.  Non-GAAP earnings per share rose 39% year-over-year to $0.28, highlighting the continued scalability and efficiency of our business model.  This strategy is driven by 3 pillars: gaining significant market share in cloud security, leading with algorithm and AI-driven innovation and automation and expanding our go-to-market presence.",Finnhub,https://finnhub.io/api/news?id=d04551d00fef24030873e707f267c31ed28a5fe6b75e031610cd4f992e8f8764,2025-12-23T08:37:59,0,Radware Ltd.,Israel,NMS,USD,,43434362.0,33684230.0,1058495360.0
FDS,ABM Stock Price Decreases 8% Since Reporting Q4 Earnings Miss,"ABM shares slide nearly 8% after a Q4 EPS miss, overshadowing a revenue beat as investors react to softer profitability.",Finnhub,https://finnhub.io/api/news?id=243eda7acec65703d95f1e7dc617459816d227d44f99b82701aa09fd4b421e0a,2025-12-23T08:37:00,0,FactSet Research Systems Inc.,United States,NYQ,USD,,37419936.0,37285924.0,11044493312.0
RDWR,Radware (RDWR) Q4 2024 Earnings Call Transcript,"A copy of today’s press release and financial statements as well as the investor kit for the fourth quarter are available in the Investor Relations sector of our website.  During today’s call, we may make projections or other forward-looking statements regarding future events or the future financial performance of the company.  Factors that could cause or contribute to such differences include, but are not limited to, impact from changing or severe global economic conditions, general business co",Finnhub,https://finnhub.io/api/news?id=1045586651a0a19452e1501caf270141462e480c9705badd7cfeea1cd1120cae,2025-12-23T08:34:38,0,Radware Ltd.,Israel,NMS,USD,,43434362.0,33684230.0,1058495360.0
RDWR,Radware (RDWR) Q1 2025 Earnings Call Transcript,"A copy of today’s press release and financial statements as well as the investor kit for the fourth quarter are available in the Investor Relations sector of our website.  During today’s call, we may make projections or other forward-looking statements regarding future events or the future financial performance of the company.",Finnhub,https://finnhub.io/api/news?id=4ed236cdbe685634dc1c1b2c23e7a5a27afab372874d53febee1bf5f073b27a9,2025-12-23T08:34:30,0,Radware Ltd.,Israel,NMS,USD,,43434362.0,33684230.0,1058495360.0
DPZ,Analysts Keep Neutral Views on Domino’s Pizza (DPZ),"Domino’s Pizza, Inc. (NASDAQ:DPZ) is one of the 13 Best Fast Food Stocks to Buy. On December 9, RBC Capital reiterated its Sector Perform rating on Domino’s Pizza, Inc. (NASDAQ:DPZ) with a price target of $450. Earlier, on December 2, Bernstein analyst Danilo Gargiulo also reaffirmed a Market Perform rating on Domino’s Pizza, Inc. (NASDAQ:DPZ) […]",Finnhub,https://finnhub.io/api/news?id=8eecd5a701868374de25ac268d17567cf14d7680e45c3a1ad1fd6a9f357de96f,2025-12-23T08:26:13,0,"Domino's Pizza, Inc.",United States,NMS,USD,,33786218.0,32829970.0,14447302656.0
PSIX,"Power Solutions International: Valuation Has Reset, The Thesis Is Improving",,Finnhub,https://finnhub.io/api/news?id=ec882a0cb0e3105c746f4a3da6e520474da61fcda4c6011c313386227fd64ef2,2025-12-23T08:08:45,0,"Power Solutions International, Inc.",United States,NCM,USD,,23040930.0,8426299.0,1508950400.0
PRI,SLF Stock Near 52-Week High: Time to Hold Despite Expensive Valuation?,"Sun Life Financial stock gains from growing asset management businesses, its focus on Asia operations, as well as scaling up and integrating U.S. operations.",Finnhub,https://finnhub.io/api/news?id=f5b913cf47b57388508d9c2bfc6a1d9d060abb15657129c4e5dab7ea6566587a,2025-12-23T07:38:00,0,"Primerica, Inc.",United States,NYQ,USD,,31916058.0,31729349.0,8428548608.0
DAVE,"Fintech stocks are 'maturing' in their later stages, Dave is one","How will the Federal Reserve's interest rate environment in 2026 affect fintech stocks? Benchmark Company managing director and senior research analyst of fntech and digital assets Mark Palmer shares his outlook on financial technology companies, such as neobank Dave Inc. (DAVE) and the state of its short-term loans business. To watch more expert insights and analysis on the latest market action, check out more Opening Bid.",Finnhub,https://finnhub.io/api/news?id=e0e20635a878e3d931bc5898653f69c83af23365a6cad411acec9bd84610c19d,2025-12-23T07:33:57,0,Dave Inc.,United States,NGM,USD,,12190000.0,9002226.0,3095405568.0
CACI,"CACI International Inc (CACI) ARKA Group, LP, - M&A Call - Slideshow",2025-12-23. The following slide deck was published by CACI International Inc in conjunction with this event.,Finnhub,https://finnhub.io/api/news?id=01b4414398870ac3b31671c45d2e995c32a8e24fd518bf340c0d25bb953b033d,2025-12-23T07:30:29,0,CACI International Inc,United States,NYQ,USD,,22079710.0,21789362.0,11966539776.0
HIHO,BC-Most Active Stocks,"Highway Holdings Ltd. 150,561,661 2.21",Finnhub,https://finnhub.io/api/news?id=47ab9024ee3bfa8bdd718b1199fb4c91bf79a7c0abb3af65a21b2d4ae76eecd6,2025-12-23T07:30:19,0,Highway Holdings Limited,Hong Kong,NCM,USD,,4601825.0,2920567.0,7224867.0
DUOL,APP vs. DUOL: Which Mobile-Tech Growth Stock Should You Consider Now?,"DUOL's AI-driven scalability, rapid course expansion and discounted valuation give it an edge over APP despite strong growth at both companies.",Finnhub,https://finnhub.io/api/news?id=aed2c6339fba13f0d1b141788980ff757f4ff08adcd746130e923fc76602fb31,2025-12-23T07:19:00,0,"Duolingo, Inc.",United States,NMS,USD,,40013533.0,39610835.0,8397661696.0
DCOM,Dime Awards Grant to Junior Achievement,"HAUPPAUGE, N.Y., Dec. 23, 2025 (GLOBE NEWSWIRE) -- Dime Community Bancshares, Inc. (NASDAQ: DCOM) (the “Company” or “Dime”), the parent company of Dime Community Bank (the “Bank”), announced that Dime has awarded a grant to Junior Achievement of Long Island in support of their mission to provide financial literacy, career readiness, and entrepreneurship education for low-to-moderate income communities. ABOUT DIME COMMUNITY BANCSHARES, INC. Dime Community Bancshares, Inc. is the holding company f",Finnhub,https://finnhub.io/api/news?id=fbe242ab3427ecc2d28eb6e9cfe9720e97bdfdfb63c5401bc8fcd5813b022202,2025-12-23T07:12:00,0,"Dime Community Bancshares, Inc.",United States,NMS,USD,,43894345.0,41952459.0,1369942400.0
TLN,How To Profit From The Coming AI Supply Shocks In 2026,"Discover top investment opportunities as AI evolvesâshift focus to memory, power, and optical networking stocks. Click for these exclusive picks!",Finnhub,https://finnhub.io/api/news?id=be9568d8b97566caca50bd57d5d045a9e22b326be19b93d879821b4e57b310ef,2025-12-23T07:10:59,0,Talen Energy Corporation,United States,NMS,USD,,45687828.0,38849274.0,17567883264.0
CYBR,How To Profit From The Coming AI Supply Shocks In 2026,"Discover top investment opportunities as AI evolvesâshift focus to memory, power, and optical networking stocks. Click for these exclusive picks!",Finnhub,https://finnhub.io/api/news?id=be9568d8b97566caca50bd57d5d045a9e22b326be19b93d879821b4e57b310ef,2025-12-23T07:10:59,0,CyberArk Software Ltd.,Israel,NMS,USD,,50476952.0,46766100.0,22949345280.0
FN,How To Profit From The Coming AI Supply Shocks In 2026,"Discover top investment opportunities as AI evolvesâshift focus to memory, power, and optical networking stocks. Click for these exclusive picks!",Finnhub,https://finnhub.io/api/news?id=be9568d8b97566caca50bd57d5d045a9e22b326be19b93d879821b4e57b310ef,2025-12-23T07:10:59,0,Fabrinet,Cayman Islands,NYQ,USD,,35827210.0,35753406.0,17136870400.0
AMPH,"Amphastar Director Sells 16,679 Shares for $441,800","Amphastar is down big in 2025, but recently announced positive FDA-related news.",Finnhub,https://finnhub.io/api/news?id=12cf9ac58aeaa28254cbc88c8366d2c18dc84879f15c30841ac1cd7a527c911c,2025-12-23T07:07:27,0,"Amphastar Pharmaceuticals, Inc.",United States,NMS,USD,,45952174.0,34803717.0,1260946560.0
FDS,Are You a Momentum Investor? This 1 Stock Could Be the Perfect Pick,The Zacks Style Scores offers investors a way to easily find top-rated stocks based on their investing style. Here's why you should take advantage.,Finnhub,https://finnhub.io/api/news?id=da9e636d6e432405ba3c49f73a0e2a0991a4cd54f865e3e89d256faf7c0964ca,2025-12-23T06:50:04,0,FactSet Research Systems Inc.,United States,NYQ,USD,,37419936.0,37285924.0,11044493312.0
PRLB,Is Powell Industries (POWL) Stock Outpacing Its Industrial Products Peers This Year?,Here is how Powell Industries (POWL) and Proto Labs (PRLB) have performed compared to their sector so far this year.,Finnhub,https://finnhub.io/api/news?id=a2c14b7712a5faa9caa999dbdb607f6bc5752c04d668b2801866f034733e5462,2025-12-23T06:40:03,0,"Proto Labs, Inc.",United States,NYQ,USD,,23678745.0,23427277.0,1258199808.0
APPF,"Is AppFolio, Inc. (NASDAQ:APPF) Potentially Undervalued?","AppFolio, Inc. ( NASDAQ:APPF ), is not the largest company out there, but it saw significant share price movement...",Finnhub,https://finnhub.io/api/news?id=4850e38d8f542d494b18f0147e7e862839624b89508f46ed4b4586012a402a3b,2025-12-23T06:35:51,0,"AppFolio, Inc.",United States,NGM,USD,,23073192.0,21674236.0,8523781120.0
CASY,Casey's General Stores (CASY) Crossed Above the 20-Day Moving Average: What That Means for Investors,Good things could be on the horizon when a stock surpasses the 20-day simple moving average. How should investors react?,Finnhub,https://finnhub.io/api/news?id=6b0fd4762997f02dbc2103fc2c7065aad1cc59ae443321e36839ea36806a6933,2025-12-23T06:35:02,0,"Casey's General Stores, Inc.",United States,NMS,USD,,37066933.0,36843790.0,21083670528.0
RL,"Zacks.com featured highlights include NVIDIA, Ralph Lauren, Expedia and Cencora","NVIDIA leads a group of stocks near 52-week highs, as Zacks highlights momentum-driven upside potential alongside Ralph Lauren, Expedia and Cencora.",Finnhub,https://finnhub.io/api/news?id=d66f91dcec80fc50dc164138e7902777f2384f2730f79c5bc6e541789d15fffa,2025-12-23T06:35:00,0,Ralph Lauren Corporation,United States,NYQ,USD,,38759382.0,38077482.0,21716025344.0
AARD,"Coty downgraded, Spruce Biosciences initiated: Wall Street's top analyst calls","Coty downgraded, Spruce Biosciences initiated: Wall Street's top analyst calls",Finnhub,https://finnhub.io/api/news?id=ef17a201bdb4567fba5498fb4d5cb4f721615e72456a7d895eb3bb253fddf7d7,2025-12-23T06:33:17,0,"Aardvark Therapeutics, Inc.",United States,NMS,USD,,21773272.0,11102845.0,297205152.0
MBUU,"Coty downgraded, Spruce Biosciences initiated: Wall Street's top analyst calls","Coty downgraded, Spruce Biosciences initiated: Wall Street's top analyst calls",Finnhub,https://finnhub.io/api/news?id=ef17a201bdb4567fba5498fb4d5cb4f721615e72456a7d895eb3bb253fddf7d7,2025-12-23T06:33:17,0,"Malibu Boats, Inc.",United States,NGM,USD,,19226584.0,17982047.0,564071168.0
GHG,GreenTree Hospitality Group Ltd. Reports Third Quarter of 2025 Financial Results,"GreenTree Hospitality Group Ltd. (NYSE: GHG) (""GreenTree"", the ""Company"", ""we"", ""us"" and ""our""), a leading hospitality and restaurant management group in China, today announced its unaudited financial results for the third quarter of 2025.",Finnhub,https://finnhub.io/api/news?id=1afd96671e271bec546e5bbdb66d9de508855e2d472a29d7db504d7371cc81ec,2025-12-23T06:30:00,0,GreenTree Hospitality Group Ltd.,China,NYQ,USD,,66761582.0,10109954.0,181762896.0
MORN,Ohio 529 Once Again Earns Top National Recognition,"COLUMBUS, Ohio, December 23, 2025--Ohio 529 Once Again Earns Top National Recognition.",Finnhub,https://finnhub.io/api/news?id=1870107b347b603ced8170db93b4f902914ede7cb32a94c43f8f1d5d14fea280,2025-12-23T06:29:00,0,"Morningstar, Inc.",US,NASDAQ NMS - GLOBAL MARKET,USD,2005-05-03,41129198.0,20643567.0,9239454720.0
MELI,Can MercadoLibre's GMV Momentum Drive Further Upside in the Stock?,MELI is betting on transaction growth over ticket size as GMV momentum builds heading into peak season.,Finnhub,https://finnhub.io/api/news?id=c7d28d8a51f6709caee5e0c128a5b7335039b2b1ccc9ab25a0c903fbe7d0349b,2025-12-23T06:19:00,0,"MercadoLibre, Inc.",Uruguay,NMS,USD,,50697182.0,47022143.0,101683847168.0
NRIM,5 Stocks With Recent Price Strength to End a Fabulous 2025,"STRT, ATRO, WLDN, GLDD and NRIM are five stocks showing strong recent gains, signaling momentum that could carry into year-end.",Finnhub,https://finnhub.io/api/news?id=914e96ab65d51ee7aa1a4bca6d099b4c93c9c1e29b4891b255c0b145c446789d,2025-12-23T06:17:00,0,"Northrim BanCorp, Inc.",United States,NMS,USD,,22090668.0,21453573.0,599319808.0
WLDN,5 Stocks With Recent Price Strength to End a Fabulous 2025,"STRT, ATRO, WLDN, GLDD and NRIM are five stocks showing strong recent gains, signaling momentum that could carry into year-end.",Finnhub,https://finnhub.io/api/news?id=914e96ab65d51ee7aa1a4bca6d099b4c93c9c1e29b4891b255c0b145c446789d,2025-12-23T06:17:00,0,"Willdan Group, Inc.",United States,NGM,USD,,14749882.0,14319333.0,1641219328.0
CASY,"Casey's General Stores, Inc. (CASY) Soars to 52-Week High, Time to Cash Out?","Casey's (CASY) is at a 52-week high, but can investors hope for more gains in the future? We take a look at the company's fundamentals for clues.",Finnhub,https://finnhub.io/api/news?id=6b94aaeaefe013b7e0196578139ff95e465f8819bb8a2f8130caad4f64a1c462,2025-12-23T06:15:02,0,"Casey's General Stores, Inc.",United States,NMS,USD,,37066933.0,36843790.0,21083670528.0
PAYC,NBA Champion Jalen Williams Joins Forces With Paycom,"OKLAHOMA CITY, December 23, 2025--Paycom Software, Inc. (NYSE: PAYC) (""Paycom""), a leading provider of comprehensive, cloud-based human capital management software, announced a new multiyear partnership with NBA champion and All-Star Jalen (JDub) Williams. The partnership will kick off with Williams starring in Paycom’s latest campaign promoting its groundbreaking command-driven AI engine, IWant.",Finnhub,https://finnhub.io/api/news?id=c591deced7df89f1c78bf988b15bce43596f10c9f6960e22796acfe419b73c1f,2025-12-23T06:15:00,1,"Paycom Software, Inc.",,,,,54906117.0,48407978.0,9024119808.0
DVA,Buffett’s $24 Billion Selling Spree: The 6 Stocks Berkshire Hathaway Dumped,"Investors began to notice that Warren Buffett began being more conservative with the stock market three years ago, and that streak has continued even as the S&P 500 hit new peaks and beyond. He sold Apple (NASDAQ:AAPL), Bank of America (NYSE:BAC), VeriSign (NASDAQ:VRSN), DaVita (NYSE:DVA), D.R. Horton (NYSE:DHI), and Nucor (NYSE:NUE) as of Q3 2025. ... Buffett’s $24 Billion Selling Spree: The 6 Stocks Berkshire Hathaway Dumped",Finnhub,https://finnhub.io/api/news?id=38c21c6f1d164e3d30fad706b5d489f0370f1b4e8938e07cafe2b6b5ab7ccad4,2025-12-23T06:02:07,0,DaVita Inc.,United States,NYQ,USD,,70600000.0,37365756.0,8149570048.0
KNRX,"KNOREX to Ring NYSE Closing Bell on December 29, 2025","SUNNYVALE, Calif., December 23, 2025--KNOREX Ltd. (NYSE American: KNRX) (""KNOREX"" or the ""Company""), a leading provider of AI-driven programmatic online advertising products and solutions, today announced it will celebrate the Company’s progress and listing on the New York Stock Exchange by ringing the NYSE Closing Bell at the New York Stock Exchange Building, 11 Wall Street, New York City. KNOREX commenced trading on the NYSE under the ticker symbol ""KNRX"" on September 29, 2025.",Finnhub,https://finnhub.io/api/news?id=157f83221a914be30da39e8b5bf963c074b42a1a00fe16eec3c2fa6b7b467121,2025-12-23T06:00:00,0,Knorex Ltd.,SG,NYSE MKT LLC,USD,2025-09-29,25642538.0,15944256.0,46851596.0
QLYS,This Cloud Company's CEO Just Sold $1.2 Million Worth of Shares,"Qualys CEO Sumedh S Thakar sold 8,500 shares in November, primarily due to a stock option execution plan.",Finnhub,https://finnhub.io/api/news?id=fe7720219bedfee34723af4c2f0a02ec9d32f144529a7ec82e2b5bd2714a1382,2025-12-23T05:53:53,0,"Qualys, Inc.",United States,NMS,USD,,35858308.0,35653557.0,4991698944.0
PHIO,Phio Pharmaceuticals Announces Significant Step Forward in its Drug Development Program for PH-762,"Nonclinical protocol study design accepted by FDA Study to commence in First Quarter 2026King of Prussia, Pennsylvania--(Newsfile Corp. - December 23, 2025) - Phio Pharmaceuticals Corp. (NASDAQ: PHIO) is a clinical-stage siRNA biopharmaceutical company developing therapeutics using its proprietary INTASYL® gene silencing technology to eliminate cancer. Phio announced today that it has taken a major step forward in its drug development program for PH-762. The company will begin a toxicology...",Finnhub,https://finnhub.io/api/news?id=3e0a2ae491e027ecaf132607fb2ae3a20c7924a9cc0971a90430d2bdd65c1bb1,2025-12-23T05:45:00,0,Phio Pharmaceuticals Corp.,United States,NCM,USD,,10764428.0,10705331.0,11923128.0
REVG,"Ford Recalls Over 272,000 Vehicles Amid Software Glitch","Ford is recalling over 272,000 EVs and hybrids due to a software glitch that can prevent vehicles from properly engaging park, raising crash risks.",Finnhub,https://finnhub.io/api/news?id=fac05fb2bbc4d76c85ca3edf3d396e39e3cc3395b419239d76d58739c66c3f39,2025-12-23T05:44:00,0,"REV Group, Inc.",United States,NYQ,USD,,48806145.0,48008165.0,3052824320.0
PRSO,Peraso Appoints Wireless Veteran Cees Links to Board of Directors,"SAN JOSE, CALIFORNIA / ACCESS Newswire / December 23, 2025 /Peraso Inc. (NASDAQ:PRSO) (""Peraso"" or the ""Company""), a pioneer in mmWave wireless technology solutions, today announced the appointment of veteran wireless entrepreneur and technology executive, ...",Finnhub,https://finnhub.io/api/news?id=4c77ceead7b632d1aa6ca80601970ad975a8d52cf6ac8153caec0c77d0e35c1b,2025-12-23T05:30:00,0,Peraso Inc.,United States,NCM,USD,,9311877.0,8494846.0,9461542.0
VS,Versus Systems Executes Definitive Agreement with Drinkfinger to Power Global Beverage Engagement Network,"Technology and QR-Driven Experiences to Transform In-Venue Consumer Interaction Across Key MarketsMIAMI, Dec. 23, 2025 (GLOBE NEWSWIRE) -- Versus Systems Inc. (“Versus” or the “Company”) (Nasdaq: VS) today announced it has executed a definitive agreement with Drinkfinger Enterprises Ltd. (“Drinkfinger”) to launch large-scale technology-enabled campaigns and interactive fan experiences across Brazil, the United States, the United Kingdom, and select international markets. The collaboration will i",Finnhub,https://finnhub.io/api/news?id=e9d4668625943d08821d45fab6c6418f00085e1cdec4996ca6762763ecfb2f22,2025-12-23T05:30:00,1,Versus Systems Inc.,United States,NCM,USD,,4901677.0,1756614.0,6176114.0
ENTX,Entera Bio Congratulates the FNIH-ASBMR-SABRE Team on FDA’s Qualification of  Total Hip BMD as Regulatory Endpoint: Huge Win for Osteoporosis Innovation,"FDA qualification of Total Hip BMD as a validated surrogate endpoint for novel osteoporosis drug development further bolsters Entera's July 2025 FDA alignment and regulatory strategy for EB613 Underscores Entera's mission to democratize anabolic treatment for osteoporosis patients and caregivers globally JERUSALEM, Dec. 23, 2025 (GLOBE NEWSWIRE) -- Entera Bio Ltd. (NASDAQ: ENTX) (""Entera"" or the ""Company""), a leader in the development of oral peptide and protein replacement therapies, is thrille",Finnhub,https://finnhub.io/api/news?id=b9d5d1af024a5c351a9a8907739329e7f0d0d26ab9fc57eaf445fca23a368699,2025-12-23T05:30:00,0,Entera Bio Ltd.,Israel,NCM,USD,,45857242.0,31657547.0,78874456.0
VWAV,"VisionWave Announces Issuance of New U.S. Patent, Expanding Enforceable Protection Across Its Core RF Imaging and AI Platform","WEST HOLLYWOOD, Calif., Dec. 23, 2025 (GLOBE NEWSWIRE) -- VisionWave Technologies, Inc., a subsidiary of VisionWave Holdings, Inc. (NASDAQ: VWAV) (“VisionWave”), today announced that the United States Patent and Trademark Office (“USPTO”) has issued a new U.S. patent covering systems and methods for real-time movement, position detection, and imaging. The newly issued patent, U.S. Patent No. 12,499,578, titled “Systems and Methods of Real-Time Movement, Position Detection, and Imaging,” represen",Finnhub,https://finnhub.io/api/news?id=f7b66fe0e73cdaab2caf1cd84e42b36a66318092ed4e2369fff9e4cf01da445e,2025-12-23T05:30:00,0,"VisionWave Holdings, Inc.",United States,NGM,USD,,16496603.0,5044581.0,159852080.0
MAMO,"Massimo Group Highlights Dealer Network Momentum, Organizational Expansion and Product-Led Strategy Entering 2026","Massimo Group (NASDAQ: MAMO), a manufacturer and distributor of powersports vehicles and electric mobility solutions, today provided an update on its dealer network momentum, organizational expansion, and strategic initiatives as the Company prepares for accelerated dealer-led growth in 2026.",Finnhub,https://finnhub.io/api/news?id=d33aa361153b0e84da7488f08f8865ed8ce34e15d9c871952ac78fe1d3bd6f80,2025-12-23T05:25:00,0,Massimo Group,United States,NCM,USD,,41640950.0,4940699.0,170311504.0
BKSY,BlackSky Technology: Sell The Latest Unwarranted Rally,"BlackSky Technology is a Sell amid weak growth, earnings misses, and an overvalued stock. Click here to read my latest analysis of BKSY stock.",Finnhub,https://finnhub.io/api/news?id=f16eb57c5d96911bf1279b58627722e3dfb7e350dfa17bf9cd62d713a810e2a1,2025-12-23T05:16:07,0,BlackSky Technology Inc.,United States,NYQ,USD,,35992596.0,28029499.0,695017024.0
FJET,Taking Stock of Starfighters Space (FJET) After Its Volatile Post-IPO Surge in Investor Interest,"Starfighters Space (FJET) has landed in the public markets with a $40 million IPO, and traders have wasted no time stress testing the stock through extreme volatility and heavy early volume. See our latest analysis for Starfighters Space. That explosive 1 day share price return of about 371 percent comes on top of an early year to date share price return above 270 percent. Together, these figures signal powerful short term momentum even as the business is still loss making and early stage. If...",Finnhub,https://finnhub.io/api/news?id=9a011fa939ac0083f24ab8136efdd9a960e681422881e9139a4a0d27d0106935,2025-12-23T05:09:55,0,"Starfighters Space, Inc.",United States,ASE,USD,,27862261.0,13662260.0,409018016.0
GWW,What Makes W.W. Grainger (GWW) an Investment Bet?,"Parnassus Investments, an investment management company, released the “Parnassus Core Equity Fund” third-quarter 2025 investor letter. A copy of the letter can be downloaded here. The S&P 500 Index surged in the third quarter, driven by investor optimism that grew on expectations of monetary easing, strong consumer demand, and solid corporate earnings. The Fund (Investor […]",Finnhub,https://finnhub.io/api/news?id=33427e5355840141b8ad32576a27243b82f60da460ad11704e65712ec2572113,2025-12-23T05:03:03,0,"W.W. Grainger, Inc.",United States,NYQ,USD,,47549337.0,43558521.0,48993611776.0
FJET,Starfighters Space Provides Year-End Corporate Update Following NYSE American Listing,"CAPE CANAVERAL, Fla., December 23, 2025--Starfighters Space Provides Year-End Corporate Update Following NYSE American Listing.",Finnhub,https://finnhub.io/api/news?id=13a622692149436d7955d39641f9bc4b2f34b982ffd2bb73a4174b13302e80d5,2025-12-23T05:00:00,0,"Starfighters Space, Inc.",United States,ASE,USD,,27862261.0,13662260.0,409018016.0
NWTG,Newton Golf Named No. 1 Selling Shaft for Drivers and Fairway Woods at Club Champion in 2025,"CAMARILLO, Calif., December 23, 2025--Newton Golf Company (NASDAQ: NWTG) (""Newton Golf"" or the ""Company""), a technology-driven innovator in performance golf equipment, today announced that its shafts were the No. 1 selling shafts for both drivers and fairway woods at Club Champion in 2025, one of the largest and most respected professional club fitting retailers in the world.",Finnhub,https://finnhub.io/api/news?id=5c7356f855b2e17dfa83ae26ec991672407af580e02be887f8ac3d7c7e84533a,2025-12-23T05:00:00,0,"Newton Golf Company, Inc.",US,NASDAQ NMS - GLOBAL MARKET,USD,2023-08-15,4752463.0,4125262.0,7508891.0
ZENA,"ZenaTech Closes Acquisition of Vara 3D, a Utah-Based Surveying and Mapping Firm Expanding Drone-as-a-Service to the High-Growth Solar Infrastructure Market","VANCOUVER, British Columbia, Dec. 23, 2025 (GLOBE NEWSWIRE) -- ZenaTech, Inc. (Nasdaq: ZENA) (FSE: 49Q) (BMV: ZENA) (""ZenaTech""), a technology business solutions company specializing in AI (Artificial Intelligence) drone, Drone as a Service (DaaS), enterprise SaaS, and Quantum Computing solutions, announces the acquisition of Vara 3D Inc., a well established Salt Lake City-area surveying and 3D mapping company. Vara 3D serves clients across Utah with a strong footprint in California’s solar ener",Finnhub,https://finnhub.io/api/news?id=b4e908f9064d15c6855b241e87a185c31fe2ce85a7c01d4206a79eeb020e9333,2025-12-23T05:00:00,1,"ZenaTech, Inc.",Canada,NCM,USD,,37981124.0,23156393.0,129895448.0
FJET,Stocks Edge Lower Pre-Bell as Investors Await Economic Data,US equity futures edged lower on Tuesday as traders await the release of some delayed economic repor,Finnhub,https://finnhub.io/api/news?id=8ee3ba4e97248837d85381ed7fc4c841340ac7fa767e84f5c2c94a115e71c63e,2025-12-23T04:33:17,0,"Starfighters Space, Inc.",United States,ASE,USD,,27862261.0,13662260.0,409018016.0
LITM,Global Uranium and Enrichment Limited's Scheme Booklet Dispatched for Securityholders Meetings to Approve the Snow Lake Acquisition,"Winnipeg, Manitoba--(Newsfile Corp. - December 23, 2025) - Snow Lake Resources Ltd., d/b/a Snow Lake Energy (NASDAQ: LITM) (""Snow Lake""), a uranium exploration and development company, announces that Global Uranium and Enrichment Limited (""GUE"") has dispatched its Scheme Booklet to all GUE securityholders.As previously announced by Snow Lake:On October 26, 2025 in relation to the proposed acquisition by Snow Lake of all of the fully paid ordinary shares in GUE that Snow Lake does not already...",Finnhub,https://finnhub.io/api/news?id=6338cf6ca0e2ba53205eef8890fe7d1f3e00f57af679064f7268ae8aaa644ef0,2025-12-23T04:30:00,1,Snow Lake Resources Ltd.,Canada,NCM,USD,,18026269.0,8720610.0,61469584.0
BSRR,"With EPS Growth And More, Sierra Bancorp (NASDAQ:BSRR) Makes An Interesting Case","The excitement of investing in a company that can reverse its fortunes is a big draw for some speculators, so even...",Finnhub,https://finnhub.io/api/news?id=ab262842edd3787677e3724fbb9ecdcdab1c98a6659cd451bbf01cbf76279d18,2025-12-23T04:09:36,0,Sierra Bancorp,United States,NMS,USD,,13482458.0,11911551.0,450381632.0
LCUT,Discovering Connect Biopharma Holdings And 2 Other Promising Penny Stocks,"As the U.S. stock market continues to rally, with major indexes like the S&P 500 and Dow Jones nearing record highs, investors are increasingly looking for opportunities in less traditional areas. Penny stocks, though often considered a relic of past market trends, remain a compelling option for those seeking growth potential at lower price points. These stocks typically represent smaller or newer companies and can offer significant upside when backed by strong financial health and solid...",Finnhub,https://finnhub.io/api/news?id=8525efc4b5b51b557ace074b452f5b12fb4bb0c226a4159641996328e47ed8be,2025-12-23T04:04:50,0,"Lifetime Brands, Inc.",United States,NMS,USD,,22655990.0,11307831.0,91989192.0
VRTS,Piper Sandler Maintains Virtus Investment Partners (VRTS) Overweight Recommendation,,Finnhub,https://finnhub.io/api/news?id=1dfb9f8cc22b24673deee48b51495165afa7e35bf02a922fede763442257ec7b,2025-12-23T04:02:55,0,"Virtus Investment Partners, Inc.",United States,NYQ,USD,,6754405.0,6308344.0,1124135552.0
MTN,Morgan Stanley Maintains Vail Resorts (MTN) Equal-Weight Recommendation,,Finnhub,https://finnhub.io/api/news?id=8cff371b48e35aa1fa5b1fe5237b262e46381a04629627df0829a3ba4110b49e,2025-12-23T04:02:38,0,"Vail Resorts, Inc.",United States,NYQ,USD,,35775575.0,35262553.0,5042437632.0
HIHO,Highway Holdings Plans to Acquire 51% of Regent-Feinbau Adermann GmbH,"Highway Holdings Limited (Nasdaq: HIHO, the ""Company"" or ""Highway Holdings"") today announced it has signed a letter of intent (""LOI"") with LeMALe Beteiligungs-GmbH (""LeMaLe"" or ""Seller"") to acquire 51% of German-based Regent-Feinbau Adermann GmbH (""Regent-Feinbau"") primarily for cash and a smaller amount of the Company's unregistered shares.",Finnhub,https://finnhub.io/api/news?id=f806007002e47d080d4f94b478a9db39a82cbeeeb725621666a0ee4cdd0ec0ae,2025-12-23T04:00:00,0,Highway Holdings Limited,Hong Kong,NCM,USD,,4601825.0,2920567.0,7224867.0
BL,BlackLine: Hopes For A Turnaround Are Fading (Downgrade),"BlackLine, Inc. is downgraded to Sell due to fading M&A prospects, weak fundamentals, and execution risks. Learn more about BL stock here.",Finnhub,https://finnhub.io/api/news?id=f6e1ae2b7967718f72a17f00f4c458c9b190a06a9570c7419a0f97fd54b5bc3f,2025-12-23T03:50:46,0,"BlackLine, Inc.",United States,NMS,USD,,59486668.0,48881980.0,3574640640.0
GCO,"Genesco Inc. to Present at 2026 ICR Conference on January 12, 2026","NASHVILLE, Tenn., December 23, 2025--GENESCO INC. TO PRESENT AT 2026 ICR CONFERENCE ON JANUARY 12, 2026",Finnhub,https://finnhub.io/api/news?id=bf9200f62769d14f4162b0eff64385ee734973dd06fe5d830d564843d7ece94f,2025-12-23T03:50:00,0,Genesco Inc.,United States,NYQ,USD,,10792736.0,8860512.0,275823104.0
ICHR,Why Ichor's 2026 Recovery Is Underestimated,,Finnhub,https://finnhub.io/api/news?id=6397b43fed584ad7f1735d0a35c3be3f374d663b9f0ab824494e6ffe4d9df883,2025-12-23T03:46:31,0,"Ichor Holdings, Ltd.",United States,NMS,USD,,34384231.0,33734025.0,651581248.0
FDMT,"4D Molecular Therapeutics, Inc.'s (NASDAQ:FDMT) institutional investors lost 20% over the past week but have profited from longer-term gains",Key Insights Institutions' substantial holdings in 4D Molecular Therapeutics implies that they have significant...,Finnhub,https://finnhub.io/api/news?id=1b11ca58fa1af5578e7ea9cffd1e833fff496a312639acb24535f9f46ecda35d,2025-12-23T03:45:39,0,"4D Molecular Therapeutics, Inc.",United States,NMS,USD,,57135075.0,42909584.0,455366528.0
EGBN,Undervalued Small Caps With Insider Buying To Consider In December 2025,"As the U.S. stock market continues its upward momentum, with major indexes like the S&P 500 and Dow Jones Industrial Average nearing record highs, investors are keenly observing small-cap stocks for potential opportunities. In this environment of rising tech shares and record-breaking precious metal prices, identifying undervalued small-cap companies with insider buying can be a strategic move to capitalize on market dynamics.",Finnhub,https://finnhub.io/api/news?id=7aa7299375f3a537744764893eeac9a558e43a726b85076e559f5ef1c09ba3b7,2025-12-23T03:39:40,0,"Eagle Bancorp, Inc.",United States,NCM,USD,,30371236.0,25162569.0,643262784.0
UNB,Undervalued Small Caps With Insider Buying To Consider In December 2025,"As the U.S. stock market continues its upward momentum, with major indexes like the S&P 500 and Dow Jones Industrial Average nearing record highs, investors are keenly observing small-cap stocks for potential opportunities. In this environment of rising tech shares and record-breaking precious metal prices, identifying undervalued small-cap companies with insider buying can be a strategic move to capitalize on market dynamics.",Finnhub,https://finnhub.io/api/news?id=7aa7299375f3a537744764893eeac9a558e43a726b85076e559f5ef1c09ba3b7,2025-12-23T03:39:40,0,"Union Bankshares, Inc.",United States,NGM,USD,,4582423.0,3784257.0,107778592.0
FUNC,Undervalued Small Caps With Insider Buying To Consider In December 2025,"As the U.S. stock market continues its upward momentum, with major indexes like the S&P 500 and Dow Jones Industrial Average nearing record highs, investors are keenly observing small-cap stocks for potential opportunities. In this environment of rising tech shares and record-breaking precious metal prices, identifying undervalued small-cap companies with insider buying can be a strategic move to capitalize on market dynamics.",Finnhub,https://finnhub.io/api/news?id=7aa7299375f3a537744764893eeac9a558e43a726b85076e559f5ef1c09ba3b7,2025-12-23T03:39:40,0,First United Corporation,United States,NMS,USD,,6496908.0,5959809.0,251625248.0
CWBC,3 Stocks Estimated To Be Trading Below Fair Value By Up To 46%,"As the U.S. stock market continues its upward trajectory, with major indices like the S&P 500 and Dow Jones Industrial Average nearing record highs, investors are increasingly on the lookout for opportunities that may be flying under the radar. In such a climate, identifying stocks that are estimated to be trading below their fair value can offer potential pathways to capitalize on market movements, especially when tech shares lead the charge and precious metals hit fresh records.",Finnhub,https://finnhub.io/api/news?id=15ab2d648b4bb2428c8cd88ae0a59471d473d1fe6ed20cf948ce1b2b45609f22,2025-12-23T03:37:55,0,Community West Bancshares,United States,NCM,USD,,19160403.0,15348966.0,434749568.0
UNB,Unveiling US Undiscovered Gems For December 2025,"As the United States stock market continues to climb, with major indices like the S&P 500 and Dow Jones Industrial Average nearing record highs, investors are keenly observing the ongoing tech share rally that has bolstered these gains. In this vibrant market environment, identifying promising small-cap stocks can be particularly rewarding; such stocks often offer unique growth opportunities that align well with current economic trends and technological advancements.",Finnhub,https://finnhub.io/api/news?id=a916bcb0a973075888187df551bf89a0702c1bd6a5fa7f56cb1dc9480b82e66b,2025-12-23T03:32:59,0,"Union Bankshares, Inc.",United States,NGM,USD,,4582423.0,3784257.0,107778592.0
PEBO,3 Reliable Dividend Stocks Yielding Up To 4.5%,"As the U.S. stock market continues its upward trajectory with major indexes nearing record highs, investors are increasingly looking for stability amidst the tech-driven rally. In such a dynamic environment, dividend stocks offer reliable income and potential for steady growth, making them an attractive option for those seeking to balance risk and reward in their portfolios.",Finnhub,https://finnhub.io/api/news?id=341520bb76f82fc15bc898716e772543336dab34d238212c09d4ff214785aa81,2025-12-23T03:31:44,0,Peoples Bancorp Inc.,United States,NMS,USD,,35702963.0,33796313.0,1090011520.0
TMDX,Strategists are bullish on healthcare in 2026: 3 top stock picks,"Catalyst Funds chief investment officer and senior portfolio manager David Miller and Marketgauge.com chief strategist Michele Schneider join Morning Brief host Julie Hyman to share some of their top stock picks in the healthcare (XLV) sector. To watch more expert insights and analysis on the latest market action, check out more Morning Brief.",Finnhub,https://finnhub.io/api/news?id=102cf5da6bc5d4a4df261277416d0c59a2ee951eea620ba053eb68d469d669df,2025-12-23T03:30:23,0,"TransMedics Group, Inc.",United States,NGM,USD,,34174325.0,33027435.0,4244450816.0
MEDP,Strategists are bullish on healthcare in 2026: 3 top stock picks,"Catalyst Funds chief investment officer and senior portfolio manager David Miller and Marketgauge.com chief strategist Michele Schneider join Morning Brief host Julie Hyman to share some of their top stock picks in the healthcare (XLV) sector. To watch more expert insights and analysis on the latest market action, check out more Morning Brief.",Finnhub,https://finnhub.io/api/news?id=102cf5da6bc5d4a4df261277416d0c59a2ee951eea620ba053eb68d469d669df,2025-12-23T03:30:23,0,"Medpace Holdings, Inc.",United States,NMS,USD,,28168223.0,22646970.0,15987156992.0
MTN,ArcelorMittal announces $900m renewable energy projects in India,"The projects are located in Amaravati of Maharashtra, Bikaner of Rajasthan and Bachau of Gujarat.",Finnhub,https://finnhub.io/api/news?id=a18f42f25bf910c8a4748d54cd027487d8e1baae8492a23391cd88a63172f9ee,2025-12-23T03:19:33,0,"Vail Resorts, Inc.",United States,NYQ,USD,,35775575.0,35262553.0,5042437632.0
AUNA,How Auna’s Evolving Mexico Strategy Is Rewriting The Investment Story,"Auna's latest update has triggered a subtle reset in its long term fair value narrative, with the fair value estimate easing from about 10.67 to 10.42 as the discount rate edges higher from roughly 9.20% to 9.41% amid lingering concerns over regional expansion and leverage. While bulls frame this as a more achievable base that could set the stage for upside if Mexico ramps and the balance sheet improves, bears see the lower target as a reflection of tempered confidence in near term growth and...",Finnhub,https://finnhub.io/api/news?id=229d7b5cabbcf7290001909bd0df17dcba2843f38a44b75b39980326984d2a73,2025-12-23T03:05:20,0,Auna SA,Luxembourg,NYQ,USD,,30095388.0,23805746.0,340459648.0
RDWR,Radware Reports Results of 2025 Annual General Meeting,"TEL AVIV, Israel, Dec. 23, 2025 (GLOBE NEWSWIRE) -- Radware® (NASDAQ: RDWR), a global leader in application security and delivery solutions for multi-cloud environments, today announced the results of its Annual General Meeting of Shareholders held December 22, 2025. The Company presented four proposals for the shareholders to vote on at the meeting, of which one proposal (to approve compensation terms of, including grants of equity-based awards to, non-employee directors and related amendments",Finnhub,https://finnhub.io/api/news?id=ceea2f4d3b5ad911771daac06636450c2703fcd3dc1d301bee69244493901d10,2025-12-23T03:01:00,0,Radware Ltd.,Israel,NMS,USD,,43434362.0,33684230.0,1058495360.0
SPHR,Sphere Entertainment: High Short Interest And A Promising Outlook,"Sphere Entertainment Co. (SPHR) is rated Hold, balancing strong immersive entertainment growth against high short interest and valuation concerns.",Finnhub,https://finnhub.io/api/news?id=c1f7132f363f251f0883978e4792939af37a89706a6b8b31121c81ee273443f8,2025-12-23T02:55:38,0,Sphere Entertainment Co.,United States,NYQ,USD,,28447507.0,24205101.0,3363425536.0
CET,3 Old School CEFs That Consistently Beat The Market,"Explore top equity CEFsâADX, CET, and GAM. Discover NAV discounts, high yields, and outperformance vs. the major averages. Click for more.",Finnhub,https://finnhub.io/api/news?id=a57a048f98c58f17067637353e9438242af38b27fd35fdafa8009f6527323b6b,2025-12-23T02:51:54,0,Central Securities Corporation,US,NYSE MKT LLC,USD,1980-03-17,28913659.0,16793921.0,1477745024.0
GAM,3 Old School CEFs That Consistently Beat The Market,"Explore top equity CEFsâADX, CET, and GAM. Discover NAV discounts, high yields, and outperformance vs. the major averages. Click for more.",Finnhub,https://finnhub.io/api/news?id=a57a048f98c58f17067637353e9438242af38b27fd35fdafa8009f6527323b6b,2025-12-23T02:51:54,0,"General American Investors Company, Inc.",United States,NYQ,USD,,23279512.0,20405423.0,1377798528.0
PEO,3 Old School CEFs That Consistently Beat The Market,"Explore top equity CEFsâADX, CET, and GAM. Discover NAV discounts, high yields, and outperformance vs. the major averages. Click for more.",Finnhub,https://finnhub.io/api/news?id=a57a048f98c58f17067637353e9438242af38b27fd35fdafa8009f6527323b6b,2025-12-23T02:51:54,0,"Adams Natural Resources Fund, Inc.",United States,NYQ,USD,,26888697.0,24076139.0,583215808.0
PVLA,Palvella Therapeutics: Phase 2 Success De-Risks 2026 Catalyst,"Palvella Therapeutics stands out with promising Phase 2 data, strong cash reserves, and major catalysts ahead. Click here to find out why PVLA stock is a Buy.",Finnhub,https://finnhub.io/api/news?id=3e17d9385cf839345f6fa8757abf3714ff052b42e71e30df0bd3ca348beda573,2025-12-23T02:43:39,1,"Palvella Therapeutics, Inc.",US,NASDAQ NMS - GLOBAL MARKET,USD,2014-12-18,11836490.0,6585941.0,1223538048.0
IESC,"IES Holdings: The Data Center Story Is Real, The Upside Less So","IES Holdings, Inc. is rated a Hold with robust growth and sustained margins, making the risk/reward less compelling. Read more on IESC stock here.",Finnhub,https://finnhub.io/api/news?id=32ba24c7deb62f961b25d392888a26055338d9385b2f4123ab5b9279eeba42ba,2025-12-23T02:06:45,0,"IES Holdings, Inc.",United States,NGM,USD,,19854585.0,9001672.0,8004971008.0
OPRX,OptimizeRx Stock: A Buy-The-Dip Opportunity For This Above-Average Growth Story,"OptimizeRx demonstrates continued operational momentum, supporting confidence in sustained growth. Click here to read my most recent analysis of OPRX stock.",Finnhub,https://finnhub.io/api/news?id=24a927ad5f5e45ec108496b83f9e204d018e976f58635d7db5697d700eb00c87,2025-12-23T02:03:58,0,OptimizeRx Corporation,United States,NCM,USD,,18640652.0,14277994.0,232635328.0
AZZ,AZZ: Upside Is Being Left On The Table,AZZ Inc. remains a soft Buy as shares are modestly undervalued and management guides for continued growth. Learn more about AZZ stock here.,Finnhub,https://finnhub.io/api/news?id=5ed84f076ce4822ae3f307b95e6618fb1564f9be498a0e6300e08bcd3e7d4502,2025-12-23T02:00:17,0,AZZ Inc.,,,,,30057082.0,29460749.0,3320706560.0
CPK,Recent Price Drop Brings Chesapeake Utilities Down To A More Attractive Valuation,Chesapeake Utilities stock falls 9.1% in December. Click here to see why valuations now look justified and if this is a buying opportunity for CPK stock now.,Finnhub,https://finnhub.io/api/news?id=760bd32363b618998881675df409b47f174f0e9b7abc2b867d30e81579382cf0,2025-12-23T01:46:13,0,Chesapeake Utilities Corporation,United States,NYQ,USD,,23650684.0,23390999.0,2978094080.0
CXDO,Crexendo: The Use Of AI And International Expansion To Drive Growth,"Discover why Crexendo (CXDO) outperforms the S&P 500 with strong growth, AI innovation, and attractive valuation.",Finnhub,https://finnhub.io/api/news?id=8863e10b6bf0f80f4c4843941039de1f4a920a58e5cd10b87e46892c82fa196e,2025-12-23T01:24:32,0,"Crexendo, Inc.",United States,NCM,USD,,30731048.0,17062800.0,198522576.0
ETHZ,ETHZilla Stock Sinks After $74.5M Crypto Sale Signaled DAT Retreat,"ETHZilla stock fell 8.7% on Monday, Dec. 22. The decline follows the firm's move to sell ETH worth $74.5 million. With its digital asset treasury ...",Finnhub,https://finnhub.io/api/news?id=92acdcd7044828d03ee480ec5e5c09237b8a9ee9659c0ad1fc9cafd0f30f2ff4,2025-12-23T01:17:15,0,ETHZilla Corporation,United States,NCM,USD,,18935791.0,13963384.0,98087400.0
JLL,Just How Big Is the Data-Center Boom?,"$1 trillion That's the estimated value of new data-center construction in North America from this year through 2030, according to JLL. With spending set to overtake outlays on office buildings, investors in commercial property are raking in profits—but becoming more vulnerable to any AI-related correction.",Finnhub,https://finnhub.io/api/news?id=436be5e9c14e7340484cb1aace3e4decb91e175fdc9f0337cd6bde04d90812ea,2025-12-23T01:12:04,0,Jones Lang LaSalle Incorporated,United States,NYQ,USD,,47194630.0,46683512.0,16439392256.0
AMG,Does AMG’s AUM Beat Amid Soft Revenue Growth Change The Bull Case For Affiliated Managers Group (AMG)?,"In its latest quarterly update, Affiliated Managers Group reported a mixed outcome, topping analysts’ assets under management estimates while falling slightly short on revenue and posting the slowest revenue growth among custody bank peers. Yet investors appeared to favor its business outlook, as the company’s results were received more positively than those of many competitors with stronger headline growth. We’ll now explore how AMG’s solid AUM beat amid softer revenue growth may shape its...",Finnhub,https://finnhub.io/api/news?id=43ed6b07c4b84bf68372d9c419194014e5cd9abc7fb916c63df31420156e027c,2025-12-23T01:10:32,1,"Affiliated Managers Group, Inc.",United States,NYQ,USD,,28128908.0,27006565.0,8411959808.0
TMDX,TransMedics: A Stagnant Monopoly Facing Regulatory Pressure,TransMedics has dominated the U.S. market for warm perfusion organ transplants but faces slowing growth.,Finnhub,https://finnhub.io/api/news?id=1f70b890a061a2b2a406b10d24d1dfe5828cae860857ef7054fe1acf1e5eed6a,2025-12-23T01:06:39,0,"TransMedics Group, Inc.",United States,NGM,USD,,34174325.0,33027435.0,4244450816.0
FICO,FICO UK Credit Card Market Report: October 2025,"LONDON, December 23, 2025--FICO (NYSE: FICO):",Finnhub,https://finnhub.io/api/news?id=2e1b2b45648859c00f2f037316d81007884d0ccf2ea2f23f2185e59dda523e10,2025-12-23T01:00:00,0,Fair Isaac Corporation,United States,NYQ,USD,,23709047.0,22998961.0,42082967552.0
DHIL,"Diamond Hill Investment Group, Inc. (DHIL) M&A Call Transcript","Diamond Hill Investment Group, Inc. (DHIL) M&A Call December 17, 2025 2:00 PM ESTCompany ParticipantsHeather Brilliant - CEO & DirectorAustin...",Finnhub,https://finnhub.io/api/news?id=9e9c6fcfc8bcb4afe25d377d09e7ddcf0d79a0d63dbcd94e6b013bec31052f88,2025-12-23T00:56:08,0,"Diamond Hill Investment Group, Inc.",United States,NMS,USD,,2705296.0,2447833.0,457790368.0
SVV,Savers Value Village: A Deeper Look After The Post-Earnings Selloff,"Savers Value Village (SVV) remains a 'Hold' despite a 30% stock drop, with structural risks outweighing potential upside.",Finnhub,https://finnhub.io/api/news?id=6e6d8e135fbba7334ad692346302af3acd9b6bd4d971ab757c60958ad6316e15,2025-12-23T00:26:44,0,"Savers Value Village, Inc.",United States,NYQ,USD,,156227451.0,38524127.0,1473224960.0
MELI,"MercadoLibre: Fantastic Company Growth, Beware Of Regional Risks",MercadoLibre's robust fintech growth and profitability amid Latin America's economic risks. Click here to read my latest analysis of MELI stock.,Finnhub,https://finnhub.io/api/news?id=9767b605eff9cd40c5cdf029f74c879c34e347b94c7c0aa41e664693015e3bdd,2025-12-23T00:23:57,0,"MercadoLibre, Inc.",Uruguay,NMS,USD,,50697182.0,47022143.0,101683847168.0
CNXC,Concentrix launches pre-built conversational AI agents for business integration,"The suite is designed to equip companies with AI-powered tools for product support, order tracking, appointment scheduling, and collections.",Finnhub,https://finnhub.io/api/news?id=fc51ae436ee8dea435a832d88ba4adaaf945528cd8024b7da0eb0309aa52ec61,2025-12-23T00:15:07,0,Concentrix Corporation,United States,NMS,USD,,62257439.0,39394017.0,2644534016.0
DY,Dycom Industries (DY): Assessing Valuation After a Powerful Multi‑Year Share Price Run,"Dycom Industries (DY) has been on a strong run lately, and investors are starting to ask whether the move still has room. Let us walk through what the recent performance suggests. See our latest analysis for Dycom Industries. At its latest share price of $347.11, Dycom’s strong year to date share price return of 96.44 percent and standout 3 year total shareholder return of 270.25 percent signal that momentum is still very much on its side. If Dycom’s run has you rethinking what else might be...",Finnhub,https://finnhub.io/api/news?id=e2e4a8c4af82946fc5e51467e26bcb543e6d1908ef4c3b7d160586a59a5f6f68,2025-12-23T00:14:06,0,"Dycom Industries, Inc.",United States,NYQ,USD,,29967120.0,23827934.0,10417470464.0
IPAR,Interparfums: Capital-Light Model Positions Stock For Growth Despite Near-Term Headwinds,"Interparfums' capital-light, diversified model drives growth despite market pressures. Click here to read my latest analysis of IPAR stock.",Finnhub,https://finnhub.io/api/news?id=dd36b452372b0701d51f7f7f8f8bd1eabec687a6fbceb95a014deec99715c425,2025-12-23T00:03:06,0,"Interparfums, Inc.",US,NASDAQ NMS - GLOBAL MARKET,USD,1984-09-16,32064728.0,18068474.0,2746343936.0
HGV,Timeshares Have Made a Comeback. Can Their Stocks?,"Like other vacationers, timeshare owners are looking to get away from it all—including the business’  poor reputation.  Lilienfeld has sometimes run into hassles booking trips, and as an attorney, she’s well aware that timeshares aren’t good estate planning tools, as they’re sometimes advertised.  Average occupancy hit a postpandemic high of 80% in 2024, well ahead of the hotel occupancy rate in the mid-60% range, while rental revenue has ballooned by $1 billion since 2021, reaching a record $3.",Finnhub,https://finnhub.io/api/news?id=308f02ee4cf6a2014443d3a03a961f3ba541c8904487e41ef84d26ea3bed9e2f,2025-12-23T00:00:00,0,Hilton Grand Vacations Inc.,United States,NYQ,USD,,85543093.0,48101737.0,3984611328.0
ALMU,Aeluma: When A Semiconductor Story Stops Being A Science Project,"Aeluma's confident execution, rising commercialization, and revenue growth projections make it a compelling long-term investment. Click for ALMU stock update.",Finnhub,https://finnhub.io/api/news?id=765ed9ffa2c8fc1230f6bed46a5d82c21127547dcb6623140d5da10fa12b93c9,2025-12-22T23:20:00,1,"Aeluma, Inc.",United States,NCM,USD,,17857863.0,12801945.0,322780896.0
JLL,"Jones Lang LaSalle: Real Estate Has A Bright Future Again, But Risks Remain","Get a balanced take on JLL stockâcontrarian analysis, growth drivers, margin challenges, and sector outlook.",Finnhub,https://finnhub.io/api/news?id=1d4ca6b5b9d084d994a33e16931dce24ce587230321187181250071e5ea86683,2025-12-22T22:46:49,0,Jones Lang LaSalle Incorporated,United States,NYQ,USD,,47194630.0,46683512.0,16439392256.0
ABVX,Abivax: Here's Why Eli Lilly Could Want Its Oral Ulcerative Colitis Therapy,Abivax (ABVX) stock surged on Obefazimod trial success and takeover rumors. Learn if valuation risks now outweigh reward.,Finnhub,https://finnhub.io/api/news?id=fd568ae140a7cb2490a1a9f8e78c7be2bf5c4d40856084028ad821ab81c21fb8,2025-12-22T22:41:51,0,ABIVAX Société Anonyme,,,,,77930948.0,41916939.0,11228963840.0
MIDD,Middleby (MIDD): Assessing Valuation After a 28% One-Month Share Price Surge,"Middleby (MIDD) has quietly put together a strong run lately, with the stock up about 28% over the past month and 12% in the past 3 months, catching the attention of value-focused investors. See our latest analysis for Middleby. Zooming out, that 28% one month share price return has helped Middleby claw back earlier weakness, leaving the stock up solidly on a year to date share price basis while its five year total shareholder return of 18.99 percent points to steady, if unspectacular,...",Finnhub,https://finnhub.io/api/news?id=0a425fe68b36bdd5b7a832d7ff6966c71b1e8d670566b66dadc89cf52b472b4a,2025-12-22T22:07:09,0,The Middleby Corporation,United States,NMS,USD,,50371250.0,38855879.0,7658615296.0
DJCO,Daily Journal Corporation Q4 Preview: Still Charting Its Path,"Discover why Daily Journal Corporation (DJCO) is rated Hold, with stable revenues but limited growth catalysts.",Finnhub,https://finnhub.io/api/news?id=788e9c96f6877c1a2bba2c752711395f00b4d5375a628cd23c960c124766aafa,2025-12-22T21:40:34,0,Daily Journal Corporation,United States,NCM,USD,,1377426.0,1245400.0,712143040.0
GCHHF,European Undervalued Small Caps With Insider Action For December 2025,"The European market has shown resilience with the pan-European STOXX Europe 600 Index rising 1.60%, supported by steady economic growth and looser monetary policy, while major stock indexes in Italy, France, Germany, and the UK also posted gains. In this context of positive market sentiment and strategic monetary decisions, identifying small-cap stocks that are potentially undervalued can be an intriguing opportunity for investors looking to capitalize on insider actions that may signal...",Finnhub,https://finnhub.io/api/news?id=ad9483fbd2df20edfb80e5388efa308a55e141aeae102f80f1ac182c7d260418,2025-12-22T21:39:27,0,Gooch & Housego PLC,,,,,27199510.0,20933928.0,208076256.0
TLN,Here is Why Talen Energy (TLN) Gained This Week,"The share price of Talen Energy Corporation (NASDAQ:TLN) surged by 4.46% between December 12 and December 19, 2025, putting it among the Energy Stocks that Gained the Most This Week. Talen Energy Corporation (NASDAQ:TLN) is a leading independent power producer and energy infrastructure company with 10.7 GW of generation assets. Talen Energy Corporation (NASDAQ:TLN) received […]",Finnhub,https://finnhub.io/api/news?id=7cb1d0dea1a7caf39583d8a635674fd52c1c5379299f7411d3fc123d7b8b5f9c,2025-12-22T21:29:41,0,Talen Energy Corporation,United States,NMS,USD,,45687828.0,38849274.0,17567883264.0
WHLR,Denison Mines (DNN) Closes Russell Lake Joint Venture with Skyharbour,"The share price of Denison Mines Corp. (NYSEAMERICAN:DNN) surged by 4.98% between December 12 and December 19, 2025, putting it among the Energy Stocks that Gained the Most This Week. Denison Mines Corp. (NYSEAMERICAN:DNN) is a uranium exploration and development company with interests focused in the Athabasca Basin region of northern Saskatchewan, Canada. Denison Mines […]",Finnhub,https://finnhub.io/api/news?id=9341f0d20b0bd1c0ec81310e45fa4f38c838417c7b57f2bbe7509e36c4c69c34,2025-12-22T21:29:40,0,"Wheeler Real Estate Investment Trust, Inc.",United States,NCM,USD,,1895599.0,563181.0,3544770.0
WHLRP,Denison Mines (DNN) Closes Russell Lake Joint Venture with Skyharbour,"The share price of Denison Mines Corp. (NYSEAMERICAN:DNN) surged by 4.98% between December 12 and December 19, 2025, putting it among the Energy Stocks that Gained the Most This Week. Denison Mines Corp. (NYSEAMERICAN:DNN) is a uranium exploration and development company with interests focused in the Athabasca Basin region of northern Saskatchewan, Canada. Denison Mines […]",Finnhub,https://finnhub.io/api/news?id=9341f0d20b0bd1c0ec81310e45fa4f38c838417c7b57f2bbe7509e36c4c69c34,2025-12-22T21:29:40,0,"Wheeler Real Estate Investment Trust, Inc.",United States,NCM,USD,,0.0,563181.0,4754368.0
GIC,Global Industrial Looks Better Than A Typical Industrial Distributor,,Finnhub,https://finnhub.io/api/news?id=5aab6c119018e5c58af3e183acfcf383aa0afc9726a40c1e617212aedadcda26,2025-12-22T21:17:33,0,Global Industrial Company,United States,NYQ,USD,,38493978.0,12993257.0,1158668672.0
CHCT,REIT Replay: U.S. REIT Indexes Fall During Week Ended Dec. 19,"The Dow Jones Equity All REIT index dropped 1.18% over the recent week, while the MSCI US REIT index also fell 0.84%. Read more here.",Finnhub,https://finnhub.io/api/news?id=a60cd4fb23da2eb0ab595f116a2a790e16164b4f6a1883f202e5714de83e4cf1,2025-12-22T21:15:00,0,Community Healthcare Trust Incorporated,United States,NYQ,USD,,28471424.0,25302796.0,454119200.0
PSTL,REIT Replay: U.S. REIT Indexes Fall During Week Ended Dec. 19,"The Dow Jones Equity All REIT index dropped 1.18% over the recent week, while the MSCI US REIT index also fell 0.84%. Read more here.",Finnhub,https://finnhub.io/api/news?id=a60cd4fb23da2eb0ab595f116a2a790e16164b4f6a1883f202e5714de83e4cf1,2025-12-22T21:15:00,0,"Postal Realty Trust, Inc.",United States,NYQ,USD,,26062636.0,24622027.0,528536704.0
SITC,REIT Replay: U.S. REIT Indexes Fall During Week Ended Dec. 19,"The Dow Jones Equity All REIT index dropped 1.18% over the recent week, while the MSCI US REIT index also fell 0.84%. Read more here.",Finnhub,https://finnhub.io/api/news?id=a60cd4fb23da2eb0ab595f116a2a790e16164b4f6a1883f202e5714de83e4cf1,2025-12-22T21:15:00,0,SITE Centers Corp.,United States,NYQ,USD,,52462340.0,49199182.0,341393280.0
RL,Ralph Lauren’s Gen Z Momentum and Steady Dividend Might Change The Case For Investing In RL,"Earlier this month, Ralph Lauren’s board declared a regular quarterly dividend of US$0.91 per share, payable on January 9, 2026 to shareholders of record as of December 26, 2025. Beyond the dividend, Ralph Lauren’s renewed appeal with younger consumers, supported by cultural moments and influencers, is helping reinforce its premium brand positioning and growth ambitions. With this renewed Gen Z momentum now in focus, we’ll explore what it means for Ralph Lauren’s investment narrative and...",Finnhub,https://finnhub.io/api/news?id=b982032ed631135b8d22137c062c5fba747b7654afdd3f0c62f1711696d7d3e1,2025-12-22T21:08:28,0,Ralph Lauren Corporation,United States,NYQ,USD,,38759382.0,38077482.0,21716025344.0
TLN,Is It Too Late to Consider Talen Energy After Its 90% Share Price Surge?,"If you are wondering whether Talen Energy is still a smart buy after its big run, you are not alone. That is exactly what we are going to unpack here. The stock has climbed 5.8% over the last week, 3.5% over the past month, and an eye catching 78.5% year to date, adding up to a 90.6% gain over the last year. Much of this momentum has been driven by renewed interest in independent power producers and cleaner generation assets, as investors reassess how companies like Talen fit into a changing...",Finnhub,https://finnhub.io/api/news?id=3d408b983211b3e65f015de78ff52813b1c8f72cf5f7a83e943600518bebeb4e,2025-12-22T21:06:43,0,Talen Energy Corporation,United States,NMS,USD,,45687828.0,38849274.0,17567883264.0
CACI,Is It Too Late To Consider CACI International After Its Strong 2025 Share Price Rally?,"If you are wondering whether CACI International at around $550 still offers good value after its large run, or if you are late to the party, this piece will walk through what the numbers are really saying about the stock. Despite pulling back around 3.1% over the last week and 8.3% over the last month, the stock is still up roughly 33.8% year to date and about 120.4% over five years. That shows the long term story has been very different from the recent dip. Recent moves have come against a...",Finnhub,https://finnhub.io/api/news?id=003ccbebac321bde73b2cfa88aaf8012cb57a2c81bfd24592c95551cd58781d0,2025-12-22T21:06:38,0,CACI International Inc,United States,NYQ,USD,,22079710.0,21789362.0,11966539776.0
TARA,CG Oncology Undervalued Going Into A Busy 2026,"CG Oncology leads in NMIBC treatment with creto, strong efficacy data, and $2B+ revenue potential. Learn more about CGON stock here.",Finnhub,https://finnhub.io/api/news?id=5bb0f639e092c5de378b84f102306d0e1e0d357590e8323574b6f78976d046ea,2025-12-22T20:43:51,0,"Protara Therapeutics, Inc.",US,NASDAQ NMS - GLOBAL MARKET,USD,2014-10-22,53587260.0,37890760.0,297409312.0
ENGN,CG Oncology Undervalued Going Into A Busy 2026,"CG Oncology leads in NMIBC treatment with creto, strong efficacy data, and $2B+ revenue potential. Learn more about CGON stock here.",Finnhub,https://finnhub.io/api/news?id=5bb0f639e092c5de378b84f102306d0e1e0d357590e8323574b6f78976d046ea,2025-12-22T20:43:51,0,enGene Holdings Inc.,Canada,NCM,USD,,66984661.0,32831192.0,636354240.0
RBC,1 Industrials Stock with Impressive Fundamentals and 2 We Avoid,"Industrials businesses quietly power the physical things we depend on, from cars and homes to e-commerce infrastructure. But their prominence also brings high exposure to the ups and downs of economic cycles. Luckily, the tide is turning in their favor as the industry’s 18.4% return over the past six months has topped the S&P 500 by 5 percentage points.",Finnhub,https://finnhub.io/api/news?id=ff6977e5c73822949e757ffced74340904e2d39778ee7331ab990cc48564cf0a,2025-12-22T20:37:28,0,RBC Bearings Incorporated,United States,NYQ,USD,,31611442.0,28410408.0,14425248768.0
ESE,2 Profitable Stocks for Long-Term Investors and 1 We Brush Off,Not all profitable companies are built to last - some rely on outdated models or unsustainable advantages. Just because a business is in the green today doesn’t mean it will thrive tomorrow.,Finnhub,https://finnhub.io/api/news?id=d2e27a2c2691349a0d33ca8a6e68a3b26ee56c86a84e92189aea4ebf7c10ddb1,2025-12-22T20:37:04,0,ESCO Technologies Inc.,United States,NYQ,USD,,25874368.0,25704488.0,5187810816.0
WTS,2 Cash-Producing Stocks with Promising Prospects and 1 We Brush Off,"While strong cash flow is a key indicator of stability, it doesn’t always translate to superior returns. Some cash-heavy businesses struggle with inefficient spending, slowing demand, or weak competitive positioning.",Finnhub,https://finnhub.io/api/news?id=105b53865347a696857380e4f108aa4206062cace07693c6ebdb99006db7b898,2025-12-22T20:36:42,0,"Watts Water Technologies, Inc.",United States,NYQ,USD,,27406631.0,27069898.0,9480901632.0
CRL,1 Cash-Producing Stock Worth Your Attention and 2 Facing Headwinds,"A company that generates cash isn’t automatically a winner. Some businesses stockpile cash but fail to reinvest wisely, limiting their ability to expand.",Finnhub,https://finnhub.io/api/news?id=b55c72661ccf53e1bc4dc177abf9d11964ba20e52d7bfe08c70dd3fda6323aa5,2025-12-22T20:35:56,0,"Charles River Laboratories International, Inc.",United States,NYQ,USD,,49215471.0,48695263.0,10023223296.0
NVMI,3 Market-Beating Stocks Worth Your Attention,"Stocks that outperform the market usually share key traits such as rising sales, expanding margins, and increasing returns on capital. The select few that can do all three for many years are often the ones that make you life-changing money.",Finnhub,https://finnhub.io/api/news?id=08cb98dc25ca2855b9a54351ef9e7a21c739f4704edaa25cc22da3e81102bc26,2025-12-22T20:34:47,0,Nova Ltd.,IL,NASDAQ NMS - GLOBAL MARKET,USD,2000-04-11,29652464.0,29907860.0,9812593664.0
LII,2 Mid-Cap Stocks to Target This Week and 1 We Find Risky,"Many investors pay attention to mid-cap stocks because they have established business models and expansive market opportunities. However, their paths to becoming $100 billion corporations are ripe with competition, ranging from giants with vast resources to agile upstarts eager to disrupt the status quo.",Finnhub,https://finnhub.io/api/news?id=616fed98431bee39f50f817bb4803b009524877c1a0adf12a11631cb200b0d4c,2025-12-22T20:34:06,0,Lennox International Inc.,United States,NYQ,USD,,35072782.0,31746479.0,17497511936.0
PCTY,1 of Wall Street’s Favorite Stock to Target This Week and 2 We Turn Down,"Wall Street is overwhelmingly bullish on the stocks in this article, with price targets suggesting significant upside potential. However, it’s worth remembering that analysts rarely issue sell ratings, partly because their firms often seek other business from the same companies they cover.",Finnhub,https://finnhub.io/api/news?id=96bd9271c8508091d7c3e03280d0e1d1ca9ef560a1d30448c826bde4f6412cee,2025-12-22T20:33:33,0,Paylocity Holding Corporation,US,NASDAQ NMS - GLOBAL MARKET,USD,2014-03-19,54381607.0,43726075.0,8475584000.0
ACEL,3 of Wall Street’s Favorite Stocks That Concern Us,"Wall Street has set ambitious price targets for the stocks in this article. While this suggests attractive upside potential, it’s important to remain skeptical because analysts face institutional pressures that can sometimes lead to overly optimistic forecasts.",Finnhub,https://finnhub.io/api/news?id=dadcab89824273d55cf03002e20536b0428ca7644a36cac6dbeb3fd0827cacc4,2025-12-22T20:33:30,0,"Accel Entertainment, Inc.",United States,NYQ,USD,,83207946.0,43677515.0,986237440.0
WK,Workiva: Growth At A Fantastic Price,"Workiva is a compelling small/mid-cap growth rebound play, with strong fundamentals and an attractive valuation amid recent market rotation. Learn more about WK stock here.",Finnhub,https://finnhub.io/api/news?id=2e53cb0351f72f874b2372bccd21a6192f4b83a1cab8c80f2a7b5a81ed244de1,2025-12-22T20:31:57,0,Workiva Inc.,United States,NYQ,USD,,52432466.0,46486934.0,4908397568.0
GCO,3 Russell 2000 Stocks We Find Risky,"The Russell 2000 (^RUT) is home to many small-cap stocks, offering investors the chance to uncover hidden gems before the broader market catches on. However, these companies often come with higher volatility and risk, as their smaller size makes them more vulnerable to economic downturns.",Finnhub,https://finnhub.io/api/news?id=e2a79259811f5d5b7f5deabf23f78619eb245c779b2dfa0dac56aaa6919781f2,2025-12-22T20:30:59,0,Genesco Inc.,United States,NYQ,USD,,10792736.0,8860512.0,275823104.0
ASGN,3 Russell 2000 Stocks We Find Risky,"The Russell 2000 (^RUT) is home to many small-cap stocks, offering investors the chance to uncover hidden gems before the broader market catches on. However, these companies often come with higher volatility and risk, as their smaller size makes them more vulnerable to economic downturns.",Finnhub,https://finnhub.io/api/news?id=e2a79259811f5d5b7f5deabf23f78619eb245c779b2dfa0dac56aaa6919781f2,2025-12-22T20:30:59,0,ASGN Incorporated,United States,NYQ,USD,,42700000.0,41161946.0,2190875904.0
AIZ,"Assurant (AIZ): Buy, Sell, or Hold Post Q3 Earnings?","Assurant’s 20.9% return over the past six months has outpaced the S&P 500 by 7.5%, and its stock price has climbed to $241.51 per share. This was partly due to its solid quarterly results, and the run-up might have investors contemplating their next move.",Finnhub,https://finnhub.io/api/news?id=957b37cb386c923012bd30f7c6257ce77f2b8fe95a03edb28d7dfc2199f2938e,2025-12-22T20:03:23,0,"Assurant, Inc.",US,"NEW YORK STOCK EXCHANGE, INC.",USD,2004-02-04,50081110.0,49787635.0,12116770816.0
PAYC,3 Reasons to Sell PAYC and 1 Stock to Buy Instead,"Paycom’s stock price has taken a beating over the past six months, shedding 29% of its value and falling to $165.44 per share. This may have investors wondering how to approach the situation.",Finnhub,https://finnhub.io/api/news?id=4c6715c23b91500bed31f121ef6a2eaba729ef27d0572ab03069945f360039e8,2025-12-22T20:02:54,0,"Paycom Software, Inc.",,,,,54906117.0,48407978.0,9024119808.0
GABC,"German American Bancorp (GABC): Buy, Sell, or Hold Post Q3 Earnings?","Even though German American Bancorp (currently trading at $40.45 per share) has gained 6.9% over the last six months, it has lagged the S&P 500’s 13.4% return during that period. This may have investors wondering how to approach the situation.",Finnhub,https://finnhub.io/api/news?id=5c91f8b1dc9a4f4e0500b8cc9ffe159ede566ffa3c42a8f9192194b108c9a02a,2025-12-22T20:01:08,0,"German American Bancorp, Inc.",US,NASDAQ NMS - GLOBAL MARKET,USD,1993-05-18,37491797.0,35903644.0,1504216064.0
LOPE,Education Services Stocks Q3 Highlights: Grand Canyon Education (NASDAQ:LOPE),Let’s dig into the relative performance of Grand Canyon Education (NASDAQ:LOPE) and its peers as we unravel the now-completed Q3 education services earnings season.,Finnhub,https://finnhub.io/api/news?id=3b0b09702e8c68dfdeb61eb9534f4e15bcc2d003b1974cff7818574231ebc503,2025-12-22T19:35:45,0,"Grand Canyon Education, Inc.",United States,NMS,USD,,27968476.0,26990978.0,4728201216.0
TDY,Q3 Rundown: Teledyne (NYSE:TDY) Vs Other Inspection Instruments Stocks,"As the Q3 earnings season wraps, let’s dig into this quarter’s best and worst performers in the inspection instruments industry, including Teledyne (NYSE:TDY) and its peers.",Finnhub,https://finnhub.io/api/news?id=379429c0cf39d4c19fee1845b845d1213cab76f4b8e23f545dd382f13152d698,2025-12-22T19:34:03,0,Teledyne Technologies Incorporated,United States,NYQ,USD,,46950987.0,46462227.0,24290093056.0
GBLI,"Global Indemnity: Overlooked, Profitable, And Renewed","Growth has returned in recent quarters for Global Indemnity, as core business expansion exceeded legacy segment drag. Read why GBLI stock is a Strong Buy.",Finnhub,https://finnhub.io/api/news?id=69a916fe49edd73ce1345424cab0e75bee4c7c6ee70269da9e3b7e29ef5e56e9,2025-12-22T19:17:27,0,"Global Indemnity Group, LLC",United States,NMS,USD,,10530342.0,4083840.0,399638304.0
BKNG,Agoda Insights Reveal Business Impact of Localization Across Asia's Rapidly Growing Tourism Sector,"Digital travel platform Agoda has published findings on how localization is transforming Asia's tourism landscape, reporting that hotels are tailoring marketing, booking, payment, and service touchpoints to meet the cultural and language expectations of international travelers. The ""Tailored to Win: How Hotels are using Localization to Capture Asia's Tourism Boom"" report highlights that around a third of hotels in Asia have reached the stage of ""integrated tailoring"" where localization is embedd",Finnhub,https://finnhub.io/api/news?id=7b4d45dd119a79efdd81dae11dd68aa60854a2d74535d061bf32a9630515ced9,2025-12-22T19:11:00,0,Booking Holdings Inc.,United States,NMS,USD,,32233815.0,32141949.0,176314318848.0
TRON,Whale's Digital Asset View: Invest In Stablecoins - Part 2,"While USDC is set to dominate regulated stablecoin growth, USDT continues to lead peer-to-peer usage in emerging markets. Read more here.",Finnhub,https://finnhub.io/api/news?id=e1c6010c38271edd4df8f7e88abe043bd6b18a54a6bc07119e319ee53f3e0974,2025-12-22T17:30:00,0,Tron Inc.,United States,NCM,USD,,257115400.0,28802067.0,370246176.0
H,"THE KYLN HOTEL SUZHOU CELEBRATES GRAND OPENING, JOINING THE JDV BY HYATT BRAND","Hyatt Hotels Corporation (NYSE: H) announces the opening of KYLN Hotel Suzhou under the JdV by Hyatt brand. Located in the Xiangcheng District of Suzhou, China and in close proximity to world-renowned heritage sites and the scenic Yangcheng Lake, the hotel is the true reflection of the city's lively neighborhoods -- inviting guests and locals alike to connect, live in the moment and celebrate the joy of life. In Suzhou, tradition and modernity intersect, weaving together stories of ancient Imper",Finnhub,https://finnhub.io/api/news?id=553f5f7553d29c04ea9ed3ed315c331ea510b6c9a6c8f9057041583a6494d74b,2025-12-22T17:18:00,0,Hyatt Hotels Corporation,United States,NYQ,USD,,41819241.0,40337312.0,15820908544.0
BKSY,Jefferies Initiates Coverage of BlackSky Technology (BKSY) with Buy Recommendation,,Finnhub,https://finnhub.io/api/news?id=8441a9fa7c043280a7607814ae42614bf6774737001ee7c1559567d56b72e2f3,2025-12-22T16:06:17,0,BlackSky Technology Inc.,United States,NYQ,USD,,35992596.0,28029499.0,695017024.0
BLSH,Citigroup Maintains Bullish (BLSH) Buy Recommendation,,Finnhub,https://finnhub.io/api/news?id=17361f5999f1eabcbd473cd2f8dcae9dadbaff739573094d7298212e58adf508,2025-12-22T16:06:09,0,Bullish,Cayman Islands,NYQ,USD,,150683739.0,42682750.0,6199129088.0
BBW,Small Cap Consumer Research Reiterates Build-A-Bear Workshop (BBW) Buy Recommendation,,Finnhub,https://finnhub.io/api/news?id=8537f849c37838cf5853547932628764881f301055ccbf2277b4d874ea2f2cf4,2025-12-22T16:05:44,0,"Build-A-Bear Workshop, Inc.",US,"NEW YORK STOCK EXCHANGE, INC.",USD,2004-10-28,12945819.0,10966690.0,818284608.0
PFSI,Piper Sandler Maintains PennyMac Financial Services (PFSI) Overweight Recommendation,,Finnhub,https://finnhub.io/api/news?id=f9444362e4f054d4baef3e3e6ec3550cc3216a1ed5c1727f3276bd9a50c4a892,2025-12-22T16:05:42,0,"PennyMac Financial Services, Inc.",US,"NEW YORK STOCK EXCHANGE, INC.",USD,2013-05-09,51965474.0,27373853.0,6957657088.0
MITT,Piper Sandler Maintains TPG Mortgage Investment Trust (MITT) Overweight Recommendation,,Finnhub,https://finnhub.io/api/news?id=aa356dd14c0469db84922c211777d1adb6107095ad223f94fa8737f2199c21fb,2025-12-22T16:05:36,0,"TPG Mortgage Investment Trust, Inc.",United States,NYQ,USD,,31744449.0,30595935.0,280303488.0
BOW,Piper Sandler Maintains Bowhead Specialty Holdings (BOW) Overweight Recommendation,,Finnhub,https://finnhub.io/api/news?id=1549cf06f6604212bc5b07a6066bafba0d69a854e4db9bcf3eb8ea83acbf7ce1,2025-12-22T16:05:15,0,Bowhead Specialty Holdings Inc.,United States,NYQ,USD,,32782974.0,31051705.0,991622528.0
CHPT,UBS Maintains ChargePoint Holdings (CHPT) Neutral Recommendation,,Finnhub,https://finnhub.io/api/news?id=29190db0c8ef1d9c020d77f0f11b5d3acecbefd2dae4617e9541271ff7d7b539,2025-12-22T16:05:12,0,"ChargePoint Holdings, Inc.",United States,NYQ,USD,,23653089.0,21698398.0,167463856.0
WGO,Roth Capital Maintains Winnebago Industries (WGO) Neutral Recommendation,,Finnhub,https://finnhub.io/api/news?id=5ccdbf6bbeca58862efc25e0a61e8107e9cfa5f0d753760ffa797129f7d36a9b,2025-12-22T16:04:46,0,"Winnebago Industries, Inc.",United States,NYQ,USD,,28220626.0,27108733.0,1181033216.0
FDS,BMO Capital Maintains FactSet Research Systems (FDS) Market Perform Recommendation,,Finnhub,https://finnhub.io/api/news?id=887d1424d61fd147fa4ff9fa839a5d6601cd7e8c6d04d80d6ab265a5030df5fc,2025-12-22T16:03:07,0,FactSet Research Systems Inc.,United States,NYQ,USD,,37419936.0,37285924.0,11044493312.0
WGO,BMO Capital Maintains Winnebago Industries (WGO) Outperform Recommendation,,Finnhub,https://finnhub.io/api/news?id=2c1f285ffc19d7a6a29377e322543ecb19f5d8f135e5e2630d5cf59dcedb4b4a,2025-12-22T16:02:58,0,"Winnebago Industries, Inc.",United States,NYQ,USD,,28220626.0,27108733.0,1181033216.0
WGO,Citigroup Maintains Winnebago Industries (WGO) Buy Recommendation,,Finnhub,https://finnhub.io/api/news?id=afdc4ac54a9322f6a2f6f01cf14f53c3a21430b2052827fd93dc3332c4467d39,2025-12-22T16:02:52,0,"Winnebago Industries, Inc.",United States,NYQ,USD,,28220626.0,27108733.0,1181033216.0
MCS,"Blockbusters, Comedies and Family Favorites Dominate Pre-Christmas Weekend at Marcus Theatres","MILWAUKEE, December 22, 2025--A broad slate of appealing films, led by the highly anticipated release of Avatar: Fire and Ash, is delivering an exciting holiday season at Marcus Theatres®, the nation’s fourth largest theatre circuit and a division of Marcus Corporation (NYSE: MCS). With the U.S. box office up over 25% this weekend compared to the same period last year, moviegoers enjoyed films across a wide variety of genres. As a result, Marcus Theatres recorded its second-best pre-Christmas we",Finnhub,https://finnhub.io/api/news?id=023796238c1e18e37a3d32bde0715b515dfca54dfe9ee954cd49748db2c658c1,2025-12-22T15:37:00,0,The Marcus Corporation,United States,NYQ,USD,,23729171.0,22153524.0,482190560.0
MPWR,Goldman Sachs Mid Cap Growth Fund Q3 2025 Portfolio Review,We believe Monolithic Power Systems may harness beneficial tailwinds of the growing demand for energy-efficient electronics and continue to see its stock price rise. Read more here.,Finnhub,https://finnhub.io/api/news?id=64226ceea636d9b7a717f4a729afffa2afc83984738a9fcdfae50d05c6b159b7,2025-12-22T15:34:00,0,"Monolithic Power Systems, Inc.",United States,NMS,USD,,47907000.0,46041501.0,45335351296.0
ETHZ,Peter Thiel-backed crypto stock sinks after repaying debt,"Shares of ETHZilla (NASDAQ: ETHZ) fell on Dec. 22 after the company disclosed on Dec. 19 that it had sold $74.5 million worth of Ethereum (ETH) to redeem outstanding debt. At press time, ETHZ was down by 7.61%, trading at $6.38. This was also a 26.30% drop in its price in ...",Finnhub,https://finnhub.io/api/news?id=f9ebb2ce69fb8b44eb13ead266121dce0dfe0ef47dd74e05d379ea43292819e7,2025-12-22T15:27:38,0,ETHZilla Corporation,United States,NCM,USD,,18935791.0,13963384.0,98087400.0
BKNG,Could Booking’s Cost Cuts and Connected Trip Push Outweigh Rising EU Legal Risks for BKNG?,"In recent days, Booking Holdings’ brands Agoda and KAYAK highlighted evolving travel trends for New Year’s Eve and 2026, while Booking.com expanded its Connected Trip push through a new partnership with viagogo linking travel and live events. At the same time, Booking Holdings increased its transformation program’s targeted annual run-rate savings to up to US$0.55 billion and faced fresh legal exposure in Europe after a Berlin court ruling on historic “best price” clauses, sharpening the...",Finnhub,https://finnhub.io/api/news?id=55655640df6b8f7673325b495ebf547809e9e3a878d67fd54d6e41cb2952ad82,2025-12-22T15:11:05,1,Booking Holdings Inc.,United States,NMS,USD,,32233815.0,32141949.0,176314318848.0
MH,Goldman Sachs Maintains McGraw Hill (MH) Buy Recommendation,,Finnhub,https://finnhub.io/api/news?id=cec9290f525b59c1b669a0dd2bf1f5cafdda354ae5aea63e1097292ed765fee0,2025-12-22T15:09:41,0,"McGraw Hill, Inc.",United States,NYQ,USD,,191001519.0,24996369.0,3245115904.0
DVA,DaVita HealthCare (DVA) Beats Stock Market Upswing: What Investors Need to Know,"In the closing of the recent trading day, DaVita HealthCare (DVA) stood at $116.51, denoting a +1.14% move from the preceding trading day.",Finnhub,https://finnhub.io/api/news?id=d0b9d32e2d7b47b8bb9b3b933967fd666f1e4e2a6c7a49b9b28543d3aff47d60,2025-12-22T15:00:04,0,DaVita Inc.,United States,NYQ,USD,,70600000.0,37365756.0,8149570048.0
APPF,AppFolio (APPF) Outpaces Stock Market Gains: What You Should Know,"In the most recent trading session, AppFolio (APPF) closed at $236.21, indicating a +1.08% shift from the previous trading day.",Finnhub,https://finnhub.io/api/news?id=428e0ca92f783a3a3bf42047b41dcae85d54cb06fc551cd6e78853d28a1fff3d,2025-12-22T15:00:02,0,"AppFolio, Inc.",United States,NGM,USD,,23073192.0,21674236.0,8523781120.0
HLNE,Data Center Demand a Long-Term Real Estate Driver: Bell,"Elizabeth Bell, Co-Head of Real Estate at Hamilton Lane, says demand for data centers has surged more than 200% since 2010, driven largely by cloud computing and digital transformation. She tells Romaine Bostick and Katie Greifeld on ""The Close"" that computing needs are accelerating while data center supply is struggling to keep up.",Finnhub,https://finnhub.io/api/news?id=3804fc2fe03bbf38b4272711a34c7729d7e58bb7188ead3ccb0bc0a861519db1,2025-12-22T14:53:11,0,Hamilton Lane Incorporated,United States,NMS,USD,,43967288.0,37783289.0,7774495232.0
AZZ,AZZ (AZZ) Outpaces Stock Market Gains: What You Should Know,"In the most recent trading session, AZZ (AZZ) closed at $109.19, indicating a +1.29% shift from the previous trading day.",Finnhub,https://finnhub.io/api/news?id=cb487dac5a668a0c197459143377fd1a5b228a08877c0f079f89d6280e3eb8d8,2025-12-22T14:50:02,0,AZZ Inc.,,,,,30057082.0,29460749.0,3320706560.0
CVLT,Commvault Systems (CVLT) Exceeds Market Returns: Some Facts to Consider,"Commvault Systems (CVLT) concluded the recent trading session at $128.16, signifying a +2.37% move from its prior day's close.",Finnhub,https://finnhub.io/api/news?id=4402a6250dfc6bd1f7d87aa21d5bce484699d0cc129130a996d6a69068387620,2025-12-22T14:45:06,0,"Commvault Systems, Inc.",United States,NMS,USD,,44094362.0,43768946.0,5708620288.0
LNN,Lindsay: Too Uneven Of A Performance,"Lindsay's stock faces volatile revenue, weak dividends, and inconsistent growth despite new projects. Read here for an analysis of LNN stock.",Finnhub,https://finnhub.io/api/news?id=d1a0d32d325fb2b4722e4cc24ed9ee3f62b581c9e8f367eb0bc36ccb44bfcd07,2025-12-22T14:34:25,0,Lindsay Corporation,,,,,10591980.0,10701580.0,1285378048.0
ETHZ,"Peter Thiel-Backed ETHZilla Dumps $74.5M in ETH, Abandons Treasury Strategy – What Went Wrong?","Peter Thiel-backed ETHZilla has begun unwinding a strategy that once placed it among the most aggressive corporate holders of Ethereum (ETH), selling $74.5 million worth of ETH and indicating a clear shift away from a pure crypto treasury model.In a regulatory filing late Friday, the Nasdaq-listed company said it sold ...",Finnhub,https://finnhub.io/api/news?id=277b5a9db3f863ac2671244c6559736547ddcef743d25c82d797c3ca049467fb,2025-12-22T14:29:54,0,ETHZilla Corporation,United States,NCM,USD,,18935791.0,13963384.0,98087400.0
ANF,5 Stocks Using Buybacks to Drive Serious Upside Into 2026,"Share buybacks provide leverage for shareholders, and the stocks on this list are aggressively buying shares, providing tailwinds for stock price action.",Finnhub,https://finnhub.io/api/news?id=0aa7de1731f0c5b0962ba7251e7cd4f3aef8f9e4621db436f49575e4cb9f9e05,2025-12-22T14:27:00,0,Abercrombie & Fitch Co.,United States,NYQ,USD,,45857556.0,44756975.0,5970335744.0
FJET,Aerospace IPO Stock Goes Supersonic With 370% Gain On Day 3,Starfighters Space launches payloads from jets at speeds of Mach 2 and offers hypersonic testing for national security research.,Finnhub,https://finnhub.io/api/news?id=7b6ad748aafb6eb9b21d334d0a09604694fb3da35cb6b356f45f4a5c9e5709ab,2025-12-22T14:22:22,0,"Starfighters Space, Inc.",United States,ASE,USD,,27862261.0,13662260.0,409018016.0
PMNT,PIMCO Canada Corp. Announces Estimated Monthly Distributions for PIMCO Canada Exchange Traded Series,"Not for distribution to United States newswire services or for dissemination in the United States TORONTO, Dec. 22, 2025 (GLOBE NEWSWIRE) -- PIMCO Canada Corp. (“PIMCO Canada”) today announced the estimated 2025 December and annual cash distributions for the ETF series (“ETF Series”) of the PIMCO Canada mutual funds that distribute monthly (“Funds”). The estimated distribution amounts may differ from the actual amounts. Unitholders of record of the ETF Series, at the close of business on Decembe",Finnhub,https://finnhub.io/api/news?id=16dc194edf81afa27ce52ea4e8320b0e987ca61ff0218983cc82298e327763fb,2025-12-22T14:07:00,0,Perfect Moment Ltd. Common Stock,United States,ASE,USD,,35221933.0,18320688.0,14335328.0
LNZA,LanzaTech Reaches 53% Non-Controlling Ownership Milestone in LanzaJet,"SKOKIE, Ill., Dec. 22, 2025 (GLOBE NEWSWIRE) -- LanzaTech Global, Inc. (NASDAQ: LNZA) (“LanzaTech” or the “Company”), a leader in carbon transformation technology, today announced an increase in its holdings of LanzaJet, Inc. (“LanzaJet”), a leading sustainable aviation fuel technology provider and fuels producer, to 53%. This announcement follows the successful commissioning and production of ASTM-certified sustainable fuels including Synthetic Paraffinic Kerosene (SPK) and Renewable Diesel (RD",Finnhub,https://finnhub.io/api/news?id=c23bdeb1cebfaff45558f957e80eac000a31dc1712c7279458a26045e7f616d3,2025-12-22T13:55:00,0,"LanzaTech Global, Inc.",United States,NCM,USD,,2320216.0,1159621.0,30371628.0
TDY,Teledyne Appoints Dr. JihFen Lei as Senior Vice President of Teledyne Technologies,"THOUSAND OAKS, Calif., December 22, 2025--Teledyne Technologies Incorporated (NYSE:TDY) announced today the promotion of Dr. JihFen Lei to Senior Vice President of Teledyne Technologies. In this role, Dr. Lei will continue to lead Teledyne FLIR Defense and will assume responsibility for Teledyne’s Aerospace and Defense Electronics Segment, effective January 1, 2026.",Finnhub,https://finnhub.io/api/news?id=2faddf45553736131bf859f1b26b1d12bb996ebece5c7038b91fb29ad19aade0,2025-12-22T13:49:00,0,Teledyne Technologies Incorporated,United States,NYQ,USD,,46950987.0,46462227.0,24290093056.0
MELI,Interface Stock Is Up 14% but Here's Why This Fund Just Cut $2.4 Million,"After a sharp run and stronger earnings, one fund decided to lock in gains, raising questions about how much upside Interface really has left at this point in the cycle.",Finnhub,https://finnhub.io/api/news?id=5df98d8e8998e615429d7a83a702438c03b49c0e01f8c75ed8d27b85f5bed4a4,2025-12-22T13:15:13,0,"MercadoLibre, Inc.",Uruguay,NMS,USD,,50697182.0,47022143.0,101683847168.0
ONTO,"Bridge City Capital Loads Up Onto Innovation Stock With Over 31,000 Shares","Post-trade holding: 47,342 shares valued at approximately $6.12 million.",Finnhub,https://finnhub.io/api/news?id=280c7ee05a11806bb5481c8c07afcb632474768af944b03e53df5dc554991c14,2025-12-22T13:14:35,0,Onto Innovation Inc.,United States,NYQ,USD,,49652933.0,48618092.0,7971779072.0
SRFM,Surf Air Mobility (SRFM) Deepens Palantir Ties: Can SurfOS Become Its Core Competitive Edge?,"Earlier today, Surf Air Mobility reported Q3 2025 results that exceeded its own revenue guidance and raised its full-year outlook while reaffirming profitability expectations in its airline operations. The company also announced an expanded partnership with Palantir to power its SurfOS software platform under an exclusivity agreement in the Part 135 regional air mobility market, underscoring its push to blend aviation with data-driven technology. Now we’ll explore how this Palantir-backed...",Finnhub,https://finnhub.io/api/news?id=d4d4d2991b41e9738c9edfd9241a1b50e1d96ce8a4cc91ffd1be054bf87aca2f,2025-12-22T13:12:31,1,Surf Air Mobility Inc.,United States,NYQ,USD,,63223450.0,45944472.0,128343600.0
FC,Franklin Covey to Report First Quarter Fiscal 2026 Results,"DRAPER, Utah, December 22, 2025--Franklin Covey Co. (NYSE: FC), a leader in organizational performance improvement, announced today that the conference call to review the Company’s first quarter 2026 financial results will take place on Wednesday, January 7, 2026, at 5:00 p.m. ET (3:00 p.m. MT). The Company’s financial results are expected to be released after the close of the market on Wednesday, January 7, 2026.",Finnhub,https://finnhub.io/api/news?id=922cc925d375a255c8c1b3fc39fe4e6a37e091c2e14ef770a5f95f51e2812339,2025-12-22T13:12:00,0,Franklin Covey Co.,,,,,11989951.0,9965230.0,207621616.0
FBRX,"Forte Biosciences, Inc. Reports Inducement Grant Under Nasdaq Listing Rules","DALLAS, December 22, 2025--Forte Biosciences, Inc. (www.fortebiorx.com) (NASDAQ: FBRX), a clinical-stage biopharmaceutical company focused on developing FB102, which is a proprietary anti-CD122 monoclonal antibody therapeutic candidate with potentially broad autoimmune and autoimmune-related indications, today announced the issuance of an equity inducement award as required by the Nasdaq Stock Market Rules.",Finnhub,https://finnhub.io/api/news?id=64245eb47e7dc934cfbed3841d18744f383ed3a388d8ef10b4507d3f1f17e65d,2025-12-22T13:01:00,0,"Forte Biosciences, Inc.",United States,NCM,USD,,12526935.0,6565492.0,349125696.0
BKNG,"2026 Travel Takes Off: Falling Prices and Global Events Push New Cities Into the Spotlight, per KAYAK Data","KAYAK, the world's leading travel search engine, today released its highly anticipated 2026 Travel Trends Forecast, an exclusive analysis powered by millions of searches and a first look at KAYAK's forward-looking travel insights.",Finnhub,https://finnhub.io/api/news?id=43b9e74ecf3b0af81e8a2a9cc04fb78171817986436d36d8aa0efb112ea9a6fb,2025-12-22T13:00:00,0,Booking Holdings Inc.,United States,NMS,USD,,32233815.0,32141949.0,176314318848.0
ZBIO,Sector Update: Health Care Stocks Higher Late Afternoon,Health care stocks advanced late Monday afternoon with the NYSE Health Care Index rising 0.6% and th,Finnhub,https://finnhub.io/api/news?id=08aa068089fdd0fcc73d6be3eaa815ba78548e01586777b0f3dc6477bac3520b,2025-12-22T12:58:25,0,"Zenas BioPharma, Inc.",United States,NMS,USD,,53679166.0,31796317.0,2280827904.0
EVTV,"AZIO AI Provides Additional Context on Strategic Discussions with Envirotech Vehicles and Emphasizes Disciplined, Shareholder-Aligned Transaction Framework","AZIO AI Corporation (""AZIO AI"") is providing additional context regarding its previously disclosed strategic discussions with Envirotech Vehicles, Inc. (NASDAQ: EVTV), following the recent publication of an independent valuation analysis indicating an enterprise value of approximately $480 million for AZIO AI.",Finnhub,https://finnhub.io/api/news?id=a92595da5c06e887ff6220cae1ad4ad283f15f129743869840a64a43f9440f2c,2025-12-22T12:37:00,0,"Envirotech Vehicles, Inc.",United States,NCM,USD,,4829515.0,4447838.0,2099873.0
GTLS,TXNM Energy Stock Hits Records as One Fund Builds an $8 Million Position,"With shares near record highs and a buyout clock quietly ticking, this position says more about risk control and deal math than chasing momentum.",Finnhub,https://finnhub.io/api/news?id=9fe9dba962451f74a3fc2f59efef0ab95ae00873461336fa2bef0ad5843ca7af,2025-12-22T12:25:25,1,"Chart Industries, Inc.",United States,NYQ,USD,,44952953.0,44689529.0,9253565440.0
BKNG,Tracking Cliff Asness' AQR Capital Management 13F Portfolio - Q3 2025 Update,AQR Capital Managementâs Q3 2025 13F portfolio surged to ~$156B. Check out the stake increases and decreases of the portfolio here.,Finnhub,https://finnhub.io/api/news?id=a4fd157bfb3468b443753f8ebf096bfecfaf327d51b3f7f348d33e6c5d937026,2025-12-22T12:21:39,0,Booking Holdings Inc.,United States,NMS,USD,,32233815.0,32141949.0,176314318848.0
GTLS,Why an $11.6 Million Chart Industries Stake Matters With a $210 Per Share Deal on the Table,"With a cash buyout price anchoring the stock and orders still hitting records, this move looks less like a macro call and more like a wager on deal certainty and downside protection.",Finnhub,https://finnhub.io/api/news?id=0076e736a858451ccff61f75c89b09f62ee52abd2f42f63aa7008f33bdb89c9d,2025-12-22T12:14:14,1,"Chart Industries, Inc.",United States,NYQ,USD,,44952953.0,44689529.0,9253565440.0
DPZ,Iconic fast-food seafood chain closed over 800 restaurants,"It's not surprising that the leading fast-food chains build their menus around burgers, chicken, and other beef-based offerings. The drinks-based chains and one pizza chain are, of course, exceptions, but most of the QSR 50 2025: Top 50 Fast‑Food Chains, Ranked by Sales have a menu based on those ...",Finnhub,https://finnhub.io/api/news?id=69edd9926b50ae0a75fb12d26195dcb212c61852b42075e83acaf1da89a6886b,2025-12-22T12:13:00,0,"Domino's Pizza, Inc.",United States,NMS,USD,,33786218.0,32829970.0,14447302656.0
LFUS,Is Littelfuse Offering Value Around $255 Despite Rich Earnings Multiple in 2025?,"Wondering if Littelfuse at around $255 is quietly offering value, or if you are better off waiting on the sidelines? This breakdown will help you see what the numbers are really saying. Despite a soft patch over the last 7 days with the stock down 2.1%, Littelfuse is still up 5.7% over 30 days, 8.6% year to date, and 9.0% over the last year, hinting at steady if unspectacular momentum built on a 20.5% 3 year and 6.0% 5 year gain. Recent trading has been influenced by broader moves in...",Finnhub,https://finnhub.io/api/news?id=e025816b3373b5e4fa3a14424700edff593d7206a8a3876055bc890913ecbda2,2025-12-22T12:06:56,0,"Littelfuse, Inc.",United States,NMS,USD,,24901687.0,24616065.0,6526981120.0
IRTC,Why iRhythm (IRTC) Stock Is Up Today,Shares of medical technology company iRhythm Technologies (NASDAQ:IRTC) jumped 3.4% in the afternoon session after Morgan Stanley raised its price target on the stock from $195 to $205.,Finnhub,https://finnhub.io/api/news?id=773a5b03a13a6b01479c5031679fe9ee8f0654822501624ffbdc1433ce7aff9a,2025-12-22T12:01:05,0,"iRhythm Technologies, Inc.",United States,NMS,USD,,32219143.0,31902751.0,5689901056.0
CRL,Why Charles River Laboratories (CRL) Stock Is Trading Up Today,Shares of lab services company Charles River Laboratories (NYSE:CRL) jumped 2.9% in the afternoon session after BofA Securities upgraded the stock and the U.S. Securities and Exchange Commission concluded its investigation into the company with no enforcement action.,Finnhub,https://finnhub.io/api/news?id=43116bfe26d04dce7eb8581d253b42c60c849e406cead388bac55ab266c54e44,2025-12-22T12:00:58,0,"Charles River Laboratories International, Inc.",United States,NYQ,USD,,49215471.0,48695263.0,10023223296.0
CACI,"CACI International's ARKA Acquisition Strengthens Space Portfolio, Truist Says",CACI International's (CACI) planned acquisition of privately held ARKA Group is seen as a strategic,Finnhub,https://finnhub.io/api/news?id=e3bd3df5d5003ab037dceef75e74edaf9d719c0a1653873341ee64d6101f8f3a,2025-12-22T11:56:21,1,CACI International Inc,United States,NYQ,USD,,22079710.0,21789362.0,11966539776.0
ZBIO,Sector Update: Health Care Stocks Higher in Afternoon Trading,"Health care stocks advanced Monday afternoon, with the NYSE Health Care Index up 0.5% and the State",Finnhub,https://finnhub.io/api/news?id=1cc7ed72c7dcc5b2b6592a62b55a1fe33a455f64f32360dafb4008fcd0087e22,2025-12-22T10:55:52,0,"Zenas BioPharma, Inc.",United States,NMS,USD,,53679166.0,31796317.0,2280827904.0
LSF,"Laird Superfood, Inc. (LSF) M&A Call Transcript","Laird Superfood, Inc. (LSF) M&A Call December 22, 2025 4:30 PM ESTCompany ParticipantsJason Vieth - President, CEO & DirectorConference Call...",Finnhub,https://finnhub.io/api/news?id=33c8b1cbb96c3e995b5bb5dda38a16570875b4bd4a68efc499d01d8e2f2e103c,2025-12-22T10:27:37,0,"Laird Superfood, Inc.",United States,ASE,USD,,10687056.0,7124922.0,27251992.0
AZZ,Revisiting AZZ’s valuation after a strong year-to-date rally in the share price,"AZZ (AZZ) has quietly put together a strong run this year, with the stock up about 30% year to date even after some recent choppiness. This performance is prompting a closer look at what is driving the move. See our latest analysis for AZZ. The recent pullback from its $107.8 share price comes after a strong year to date share price return of about 30 percent, alongside a three year total shareholder return nearing 190 percent. This suggests positive momentum is still largely intact despite...",Finnhub,https://finnhub.io/api/news?id=888ed0d00763ee6232ea23059c182f432c5efc467cf5438ff0072c20167dc012,2025-12-22T10:06:41,0,AZZ Inc.,,,,,30057082.0,29460749.0,3320706560.0
LCUT,3 Penny Stocks With At Least $100M Market Cap,"Major stock indexes in the United States have started the holiday-shortened week on a positive note, with technology shares continuing to drive gains. While the term ""penny stock"" might seem outdated, it still holds significance for investors seeking opportunities in smaller or newer companies. These stocks can offer potential growth at lower price points, especially when they are backed by strong financials and solid fundamentals.",Finnhub,https://finnhub.io/api/news?id=217277f7876cccd26d673c840b774e66141d26646ce31e4374b7b3e92f96006f,2025-12-22T10:05:23,0,"Lifetime Brands, Inc.",United States,NMS,USD,,22655990.0,11307831.0,91989192.0
AEIS,NICE Drops 37% in a Year: How Should You Approach the Stock in 2026?,NICE eyes a stronger 2026 outlook as AI-led cloud growth offsets margin pressure from Cognigy and macro headwinds.,Finnhub,https://finnhub.io/api/news?id=04eeeac530278438fbfb5f5a91371b77bfbe160ba8843393082bc07bd26b2187,2025-12-22T10:05:00,0,"Advanced Energy Industries, Inc.",United States,NMS,USD,,37745489.0,37388039.0,8223232000.0
CACI,CACI Agrees to Buy ARKA Group in $2.6 Billion All-Cash Deal,"Defense contractor CACI signs definitive agreement to acquire ARKA from Blackstone, expanding its space-based national security capabilities.",Finnhub,https://finnhub.io/api/news?id=77c93fe72b3957cfe6e656c2660fa9dc00a7d29b43d3c85e9cfdd811aa5fae2b,2025-12-22T09:58:10,1,CACI International Inc,United States,NYQ,USD,,22079710.0,21789362.0,11966539776.0
NREF,NexPoint Real Estate Finance: Attractive Valuation Heading Into 2026,,Finnhub,https://finnhub.io/api/news?id=389a0ab0bdd6a1ea8124ffb5946867f918f606220d0995bd65a1b308808e66ab,2025-12-22T09:47:40,0,"NexPoint Real Estate Finance, Inc.",United States,NYQ,USD,,17721828.0,8911598.0,319780960.0
DY,3 Reasons Why Growth Investors Shouldn't Overlook Dycom Industries (DY),"Dycom Industries (DY) is well positioned to outperform the market, as it exhibits above-average growth in financials.",Finnhub,https://finnhub.io/api/news?id=0a07b4d58eb7272edb4e78684d9bf7fd82e00c6caeba91dfdfd2abc93f203d92,2025-12-22T09:45:02,0,"Dycom Industries, Inc.",United States,NYQ,USD,,29967120.0,23827934.0,10417470464.0
ETHZ,Major Ethereum Treasury Company Forced to Sell $74 Million in ETH,"ETHZilla, one of the top 5 Ethereum treasury firms, just sold $ 74.5 million in ETH. Here’s why they did it.",Finnhub,https://finnhub.io/api/news?id=c14d18a01569b78b7f38798cfdab903b45f7a2fd98696c7f761105af119ddc84,2025-12-22T09:42:01,0,ETHZilla Corporation,United States,NCM,USD,,18935791.0,13963384.0,98087400.0
CWBC,3 Stocks Estimated To Be Trading Below Their Intrinsic Value In December 2025,"As the United States market kicks off a holiday-shortened week, major stock indexes like the S&P 500, Nasdaq, and Dow Jones Industrial Average have shown gains, buoyed by advances in tech shares and record highs in gold and silver. Amidst this positive momentum, investors are keenly focused on identifying stocks that may be trading below their intrinsic value, presenting potential opportunities for those looking to capitalize on undervalued assets.",Finnhub,https://finnhub.io/api/news?id=4d90e4a8debd122573a02fb7c3678e9f9daa945a97193f3a3316590a8974435a,2025-12-22T09:38:13,0,Community West Bancshares,United States,NCM,USD,,19160403.0,15348966.0,434749568.0
PKE,Discovering 3 Undiscovered Gems in the US Market,"As the U.S. stock market navigates a holiday-shortened week, major indices like the S&P 500 and Nasdaq have shown modest gains, buoyed by a continued rally in tech shares. Amidst this backdrop of rising gold and silver prices and fluctuating economic indicators, investors are increasingly on the lookout for potential opportunities within lesser-known small-cap stocks that could offer unique growth prospects. In such an environment, identifying promising stocks involves looking beyond...",Finnhub,https://finnhub.io/api/news?id=78cf7ffba1b43ee0606c08797871624eff8a8e4b6606ef065e20bff55668ff0e,2025-12-22T09:33:28,0,Park Aerospace Corp.,United States,NYQ,USD,,19905823.0,17990286.0,425387488.0
PEBO,Top Dividend Stocks To Consider In December 2025,"As the holiday-shortened week begins, major U.S. stock indexes are experiencing gains, buoyed by a continued advance in tech shares and record highs in gold and silver prices. In this dynamic market environment, dividend stocks can offer investors a measure of stability and potential income, making them an attractive option to consider amidst fluctuating indices and economic shifts.",Finnhub,https://finnhub.io/api/news?id=ce373fd5cdbd2a4f07d072db107fc882cb5c818299e0955889caf36daed4fb26,2025-12-22T09:31:56,0,Peoples Bancorp Inc.,United States,NMS,USD,,35702963.0,33796313.0,1090011520.0
TNK,Top Dividend Stocks To Consider In December 2025,"As the holiday-shortened week begins, major U.S. stock indexes are experiencing gains, buoyed by a continued advance in tech shares and record highs in gold and silver prices. In this dynamic market environment, dividend stocks can offer investors a measure of stability and potential income, making them an attractive option to consider amidst fluctuating indices and economic shifts.",Finnhub,https://finnhub.io/api/news?id=ce373fd5cdbd2a4f07d072db107fc882cb5c818299e0955889caf36daed4fb26,2025-12-22T09:31:56,0,Teekay Tankers Ltd.,Bermuda,NYQ,USD,,29912967.0,23896473.0,1876847360.0
AGX,Has Argan’s 127% Surge in 2025 Pushed Its Valuation Too Far?,"If you are wondering whether Argan's massive run makes it a buy, hold, or no-go at today's price, you are in the right place for a clear headed valuation breakdown. After a jaw dropping 127.2% year to date gain and 134.1% over the last year, with a 7 day rise of 2.5% but a softer 30 day slip of 2.9%, the stock has quickly moved from overlooked to firmly on many investors' radar. Recent commentary around infrastructure spending, energy transition projects and broader industrial construction...",Finnhub,https://finnhub.io/api/news?id=c545dc462b4750e9e79f09394daf6e9d05f4b953cbad5db4a322b865d9130871,2025-12-22T09:11:17,0,"Argan, Inc.",United States,NYQ,USD,,13873410.0,13315421.0,4510800896.0
ACEL,Roblox Stock Down 38% in 3 Months: Buy the Dip or Sell More?,"RBLX shares slide 38% in three months as growth visibility dims and spending rises, even while users and bookings surge - raising buy-the-dip questions.",Finnhub,https://finnhub.io/api/news?id=20cb8d7518659e4a96b5a06b4d4082fcecdcc68257a032af004bb75dc5c49e6f,2025-12-22T09:07:00,0,"Accel Entertainment, Inc.",United States,NYQ,USD,,83207946.0,43677515.0,986237440.0
GANX,Gain Therapeutics (GANX) Upgraded to Buy: Here's Why,"Gain Therapeutics (GANX) has been upgraded to a Zacks Rank #2 (Buy), reflecting growing optimism about the company's earnings prospects. This might drive the stock higher in the near term.",Finnhub,https://finnhub.io/api/news?id=1cbf0a19ab42417f113d0aa9b3468847c0f0af6c3f2ab4b23c7a741d647c95bb,2025-12-22T09:00:03,0,"Gain Therapeutics, Inc.",,,,,38462085.0,34841342.0,121155568.0
HURN,What Makes Huron Consulting (HURN) a New Buy Stock,"Huron Consulting (HURN) has been upgraded to a Zacks Rank #2 (Buy), reflecting growing optimism about the company's earnings prospects. This might drive the stock higher in the near term.",Finnhub,https://finnhub.io/api/news?id=4d562632454ac16937c158d22fc742bca2443a997d9d7bdb7e37b7aafd74d09a,2025-12-22T09:00:03,0,Huron Consulting Group Inc.,United States,NMS,USD,,17241468.0,15661422.0,3126662400.0
SRFM,Surf Air Mobility Inc. (SRFM) Upgraded to Buy: Here's Why,"Surf Air Mobility Inc. (SRFM) might move higher on growing optimism about its earnings prospects, which is reflected by its upgrade to a Zacks Rank #2 (Buy).",Finnhub,https://finnhub.io/api/news?id=446cf72aa8cc189fe2a2ffe4c0770c9d760052479030e33a0a0d06b287001d2a,2025-12-22T09:00:02,0,Surf Air Mobility Inc.,United States,NYQ,USD,,63223450.0,45944472.0,128343600.0
ULTA,"The Conference Board Announces 2026 Corporate Citizenship Award Honorees: Dynex Capital, Nuveen, S. C. Johnson, Ulta Beauty, and WM","The Conference Board is pleased to announce the honorees of its third annual Corporate Citizenship Awards. The recipients will be honored at a special awards dinner on April 22, 2026, in New York City.",Finnhub,https://finnhub.io/api/news?id=c4660d894ba260a9fdbcbe11b3dda2b96e29924b16bab62a9d004951aa403873,2025-12-22T09:00:00,0,"Ulta Beauty, Inc.",US,NASDAQ NMS - GLOBAL MARKET,USD,2007-10-25,44362172.0,44189603.0,27240204288.0
RL,Ralph Lauren Was Always Cool. Now Gen Z Knows Why.,"A push for younger customers, a TikTok Christmas trend and a a boost from Taylor Swift helped turn the preppy brand into one of today’s most coveted.",Finnhub,https://finnhub.io/api/news?id=a96e87602e5c6cc9d9d519d84dccfb6fd109a2889f1a7debfc153c72ec30c33f,2025-12-22T09:00:00,0,Ralph Lauren Corporation,United States,NYQ,USD,,38759382.0,38077482.0,21716025344.0
MCY,Mercury Insurance Offers Steps to Protect Your Home Against Holiday Lights & Fire Hazards,"Holiday decorations bring warmth, color and celebration into the home — but behind the glow of lights and decorated trees are safety risks many homeowners don't think about until it's too late. To help homeowners celebrate safely, Mercury Insurance (NYSE: MCY) is sharing a list of practical tips to reduce common decorating risks during the holiday season.",Finnhub,https://finnhub.io/api/news?id=ed67082463d45de8b61782c4166694f0a4a4957af43873ca4529ad86c5045b70,2025-12-22T09:00:00,0,Mercury General Corporation,United States,NYQ,USD,,55388627.0,26555523.0,5203761664.0
ZBIO,"Zenas BioPharma Seen Attractive Ahead of IgG4-RD Phase 3 Update, Wedbush Says",Zenas BioPharma (ZBIO) shares are seen as attractive ahead of the Phase 3 topline results for obexel,Finnhub,https://finnhub.io/api/news?id=e01e9fe71c30844bbf78fce68ca75d63b1f33ae4993e1ac4601848c95f0a458d,2025-12-22T08:59:30,1,"Zenas BioPharma, Inc.",United States,NMS,USD,,53679166.0,31796317.0,2280827904.0
ACEL,Is DraftKings' Product-Led Parlay Growth Driving Better Economics?,"DKNG leans into parlay-led product gains, with mix shifts lifting hold rates and margin potential despite volatility from sports outcomes.",Finnhub,https://finnhub.io/api/news?id=d92107dac73a94fed7a51fcea9108553b3bc5bad61f6c7277ea3d5c5b3a78bfe,2025-12-22T08:56:00,0,"Accel Entertainment, Inc.",United States,NYQ,USD,,83207946.0,43677515.0,986237440.0
ETHZ,ETHZilla sells $74.5 million of ether in effort to trim debt load,"This is the company's second sale of part of its ETH treasury, following a $40 million sale in October to fund share repurchases.",Finnhub,https://finnhub.io/api/news?id=b41c6032b841021d66eaa137f0bc980bd62584c641b233c72f8906695168e286,2025-12-22T08:53:44,0,ETHZilla Corporation,United States,NCM,USD,,18935791.0,13963384.0,98087400.0
UNF,"Cintas Hasn't Given Up On UniFirst, And Neither Should You",UniFirst Corporation receives a renewed $275/share all-cash buyout offer from Cintas Corporation. Learn more about UNF stock here.,Finnhub,https://finnhub.io/api/news?id=0a07c1cfcfbd50d0d8237c4aedd516538a2e6bf17143ca193ab1bacbc11e2fff,2025-12-22T08:44:55,1,UniFirst Corporation,United States,NYQ,USD,,14530548.0,14370525.0,3579541760.0
LINC,ATGE vs. LINC: Which Stock Is the Better Value Option?,ATGE vs. LINC: Which Stock Is the Better Value Option?,Finnhub,https://finnhub.io/api/news?id=49ba659e8ed5cdd24708984352100c4803b15c735d6cbb51280740c76db7b813,2025-12-22T08:40:04,0,Lincoln Educational Services Corporation,United States,NMS,USD,,31623795.0,27127840.0,785218880.0
SPIR,Canaccord Genuity Maintains Spire Global (SPIR) Buy Recommendation,,Finnhub,https://finnhub.io/api/news?id=873a40987e1cc31e540a0a0080ed758cd5a3eb0c663526bece99d510b644751d,2025-12-22T08:38:28,0,"Spire Global, Inc.",United States,NYQ,USD,,33100260.0,28490056.0,256196000.0
FIX,If You Bet On Trump’s America First Industrial Onshoring With AIRR ETF You Beat The S&P 500,"The First Trust RBA American Industrial Renaissance ETF (NYSEARCA:AIRR) delivered a 30% return in 2025, nearly doubling the S&P 500’s 16% gain. The fund’s concentrated bet on small and mid-cap industrial companies positioned it perfectly for the post-election policy shift. With 91% of assets in industrials and just 52 holdings, AIRR offered pure exposure to ... If You Bet On Trump’s America First Industrial Onshoring With AIRR ETF You Beat The S&P 500",Finnhub,https://finnhub.io/api/news?id=e8de079fc2dc92c4a09a17e1dd75094d7eff36a451a9ca3de965804c6184e3ca,2025-12-22T08:30:22,0,"Comfort Systems USA, Inc.",United States,NYQ,USD,,35271950.0,34734386.0,34005321728.0
DWTX,Dogwood Therapeutics Says Interim Phase 2B Data Show Pain Improvement With Halneuron,Dogwood Therapeutics (DWTX) said Monday that an interim analysis of its Phase 2b study for Halneuron,Finnhub,https://finnhub.io/api/news?id=9f27e728378a8b2a2aa102b06ad6bbce61c24219d16ba70f68c43b736638ba7e,2025-12-22T08:00:01,1,"Dogwood Therapeutics, Inc.",United States,NCM,USD,,29727866.0,358031.0,120992416.0
MELI,MELI vs. JD: Which Global E-commerce Stock Has More Upside?,"JD.com and MercadoLibre face off as margin discipline, growth trade-offs and valuation gaps shape which global e-commerce stock offers more upside.",Finnhub,https://finnhub.io/api/news?id=3aa3a210d20aa13cd8e3b503282c7f164c996fa884641cb114b5c8bb51e7eb31,2025-12-22T07:49:00,0,"MercadoLibre, Inc.",Uruguay,NMS,USD,,50697182.0,47022143.0,101683847168.0
MIRM,"Mirum Pharmaceuticals: Rich In 2025, Richer (In Promise) In 2026? I Believe So","Discover why Mirum Pharmaceuticals, Inc. stock surged 65%. Explore robust pipeline growth, revenue outlook, and analyst insights. Click for this MIRM update.",Finnhub,https://finnhub.io/api/news?id=9211b9bcbbab11fce3d3afb8afda15f6648b8610fdc43a54bb02aa38adba2b1b,2025-12-22T07:48:33,0,"Mirum Pharmaceuticals, Inc.",United States,NGM,USD,,51683837.0,43874694.0,4096461056.0
RL,4 Stocks Trading Near 52-Week High With More Upside Potential,"Stocks like NVDA, RL, EXPE and COR are seeing price strength and have a high chance of carrying the momentum forward.",Finnhub,https://finnhub.io/api/news?id=55b9e7e008ab79ecbaa5450707c9defa8fd39dec647091b14868f4fea3342f3a,2025-12-22T07:40:00,0,Ralph Lauren Corporation,United States,NYQ,USD,,38759382.0,38077482.0,21716025344.0
MIRM,Mirum: Maintaining Buy Rating On VOLIXIBAT PSC Treatment Data Q2 2026,"Discover why Mirum Pharmaceuticals, Inc. is rated Buy with promising VOLIXIBAT trial updates and key 2026-2027 catalysts. Click for this MIRM update.",Finnhub,https://finnhub.io/api/news?id=3a8f6aa19cedaf3c76e1e1c1cd96394b9791e38f0d7b3d593c624a4830e34dbc,2025-12-22T07:31:36,0,"Mirum Pharmaceuticals, Inc.",United States,NGM,USD,,51683837.0,43874694.0,4096461056.0
VMAR,BC-Most Active Stocks,"Haoxin Holdings Ltd. 320,205,311 1.47",Finnhub,https://finnhub.io/api/news?id=46eb8a59f7eae13cdc237e3b88157456132bc776e0b272bf67b73f306efb6d84,2025-12-22T07:30:18,0,Vision Marine Technologies Inc.,Canada,NCM,USD,,24258735.0,4706358.0,5761449.0
NDSN,Here's Why It is Worth Investing in Nordson Stock Right Now,"NDSN is benefiting from end-market recovery, acquisition synergies and strong capital returns, making the stock attractive for long-term investors.",Finnhub,https://finnhub.io/api/news?id=202246db2d53980235adb2824846a4abaafa450e0b4d49097dad519253d8d997,2025-12-22T07:26:00,1,Nordson Corporation,United States,NMS,USD,,55823516.0,49763315.0,13620379648.0
DWTX,Dogwood Therapeutics Announces Positive Interim Phase 2b Clinical Trial Results in Chemotherapy Induced Neuropathic Pain,"- Halneuron® treated patients separating from placebo on pain improvement assessment; Company expects top-line results availability in Q3 2026 - - The overall study dropout rate of ~4.4% is far below rates typically observed with other FDA approved chronic pain medicines - ATLANTA, Dec. 22, 2025 (GLOBE NEWSWIRE) -- Dogwood Therapeutics, Inc. (Nasdaq: DWTX) (the “Company”), a development-stage biotechnology company developing new medicines to treat pain and neuropathy, today announces positive re",Finnhub,https://finnhub.io/api/news?id=98be6d8e756b8931b970856d2fc3a1987b93a7e5353c3e2421d13107e5c45d3b,2025-12-22T07:15:00,1,"Dogwood Therapeutics, Inc.",United States,NCM,USD,,29727866.0,358031.0,120992416.0
KOD,What Awaits These 4 Biotech Stocks That More Than Doubled in 2025,"IONS, GPCR, MNPR and KOD more than double in 2025 as policy clarity, M&A revival and clinical wins lift biotech momentum into 2026.",Finnhub,https://finnhub.io/api/news?id=4e72391f878b9f97324b5c7faa0675b7b6c06c8b50f375a036d6852cc58c8e7f,2025-12-22T07:11:00,0,Kodiak Sciences Inc.,United States,NGM,USD,,61048428.0,27193797.0,1824737536.0
DYAI,DYAI: Layers of Commercialization Agreements,"By John Vandermosten, CFA NASDAQ:DYAI READ THE FULL DYAI RESEARCH REPORT In the weeks following its third quarter 2025 results, Dyadic Applied BioSolutions, Inc. (NASDAQ:DYAI) announced several new partnerships and partnership expansions that build on its foundation of developing protein solutions for life sciences, food and nutrition and bioindustrial applications. The new arrangements were all",Finnhub,https://finnhub.io/api/news?id=848014c9c41e9cb7ef2bb98eb1afddbb6edaae1c60ac1447972b71f64aee9cd7,2025-12-22T07:10:00,1,"Dyadic International, Inc.",,,,,36187798.0,26907437.0,34447168.0
SLP,Simulations Plus (SLP) Highlights FDA Alignment as Citizens Maintains Market Perform,"Simulations Plus, Inc. (NASDAQ:SLP) is one of the best healthcare AI stocks to buy now. On December 9, Simulations Plus, Inc. (NASDAQ:SLP) issued a press release highlighting how its technologies align with the FDA’s new regulatory direction. On December 2, the FDA released a draft guidance focused on streamlined nonclinical safety studies for monospecific monoclonal […]",Finnhub,https://finnhub.io/api/news?id=3b2d2cbfbbcea51cfd26e7e4d66333b5c0a9c5ba1a25a7aa88766aed09d1fa86,2025-12-22T06:53:34,0,"Simulations Plus, Inc.",United States,NMS,USD,,20144564.0,16664389.0,377912032.0
IRTC,Morgan Stanley Raises iRhythm (IRTC) PT on MedTech Recovery Outlook,"iRhythm Technologies, Inc. (NASDAQ:IRTC) is one of the best healthcare AI stocks to buy now. On December 2, Morgan Stanley raised its price target on iRhythm Technologies, Inc. (NASDAQ:IRTC) from $195 to $205, while maintaining an Overweight rating. The adjustment comes as part of a broader positive preview for the MedTech industry heading into 2026. […]",Finnhub,https://finnhub.io/api/news?id=098e25535c91b3bea931e97f2334bfeae46368e1d7f6caec71195f8bf08541d2,2025-12-22T06:53:28,0,"iRhythm Technologies, Inc.",United States,NMS,USD,,32219143.0,31902751.0,5689901056.0
KNSL,Are You a Momentum Investor? This 1 Stock Could Be the Perfect Pick,The Zacks Style Scores offers investors a way to easily find top-rated stocks based on their investing style. Here's why you should take advantage.,Finnhub,https://finnhub.io/api/news?id=42fe94c771557ba993904f73e1362f04f34ac3aadc0219d288f4c9286b611ed8,2025-12-22T06:50:03,0,"Kinsale Capital Group, Inc.",United States,NYQ,USD,,23263426.0,22033954.0,9165987840.0
PRI,"BHF Outperforms Industry, Hits 52-Week High: How to Play the Stock","Brighthouse Financial stock gains on the back of higher annuity and life insurance sales, a high-quality portfolio, financial flexibility and prudent capital deployment.",Finnhub,https://finnhub.io/api/news?id=81b0cf389670b0f4f32c90995bb52545e00879c793f6b3cd541ec87cbec32567,2025-12-22T06:47:00,0,"Primerica, Inc.",United States,NYQ,USD,,31916058.0,31729349.0,8428548608.0
JLL,Why Jones Lang LaSalle (JLL) is a Top Growth Stock for the Long-Term,"Whether you're a value, growth, or momentum investor, finding strong stocks becomes easier with the Zacks Style Scores, a top feature of the Zacks Premium research service.",Finnhub,https://finnhub.io/api/news?id=29dada51818e01dbb2fb5e285bea054cc991faec455ddba9e30fa6af74f925f7,2025-12-22T06:45:02,0,Jones Lang LaSalle Incorporated,United States,NYQ,USD,,47194630.0,46683512.0,16439392256.0
TLN,"The Zacks Analyst Blog Highlights Constellation Energy, Talen Energy and Dominion Energy",Constellation Energy headlines nuclear stocks poised to benefit as AI data center power demand accelerates into 2026.,Finnhub,https://finnhub.io/api/news?id=bdb166f7b8b0b6cfc3b70fafa9856139fc5fb7e386aadcfc61c926cff94d1e5c,2025-12-22T06:43:00,0,Talen Energy Corporation,United States,NMS,USD,,45687828.0,38849274.0,17567883264.0
DAVE,Are Business Services Stocks Lagging  DAVE INC (DAVE) This Year?,Here is how Dave Inc. (DAVE) and Digi Power X Inc. (DGXX) have performed compared to their sector so far this year.,Finnhub,https://finnhub.io/api/news?id=65cc400a90ee13cf3b2b4af1e5d5a1b11c8a8268594e290b6c910dd37c5246b7,2025-12-22T06:40:05,0,Dave Inc.,United States,NGM,USD,,12190000.0,9002226.0,3095405568.0
AIZ,Is Assurant (AIZ) a Great Value Stock Right Now?,"Here at Zacks, our focus is on the proven Zacks Rank system, which emphasizes earnings estimates and estimate revisions to find great stocks. Nevertheless, we are always paying attention to the latest value, growth, and momentum trends to underscore strong picks.",Finnhub,https://finnhub.io/api/news?id=681e532b8b9692cd6d79f740fbdf6f0e579e6713365d9e3ef3b164785667a4f4,2025-12-22T06:40:04,0,"Assurant, Inc.",US,"NEW YORK STOCK EXCHANGE, INC.",USD,2004-02-04,50081110.0,49787635.0,12116770816.0
BFH,Is Bread Financial (BFH) Outperforming Other Finance Stocks This Year?,Here is how Bread Financial Holdings (BFH) and Bank of Nova Scotia (BNS) have performed compared to their sector so far this year.,Finnhub,https://finnhub.io/api/news?id=c259dca9ad438cdfa5af08f62bea78ce995aa78c80be1d483fb53258e9a9e65b,2025-12-22T06:40:04,0,"Bread Financial Holdings, Inc.",United States,NYQ,USD,,45600000.0,45224619.0,3494784000.0
MLR,Are Investors Undervaluing Miller Industries (MLR) Right Now?,"Here at Zacks, our focus is on the proven Zacks Rank system, which emphasizes earnings estimates and estimate revisions to find great stocks. Nevertheless, we are always paying attention to the latest value, growth, and momentum trends to underscore strong picks.",Finnhub,https://finnhub.io/api/news?id=b8ae162f13896a5eb042d8f6948b420c1461aaa1e9818b82c23eade621e2177e,2025-12-22T06:40:03,0,"Miller Industries, Inc.",United States,NYQ,USD,,11431416.0,10881222.0,437127424.0
FET,Implied Volatility Surging for Forum Energy Technologies Stock Options,Investors need to pay close attention to Forum Energy Technologies stock based on the movements in the options market lately.,Finnhub,https://finnhub.io/api/news?id=0012b557272ee69e920ef710f2e37cad43490a152ac2e8ec4d9fa9ed4bd88418,2025-12-22T06:35:00,0,"Forum Energy Technologies, Inc.",United States,NYQ,USD,,11377958.0,9672971.0,437445440.0
MBUU,Global Recreational Boats Industry Intelligence Report 2025-2032 - Electric Boats Propel Market Evolution: Fastest Growing Segment Driven by Sustainability Trends,"Recreational Boat Market Recreational Boat Market Dublin, Dec. 22, 2025 (GLOBE NEWSWIRE) -- The ""Recreational Boat Market by Boat Type, Boat Size, Engine Location, Engine Type, Material, Activity Type, Power Source, Power Range, Distribution Channel, Region - Global Forecast to 2032"" has been added to ResearchAndMarkets.com's offering. This report covers the recreational boat market segmented by boat type, activity, size, material, engine location and type, power source and range, distribution c",Finnhub,https://finnhub.io/api/news?id=4d63d1cdf8ff986bbfa25b8204171e2300fa2815d0f9e3960c6d95af72d719cf,2025-12-22T06:28:00,0,"Malibu Boats, Inc.",United States,NGM,USD,,19226584.0,17982047.0,564071168.0
PERF,"YouCam Apps Celebrate a Breakthrough Year of AI Creativity, AR Exploration, and Agentic Innovation This Holiday Season","NEW YORK, December 22, 2025--This holiday season, Perfect Corp. (NYSE: PERF) is celebrating one of its most successful years to date for its YouCam App Suite, driven by rapid global adoption of AI-first visualization experiences. Across YouCam Perfect, YouCam Makeup, YouCam Video, YouCam AI Pro, and YouCam Enhance, users embraced an unprecedented wave of creativity powered by multimodal Generative AI, AR visualization, and agentic AI workflows.",Finnhub,https://finnhub.io/api/news?id=b779fd82db4bdcca8e01dcf7cd270dea54ece2cd065751f9533c3d394a149195,2025-12-22T06:20:00,1,Perfect Corp.,Taiwan,NYQ,USD,,85059953.0,29192800.0,176198208.0
FC,Is the Options Market Predicting a Spike in Franklin Covey Stock?,Investors need to pay close attention to FC stock based on the movements in the options market lately.,Finnhub,https://finnhub.io/api/news?id=213838901399f188e820baaee7da6a7dea387fac5eeb97994699ae9343b84fac,2025-12-22T06:18:00,0,Franklin Covey Co.,,,,,11989951.0,9965230.0,207621616.0
HURN,"Huron Consulting Group Inc. (HURN) Hit a 52 Week High, Can the Run Continue?","Huron Consulting (HURN) is at a 52-week high, but can investors hope for more gains in the future? We take a look at the company's fundamentals for clues.",Finnhub,https://finnhub.io/api/news?id=7a02659cbda6d8ad31f7d3143189a356ac31ce210a65ea3014229ec41ce31560,2025-12-22T06:15:03,0,Huron Consulting Group Inc.,United States,NMS,USD,,17241468.0,15661422.0,3126662400.0
ELA,Envela Corporation (ELA) Hits Fresh High: Is There Still Room to Run?,"Envela (ELA) is at a 52-week high, but can investors hope for more gains in the future? We take a look at the company's fundamentals for clues.",Finnhub,https://finnhub.io/api/news?id=27a8213d69d81549a9584542cce5f86dd1873e9b7e5b1b06e20f35125d56cad6,2025-12-22T06:15:02,0,Envela Corporation,US,NYSE MKT LLC,USD,1992-03-18,25963476.0,5406115.0,324565984.0
BGL,"Blue Gold and Trust Stamp Execute Strategic LOI to Develop Biometric, Passwordless Wallet Infrastructure for Gold-Backed Digital Assets","Milestone Advances Blue Gold's Commitment to a World-Class Digital Gold Ecosystem Rooted in Trust, Transparency, and Institutional Standards NEW YORK, NY / ACCESS Newswire / December 22, 2025 / Blue Gold Limited (Nasdaq:BGL) (""Blue Gold"" or the ""Company""), ...",Finnhub,https://finnhub.io/api/news?id=7e13e1ea98031c40e6f00dd3175624eca3b3582877287988ed2722f0a2064304,2025-12-22T06:15:00,0,Blue Gold Limited,Cayman Islands,NGM,USD,,31124600.0,12366836.0,76255272.0
DVA,"Zacks Industry Outlook Highlights Encompass Health, DaVita, Option Care Health and The Pennant","Encompass Health is in focus as outpatient and home healthcare shifts toward AI, telehealth and cost-efficient care models.",Finnhub,https://finnhub.io/api/news?id=93e3fb5282ef70ff612916c6a57fcfc21420241efeb5790b21c1aab164adc37e,2025-12-22T06:14:00,0,DaVita Inc.,United States,NYQ,USD,,70600000.0,37365756.0,8149570048.0
FG,Reassessing F&G Annuities & Life (FG) Valuation After Recent Share Price Weakness,"F&G Annuities & Life (FG) has slipped about 5% over the past week and roughly 24% year to date, putting the stock back on value investors radar despite steady revenue growth. See our latest analysis for F&G Annuities & Life. The recent slide, including a 1 day share price return of minus 5.52 percent and a year to date share price return of minus 24.26 percent, contrasts with a strong 66.48 percent three year total shareholder return. This suggests longer term momentum remains intact even as...",Finnhub,https://finnhub.io/api/news?id=0767da1acd89e8d2bc7197c83c396b55450dbc57299506372ff68ab635f20725,2025-12-22T06:10:00,1,"F&G Annuities & Life, Inc.",United States,NYQ,USD,,134619537.0,20359859.0,4326265856.0
ONTO,"Onto Innovation Receives TSMC Honor for ""Excellent Production Support""","WILMINGTON, Mass., December 22, 2025--Onto Innovation Inc. (NYSE: ONTO) today announced the Company has received the ""Excellent Production Support"" award from Taiwan Semiconductor Manufacturing Co., Ltd (TSMC) as part of its initiative recognizing the outstanding contributions of its global suppliers.",Finnhub,https://finnhub.io/api/news?id=ce74732fea667455e90cb3be00b9c6a6a05e610230dd3e3ab77377ba7223a0c6,2025-12-22T06:10:00,0,Onto Innovation Inc.,United States,NYQ,USD,,49652933.0,48618092.0,7971779072.0
MELI,The Global X MSCI Argentina ETF Has Had A Shockingly Good 200% Run,"The Global X MSCI Argentina ETF (NYSEARCA:ARGT) has delivered a 233% gain over the past five years, riding optimism around President Javier Milei’s radical economic reforms. But recent performance tells a different story. After surging to overbought territory in early November, shares have cooled to around $91, posting modest single-digit gains in 2025. The question ... The Global X MSCI Argentina ETF Has Had A Shockingly Good 200% Run",Finnhub,https://finnhub.io/api/news?id=408ff8183ddf7aa990a30380b91a69b51f3c84edd913529a6bf8914b1823bc2d,2025-12-22T06:08:29,0,"MercadoLibre, Inc.",Uruguay,NMS,USD,,50697182.0,47022143.0,101683847168.0
EXP,These 4 Companies Are Fighting For Infrastructure Dollars,"The construction materials sector is riding a wave of infrastructure investment and industrial demand, and several companies are positioned to benefit. But when you look at the fundamentals, the winners aren’t equal. We examined four stocks exposed to this trend to see who actually captures the most value. The Players in Construction Materials United States ... These 4 Companies Are Fighting For Infrastructure Dollars",Finnhub,https://finnhub.io/api/news?id=07498464070acd15a55cf4c0fd2d3c5db48cb0cfa021cc7556b6266377f75f70,2025-12-22T06:06:53,0,Eagle Materials Inc.,United States,NYQ,USD,,32063877.0,31665323.0,6973678592.0
GLOB,Is Innodata Well-Positioned for America's Accelerating AI Spend?,"INOD's record growth, Big Tech ties and federal AI push highlight its strong position in the surging U.S. AI market.",Finnhub,https://finnhub.io/api/news?id=ed2f6c6c2199d847c5f6c9dda2ebaf04106529521027e5d3bff4b2b5ebf7cd8e,2025-12-22T06:05:00,0,Globant S.A.,Luxembourg,NYQ,USD,,44053708.0,40190201.0,2972744448.0
CNXC,Concentrix Rolls Out Pre-Built Agentic AI for Instant Business Impact,"Intelligent, pre-built conversational agents create fast AI value for less effortNEWARK, Calif., Dec. 22, 2025 (GLOBE NEWSWIRE) -- Concentrix Corporation (NASDAQ: CNXC), a global technology and services leader, announced today a new suite of pre-built, emotionally aware Conversational AI Agents designed to make adding AI to the brand experience faster and simpler. Created for brands who want to intelligently transform their operations with the power of agentic AI without the complexity of buildi",Finnhub,https://finnhub.io/api/news?id=243a8b8271a9ee688ae363e87230c8cc79f09942ce5d115da82d95aef5c5683e,2025-12-22T06:02:00,0,Concentrix Corporation,United States,NMS,USD,,62257439.0,39394017.0,2644534016.0
PSMT,The Real Winner From Latin America’s Retail Boom,"Warehouse clubs and discount retailers are riding a powerful wave: cost-conscious consumers in emerging markets seeking American-style shopping experiences. As inflation pressures household budgets globally, membership-based warehouse models are proving resilient. We looked at four stocks to see who benefits most from the emerging market retail opportunity. The Players in Emerging Market Retail PriceSmart (NASDAQ:PSMT) ... The Real Winner From Latin America’s Retail Boom",Finnhub,https://finnhub.io/api/news?id=fe5f6cf3f0cf954ce0581ec2ba7a80757f829e80d83d022ea554ab84c2d26555,2025-12-22T06:00:17,0,"PriceSmart, Inc.",United States,NMS,USD,,30816360.0,27693490.0,3859552000.0
AZZ,AZZ Inc. (AZZ) is Attracting Investor Attention: Here is What You Should Know,"Recently, Zacks.com users have been paying close attention to AZZ (AZZ). This makes it worthwhile to examine what the stock has in store.",Finnhub,https://finnhub.io/api/news?id=45db8589dbd588045dd547ad76fc89ba7d6e3cb674e6943b9cfa0187bdcdb68e,2025-12-22T06:00:03,0,AZZ Inc.,,,,,30057082.0,29460749.0,3320706560.0
CNVS,"Leading into CES Cineverse Unveils New Branding, CTV & Voice Features for CINESEARCH, Powered by Matchpoint™","Cineverse (Nasdaq: CNVS), a next-generation entertainment studio, has announced that its award-winning, proprietary content search & discovery tool, CINESEARCH, will be coming to CES 2026 (January 6-9 in Las Vegas) with new features. This includes CTV and voice capabilities that continue to make deciding what movies and TV shows to watch easier, more engaging and entertaining.",Finnhub,https://finnhub.io/api/news?id=b30947571b0eddda958489838c0276d5760bf4fe64d93ac414aec503b35de23a,2025-12-22T06:00:00,0,Cineverse Corp.,United States,NCM,USD,,19150403.0,16107787.0,41173372.0
RL,5 Discretionary Stocks to Grab as Inflation Softens in November,"Soft November CPI sparks hopes for more Fed cuts, lifting consumer discretionary picks like CROX, AS, KTB, RL and ROKU with rising estimates.",Finnhub,https://finnhub.io/api/news?id=f1059df2202f352afba5ba43bbf07415d9d07cf50fcdbf22f6d1e6c1ef93e297,2025-12-22T05:56:00,0,Ralph Lauren Corporation,United States,NYQ,USD,,38759382.0,38077482.0,21716025344.0
DY,"Recent Price Trend in Dycom Industries (DY) is Your Friend, Here's Why","Dycom Industries (DY) made it through our ""Recent Price Strength"" screen and could be a great choice for investors looking to make a profit from stocks that are currently on the move.",Finnhub,https://finnhub.io/api/news?id=769036841799c888135a4d5264d5122b709f23ec6c83eb73c6bc50cba56fac6e,2025-12-22T05:55:02,0,"Dycom Industries, Inc.",United States,NYQ,USD,,29967120.0,23827934.0,10417470464.0
AGX,"Zacks Market Edge Highlights: HEICO, Argan and Credo Technology","HEICO headlines Zacks Market Edge as a top 2026 growth pick, with strong sales gains, steady earnings beats and shares near five-year highs.",Finnhub,https://finnhub.io/api/news?id=0518d89c467c1fff9c3f4168103e337ee9defd1f136bb3c1165c6a4fe7100007,2025-12-22T05:54:00,1,"Argan, Inc.",United States,NYQ,USD,,13873410.0,13315421.0,4510800896.0
DVA,Balancing a Kidney Diet: Optimizing Nutrition Through Personalization,"NORTHAMPTON, MA / ACCESS Newswire / December 22, 2025 / DaVita: For individuals managing chronic kidney disease (CKD), dietary choices significantly impact health outcomes and disease progression. A kidney-friendly diet often involves managing intake ...",Finnhub,https://finnhub.io/api/news?id=1df1ef7df99f59e7af1c7031735d689c544b7e10422e155acd8021578f1dde87,2025-12-22T05:45:00,0,DaVita Inc.,United States,NYQ,USD,,70600000.0,37365756.0,8149570048.0
AIZ,5 Stocks With High ROE to Buy as Markets Bask in Year-End Rally,"ZTO, TEL, PPC, AIZ, and HST stand out with high ROE and strong fundamentals as markets ride a year-end rally fueled by easing inflation.",Finnhub,https://finnhub.io/api/news?id=946361148d7cbacc18668c3c3fe79750fa0a96e77cb4e42547159e7a6777271f,2025-12-22T05:34:00,0,"Assurant, Inc.",US,"NEW YORK STOCK EXCHANGE, INC.",USD,2004-02-04,50081110.0,49787635.0,12116770816.0
GATX,GATX Corporation and Brookfield Infrastructure Receive All Required Regulatory Clearances to Complete the Acquisition of Wells Fargo’s Rail Assets,"CHICAGO, December 22, 2025--GATX Corporation (NYSE: GATX) today announced that it, together with Brookfield Infrastructure Partners L.P. (""BIP"") (NYSE: BIP; TSX: BIP.UN) and its institutional partners (collectively, ""Brookfield Infrastructure""), has received all required regulatory clearances to complete the transaction to acquire Wells Fargo’s rail operating lease portfolio. The transaction will be completed through a joint venture between GATX and Brookfield Infrastructure. GATX anticipates th",Finnhub,https://finnhub.io/api/news?id=e631dd1fed46424a875cf3da28ca0e1afee152fad973394f3d87839a1b61082f,2025-12-22T05:30:00,1,GATX Corporation,United States,NYQ,USD,,35678804.0,35475792.0,6179926016.0
ENTX,"Entera Bio Announces New Data Supporting Further Development of a Proprietary First-in-Class Oral, Long-Acting PTH Tablet for Patients with Hypoparathyroidism (EB612 Program)","Novel PTH analog achieves sustained calcium elevation for >3 days from single oral tablet, supporting development path toward once-daily alternative to daily injectionsJERUSALEM, Dec. 22, 2025 (GLOBE NEWSWIRE) -- Entera Bio Ltd. (NASDAQ: ENTX) (“Entera” or the “Company”), a leader in the development of oral peptides and proteins replacement therapies, today announced new validating in vivo pharmacokinetic and pharmacodynamic data that supports further development of a proprietary long-acting par",Finnhub,https://finnhub.io/api/news?id=b981daeaa374a3f567167ee1f0e769965dd7e363e1aae6806d41188ed0842d5f,2025-12-22T05:30:00,0,Entera Bio Ltd.,Israel,NCM,USD,,45857242.0,31657547.0,78874456.0
LRHC,La Rosa Holdings Corp. Reports 31% Annualized Rate Reduction in Technology Costs in 2025 compared to 2022 Through Proprietary Platform Strategy,"Celebration, FL, Dec. 22, 2025 (GLOBE NEWSWIRE) -- La Rosa Holdings Corp. (NASDAQ: LRHC) (“La Rosa” or the “Company”), a real estate and PropTech company, today announced a 31% annualized rate reduction in select technology operating costs to date, decreasing from approximately $0.52 million in 2022 to $0.17 million in 2025 resulting in a $0.35 million annual savings, driven by a multi-year strategy to replace third-party software with proprietary, in-house technology solutions purpose-built for",Finnhub,https://finnhub.io/api/news?id=390d996a0cc180d385f872e9af00404e98fd460d371760a3939d23d3243074ca,2025-12-22T05:30:00,0,La Rosa Holdings Corp.,United States,NCM,USD,,1625329.0,1233852.0,1124727.0
CACI,"CACI expands space, defense footprint with $2.6 billion ARKA buy","U.S. defense contractor CACI International will acquire space technology provider ​ARKA Group from funds managed by ‌Blackstone Tactical Opportunities for $2.6 billion, expanding its footprint in ‌national security and space-based intelligence. The all-cash deal, announced on Monday, comes amid surging demand for defense and intelligence contracts, driven by rising ⁠geopolitical tensions, increased ‌military spending by the United States and its allies, and greater ‍investment in space, cyber an",Finnhub,https://finnhub.io/api/news?id=95a26464e4d323129e6e70e9ba58af79bcaa257dd0178301bcd9fd86f153df0f,2025-12-22T05:16:10,1,CACI International Inc,United States,NYQ,USD,,22079710.0,21789362.0,11966539776.0
COHN,Cohen & Company Announces Special Cash Dividend of $2.00 Per Share,"PHILADELPHIA and NEW YORK, Dec. 22, 2025 (GLOBE NEWSWIRE) -- Cohen & Company Inc. (NYSE American: COHN) today announced that its Board of Directors has declared a special cash dividend of $2.00 per share, payable on January 22, 2026, to stockholders of record as of January 7, 2026. Lester Brafman, Chief Executive Officer, commented, ""We are pleased to recognize our recent strong operating performance through the announcement of a special cash dividend of $2.00 per share. This special dividend un",Finnhub,https://finnhub.io/api/news?id=f31371b3f37f649acaeaa850407c2a4a80aeefe850a9ab9253ef9b371694f921,2025-12-22T05:15:00,0,Cohen & Company Inc.,United States,ASE,USD,,2035863.0,956722.0,35403672.0
DY,"Beat the Market the Zacks Way: Micron, Credo, Coca Cola in Focus","Micron, Credo and Coca-Cola headline Zacks' latest wins, with select portfolios and focus lists posting sharp gains despite a mixed market week.",Finnhub,https://finnhub.io/api/news?id=bd970c1e904f3eae56f6d7eeeaf96feff4f55db06dbaab4d8272f5c161efdc18,2025-12-22T05:04:00,0,"Dycom Industries, Inc.",United States,NYQ,USD,,29967120.0,23827934.0,10417470464.0
TRAW,TransCode Therapeutics Expands Leadership with Appointment of Jack E. Stover to Board of Directors,"TransCode Therapeutics, Inc. (NASDAQ: RNAZ), a clinical stage company pioneering immuno-oncology and RNA for the treatment of high risk and advanced cancer, announced the appointment of Jack E. Stover to its Board of Directors. Mr, Stover will join the Audit and the Nominating Committees as Dr. Magda Marquet steps down from the Audit Committee. Mr. Stover brings more than three decades of executive leadership experience across public and private life sciences companies, spanning drug development",Finnhub,https://finnhub.io/api/news?id=ae116346142ae91e54132c1ae9059cc06e7f69548a7e291991d6048ed97635ce,2025-12-22T05:01:00,0,"Traws Pharma, Inc.",United States,NCM,USD,,7990867.0,5869052.0,9349314.0
LUCY,"Innovative Eyewear, Inc. Announces Participation in Key Industry Events in Q1 2026","Innovative Eyewear, Inc. (""Innovative Eyewear"" or the ""Company"") (NASDAQ: LUCY; LUCYW), the developer & manufacturer of smart eyewear under the Lucyd®, Lucyd Armor®, Reebok®, Eddie Bauer® and Nautica® brands, today announces its participation in a series of key industry events throughout the first quarter of 2026.",Finnhub,https://finnhub.io/api/news?id=264bfefc624f637c8ce27790d18d5d561948aa1c722661caf6fe5a02d6871515,2025-12-22T05:00:00,0,"Lucyd, Inc",United States,NCM,USD,,5350183.0,4150404.0,6527223.0
TKLF,"Tokyo Lifestyle Co., Ltd. Announces Payment of Interim Dividend for Fiscal Year 2026","Tokyo, Japan, Dec. 22, 2025 (GLOBE NEWSWIRE) -- Tokyo Lifestyle Co., Ltd. (“Tokyo Lifestyle” or the “Company”) (Nasdaq: TKLF), a retailer and wholesaler of Japanese beauty and health products, sundry products, luxury products, electronic products, collectible cards, trendy toys as well as other products in Hong Kong, Japan, North America, Thailand, Vietnam, the United Kingdom and Australia, today announced that the interim dividend of JPY1.890 per share for the fiscal year ending March 31, 2026",Finnhub,https://finnhub.io/api/news?id=a8ad0dc380f90d08053284432dff64e2435eb49b6b864e647f14d59193f34fda,2025-12-22T05:00:00,0,"Tokyo Lifestyle Co., Ltd.",Japan,NCM,USD,,4232781.0,12900247.0,12232738.0
REPX,Riley Exploration Permian: Midstream Divestiture Improves Its Balance Sheet,,Finnhub,https://finnhub.io/api/news?id=e80e5c5d2036f65e5819ff97e87832dfeec15375878ab95e03ce57a4bd33f96f,2025-12-22T04:37:55,0,"Riley Exploration Permian, Inc.",United States,ASE,USD,,21968906.0,10279031.0,572657472.0
EEFT,This Week In Digital Payment - Euronet Wins Mastercard Award for Agile Credit Innovation,"Euronet Worldwide has been recognized with Mastercard's Excellence in Agility award for its innovative approach to credit issuance. This accolade highlights the impact of Euronet's acquisition of CoreCard, which facilitated swift deployment of Mastercard credit programs, significantly enhancing the company's issuing capabilities. The award was granted for Euronet's rapid commercial credit program development, including features like advanced loyalty models and digital wallet provisioning,...",Finnhub,https://finnhub.io/api/news?id=c6f79bae93e85cd9794d7ec46e9595e5a368fb802ce8e20f492f3726e45c8232,2025-12-22T04:37:31,1,"Euronet Worldwide, Inc.",United States,NMS,USD,,42044681.0,39231471.0,3218940672.0
LITM,Global Uranium and Enrichment Limited's Scheme Booklet Registered with the Australian Securities and Investments Commission,"Winnipeg, Manitoba--(Newsfile Corp. - December 22, 2025) - Snow Lake Resources Ltd., d/b/a Snow Lake Energy (NASDAQ: LITM) (""Snow Lake""), a uranium exploration and development company, announces that Global Uranium and Enrichment Limited's (""GUE"") Scheme Booklet has today been registered by the Australian Securities and Investments Commission (""ASIC"").As previously announced by Snow Lake:On October 26, 2025 in relation to the proposed acquisition by Snow Lake of all of the fully paid ordinary...",Finnhub,https://finnhub.io/api/news?id=bc7f35b75f6efd6c16bd3098c72eb7e10818b80754894be239faeba3ef0905a9,2025-12-22T04:30:00,1,Snow Lake Resources Ltd.,Canada,NCM,USD,,18026269.0,8720610.0,61469584.0
PEN,NeuroOne(R) Appoints Jason Mills to the Board of Directors,"Veteran Med-Tech Research Analyst & Public Company Executive to Bring Strategic Experience, Industry Relationships and Vision to the Board EDEN PRAIRIE, MINN. - December 22, 2025 (NEWMEDIAWIRE) - NeuroOne Medical Technologies Corporation (Nasdaq:...",Finnhub,https://finnhub.io/api/news?id=15fad7a0771a2042d1a2593ed3d859d2ffefd1c8980533e4146c73c791105c1e,2025-12-22T04:30:00,0,"Penumbra, Inc.",US,"NEW YORK STOCK EXCHANGE, INC.",USD,2015-09-18,39162177.0,37979871.0,12413235200.0
CACI,"CACI Enters Into Definitive Agreement to Acquire ARKA Group, Expanding Its Technology Focus In Space-Based Sensing and Actionable Intelligence","RESTON, Va., December 22, 2025--CACI International Inc (NYSE: CACI) announced today that it has entered into a definitive agreement to acquire ARKA Group L.P. (ARKA) from funds managed by Blackstone Tactical Opportunities (Blackstone) in an all-cash transaction for $2.6 billion. Aligned with CACI’s commitment to delivering advanced technology for national security customers, ARKA supports national security missions through its space-based sensor portfolio and ground-based software processing, ac",Finnhub,https://finnhub.io/api/news?id=ddd95db457d2491baf2f24d85510d9fec4e82a1b29ff396ede032408df547796,2025-12-22T04:30:00,0,CACI International Inc,United States,NYQ,USD,,22079710.0,21789362.0,11966539776.0
MDCX,Medicus Pharma Ltd. Announces Engagement With Reliant AI to Develop Artificial Intelligence (AI) Driven Clinical Data Analytics Platform,"The engagement establishes a multi-phase framework to support AI enabled capital efficient development of Teverelix, a next generation GnRH antagonist, as a first in class market product for acute urinary retention (AURr) and high CV risk prostate ...",Finnhub,https://finnhub.io/api/news?id=6f4c3500a43b7b934a08c1b35fafcf13fa9212b213c3a59a26da7fea9991cb99,2025-12-22T04:30:00,0,Medicus Pharma Ltd.,United States,NCM,USD,,24709144.0,15485166.0,38669812.0
AVAV,"AeroVironment, Inc. to Present at Needham’s Annual Growth Conference","ARLINGTON, Va., December 22, 2025--AeroVironment, Inc. (""AV"") (NASDAQ: AVAV) will participate in Needham’s upcoming Annual Growth Conference in New York City, New York. AV’s Executive Vice President and Chief Financial Officer, Kevin McDonnell, will take part in a fireside chat on January 14 at 10:15 a.m. ET | 9:15 a.m. CT | 7:15 a.m. PT. The fireside chat will be available by webcast at the times listed above and archived on our website at the below link:",Finnhub,https://finnhub.io/api/news?id=82e0627294930a11a129fabb164928f57401c36034a8855b1f4c7e05c1507cc7,2025-12-22T04:00:00,0,"AeroVironment, Inc.",United States,NMS,USD,,49925878.0,37235083.0,12732712960.0
MGEE,Earnings growth of 13% over 1 year hasn't been enough to translate into positive returns for MGE Energy (NASDAQ:MGEE) shareholders,Passive investing in an index fund is a good way to ensure your own returns roughly match the overall market. While...,Finnhub,https://finnhub.io/api/news?id=f1e938797121d5bc42437d7c846408d3422d6351aa96756bee0a7dfd68a16cda,2025-12-22T03:52:52,0,"MGE Energy, Inc.",United States,NMS,USD,,36541849.0,36459630.0,2863053824.0
CACI,CACI International Inc (CACI) M&A Call Transcript,"CACI International Inc (CACI) M&A Call December 22, 2025 8:30 AM ESTCompany ParticipantsGeorge Price - Senior Vice President of Investor RelationsJohn...",Finnhub,https://finnhub.io/api/news?id=44fe1ee82e2d90b4dae5c75f585e6be73c7428896298264dfdf26f35c37c681a,2025-12-22T03:47:36,0,CACI International Inc,United States,NYQ,USD,,22079710.0,21789362.0,11966539776.0
PEBO,3 Undervalued Small Caps With Insider Action Across Global Markets,"As the U.S. market experiences a resurgence with major stock indexes closing sharply higher for the second consecutive day, small-cap stocks are gaining attention amid this renewed risk appetite. In this dynamic environment, identifying promising small-cap opportunities involves looking at companies with solid fundamentals and potential growth catalysts that align well with current market trends.",Finnhub,https://finnhub.io/api/news?id=6c241d995caedd57a0455e233974c2ddaf1e0152a852ea2421a8b058133d3a05,2025-12-22T03:39:30,0,Peoples Bancorp Inc.,United States,NMS,USD,,35702963.0,33796313.0,1090011520.0
FUNC,3 Undervalued Small Caps With Insider Action Across Global Markets,"As the U.S. market experiences a resurgence with major stock indexes closing sharply higher for the second consecutive day, small-cap stocks are gaining attention amid this renewed risk appetite. In this dynamic environment, identifying promising small-cap opportunities involves looking at companies with solid fundamentals and potential growth catalysts that align well with current market trends.",Finnhub,https://finnhub.io/api/news?id=6c241d995caedd57a0455e233974c2ddaf1e0152a852ea2421a8b058133d3a05,2025-12-22T03:39:30,0,First United Corporation,United States,NMS,USD,,6496908.0,5959809.0,251625248.0
MRKR,US High Growth Tech: 3 Stocks to Watch,"As the U.S. market experiences a resurgence in tech stocks, with key indices like the S&P 500 and Nasdaq posting gains amid renewed investor confidence, attention turns to high-growth opportunities within the tech sector. In this environment, identifying promising stocks involves looking for companies that demonstrate robust innovation and adaptability to capitalize on emerging trends such as AI and cloud computing.",Finnhub,https://finnhub.io/api/news?id=6f453a0be47ae28dd5bef6c1397a44345fc4b61550c03c19698ae609eb7dcdd2,2025-12-22T03:38:07,0,"Marker Therapeutics, Inc.",United States,NCM,USD,,16673127.0,13676466.0,23925936.0
CWBC,Undervalued Equities That May Offer Value In December 2025,"As the U.S. stock market experiences a resurgence with major indexes posting gains, driven by a rally in tech stocks, investors are increasingly looking for opportunities that may be undervalued. In this environment of renewed risk appetite and shifting sector performances, identifying stocks that offer strong fundamentals at attractive valuations becomes crucial for those seeking potential value in their portfolios.",Finnhub,https://finnhub.io/api/news?id=309e212c2a109e3af66a48e98fdb256b3a9d52339944628891460b3c01f4355b,2025-12-22T03:37:54,0,Community West Bancshares,United States,NCM,USD,,19160403.0,15348966.0,434749568.0
PEBO,3 Dividend Stocks Offering Yields From 4% To 5.1%,"As the U.S. stock market experiences a resurgence with major indexes like the S&P 500 and Nasdaq posting weekly gains, investors are increasingly eyeing dividend stocks as a way to capture steady income amid fluctuating tech sector performances. In this environment, selecting dividend stocks that offer yields between 4% and 5.1% can provide both reliable returns and potential for capital appreciation, making them attractive options in today's dynamic market landscape.",Finnhub,https://finnhub.io/api/news?id=9af65182801c8beaae3e7b2105d6ddf0ccbf117dd61abd84dbbb5da6978efe53,2025-12-22T03:31:47,0,Peoples Bancorp Inc.,United States,NMS,USD,,35702963.0,33796313.0,1090011520.0
DTSQ,DT Cloud Star Acquisition Corporation Announces Cancellation of Extraordinary General Meeting,"New York, New York, Dec. 22, 2025 (GLOBE NEWSWIRE) -- DT Cloud Star Acquisition Corporation (Nasdaq: DTSQU, DTSQ, DTSQR) (the “Company”), a newly organized blank check company incorporated in the Cayman Islands as a business company, today announced that it has cancelled the extraordinary general meeting of its shareholders that was previously adjourned to 10:00 a.m. Eastern Time on December 22, 2025 (the “EGM”), and has withdrawn from consideration by the shareholders the proposals set forth in",Finnhub,https://finnhub.io/api/news?id=45ae2703f75fcc5e30a2b138cd25b17d2b545635553954f84c61b356d963c148,2025-12-22T03:30:00,1,DT Cloud Star Acquisition Corporation,United States,NGM,USD,,3653409.0,5568848.0,96574768.0
EXP,Martin Marietta Is Still Too Richly Valued Going Into 2026E,Martin Marietta (MLM) offers strong management but faces valuation and cycle risks.,Finnhub,https://finnhub.io/api/news?id=18ff5a16734839d55fb26e2c987cc4c7c2d114c4779d33623f558623a63736ec,2025-12-22T03:21:16,0,Eagle Materials Inc.,United States,NYQ,USD,,32063877.0,31665323.0,6973678592.0
CINT,A Look At The Intrinsic Value Of CI&T Inc. (NYSE:CINT),Key Insights The projected fair value for CI&T is US$5.83 based on 2 Stage Free Cash Flow to Equity CI&T's US$4.70...,Finnhub,https://finnhub.io/api/news?id=2b272f0653d8c6a59482fad4e332acba19004af493c5a7aa37420499ab9f4d82,2025-12-22T03:16:32,0,CI&T Inc.,Brazil,NYQ,USD,,18319890.0,18173006.0,563403456.0
MUX,"Goliath Receives $1,730,882 Through Warrant Exercises, Inclusive Of Crescat Capital A Longtime Strategic And Cornerstone Shareholder","TORONTO, Dec. 22, 2025 (GLOBE NEWSWIRE) -- Goliath Resources Limited (TSX-V: GOT) (OTCQB: GOTRF) (FSE: B4IF) (the “Company” or “Goliath”) is pleased to report longtime strategic and cornerstone shareholders, inclusive of Crescat Capital, have exercised the balance of their remaining warrants. The Company has received proceeds totaling $1,730,882 in the past few weeks from warrant exercises. The only warrants that remain outstanding for Goliath are 2,590,673 priced at $2.50 expiring March 10, 202",Finnhub,https://finnhub.io/api/news?id=eed7971e0d01321de024b5dc864873ef4fde0adfcee7bae05596c1a4115236ff,2025-12-22T03:08:00,0,McEwen Inc.,Canada,NYQ,USD,,54480457.0,45898695.0,1095057152.0
AZZ,Is AZZ’s 186.6% Three Year Surge Still Supported by Fundamentals in 2025?,"Wondering if AZZ is still a smart buy after its big run, or if the market has already priced in the upside? Let us unpack what the current share price is really telling you about its underlying value. AZZ has quietly turned into a strong long term performer, with the stock up 30.0% year to date and 33.1% over the last year, on top of a huge 186.6% gain over three years. Even the recent month long move of 4.9%, despite a flat 7 day return of 0.4%, suggests sentiment is still leaning...",Finnhub,https://finnhub.io/api/news?id=51af05f7006660e2f2b245868af8842f336d6e0a5ed655ada57851ace293fdc1,2025-12-22T03:07:49,0,AZZ Inc.,,,,,30057082.0,29460749.0,3320706560.0
RDWR,Radware Announces Major New Customer Win,"Multi-year, multimillion-dollar agreement signed with top-ten SaaS and IT service management leaderMAHWAH, N.J., Dec. 22, 2025 (GLOBE NEWSWIRE) -- Radware® (NASDAQ: RDWR), a global leader in application security and delivery solutions for multi-cloud environments, today announced a significant new multi-year customer win with a leading global SaaS enterprise software company. As part of the agreement, the customer has deployed Radware’s DefensePro® DDoS mitigation solution to protect its critica",Finnhub,https://finnhub.io/api/news?id=ea64abb3335e8c62945cde82d56e7cada3cbb65c450998388b88471870fb43ec,2025-12-22T03:00:00,0,Radware Ltd.,Israel,NMS,USD,,43434362.0,33684230.0,1058495360.0
RL,A tale of two Ralphs — Lauren and the supermarket — shows the reality of a K-shaped economy,"This holiday season, experts are using a K-shaped model to describe an economy in which the gap between the highest and lowest earners is growing.",Finnhub,https://finnhub.io/api/news?id=d8b55ac274eaa7fbd1579d5cce5b6293dae383d78eb4d9430f7c77998ba64ba2,2025-12-22T03:00:00,0,Ralph Lauren Corporation,United States,NYQ,USD,,38759382.0,38077482.0,21716025344.0
EONR,"EON Resources Inc. Reports Management and Directors Buy an Additional 282,000 Shares of EON Class A Common Stock for a Total of 1,561,000 Shares Bought in 2025 and a Total Ownership of Over 5 million Shares","HOUSTON, TEXAS / ACCESS Newswire / December 22, 2025 /EON Resources Inc. (NYSE American:EONR) (""EON"" or the ""Company"") is an independent upstream energy company with 20,000 leasehold acres in the Permian Basin. The fields have a total of 750 producing ...",Finnhub,https://finnhub.io/api/news?id=2ff1c7b7fd861ab7592fb7b0097fb43859b50fa03340c33ace1abc0cfc851995,2025-12-22T03:00:00,0,EON Resources Inc.,United States,ASE,USD,,49968344.0,41933434.0,19337748.0
EXP,Returns Are Gaining Momentum At Eagle Materials (NYSE:EXP),"If we want to find a stock that could multiply over the long term, what are the underlying trends we should look for...",Finnhub,https://finnhub.io/api/news?id=ae4eddef5f1aa457b278db3c0a4c0b04fa29a929ceea9fd63e0c1ac6b8502859,2025-12-22T02:57:23,0,Eagle Materials Inc.,United States,NYQ,USD,,32063877.0,31665323.0,6973678592.0
WSR,My Favorite REITs For 2026,Discover the top 3 REIT property sectors for 2026 with strong growth and low valuations. Click for this updated look at the best REIT picks for the coming year.,Finnhub,https://finnhub.io/api/news?id=31de535fe37c367b9dffb9517df89dfc9a28abf4892bd9c64b041a43c10c6d3f,2025-12-22T02:52:15,0,Whitestone REIT,,,,,51020124.0,44958933.0,708818048.0
PLPC,Why Preformed Line Products Company (NASDAQ:PLPC) Could Be Worth Watching,"Preformed Line Products Company ( NASDAQ:PLPC ), is not the largest company out there, but it saw a double-digit share...",Finnhub,https://finnhub.io/api/news?id=d4262d31a23e4a10713e4be420431ff210ba0217471031de56c63e94ef8a4fd9,2025-12-22T02:50:13,0,Preformed Line Products Company,United States,NMS,USD,,4901871.0,2550296.0,1047811904.0
BHRB,Burke & Herbert to acquire LinkBank for $354M,The deal would create an $11 billion-asset bank and give the Virginia lender entry into Pennsylvania.,Finnhub,https://finnhub.io/api/news?id=149e3b42a484ffd7a59e647afae9e6e578d10397a6851204166776c83b35d314,2025-12-22T02:41:22,0,Burke & Herbert Financial Services Corp.,United States,NCM,USD,,15028524.0,12973373.0,947999360.0
FN,AI Infrastructure Play Fabrinet (FN) Gains Positive Coverage From Susquehanna,"Fabrinet (NYSE:FN) is one of the AI Stocks in the Spotlight for Investors. On December 15, Susquehanna initiated coverage on the stock with a “Positive” rating and set a price target of $550.00. Fabrinet holds a strong position in the optical networking market, with analysts viewing the stock well positioned to benefit from sustained infrastructure and […]",Finnhub,https://finnhub.io/api/news?id=34dae525ba5f030b6a456b18add607fb99eb4e8ee897b7181d844a3a6972e5c7,2025-12-22T02:39:57,0,Fabrinet,Cayman Islands,NYQ,USD,,35827210.0,35753406.0,17136870400.0
RL,What Does Lululemon Need: Discipline or Inspiration?,"Lululemon  is about to become the next case study.  Activist Elliott Investment Management is betting that it takes a leader with managerial chops.  It recently has taken a roughly $1 billion stake in Lululemon and is pushing for  Jane Nielsen,  a former Ralph Lauren chief financial and operating officer, to take the top job at the athletic apparel company.",Finnhub,https://finnhub.io/api/news?id=69ad24dbb77594e0af5a04ff5726b65ab7baa745f3076ae6fd58947cef0ff9b0,2025-12-22T02:30:00,0,Ralph Lauren Corporation,United States,NYQ,USD,,38759382.0,38077482.0,21716025344.0
ANF,What Does Lululemon Need: Discipline or Inspiration?,"Lululemon  is about to become the next case study.  Activist Elliott Investment Management is betting that it takes a leader with managerial chops.  It recently has taken a roughly $1 billion stake in Lululemon and is pushing for  Jane Nielsen,  a former Ralph Lauren chief financial and operating officer, to take the top job at the athletic apparel company.",Finnhub,https://finnhub.io/api/news?id=69ad24dbb77594e0af5a04ff5726b65ab7baa745f3076ae6fd58947cef0ff9b0,2025-12-22T02:30:00,0,Abercrombie & Fitch Co.,United States,NYQ,USD,,45857556.0,44756975.0,5970335744.0
BIO,"CareDX Has Reached An Inflection Point, But Regulatory Risks Remain (Upgrade)","CareDx, Inc. reports its first net profit in a decade with improved cash flow and margins. Click for this updated look at CDNA stock prospects.",Finnhub,https://finnhub.io/api/news?id=cc4956a08debd68e8934d75384b7a2a7a4b70cb205d0d07ae9ac6c13e8be2cae,2025-12-22T02:15:04,0,"Bio-Rad Laboratories, Inc.",,,,,21906399.0,21118868.0,8197113344.0
IMDX,"CareDX Has Reached An Inflection Point, But Regulatory Risks Remain (Upgrade)","CareDx, Inc. reports its first net profit in a decade with improved cash flow and margins. Click for this updated look at CDNA stock prospects.",Finnhub,https://finnhub.io/api/news?id=cc4956a08debd68e8934d75384b7a2a7a4b70cb205d0d07ae9ac6c13e8be2cae,2025-12-22T02:15:04,0,Insight Molecular Diagnostics Inc.,United States,NCM,USD,,28664437.0,7782395.0,182592448.0
LSTR,"When Should You Buy Landstar System, Inc. (NASDAQ:LSTR)?","Landstar System, Inc. ( NASDAQ:LSTR ), is not the largest company out there, but it saw a double-digit share price rise...",Finnhub,https://finnhub.io/api/news?id=58c9f26cde65e77dcb891aee308133f28b738266070eedfd3c2a6b5cf6692713,2025-12-22T02:07:08,0,"Landstar System, Inc.",United States,NMS,USD,,34344702.0,34030791.0,5060109312.0
WASH,Washington Trust Bancorp's (NASDAQ:WASH) Dividend Will Be $0.56,"Washington Trust Bancorp, Inc.'s ( NASDAQ:WASH ) investors are due to receive a payment of $0.56 per share on 14th of...",Finnhub,https://finnhub.io/api/news?id=e7dda199f58a000b6a96c27efa8603f34475cfc723ff6e8f7be83c448ea41fc3,2025-12-22T02:02:10,0,"Washington Trust Bancorp, Inc.",,,,,19034935.0,18686405.0,578870528.0
QMCO,Western Digital (WDC) Soars 3.5%: Is Further Upside Left in the Stock?,Western Digital (WDC) was a big mover last session on higher-than-average trading volume. The latest trend in earnings estimate revisions might not help the stock continue moving higher in the near term.,Finnhub,https://finnhub.io/api/news?id=e76022325bb95de29caa5c7359a71aef147de09d65434f6bba9943f20140f5b0,2025-12-22T01:42:00,0,Quantum Corporation,United States,NGM,USD,,16374599.0,13495850.0,113967208.0
NKLR,Terra Innovatum: A Deep Dive Into Commercialization Targets And Capital Structure,"Get the latest NKLR stock analysis: why regulatory risks, costly micro-reactor economics, and liquidity concerns signal a 38% downside.",Finnhub,https://finnhub.io/api/news?id=4ec5d575638557229a9869a3043398882170286f724d242d31eaf0c882907ce4,2025-12-22T01:40:03,0,Terra Innovatum Global N.V.,Italy,NGM,USD,,70300948.0,22828124.0,312839200.0
PVH,Calvin Klein owner sees higher inventory costs due to tariffs,PVH Corp. reported that inventory costs were up 3% year over year — the bulk of which was attributed to tariffs.,Finnhub,https://finnhub.io/api/news?id=747980c6786e25e7777bac8f2674d1d2439286e4b7ec6b9d52d9f5f21765d8db,2025-12-22T01:32:00,0,PVH Corp.,US,"NEW YORK STOCK EXCHANGE, INC.",USD,1920-03-25,45802696.0,45390472.0,3303423232.0
AGX,How Investors Are Reacting To Argan (AGX) Dividend And AI-Fueled Power Project Backlog,"Earlier this month, Argan, Inc. declared a regular quarterly cash dividend of US$0.50 per share, payable on January 30, 2026, to shareholders of record as of January 22, 2026. More importantly for the long term, Argan’s roughly US$3.00 billion project backlog, supported by AI-driven electricity demand, signals substantial contracted work ahead despite recent revenue softness. We’ll now explore how Argan’s sizeable AI-linked power plant backlog could influence its existing investment...",Finnhub,https://finnhub.io/api/news?id=5a9f1b0e69754d21bccd1a8489245a92943e70680a11565103d7b87261ad9847,2025-12-22T01:08:12,1,"Argan, Inc.",United States,NYQ,USD,,13873410.0,13315421.0,4510800896.0
SBGI,Warner Bros. And Netflix: The 'Prevailing Wisdom' Is Missing A Few Points,"Get the latest analysis of Warner Bros. Discovery, Inc. and Netflix, Inc. amid merger rumors. Click for why WBD and NFLX valuation and risks suggest to Hold.",Finnhub,https://finnhub.io/api/news?id=40b04ccc9fa9c8f6dade41fb4356962264c875635f6d62ecb1d4e46a17840ba4,2025-12-22T01:07:50,1,"Sinclair, Inc.",United States,NMS,USD,,45908531.0,37026374.0,1063371520.0
BALY,Warner Bros. And Netflix: The 'Prevailing Wisdom' Is Missing A Few Points,"Get the latest analysis of Warner Bros. Discovery, Inc. and Netflix, Inc. amid merger rumors. Click for why WBD and NFLX valuation and risks suggest to Hold.",Finnhub,https://finnhub.io/api/news?id=40b04ccc9fa9c8f6dade41fb4356962264c875635f6d62ecb1d4e46a17840ba4,2025-12-22T01:07:50,1,Bally's Corporation,,,,,49162136.0,10505948.0,873119552.0
FCN,UnitedHealth commits to changes after independent review,"On Friday, the healthcare behemoth released results of three highly anticipated external reviews that drilled down on a number of areas for improvement.",Finnhub,https://finnhub.io/api/news?id=0e9b20547d9319cddd9c8a65070c739dc451c42531937afa2f11bf628ac78b28,2025-12-22T00:57:37,0,"FTI Consulting, Inc.",United States,NYQ,USD,,30876070.0,29581685.0,5678535680.0
RL,Ralph Lauren: Brand Relevancy Is A Volatile Feature (Rating Downgrade),Discover why Ralph Laurenâs premium strategy may face challenges ahead. Learn about potential 28% RL stock downside.,Finnhub,https://finnhub.io/api/news?id=0dc21c83395ac3bf9658e4606a76aef05bc3cefd585c8aab4bbcfa74d4307879,2025-12-22T00:32:04,0,Ralph Lauren Corporation,United States,NYQ,USD,,38759382.0,38077482.0,21716025344.0
TARS,2025 Performance Review And Future Strategy,Discover top biotech stock picks for 2025 with strong growth potential and overlooked catalysts.,Finnhub,https://finnhub.io/api/news?id=d440616b85152beb30edb217e51191f6abce428d062c113455793f299f32aaab,2025-12-22T00:30:48,0,"Tarsus Pharmaceuticals, Inc.",United States,NMS,USD,,42449105.0,30245836.0,3471487744.0
RIGL,2025 Performance Review And Future Strategy,Discover top biotech stock picks for 2025 with strong growth potential and overlooked catalysts.,Finnhub,https://finnhub.io/api/news?id=d440616b85152beb30edb217e51191f6abce428d062c113455793f299f32aaab,2025-12-22T00:30:48,0,"Rigel Pharmaceuticals, Inc.",United States,NMS,USD,,18151344.0,17898677.0,798840640.0
KRYS,2025 Performance Review And Future Strategy,Discover top biotech stock picks for 2025 with strong growth potential and overlooked catalysts.,Finnhub,https://finnhub.io/api/news?id=d440616b85152beb30edb217e51191f6abce428d062c113455793f299f32aaab,2025-12-22T00:30:48,0,"Krystal Biotech, Inc.",United States,NMS,USD,,28997519.0,22881362.0,7312304640.0
MDGL,2025 Performance Review And Future Strategy,Discover top biotech stock picks for 2025 with strong growth potential and overlooked catalysts.,Finnhub,https://finnhub.io/api/news?id=d440616b85152beb30edb217e51191f6abce428d062c113455793f299f32aaab,2025-12-22T00:30:48,0,"Madrigal Pharmaceuticals, Inc.",United States,NMS,USD,,22711420.0,12837403.0,13602096128.0
URGN,2025 Performance Review And Future Strategy,Discover top biotech stock picks for 2025 with strong growth potential and overlooked catalysts.,Finnhub,https://finnhub.io/api/news?id=d440616b85152beb30edb217e51191f6abce428d062c113455793f299f32aaab,2025-12-22T00:30:48,0,UroGen Pharma Ltd.,United States,NGM,USD,,46808892.0,37059068.0,1078008832.0
CQP,"Cheniere Energy Partners: Strong Income Play, With Potential For More In The Future","Cheniere Energy Partners (CQP) is rated a buy for its stable, high-yield distributions and robust Sabine Pass LNG operations.",Finnhub,https://finnhub.io/api/news?id=d0badda0a88529f31883c03563158b70e361b2aa218199c42e9deb9e610fdcc3,2025-12-22T00:30:40,0,"Cheniere Energy Partners, L.P.",United States,NYQ,USD,,484052623.0,40418394.0,25872611328.0
CLCO,New Strong Sell Stocks for Dec. 22,"AVTR, BRDCY and CLCO have been added to the Zacks Rank #5 (Strong Sell) List on Dec.22, 2025",Finnhub,https://finnhub.io/api/news?id=68207efaf8618287dcde3b9e59bfc2c416ef84b0941ea44a314322e8380c8dea,2025-12-22T00:15:00,0,Cool Company Ltd.,United Kingdom,NYQ,USD,,52868029.0,15093822.0,519692704.0
DAVE,Evaluating Dave (DAVE)’s Valuation After Its Strong Year-to-Date Share Price Rebound,"Dave (DAVE) has quietly turned into one of the market’s more surprising comeback stories, with the stock up sharply this year even after a choppy past 3 months and mixed long term returns. See our latest analysis for Dave. That recent wobble aside, momentum still looks very much alive here. A double digit 7 day share price return is feeding into a strong year to date gain and an exceptional multi year total shareholder return. If Dave’s run has you thinking about what else could surprise to...",Finnhub,https://finnhub.io/api/news?id=61a4844dc3ba38254a4677c4a2f720ec87e62a6a71c3e144fc96bc4064616547,2025-12-22T00:08:32,0,Dave Inc.,United States,NGM,USD,,12190000.0,9002226.0,3095405568.0
HTO,A Top-Notch Dividend Grower To Buy Now: H2O America,"H2O America trades 25% below fair value, offers a 3.6% yield, steady EPS growth, and a 57-year dividend streak. Click to read my latest analysis of HTO stock.",Finnhub,https://finnhub.io/api/news?id=513b7fc28be99185eafc48d87898e38df138a9eb94e4291745f601f3dd13b7b9,2025-12-22T00:00:00,0,H2O America,United States,NMS,USD,,35805089.0,33080680.0,1748362496.0
ETOR,Assia: Bitcoin is Digital Gold,"Bitcoin set to end the year lower despite a risk-on period for stocks, and demand for havens like gold. But Yoni Assia, Founder & CEO of eToro back bitcoin in his conversation with Bloomberg's Lizzy Burden on Horizons Middle East and Africa.",Finnhub,https://finnhub.io/api/news?id=bbe3aa0b206adadf70f92e7e15ef9f02f4f4dd6f6d2c6723d3d8ab581041f5fc,2025-12-21T23:45:10,0,eToro Group Ltd.,Israel,NMS,USD,,47220866.0,37369739.0,3001625088.0
FIX,I'm Still Bullish - But The S&P 500 Is Risky In 2026,Explore smart diversification and portfolio adjustments to navigate rising risks and valuations in today's stock market.,Finnhub,https://finnhub.io/api/news?id=5d5826b5a1a22b6152c3e364280984a0f8ce02ae37c6fcc3357f113cc23efef9,2025-12-21T23:40:43,0,"Comfort Systems USA, Inc.",United States,NYQ,USD,,35271950.0,34734386.0,34005321728.0
CSL,I'm Still Bullish - But The S&P 500 Is Risky In 2026,Explore smart diversification and portfolio adjustments to navigate rising risks and valuations in today's stock market.,Finnhub,https://finnhub.io/api/news?id=5d5826b5a1a22b6152c3e364280984a0f8ce02ae37c6fcc3357f113cc23efef9,2025-12-21T23:40:43,0,Carlisle Companies Incorporated,United States,NYQ,USD,,41785774.0,41178458.0,14121423872.0
LB,I'm Still Bullish - But The S&P 500 Is Risky In 2026,Explore smart diversification and portfolio adjustments to navigate rising risks and valuations in today's stock market.,Finnhub,https://finnhub.io/api/news?id=5d5826b5a1a22b6152c3e364280984a0f8ce02ae37c6fcc3357f113cc23efef9,2025-12-21T23:40:43,0,LandBridge Company LLC,United States,NYQ,USD,,27838199.0,25195292.0,4135450112.0
MTN,ArcelorMittal expands its portfolio of renewable energy projects,"Three new projects in India will bring the Company’s global renewable energy capacity to 3.3GW 22 December 2025, 08:30 CET ArcelorMittal (‘the Company’) today announces three new renewable energy projects in India totaling 1GW of nominal solar and wind capacity. Upon completion the projects will double ArcelorMittal’s renewable energy capacity in India to 2GW and increase the Company’s total global renewable energy capacity to 3.3GW. The projects are: Project locationCapacityAnnual CO2 savings (",Finnhub,https://finnhub.io/api/news?id=54e734f7fe0580496277ad49d84d83bb140470bcc7635f69b4630be5a893b6c9,2025-12-21T23:30:00,0,"Vail Resorts, Inc.",United States,NYQ,USD,,35775575.0,35262553.0,5042437632.0
EG,"EG Industries Berhad's (KLSE:EG) largest shareholders are private companies with 25% ownership, institutions own 25%",Key Insights EG Industries Berhad's significant private companies ownership suggests that the key decisions are...,Finnhub,https://finnhub.io/api/news?id=2b0b8bf3c1cdb3b56cdbbafcdc16a9f3afc9f8c2ed2e45432da29b9c78c4adca,2025-12-21T23:22:40,0,"Everest Group, Ltd.",,,,,41978058.0,31598983.0,14168853504.0
ICHR,Ichor Holdings Needs A Turn In The Semiconductor Cycle To Be Delayed,"Ichor Holdings faces challenges in 2025, but 2026 could improve if industry trends hold. Learn why ICHR stock is rated a Hold.",Finnhub,https://finnhub.io/api/news?id=f9dede51e1da45f9f89bf1bba09c3508855ae2f1d554f4e49dbeaa63669e9bb0,2025-12-21T23:11:49,0,"Ichor Holdings, Ltd.",United States,NMS,USD,,34384231.0,33734025.0,651581248.0
AGX,Argan (AGX): Evaluating Valuation After $3 Billion Backlog and AI-Driven Power Demand Tailwinds,"Argan (AGX) just paired a $3 billion project backlog with another steady signal: its board reaffirmed a regular quarterly dividend of $0.50 per share, reinforcing the stock’s mix of growth visibility and cash returns. See our latest analysis for Argan. The stock’s recent run backs that story up, with a 90 day share price return of 21.33 percent and a powerful one year total shareholder return of 135.71 percent, suggesting momentum is still building. If Argan’s blend of backlog strength and...",Finnhub,https://finnhub.io/api/news?id=42e4b3ab1b069d3e914ffa5cad5f393941608544e66e11e329291f073149afd5,2025-12-21T23:06:05,0,"Argan, Inc.",United States,NYQ,USD,,13873410.0,13315421.0,4510800896.0
ULTA,Supplements in your stocking: Why wellness gifts are gaining steam for the holidays and beyond,Retailers are blurring the lines between beauty and wellness as customers look for holiday gifts and focus on self-care.,Finnhub,https://finnhub.io/api/news?id=6da0301b5aed161c506e24d54f501308d8dc03b6082cce0fa41653b0bf8eb519,2025-12-21T23:00:01,0,"Ulta Beauty, Inc.",US,NASDAQ NMS - GLOBAL MARKET,USD,2007-10-25,44362172.0,44189603.0,27240204288.0
DKL,Delek Logistics Partners: Strategic Business Model And Growth Prospects Warrant Some Upside,"Delek Logistics Partners LP remains resilient amid oil price volatility, supported by third-party client growth and enhanced operational efficiency. Learn more about DKL stock here.",Finnhub,https://finnhub.io/api/news?id=3545037f43202ee3b5c9a0335a09abf9aeed1cd72db57c7525966284f1ae1c2c,2025-12-21T21:42:31,0,"Delek Logistics Partners, LP",United States,NYQ,USD,,53480401.0,18834193.0,2398595840.0
NRDS,NerdWallet: Prudent And Resilient Business Model Supported By Robust Fundamentals,"NerdWallet shows strong growth in Q3 2025, diversifying revenue and adapting to AI challenges. See why NRDS stock may be a smart buy opportunity.",Finnhub,https://finnhub.io/api/news?id=95e6e0980726fa3d4e6bdbca69d1be5553674eaa4720a8913f17bf792bca2846,2025-12-21T21:41:23,0,"NerdWallet, Inc.",US,NASDAQ NMS - GLOBAL MARKET,USD,2021-11-04,41027578.0,30349775.0,1059441408.0
GLPG,Galapagos: Pivoting From Clinical Risk To Strategic Capital Allocation,"Galapagos offers deep value with â¬3B cash, a focused M&A strategy, and new leadership. Click here to read an analysis of GLPG stock now.",Finnhub,https://finnhub.io/api/news?id=a8d2541e0145ed9de7b1f99ea6f3c277f469f23e9aa78ecbaef401952f7e8c6b,2025-12-21T21:39:33,0,Galapagos NV,,,,,65897071.0,44533539.0,2176580096.0
GCHHF,Undervalued European Small Caps With Insider Buying To Watch In December 2025,"As the European markets close out the year on a high note, with the STOXX Europe 600 Index climbing 1.60% amid signs of steady economic growth and favorable monetary policies, investors are increasingly turning their attention to small-cap stocks that may offer unique opportunities in this dynamic environment. With major indices like Italy’s FTSE MIB and the UK’s FTSE 100 showing robust gains, identifying small-cap stocks with strong fundamentals and potential insider confidence could be key...",Finnhub,https://finnhub.io/api/news?id=9edeffb5fd8733d70982e9ce33e1c2d02b8a47557dd6a3c341944e5d720cf391,2025-12-21T21:39:26,0,Gooch & Housego PLC,,,,,27199510.0,20933928.0,208076256.0
WOLF,Wolfspeed: Full Production Ramp Ripe For Automotive Scaling,"Wolfspeed is set to benefit from the EV surge, strong Toyota ties, and growing production. Click here to read an analysis of WOLF stock now.",Finnhub,https://finnhub.io/api/news?id=671bd6e041a07568239b0e325929f244ae843689aa6dda3f95218bf037f80d6b,2025-12-21T21:22:15,0,"Wolfspeed, Inc.",US,"NEW YORK STOCK EXCHANGE, INC.",USD,1993-02-09,25892446.0,7490167.0,464769440.0
TCBI,3 Bank Stocks We Keep Off Our Radar,"Banks play a critical role in the financial system, providing everything from commercial loans to wealth management and payment processing services. Furthermore, economic conditions have supported loan growth and fee income, a trend that has enabled the banking industry to return 13.9% over the past six months, almost identical to the S&P 500.",Finnhub,https://finnhub.io/api/news?id=dd052efb3f1d191741b735186e464ad78837b96845d600477df3017412a7482c,2025-12-21T20:39:51,0,"Texas Capital Bancshares, Inc.",United States,NMS,USD,,45643585.0,44827478.0,4291833088.0
PRLB,3 Cash-Producing Stocks We Approach with Caution,"While strong cash flow is a key indicator of stability, it doesn’t always translate to superior returns. Some cash-heavy businesses struggle with inefficient spending, slowing demand, or weak competitive positioning.",Finnhub,https://finnhub.io/api/news?id=c7def10abd10981e8821902f23a36c65f9e437c1769f8c4d3e7e2a6c6704cb6c,2025-12-21T20:39:26,0,"Proto Labs, Inc.",United States,NYQ,USD,,23678745.0,23427277.0,1258199808.0
MBUU,3 Hyped Up  Stocks We Approach with Caution,"Great things are happening to the stocks in this article. They’re all outperforming the market over the last month because of positive catalysts such as a new product line, constructive news flow, or even a loyal Reddit fanbase.",Finnhub,https://finnhub.io/api/news?id=9750b13db98c03ee24334bb8d59cc22970fe0fdb46e0499824d5b7cf51fc810a,2025-12-21T20:38:46,0,"Malibu Boats, Inc.",United States,NGM,USD,,19226584.0,17982047.0,564071168.0
EG,3 Unpopular Stocks with Open Questions,"When Wall Street turns bearish on a stock, it’s worth paying attention. These calls stand out because analysts rarely issue grim ratings on companies for fear their firms will lose out in other business lines such as M&A advisory.",Finnhub,https://finnhub.io/api/news?id=43c4dbc5dc5ae90eccfc1cf25fd8b69377a561da87a05b2f1397f098d5c314dc,2025-12-21T20:38:34,0,"Everest Group, Ltd.",,,,,41978058.0,31598983.0,14168853504.0
COLM,3 Unpopular Stocks with Open Questions,"When Wall Street turns bearish on a stock, it’s worth paying attention. These calls stand out because analysts rarely issue grim ratings on companies for fear their firms will lose out in other business lines such as M&A advisory.",Finnhub,https://finnhub.io/api/news?id=43c4dbc5dc5ae90eccfc1cf25fd8b69377a561da87a05b2f1397f098d5c314dc,2025-12-21T20:38:34,0,Columbia Sportswear Company,United States,NMS,USD,,53888892.0,27654702.0,3044120576.0
CR,1 Cash-Producing Stock Worth Your Attention and 2 We Brush Off,"While strong cash flow is a key indicator of stability, it doesn’t always translate to superior returns. Some cash-heavy businesses struggle with inefficient spending, slowing demand, or weak competitive positioning.",Finnhub,https://finnhub.io/api/news?id=0749883979becd179453d3c5cdb91dcd7ad524d4652c96991c7e591f3db69b9c,2025-12-21T20:37:51,0,Crane Company,United States,NYQ,USD,,57596887.0,48830641.0,10816695296.0
CVLT,1 of Wall Street’s Favorite Stock to Keep an Eye On and 2 Facing Challenges,"Wall Street is overwhelmingly bullish on the stocks in this article, with price targets suggesting significant upside potential. However, it’s worth remembering that analysts rarely issue sell ratings, partly because their firms often seek other business from the same companies they cover.",Finnhub,https://finnhub.io/api/news?id=5faf45c72b1e41d8b108a97ec8b36fce20bbd926620761f3792b007cf826b036,2025-12-21T20:36:23,0,"Commvault Systems, Inc.",United States,NMS,USD,,44094362.0,43768946.0,5708620288.0
OPAD,1 Cash-Producing Stock Worth Investigating and 2 Facing Headwinds,"Generating cash is essential for any business, but not all cash-rich companies are great investments. Some produce plenty of cash but fail to allocate it effectively, leading to missed opportunities.",Finnhub,https://finnhub.io/api/news?id=2e194b97be2d2afbefba787d036568bb89fb1242cea6fb7811166af613ea1eea,2025-12-21T20:36:01,0,Offerpad Solutions Inc.,United States,NYQ,USD,,36859946.0,31747103.0,47180728.0
KRUS,1 Small-Cap Stock on Our Buy List and 2 That Underwhelm,"Many small-cap stocks have limited Wall Street coverage, giving savvy investors the chance to act before everyone else catches on. But the flip side is that these businesses have increased downside risk because they lack the scale and staying power of their larger competitors.",Finnhub,https://finnhub.io/api/news?id=39e55d86539f342459dd0e278749fb24dbe1d7d5d68499853d2f8b7561810d65,2025-12-21T20:35:57,0,"Kura Sushi USA, Inc.",United States,NGM,USD,,11111427.0,5878790.0,683571776.0
PPC,3 Cash-Producing Stocks That Fall Short,"A company that generates cash isn’t automatically a winner. Some businesses stockpile cash but fail to reinvest wisely, limiting their ability to expand.",Finnhub,https://finnhub.io/api/news?id=c0d7fb49fd4ea1df0834184d6b5fe509b944a21616b94c757df4f1c45bdfa76c,2025-12-21T20:35:45,0,Pilgrim's Pride Corporation,United States,NMS,USD,,237547447.0,41898619.0,9459139584.0
ITRI,2 Oversold Stocks Primed to Rebound and 1 We Brush Off,"Rock-bottom prices don't always mean rock-bottom businesses. The stocks we're examining today have all touched their 52-week lows, creating a classic investor's dilemma: bargain opportunity or value trap?",Finnhub,https://finnhub.io/api/news?id=a634624d7a3ddf101de5d8c1a42a712784f62c1685c25e915335b7eb3995294a,2025-12-21T20:34:57,0,"Itron, Inc.",United States,NMS,USD,,44858794.0,45176182.0,4418000384.0
WLYB,2 Oversold Stocks Primed to Rebound and 1 We Brush Off,"Rock-bottom prices don't always mean rock-bottom businesses. The stocks we're examining today have all touched their 52-week lows, creating a classic investor's dilemma: bargain opportunity or value trap?",Finnhub,https://finnhub.io/api/news?id=a634624d7a3ddf101de5d8c1a42a712784f62c1685c25e915335b7eb3995294a,2025-12-21T20:34:57,0,"John Wiley & Sons, Inc.",United States,NYQ,USD,,8766037.0,39549666.0,1735478144.0
IBP,3 Market-Beating Stocks with Solid Fundamentals,"Companies that consistently increase their sales, margins, or returns on capital are usually rewarded with the best returns, and those that can do all three for years on end are almost always the legendary stocks that return 100 times your money.",Finnhub,https://finnhub.io/api/news?id=7b1e93c005ffe99e08a92944c3c9252c5a4a0d7a176aaefdf185efdbb05dffb3,2025-12-21T20:34:43,0,"Installed Building Products, Inc.",United States,NYQ,USD,,26975357.0,22831821.0,7207815680.0
AZO,3 Profitable Stocks on Our Watchlist,"Companies with solid operating margins have a competitive edge, allowing them to reinvest for sustainable expansion. The best of these businesses balance profitability with reinvestment, setting themselves up for long-term success.",Finnhub,https://finnhub.io/api/news?id=67feb50db8a2edd7680b7ab6bbdc5985b553fe8263489f0cd15259cd6d118854,2025-12-21T20:33:38,0,"AutoZone, Inc.",United States,NYQ,USD,,16567821.0,16518780.0,57361068032.0
MIDD,1 Unpopular Stock That Deserves Some Love and 2 Facing Headwinds,Wall Street has issued downbeat forecasts for the stocks in this article. These predictions are rare - financial institutions typically hesitate to say bad things about a company because it can jeopardize their other revenue-generating business lines like M&A advisory.,Finnhub,https://finnhub.io/api/news?id=92dd7ba0baaa065ba74765dd04f54f7542029f751e244b6f58a0c1d1d81b1610,2025-12-21T20:33:31,0,The Middleby Corporation,United States,NMS,USD,,50371250.0,38855879.0,7658615296.0
LIND,3 Russell 2000 Stocks That Fall Short,"Small-cap stocks in the Russell 2000 (^RUT) can be a goldmine for investors looking beyond the usual large-cap names. But with less stability and fewer resources than their bigger counterparts, these companies face steeper challenges in scaling their businesses.",Finnhub,https://finnhub.io/api/news?id=65b5498ec4fe4e50c541c5fad25c1a67b70ac1d21f367422aeb9aee1a621f322,2025-12-21T20:32:48,0,"Lindblad Expeditions Holdings, Inc.",United States,NCM,USD,,55400743.0,38260910.0,799986752.0
AGYS,3 Russell 2000 Stocks That Fall Short,"Small-cap stocks in the Russell 2000 (^RUT) can be a goldmine for investors looking beyond the usual large-cap names. But with less stability and fewer resources than their bigger counterparts, these companies face steeper challenges in scaling their businesses.",Finnhub,https://finnhub.io/api/news?id=65b5498ec4fe4e50c541c5fad25c1a67b70ac1d21f367422aeb9aee1a621f322,2025-12-21T20:32:48,0,"Agilysys, Inc.",United States,NMS,USD,,28042508.0,26405553.0,3406638848.0
DCOM,3 Low-Volatility Stocks with Questionable Fundamentals,"Low-volatility stocks may offer stability, but that often comes at the cost of slower growth and the upside potential of more dynamic companies.",Finnhub,https://finnhub.io/api/news?id=dda4b8c38b2d3f48a0b0f1efff367c6b0cc74e5d7ce52c7f1f6911378f50ccb3,2025-12-21T20:32:18,0,"Dime Community Bancshares, Inc.",United States,NMS,USD,,43894345.0,41952459.0,1369942400.0
MED,1 Consumer Stock to Target This Week and 2 We Question,"Consumer staples stocks are solid insurance policies in frothy markets ripe for corrections. But they’re also double-edged swords as they often lag in booming conditions, and this pattern has persisted recently. Over the past six months, the industry has recorded a loss of 5.8%, a far cry from the S&P 500’s 12.7% ascent.",Finnhub,https://finnhub.io/api/news?id=d03c38d46614b471bf0da324ab517e99f66101f15e7291cdfe9c0fe010ba3803,2025-12-21T20:31:30,0,"Medifast, Inc.",United States,NYQ,USD,,10991273.0,9167019.0,121343656.0
AZZ,2 Russell 2000 Stocks to Target This Week and 1 We Ignore,"Small-cap stocks in the Russell 2000 (^RUT) can be a goldmine for investors looking beyond the usual large-cap names. But with less stability and fewer resources than their bigger counterparts, these companies face steeper challenges in scaling their businesses.",Finnhub,https://finnhub.io/api/news?id=656becf97e146a56add3b843299b9ecb137f0f38d634128dbc4cae0c888a4d9b,2025-12-21T20:31:01,0,AZZ Inc.,,,,,30057082.0,29460749.0,3320706560.0
CAR,"Avis Budget Group (CAR): Buy, Sell, or Hold Post Q3 Earnings?","Over the last six months, Avis Budget Group’s shares have sunk to $130.42, producing a disappointing 11.3% loss - a stark contrast to the S&P 500’s 12.7% gain. This might have investors contemplating their next move.",Finnhub,https://finnhub.io/api/news?id=0cf0cd3508663b7c9c497127871db318f4823e3e95e1f4326e125c61c09489f6,2025-12-21T20:01:45,0,"Avis Budget Group, Inc.",US,NASDAQ NMS - GLOBAL MARKET,USD,1983-09-15,35196992.0,13948920.0,4643538944.0
LINC,Education Services Stocks Q3 Earnings: Lincoln Educational (NASDAQ:LINC) Firing on All Cylinders,"As the craze of earnings season draws to a close, here’s a look back at some of the most exciting (and some less so) results from Q3. Today, we are looking at education services stocks, starting with Lincoln Educational (NASDAQ:LINC).",Finnhub,https://finnhub.io/api/news?id=911555ffbd26424a01471089ab3fecb6d8b528b33927518e2550a473dffe8c01,2025-12-21T19:37:33,0,Lincoln Educational Services Corporation,United States,NMS,USD,,31623795.0,27127840.0,785218880.0
SAIC,Q3 Earnings Highlights: SAIC (NASDAQ:SAIC) Vs The Rest Of The Government & Technical Consulting Stocks,"Quarterly earnings results are a good time to check in on a company’s progress, especially compared to its peers in the same sector. Today we are looking at SAIC (NASDAQ:SAIC) and the best and worst performers in the government & technical consulting industry.",Finnhub,https://finnhub.io/api/news?id=db5eaa15ca3ac54a64dccd6f206f2d1bcbf6fced7ee23bae8f804d290b7e9f80,2025-12-21T19:36:55,0,Science Applications International Corporation,United States,NMS,USD,,45127414.0,44714498.0,4726919680.0
MCY,Property & Casualty Insurance Stocks Q3 Recap: Benchmarking Mercury General (NYSE:MCY),"As the Q3 earnings season comes to a close, it’s time to take stock of this quarter’s best and worst performers in the property & casualty insurance industry, including Mercury General (NYSE:MCY) and its peers.",Finnhub,https://finnhub.io/api/news?id=ba35c33760592b04b02d2fafb058877e88279302443fe8e4b80d4b1652297b13,2025-12-21T19:35:52,0,Mercury General Corporation,United States,NYQ,USD,,55388627.0,26555523.0,5203761664.0
GATX,Reflecting On Industrial Distributors Stocks’ Q3 Earnings: GATX (NYSE:GATX),"As the craze of earnings season draws to a close, here’s a look back at some of the most exciting (and some less so) results from Q3. Today, we are looking at industrial distributors stocks, starting with GATX (NYSE:GATX).",Finnhub,https://finnhub.io/api/news?id=66228d63122aa896aa0bb947f054bfc0fe4a34f76cb9e681b25996a36e086607,2025-12-21T19:35:17,0,GATX Corporation,United States,NYQ,USD,,35678804.0,35475792.0,6179926016.0
AMG,Q3 Earnings Roundup: Affiliated Managers Group (NYSE:AMG) And The Rest Of The Custody Bank Segment,"Looking back on custody bank stocks’ Q3 earnings, we examine this quarter’s best and worst performers, including Affiliated Managers Group (NYSE:AMG) and its peers.",Finnhub,https://finnhub.io/api/news?id=8be56a18c238318779c4c1780102d4f04e41477fd87e134c4d09160180f7813f,2025-12-21T19:33:46,0,"Affiliated Managers Group, Inc.",United States,NYQ,USD,,28128908.0,27006565.0,8411959808.0
BY,Q3 Rundown: Byline Bancorp (NYSE:BY) Vs Other Regional Banks Stocks,"Quarterly earnings results are a good time to check in on a company’s progress, especially compared to its peers in the same sector. Today we are looking at Byline Bancorp (NYSE:BY) and the best and worst performers in the regional banks industry.",Finnhub,https://finnhub.io/api/news?id=2b0302e4f3f37d5184aeb22f65515a900acf4a4f20d79a7a7a456daacaf649e7,2025-12-21T19:33:02,0,"Byline Bancorp, Inc.",United States,NYQ,USD,,45819227.0,32860633.0,1362646912.0
AGX,What Has AGX Stock Done for Investors?,This under-the-radar AI stock has crushed the S&P 500.,Finnhub,https://finnhub.io/api/news?id=84ac9f1a12bf2ae2b33380675a3fcbf8e16bd604eef9bb90af20c77916787024,2025-12-21T19:22:00,0,"Argan, Inc.",United States,NYQ,USD,,13873410.0,13315421.0,4510800896.0
RBOT,Vicarious Surgical (RBOT) Price Target Decreased by 44.44% to 5.10,,Finnhub,https://finnhub.io/api/news?id=160e9dce9efdc75e2bc98a2158948d2939fa98124a473e7608e812a03ee6f270,2025-12-21T15:21:43,0,Vicarious Surgical Inc.,US,"NEW YORK STOCK EXCHANGE, INC.",USD,2020-09-04,6463251.0,3247807.0,13878620.0
BHE,Benchmark Electronics: Still Bearish On Semi-Cap Weakness And Muted Profitability,"Benchmark Electronics' Q3 GAAP earnings fell despite higher sales, with a trailing net margin of 1.43%, well below its 5-year average. Read why BHE stock is a Sell.",Finnhub,https://finnhub.io/api/news?id=0e2e2ab1336b27e9907105d27f662272e6987d00e8c56dcd131bb925e01302cc,2025-12-21T15:04:53,0,"Benchmark Electronics, Inc.",US,"NEW YORK STOCK EXCHANGE, INC.",USD,1990-06-27,35678935.0,34879727.0,1607722240.0
PEO,"Undercovered Dozen: Canadian Natural Resources, Duke Energy, PennyMac Mortgage, And More",Discover 12 overlooked stocks & funds with unique growth catalysts.,Finnhub,https://finnhub.io/api/news?id=03b83f80150d647caeab92e44d72216d1bb93d47a8357b34288b69f4fc76df9a,2025-12-21T14:26:14,0,"Adams Natural Resources Fund, Inc.",United States,NYQ,USD,,26888697.0,24076139.0,583215808.0
AAMI,Tracking John Paulson's Paulson & Company Portfolio - Q3 2025 Update,"Discover key shifts in John Paulsonâs Q3 2025 portfolio, top holdings like MDGL & BHC, and strategic trades.",Finnhub,https://finnhub.io/api/news?id=85176ac86cc3a9b8d073b9c4bfa46bac1c8a6af06526b758ac9e65fba13605e7,2025-12-21T14:03:28,0,Acadian Asset Management Inc.,United States,NYQ,USD,,35709120.0,27250344.0,1732580352.0
MDGL,Tracking John Paulson's Paulson & Company Portfolio - Q3 2025 Update,"Discover key shifts in John Paulsonâs Q3 2025 portfolio, top holdings like MDGL & BHC, and strategic trades.",Finnhub,https://finnhub.io/api/news?id=85176ac86cc3a9b8d073b9c4bfa46bac1c8a6af06526b758ac9e65fba13605e7,2025-12-21T14:03:28,0,"Madrigal Pharmaceuticals, Inc.",United States,NMS,USD,,22711420.0,12837403.0,13602096128.0
FENC,Fennec Pharmaceuticals: A Compelling Single-Asset Growth Story For 2026,Discover why FENC's Pedmark offers groundbreaking protection against chemo-induced hearing loss in children.,Finnhub,https://finnhub.io/api/news?id=ccff6873536aadd4dff693761a26d92fc6288abd5e78b0314cdc0163e970ccc9,2025-12-21T14:01:17,0,Fennec Pharmaceuticals Inc.,United States,NCM,USD,,34153496.0,20324531.0,276301792.0
DXPE,"DXP Enterprises: Cash Is Strong, Growth Lagging, Wait For Signals","DXP Enterprises' recent growth is driven by acquisitions, while organic growth and margins remain flat and uninspiring. Read why DXPE stock is a Hold.",Finnhub,https://finnhub.io/api/news?id=a725378f5368a60b5d19c7672c272e5216f893faf64520a40bbae3ffc1c3ed65,2025-12-21T13:36:30,1,"DXP Enterprises, Inc.",United States,NMS,USD,,15679290.0,12837262.0,1817218048.0
NXRT,How Well Did Our 2025 Top 10 Picks Do,"Discover the Dividend Freedom Tribeâs 2025 top 10 stock picks, beating the S&P 500 with smart value investing and global diversification.",Finnhub,https://finnhub.io/api/news?id=abc45371c1eb5acbe6a55c4f806bbc6b4b5e16f1d8200e2424ecbb056b145b8c,2025-12-21T13:08:24,0,"NexPoint Residential Trust, Inc.",United States,NYQ,USD,,25364470.0,22027013.0,1488564352.0
CDRE,"Cadre Holdings, Inc. (CDRE) is a Strong Buy amid $50M DoD Contract","Cadre Holdings, Inc. (NYSE:CDRE) is one of the best aerospace and defense stocks to buy according to Wall Street analysts. Cadre Holdings, Inc. (NYSE:CDRE) commands a Strong Buy consensus rating on Wall Street. The average price target on the stock is $51, implying 21% upside potential from current levels. On November 19, the company’s subsidiary […]",Finnhub,https://finnhub.io/api/news?id=4e45fd8f87a293ccb08ecbf7845d8de68a02f70a61ccbb1db6e62468ff1ec34a,2025-12-21T11:39:31,1,"Cadre Holdings, Inc.",US,"NEW YORK STOCK EXCHANGE, INC.",USD,2021-11-04,40681668.0,26267339.0,1706189056.0
OPAD,Offerpad Solutions (OPAD) Price Target Increased by 60.25% to 2.26,,Finnhub,https://finnhub.io/api/news?id=eb1c40ceeb4731ad47b5b405d4fa8b305b5959ff702cf7f022d1e9f0457cdd1d,2025-12-21T10:43:51,0,Offerpad Solutions Inc.,United States,NYQ,USD,,36859946.0,31747103.0,47180728.0
IMAX,IMAX (IMAX) Price Target Increased by 10.04% to 43.78,,Finnhub,https://finnhub.io/api/news?id=343ceea9fc4a3e9c5241234e7452a66883ae3bc3f52ed5108f84014d4bc71296,2025-12-21T09:46:42,0,IMAX Corporation,Canada,NYQ,USD,,53798934.0,43366783.0,2026605824.0
INVX,Innovex International (INVX) Price Target Increased by 10.29% to 25.50,,Finnhub,https://finnhub.io/api/news?id=54285f1d7d9c933f3af3889f8f8fe2ff80b58265b5f5c57c9ca04038e8433ccb,2025-12-21T09:08:29,0,"Innovex International, Inc.",United States,NYQ,USD,,68927791.0,38048141.0,1519857792.0
INSP,Inspire Medical Systems (INSP) Price Target Increased by 12.65% to 144.32,,Finnhub,https://finnhub.io/api/news?id=57bd12ee37cf86fda04b5c63a2aeb52c3474bfb4d0fe088e8f8e8b6b945cd3ad,2025-12-21T07:59:45,0,"Inspire Medical Systems, Inc.",United States,NYQ,USD,,29056434.0,25368301.0,2823460096.0
LOAR,Loar Holdings Inc. (LOAR) Poised to Capitalize on Mega-Trends in Defense and Aerospace Sector,"Loar Holdings Inc. (NYSE:LOAR) is one of the best aerospace and defense stocks to buy according to Wall Street analysts. On December 12, Citi analyst John Godyn initiated coverage of Loar Holdings Inc. (NYSE:LOAR) with a Buy rating and an $83 price target. According to the research firm, Loar Holdings is one of the companies […]",Finnhub,https://finnhub.io/api/news?id=598e7c46f1427565f5884625e2697f783383eb64fe6b436218de525ac47e6220,2025-12-21T07:56:43,0,Loar Holdings Inc.,US,"NEW YORK STOCK EXCHANGE, INC.",USD,2024-04-25,93622471.0,36753373.0,6468376064.0
AVAV,"Goldman Asserts Buy Rating on AeroVironment, Inc. (AVAV) Impressed by Underlying Growth","AeroVironment, Inc. (NASDAQ:AVAV) is one of the best aerospace and defense stocks to buy according to Wall Street analysts. On December 11, analysts at Goldman Sachs reiterated a Buy rating on ​AeroVironment, Inc. (NASDAQ:AVAV) and set a $429 price target. The investment bank remains confident about the company’s outlook following an impressive second quarter of […]",Finnhub,https://finnhub.io/api/news?id=34ed920b85c9b78bdde7c0ba42f79200031e9c177cd75cacdf9b8c25c201eeec,2025-12-21T07:56:37,0,"AeroVironment, Inc.",United States,NMS,USD,,49925878.0,37235083.0,12732712960.0
DPZ,Jim Cramer Says “Domino’s Can Win in This Current Moment Because It Offers Great Value”,"Domino’s Pizza, Inc. (NASDAQ:DPZ) is one of the one of the stocks Jim Cramer was bullish on due to share buyback activity. Cramer highlighted that the company’s performance over the years, as he remarked: “Fifth buyback monster, it’s another household name. It’s Domino’s Pizza… [It] has shrunk its share count by 38.2% since the end […]",Finnhub,https://finnhub.io/api/news?id=e63d75e2e78842cd27978a1c36feba3b8dfcc185fea45e0d12107961249442e7,2025-12-21T07:14:10,0,"Domino's Pizza, Inc.",United States,NMS,USD,,33786218.0,32829970.0,14447302656.0
CAL,Caleres (CAL) Price Target Decreased by 10.53% to 17.34,,Finnhub,https://finnhub.io/api/news?id=b04613892c1c8914e0bdb8de26f757a9279de833a32b3e81c91f0386507312e6,2025-12-21T06:58:08,0,"Caleres, Inc.",United States,NYQ,USD,,33895562.0,32441781.0,450133024.0
FICO,Upstart Holdings (UPST): Firm Announces New Castlelake Deal,"Upstart Holdings, Inc. (NASDAQ:UPST) is one of the Stocks That Could Mint Millionaires in 2026. The fintech firm, founded in 2012, has originated about $48 billion in loans, a small share of the overall lending market. It partners with over 100 banks and credit unions and offers personal loans, auto refinancing, and home equity lines […]",Finnhub,https://finnhub.io/api/news?id=23eeebec78a187fd1be984f4df8db4d1d36ffc931aaf63b85b51ab2d78c07532,2025-12-21T05:59:07,0,Fair Isaac Corporation,United States,NYQ,USD,,23709047.0,22998961.0,42082967552.0
CCLD,"Are CareCloud, Inc.'s (NASDAQ:CCLD) Fundamentals Good Enough to Warrant Buying Given The Stock's Recent Weakness?","CareCloud (NASDAQ:CCLD) has had a rough three months with its share price down 11%. But if you pay close attention, you...",Finnhub,https://finnhub.io/api/news?id=fc4f61c703a1d8899a098de91ac20effc8163ed648c615e6280c359004f470c6,2025-12-21T05:17:42,0,"CareCloud, Inc.",,,,,42397039.0,36036635.0,128887000.0
ONTO,Has Onto Innovation’s Recent 23% Surge Already Priced In Future Growth?,"If you are wondering whether Onto Innovation is still a smart buy at today’s price, or if the real upside has already been captured, you are in the right place. The stock has gone nowhere over the last week, but it is up 22.9% over the past month. It remains down 8.8% year to date and 6.5% over the last year, while still sitting on a hefty 130.4% three year and 225.6% five year gain. That kind of rebound after a choppy year has come alongside renewed interest in semiconductor capital...",Finnhub,https://finnhub.io/api/news?id=b06d8b572ed08a612d6d758f0aa519be6cc3a96785237002f25931c9cc300005,2025-12-21T05:08:38,0,Onto Innovation Inc.,United States,NYQ,USD,,49652933.0,48618092.0,7971779072.0
MTN,How The Latest Analyst Reset Is Shaping MTN Group’s Long Term Story,"MTN Group’s latest valuation update leaves its fair value estimate and discount rate effectively unchanged, signaling that analysts see no need to rewrite the long term story despite recent market noise. The minimal tweaks to growth assumptions are best read as a technical rebasing rather than a fundamental reset, suggesting the market may already be pricing in a slower, more complex recovery path. Read on to see how these seemingly small adjustments can shape the evolving narrative around...",Finnhub,https://finnhub.io/api/news?id=dffc1c52bdfd1d26b0fab2cdf94c1ea60e51c004723a22ee72a8e9e98eecd5d4,2025-12-21T05:07:57,0,"Vail Resorts, Inc.",United States,NYQ,USD,,35775575.0,35262553.0,5042437632.0
GCTS,GCT Semiconductor Holding (GCTS) Price Target Decreased by 12.50% to 3.57,,Finnhub,https://finnhub.io/api/news?id=314f7c319211a0847e08dad04ff0e1e729c48b979e15132eb13ddd3c5b5389bd,2025-12-21T05:04:08,0,"GCT Semiconductor Holding, Inc.",United States,NYQ,USD,,57099558.0,40572091.0,69661464.0
PVLA,High Analyst Confidence on Palvella Therapeutics (PVLA) Following Encouraging Phase 2 Data for QTORIN Rapamycin,"With strong 1-year returns and upside potential, Palvella Therapeutics, Inc. (NASDAQ:PVLA) secures a spot on our list of the 12 best multibagger stocks to buy heading into 2026. On December 16, 2025, analyst confidence in Palvella Therapeutics, Inc. (NASDAQ:PVLA) was seen rising, as the company announced encouraging Phase 2 data for QTORIN rapamycin in cutaneous […]",Finnhub,https://finnhub.io/api/news?id=8060c619a9196f4ee54086e2d9c3defaf84c28cff7bbee2945c9f6e7990bdb8a,2025-12-21T04:31:20,1,"Palvella Therapeutics, Inc.",US,NASDAQ NMS - GLOBAL MARKET,USD,2014-12-18,11836490.0,6585941.0,1223538048.0
CACI,CACI International Inc's (NYSE:CACI) Stock On An Uptrend: Could Fundamentals Be Driving The Momentum?,CACI International's (NYSE:CACI) stock is up by a considerable 11% over the past three months. As most would know...,Finnhub,https://finnhub.io/api/news?id=911810fe9bd14a60b9b85fb95d6a4c366c7dadd4bec64abd4afbe93ce853f66b,2025-12-21T04:04:34,0,CACI International Inc,United States,NYQ,USD,,22079710.0,21789362.0,11966539776.0
WS,Worthington Steel (WS) Price Target Increased by 13.89% to 41.82,,Finnhub,https://finnhub.io/api/news?id=2ac02c0238356cab53a905d7c77d1f0898d4e9b5e45e5d671ee92c901e0de976,2025-12-21T03:48:42,0,"Worthington Steel, Inc.",United States,NYQ,USD,,49857111.0,44078672.0,1796850304.0
PACS,PACS Group (PACS) Price Target Increased by 17.62% to 36.89,,Finnhub,https://finnhub.io/api/news?id=7b8c1fd7f7b94a76cc668cd04575a07cdafcca957c15e12803bbb2c441f907e3,2025-12-21T03:19:04,0,"PACS Group, Inc.",United States,NYQ,USD,,156615144.0,45490435.0,5968603136.0
MPWR,Monolithic Power Systems (NASDAQ:MPWR) Has More To Do To Multiply In Value Going Forward,"Finding a business that has the potential to grow substantially is not easy, but it is possible if we look at a few key...",Finnhub,https://finnhub.io/api/news?id=ddeb1900708f2b9c1e7284b1319b596974233f4daf4d8706eac7b02b425fbc3e,2025-12-21T03:00:08,0,"Monolithic Power Systems, Inc.",United States,NMS,USD,,47907000.0,46041501.0,45335351296.0
ENVA,Enova International (ENVA) Price Target Increased by 27.64% to 183.09,,Finnhub,https://finnhub.io/api/news?id=41ba85c11e6569d24d9dd6f78df49aacfa977ca5eefd599006043b93eafc5f69,2025-12-21T02:14:07,0,"Enova International, Inc.",United States,NYQ,USD,,24777389.0,23627224.0,4084304896.0
BHRB,Deteriorating Loan Quality And Recent Merger Create Uncertainty For Burke & Herbert Financial Services,"Burke and Herbert's merger-driven growth masks rising NPLs, weak reserves, and risks from the LINKBANCORP deal. Learn more on BHRB and LKNB stocks here.",Finnhub,https://finnhub.io/api/news?id=68f71f72bdbe6925d59aa73f277750d4dc9376aca91ca5e8c4918d7aca48f889,2025-12-21T01:06:37,1,Burke & Herbert Financial Services Corp.,United States,NCM,USD,,15028524.0,12973373.0,947999360.0
LNKB,Deteriorating Loan Quality And Recent Merger Create Uncertainty For Burke & Herbert Financial Services,"Burke and Herbert's merger-driven growth masks rising NPLs, weak reserves, and risks from the LINKBANCORP deal. Learn more on BHRB and LKNB stocks here.",Finnhub,https://finnhub.io/api/news?id=68f71f72bdbe6925d59aa73f277750d4dc9376aca91ca5e8c4918d7aca48f889,2025-12-21T01:06:37,1,"LINKBANCORP, Inc.",United States,NCM,USD,,37457914.0,22690632.0,312398976.0
CTO,The Ghost Of Inflation Past,The criticalâbut heavily criticizedâCPI report showed an easing of inflation to four-year lows. Check out the real estate market outlook here.,Finnhub,https://finnhub.io/api/news?id=834fe73d91bb08e8b17a16431a9dde5cd9e482023ff72256cdf6aa83a74ac9f4,2025-12-21T01:00:51,0,"CTO Realty Growth, Inc.",United States,NYQ,USD,,32372291.0,30947910.0,592254144.0
GOOD,The Ghost Of Inflation Past,The criticalâbut heavily criticizedâCPI report showed an easing of inflation to four-year lows. Check out the real estate market outlook here.,Finnhub,https://finnhub.io/api/news?id=834fe73d91bb08e8b17a16431a9dde5cd9e482023ff72256cdf6aa83a74ac9f4,2025-12-21T01:00:51,0,Gladstone Commercial Corporation,US,NASDAQ NMS - GLOBAL MARKET,USD,2003-08-13,48401155.0,47800981.0,514152000.0
GOODN,The Ghost Of Inflation Past,The criticalâbut heavily criticizedâCPI report showed an easing of inflation to four-year lows. Check out the real estate market outlook here.,Finnhub,https://finnhub.io/api/news?id=834fe73d91bb08e8b17a16431a9dde5cd9e482023ff72256cdf6aa83a74ac9f4,2025-12-21T01:00:51,0,Gladstone Commercial Corporation,US,NASDAQ NMS - GLOBAL MARKET,USD,2003-08-13,,47800981.0,509.0
HHH,The Ghost Of Inflation Past,The criticalâbut heavily criticizedâCPI report showed an easing of inflation to four-year lows. Check out the real estate market outlook here.,Finnhub,https://finnhub.io/api/news?id=834fe73d91bb08e8b17a16431a9dde5cd9e482023ff72256cdf6aa83a74ac9f4,2025-12-21T01:00:51,0,Howard Hughes Holdings Inc.,United States,NYQ,USD,,59390960.0,30368841.0,4686574592.0
WSR,The Ghost Of Inflation Past,The criticalâbut heavily criticizedâCPI report showed an easing of inflation to four-year lows. Check out the real estate market outlook here.,Finnhub,https://finnhub.io/api/news?id=834fe73d91bb08e8b17a16431a9dde5cd9e482023ff72256cdf6aa83a74ac9f4,2025-12-21T01:00:51,0,Whitestone REIT,,,,,51020124.0,44958933.0,708818048.0
BRT,The Ghost Of Inflation Past,The criticalâbut heavily criticizedâCPI report showed an easing of inflation to four-year lows. Check out the real estate market outlook here.,Finnhub,https://finnhub.io/api/news?id=834fe73d91bb08e8b17a16431a9dde5cd9e482023ff72256cdf6aa83a74ac9f4,2025-12-21T01:00:51,0,BRT Apartments Corp.,United States,NYQ,USD,,19020394.0,11775276.0,277887936.0
LTC,The Ghost Of Inflation Past,The criticalâbut heavily criticizedâCPI report showed an easing of inflation to four-year lows. Check out the real estate market outlook here.,Finnhub,https://finnhub.io/api/news?id=834fe73d91bb08e8b17a16431a9dde5cd9e482023ff72256cdf6aa83a74ac9f4,2025-12-21T01:00:51,0,"LTC Properties, Inc.",United States,NYQ,USD,,47614192.0,46529065.0,1626976896.0
MITT,The Ghost Of Inflation Past,The criticalâbut heavily criticizedâCPI report showed an easing of inflation to four-year lows. Check out the real estate market outlook here.,Finnhub,https://finnhub.io/api/news?id=834fe73d91bb08e8b17a16431a9dde5cd9e482023ff72256cdf6aa83a74ac9f4,2025-12-21T01:00:51,0,"TPG Mortgage Investment Trust, Inc.",United States,NYQ,USD,,31744449.0,30595935.0,280303488.0
NHI,The Ghost Of Inflation Past,The criticalâbut heavily criticizedâCPI report showed an easing of inflation to four-year lows. Check out the real estate market outlook here.,Finnhub,https://finnhub.io/api/news?id=834fe73d91bb08e8b17a16431a9dde5cd9e482023ff72256cdf6aa83a74ac9f4,2025-12-21T01:00:51,0,"National Health Investors, Inc.",United States,NYQ,USD,,47638502.0,43907451.0,3674357760.0
FPI,The Ghost Of Inflation Past,The criticalâbut heavily criticizedâCPI report showed an easing of inflation to four-year lows. Check out the real estate market outlook here.,Finnhub,https://finnhub.io/api/news?id=834fe73d91bb08e8b17a16431a9dde5cd9e482023ff72256cdf6aa83a74ac9f4,2025-12-21T01:00:51,0,Farmland Partners Inc.,United States,NYQ,USD,,43097555.0,39325661.0,436558112.0
BKNG,Booking Holdings: The Thesis Continues To Develop (Rating Downgrade),"Booking Holdings drives AI-led growth across travel, with scale and data lifting app bookings above 50%, expanding margins, and EPS. Read why BKNG stock is a hold.",Finnhub,https://finnhub.io/api/news?id=fc0e48c638e486c31eb01bb6688de158a277f60aff6f86a9b67d3b481cc1bf0b,2025-12-21T00:53:21,0,Booking Holdings Inc.,United States,NMS,USD,,32233815.0,32141949.0,176314318848.0
ONTO,Onto Innovation (ONTO): Reassessing Valuation After Upbeat AI Packaging Outlook and Analyst Upgrades,"Onto Innovation (ONTO) is back on traders screens after a wave of upbeat earnings revisions and stronger Buy calls, as investors reassess what AI driven advanced packaging demand could mean for its margins. See our latest analysis for Onto Innovation. The latest 1 month share price return of 22.94% suggests traders are leaning into that AI packaging story. Even though the year to date share price return is still negative and the 1 year total shareholder return is modest, longer term holders...",Finnhub,https://finnhub.io/api/news?id=fe90c5f735995dcd285e266912fe92f6ed6875c8d84d0893d70aa94907f17dcd,2025-12-21T00:08:55,0,Onto Innovation Inc.,United States,NYQ,USD,,49652933.0,48618092.0,7971779072.0
BKSY,BlackSky Technology (BKSY) Valuation After Rapid Gen-3 Satellite Deployment and Growing AI Imaging Capabilities,"BlackSky Technology (BKSY) just brought its third Gen-3 satellite into commercial service only three weeks after launch, a speed upgrade that meaningfully boosts its high resolution imaging and AI analytics capacity for customers. See our latest analysis for BlackSky Technology. The latest Gen-3 milestone lands as BlackSky’s 1 month share price return of 25.57 percent and year to date share price return of 80.07 percent signal accelerating momentum, even after a recent follow on equity...",Finnhub,https://finnhub.io/api/news?id=6a29e5bf8cde6d4a29ddd5bf9696f8aeaf49905f65257525ddedabbd57c3ce92,2025-12-21T00:08:14,0,BlackSky Technology Inc.,United States,NYQ,USD,,35992596.0,28029499.0,695017024.0
MCY,Mercury General (MCY): Reassessing Valuation After Analyst Value Call and Umbrella Coverage Expansion into Virginia,"Mercury General (MCY) has drawn fresh attention after analysts spotlighted it as a value standout, just as the insurer pushes its expanded personal umbrella coverage into Virginia and other states, sharpening its long term growth story. See our latest analysis for Mercury General. Those Virginia umbrella launches and the recent value spotlight help explain why momentum has been quietly building, with a roughly 42% year to date share price return and a powerful three year total shareholder...",Finnhub,https://finnhub.io/api/news?id=e20a12d23c51e80eeb486a504c22de567f985f6e88f5bb31053ec57e929d0030,2025-12-21T00:08:10,0,Mercury General Corporation,United States,NYQ,USD,,55388627.0,26555523.0,5203761664.0
FN,Top Beaten-Down Data Center Infrastructure Stocks,"Tech sector volatility has hammered data center stocks, creating a potential buying opportunity. SA Quant flags 4 top data center stocks that have recently pulled back.",Finnhub,https://finnhub.io/api/news?id=56c25b419aa1b2ba8a42558f83ff1d1030a510919c426079a7746f4f0893f18b,2025-12-21T00:00:00,0,Fabrinet,Cayman Islands,NYQ,USD,,35827210.0,35753406.0,17136870400.0
