symbol,provider,time,time_utc,articleId,headline
MKDW,DJ-N,2026-01-02 22:00:00,,DJ-N$1d242786,MKDWELL Tech Repurchased About $7M Worth of Outstanding Ordinary Shares
MKDW,DJ-N,2026-01-02 22:00:00,,DJ-N$1d2426e9,Press Release: MKDW repurchased approximately $7 million worth of its outstanding ordinary shares.
MKDW,DJ-N,2026-01-02 22:00:00,,DJ-N$1d2426b9,Press Release: MKDW repurchased approximately $7 million worth of its outstanding ordinary shares.
MKDW,DJ-N,2025-12-29 21:37:00,,DJ-N$1d1c3e7e,MKDWELL Tech May Seek to Issue Equity or Debt Securities or Obtain Credit Facilities if Cash Resources Insufficient to Meet Requirements >MKDW
MKDW,DJ-N,2025-12-29 21:36:00,,DJ-N$1d1c3d44,MKDWELL Tech: Unaudited Condensed Consolidated Fincl Statements Prepared on Going Concern Basis >MKDW
MKDW,DJ-N,2025-12-29 21:34:00,,DJ-N$1d1c3b69,"MKDWELL Tech Believes Cash and Cash Equivalents, Time Deposits and Anticipated Cash Flow Will Be Sufficient to Meet Cash Needs, Commitments for at Least Next 12 Mos >MKDW"
MKDW,DJ-N,2025-12-29 21:33:00,,DJ-N$1d1c39d9,MKDWELL Tech 1H Rev $1.37M >MKDW
MKDW,DJ-N,2025-12-29 21:33:00,,DJ-N$1d1c39d4,MKDWELL Tech 1H Loss $1.7M >MKDW
MKDW,DJ-N,2025-12-29 21:30:00,,DJ-N$1d1c347a,Press Release: MKDWELL Tech Inc. Reports First -2-
MKDW,DJ-N,2025-12-29 21:30:00,,DJ-N$1d1c3479,Press Release: MKDWELL Tech Inc. Reports First Half of Fiscal Year 2025 Unaudited Financial Results
MKDW,DJ-N,2025-12-29 21:30:00,,DJ-N$1d1c340a,Press Release: MKDWELL Tech Inc. Reports First -2-
MKDW,DJ-N,2025-12-29 21:30:00,,DJ-N$1d1c3405,Press Release: MKDWELL Tech Inc. Reports First Half of Fiscal Year 2025 Unaudited Financial Results
DVLT,DJ-N,2025-12-31 21:44:00,,DJ-N$1d215e0a,Substantial Insider Sales: Afternoon Report
DVLT,DJ-N,2025-12-31 13:55:00,,DJ-N$1d206a86,"Holder Scilex Holding Co Sells 20,657,300 Of Datavault AI Inc >DVLT-Amended"
DVLT,DJ-N,2025-12-30 22:37:00,,DJ-N$1d1f1dbc,"VP Mbugua Surrenders 14,720 Of Datavault AI Inc >DVLT"
DVLT,DJ-N,2025-12-30 22:37:00,,DJ-N$1d1f1d9f,"CEO Bradley Surrenders 43,018 Of Datavault AI Inc >DVLT"
DVLT,DJ-N,2025-12-30 22:35:00,,DJ-N$1d1f1d55,"Chmn Moyer Surrenders 49,016 Of Datavault AI Inc >DVLT"
DVLT,DJ-N,2025-12-30 12:05:00,,DJ-N$1d1daebf,Press Release: Datavault AI Announces it will -2-
DVLT,DJ-N,2025-12-30 12:05:00,,DJ-N$1d1daebc,Press Release: Datavault AI Announces it will Exhibit at CES 2026 and Update Investors on Acoustics Division
DVLT,DJ-N,2025-12-29 12:56:00,,DJ-N$1d1b09dd,Datavault AI: Warrants Are Expected to Have a Striking Price of $5.00 Per Shr of Datavault AI Common Stk >DVLT
DVLT,DJ-N,2025-12-29 12:56:00,,DJ-N$1d1b09d8,Datavault AI Inc. Announces Proposed Div of Warrants
DVLT,DJ-N,2025-12-29 12:55:00,,DJ-N$1d1b093a,Press Release: Datavault AI Inc. Announces -2-
DVLT,DJ-N,2025-12-29 12:55:00,,DJ-N$1d1b0939,Press Release: Datavault AI Inc. Announces Proposed Dividend of Warrants
DVLT,DJ-N,2025-12-29 12:55:00,,DJ-N$1d1b0959,Datavault AI Intends to Declare Special Div Distribution of Warrants to Holders of Datavault AI Common Stk and Holders of Certain Other Datavault AI Equity Securities >DVLT
DVLT,DJ-N,2025-12-29 12:55:00,,DJ-N$1d1b092f,Press Release: Datavault AI Inc. Announces -2-
DVLT,DJ-N,2025-12-29 12:55:00,,DJ-N$1d1b092d,Press Release: Datavault AI Inc. Announces Proposed Dividend of Warrants
DVLT,DJ-N,2025-12-29 10:57:00,,DJ-N$1d1ad955,Press Release: Datavault AI Inc. Announces Board -2-
DVLT,DJ-N,2025-12-29 10:57:00,,DJ-N$1d1ad953,Press Release: Datavault AI Inc. Announces Board Approval of Dividend of Dream Bowl Meme Coin II to All Eligible Record Equity Holders of Datavault AI
DVLT,DJ-N,2025-12-22 20:06:00,,DJ-N$1d10d3c1,Press Release: Datavault AI and The Dream Bowl Announce National Broadcast Partnership for Dream Bowl XIV and Confirm Dream Bowl 2026 Meme Coin Claim Process for Dec. 24 Drop
DVLT,DJ-N,2025-12-22 09:53:00,,DJ-N$1d0f25f6,Datavault AI Announces Issuance of Two U.S. Patents Advancing Blockchain-Driven Content Licensing and Tokenized Monetization
DVLT,DJ-N,2025-12-22 09:00:00,,DJ-N$1d0f1425,Press Release: Datavault AI Inc. Announces -2-
DVLT,DJ-N,2025-12-22 09:00:00,,DJ-N$1d0f1423,Press Release: Datavault AI Inc. Announces Issuance of Two Foundational U.S. Patents Advancing Blockchain-Driven Content Licensing and Tokenized Monetization
DVLT,DJ-N,2025-12-22 09:00:00,,DJ-N$1d0f13f6,Press Release: Datavault AI Inc. Announces -2-
DVLT,DJ-N,2025-12-22 09:00:00,,DJ-N$1d0f13f3,Press Release: Datavault AI Inc. Announces Issuance of Two Foundational U.S. Patents Advancing Blockchain-Driven Content Licensing and Tokenized Monetization
DVLT,DJ-N,2025-12-15 12:55:00,,DJ-N$1cfee7e3,Press Release: Datavault AI Announces Hockey Hall -2-
DVLT,DJ-N,2025-12-15 12:55:00,,DJ-N$1cfee7e1,Press Release: Datavault AI Announces Hockey Hall of Famer Jeremy Roenick Joins to Monetize Sports Data and Lead Pioneering International NIL Exchange
DVLT,DJ-N,2025-12-12 11:03:00,,DJ-N$1cfa7332,Datavault AI Files 8K - Other Events >DVLT
DVLT,DJ-N,2025-12-12 11:03:00,,DJ-N$1cfa7331,Datavault AI Files 8K - Regulation FD >DVLT
DVLT,DJ-N,2025-12-11 21:05:00,,DJ-N$1cf8c37e,Press Release: Datavault AI Inc. (NASDAQ: DVLT) -2-
DVLT,DJ-N,2025-12-11 21:05:00,,DJ-N$1cf8c37a,"Press Release: Datavault AI Inc. (NASDAQ: DVLT) Announces a Distribution Date of Dec. 24, 2025, for the Dream Bowl Meme Coin Tokens to All Eligible Record Equity Holders of Datavault AI and Holders of Common Stock of Scilex Holding Company"
DVLT,DJ-N,2025-12-11 21:05:00,,DJ-N$1cf8c36d,Press Release: Datavault AI Inc. (NASDAQ: DVLT) -2-
DVLT,DJ-N,2025-12-11 21:05:00,,DJ-N$1cf8c36b,"Press Release: Datavault AI Inc. (NASDAQ: DVLT) Announces a Distribution Date of Dec. 24, 2025, for the Dream Bowl Meme Coin Tokens to All Eligible Record Equity Holders of Datavault AI and Holders of Common Stock of Scilex Holding Company"
DVLT,DJ-N,2025-12-11 21:05:00,,DJ-N$1cf8c208,Press Release: Datavault AI Inc. (NASDAQ: DVLT) -2-
DVLT,DJ-N,2025-12-11 21:05:00,,DJ-N$1cf8c200,"Press Release: Datavault AI Inc. (NASDAQ: DVLT) Announces a Distribution Date of Dec. 24, 2025, for the Dream Bowl Meme Coin Tokens to All Eligible Record Equity Holders of Datavault AI and Holders of Common Stock of Scilex Holding Company"
DVLT,DJ-N,2025-12-09 01:28:00,,DJ-N$1cf05e64,"Dir Howitt Sells 19,656 Of Datavault AI Inc >DVLT"
DVLT,DJ-N,2025-12-01 13:44:00,,DJ-N$1cdde4ba,Substantial Insider Sales: Morning Report
DVLT,DJ-N,2025-12-01 11:31:00,,DJ-N$1cdd9592,Scilex Holding Company Reports 47.99% Stake In Datavault AI >DVLT
DVLT,DJ-N,2025-11-29 02:45:00,,DJ-N$1cdb3afb,"Holder Scilex Holding Co Sells 422,299 Of Datavault AI Inc >DVLT"
DVLT,DJ-N,2025-11-26 21:42:00,,DJ-N$1cd5d179,Datavault AI Files 8K - Changes To Articles >DVLT
DVLT,DJ-N,2025-11-26 21:42:00,,DJ-N$1cd5d177,Datavault AI Files 8K - Asset Acquisition Or Disposition >DVLT
DVLT,DJ-N,2025-11-26 21:42:00,,DJ-N$1cd5d176,Datavault AI Files 8K - Entry Into Definitive Agreement >DVLT
DVLT,DJ-N,2025-11-26 14:09:00,,DJ-N$1cd4a490,Press Release: Datavault AI Signs Agreement with -2-
DVLT,DJ-N,2025-11-26 14:09:00,,DJ-N$1cd4a48f,"Press Release: Datavault AI Signs Agreement with the World Boxing Council, Unlocks Global Event-Driven Monetization at Scale"
DVLT,DJ-N,2025-11-26 13:05:00,,DJ-N$1cd48604,"Datavault AI Signs Agreement With the World Boxing Council, Unlocks Global Event-Driven Monetization at Scale"
DVLT,DJ-N,2025-11-26 13:05:00,,DJ-N$1cd485ff,Press Release: Datavault AI Signs Agreement with -2-
DVLT,DJ-N,2025-11-26 13:05:00,,DJ-N$1cd485fc,"Press Release: Datavault AI Signs Agreement with the World Boxing Council, Unlocks Global Event-Driven Monetization at Scale"
DVLT,DJ-N,2025-11-26 11:00:00,,DJ-N$1cd44998,Press Release: Datavault AI Announces Closing of -2-
DVLT,DJ-N,2025-11-26 11:00:00,,DJ-N$1cd44997,Press Release: Datavault AI Announces Closing of the Second Tranche of Scilex Holding Company's Previously Announced Equity Financing
DVLT,DJ-N,2025-11-26 11:00:00,,DJ-N$1cd44924,Press Release: Datavault AI Announces Closing of -2-
DVLT,DJ-N,2025-11-26 11:00:00,,DJ-N$1cd44922,Press Release: Datavault AI Announces Closing of the Second Tranche of Scilex Holding Company's Previously Announced Equity Financing
DVLT,DJ-N,2025-11-25 23:58:00,,DJ-N$1cd321f8,"Chmn Moyer Surrenders 28,594 Of Datavault AI Inc >DVLT"
DVLT,DJ-N,2025-11-25 23:57:00,,DJ-N$1cd321de,"CEO Bradley Surrenders 27,808 Of Datavault AI Inc >DVLT"
SIDU,DJ-N,2025-12-29 21:10:00,,DJ-N$1d1c1e8b,Press Release: Sidus Space Announces Closing of Public Offering
SIDU,DJ-N,2025-12-29 13:46:00,,DJ-N$1d1b2436,Sidus Space Files 8K - Other Events >SIDU
SIDU,DJ-N,2025-12-29 13:46:00,,DJ-N$1d1b2432,Sidus Space Files 8K - Entry Into Definitive Agreement >SIDU
SIDU,DJ-N,2025-12-26 23:10:00,,DJ-N$1d18ecf0,"Stocks to Watch: Sidus Space, WF Holding"
SIDU,DJ-N,2025-12-26 20:37:00,,DJ-N$1d188162,Sidus Space to Raise $16.2M in Stock Offering
SIDU,DJ-N,2025-12-26 20:25:00,,DJ-N$1d187fa6,Sidus Space Sells 10.8M Shrs for $1.50 Each
SIDU,DJ-N,2025-12-26 20:24:00,,DJ-N$1d187f8e,Sidus Space Announces Pricing of Offering
SIDU,DJ-N,2025-12-26 19:45:00,,DJ-N$1d187a1d,Press Release: Sidus Space Announces Pricing of Offering
SIDU,DJ-N,2025-12-24 18:18:00,,DJ-N$1d15deec,Press Release: Sidus Space Announces Closing of Public Offering
SIDU,DJ-N,2025-12-23 21:31:00,,DJ-N$1d13cbd8,Sidus Space Files 8K - Other Events >SIDU
SIDU,DJ-N,2025-12-23 21:31:00,,DJ-N$1d13cbd5,Sidus Space Files 8K - Entry Into Definitive Agreement >SIDU
SIDU,DJ-N,2025-12-23 02:30:00,,DJ-N$1d117eb6,Sidus Space: Offering Expected to Close Dec. 24>SIDU
SIDU,DJ-N,2025-12-23 02:30:00,,DJ-N$1d117eb4,Sidus Space: Total Gross Proceeds Expected to Be Approximately $25M >SIDU
SIDU,DJ-N,2025-12-23 02:30:00,,DJ-N$1d117eb2,Sidus Space Prices Public Offering of 19.23M Shares at $1.30 Per Share>SIDU
SIDU,DJ-N,2025-12-23 02:30:00,,DJ-N$1d117eb0,Sidus Space Announces Pricing of Public Offering
SIDU,DJ-N,2025-12-23 02:19:00,,DJ-N$1d117590,Press Release: Sidus Space Announces Pricing of Public Offering
SIDU,DJ-N,2025-12-23 00:03:00,,DJ-N$1d115191,Sidus Space Gets Contract From Missile Defense Agency
SIDU,DJ-N,2025-12-22 23:27:00,,DJ-N$1d1141d7,"Stocks to Watch: Paranovus, Parsons, Sidus Space, Zim"
SIDU,DJ-N,2025-12-22 22:37:00,,DJ-N$1d113521,Sidus Space Shares Fall on Proposed Public Offering
SIDU,DJ-N,2025-12-22 21:47:00,,DJ-N$1d110277,Sidus Space Announces Proposed Public Offering
SIDU,DJ-N,2025-12-22 21:43:00,,DJ-N$1d10fea3,Press Release: Sidus Space Announces Proposed Public Offering
SIDU,DJ-N,2025-12-22 13:32:00,,DJ-N$1d0f887c,Sidus Space Awarded Contract Under Missile Defense Agency's SHIELD IDIQ Program
SIDU,DJ-N,2025-12-22 13:32:00,,DJ-N$1d0f8874,Press Release: Sidus Space Awarded Contract Under Missile Defense Agency's SHIELD IDIQ Program
SIDU,DJ-N,2025-12-12 13:30:00,,DJ-N$1cfac06a,Press Release: Sidus Space CEO Carol Craig Appointed to Canaveral Port Authority Board of Commissioners
SIDU,DJ-N,2025-12-12 13:30:00,,DJ-N$1cfac03b,Sidus Space CEO Carol Craig Appointed To Canaveral Port Authority Board Of Commissioners >SIDU
SIDU,DJ-N,2025-12-10 13:30:00,,DJ-N$1cf4e173,"Press Release: Sidus Space Announces Successful Bus-Level Commissioning of Hybrid 3D Printed, AI Enhanced LizzieSat-3"
SIDU,DJ-N,2025-12-04 13:30:00,,DJ-N$1ce7838b,Sidus Space Secures Subcontractor Role With MobLobSpace on NASA SBIR Radar Initiative With LizzieSat Hosting
SIDU,DJ-N,2025-12-04 13:30:00,,DJ-N$1ce782d7,Press Release: Sidus Space Secures Subcontractor Role with MobLobSpace on NASA SBIR Radar Initiative with LizzieSat Hosting
SIDU,DJ-N,2025-11-22 08:14:00,,DJ-N$1ccc67b0,"SIDUS SPACE INC  CL A, Inst Holders, 3Q 2025 (SIDU)"
SIDU,DJ-N,2025-11-20 13:31:00,,DJ-N$1cc5919e,"Sidus Space Delivers Hardware, Software, and Final Report to Xiomas Technologies Under NASA Phase II Sequential Award"
SIDU,DJ-N,2025-11-20 13:30:00,,DJ-N$1cc59066,"Press Release: Sidus Space Delivers Hardware, Software, and Final Report to Xiomas Technologies Under NASA Phase II Sequential Award"
SIDU,DJ-N,2025-11-18 13:30:00,,DJ-N$1cbf5505,"Press Release: Sidus Space and Lonestar Data Holdings, LLC Drive Rapid Progress on Commercial Pathfinder Mission with Completion of Kickoff Meeting and System Requirements Review"
SIDU,DJ-N,2025-11-14 22:16:00,,DJ-N$1cb907fc,Sidus Space Files 8K - Operations And Financial Condition >SIDU
SIDU,DJ-N,2025-11-14 21:46:00,,DJ-N$1cb8e759,Sidus Space 3Q Loss/Shr 24c >SIDU
SIDU,DJ-N,2025-11-14 21:46:00,,DJ-N$1cb8e737,Sidus Space 3Q Rev $1.3M >SIDU
SIDU,DJ-N,2025-11-14 21:45:00,,DJ-N$1cb8e61f,Press Release: Sidus Space Reports Third Quarter -3-
SIDU,DJ-N,2025-11-14 21:45:00,,DJ-N$1cb8e61b,Press Release: Sidus Space Reports Third Quarter -2-
SIDU,DJ-N,2025-11-14 21:45:00,,DJ-N$1cb8e618,Press Release: Sidus Space Reports Third Quarter 2025 Financial Results and Provides Business Update
SIDU,DJ-N,2025-11-07 13:30:00,,DJ-N$1ca47a74,Press Release: Sidus Space to Host Third Quarter Financial Results Conference Call on November 14 at 5:00 p.m. ET
SIDU,DJ-N,2025-11-04 13:31:00,,DJ-N$1c99ac4a,Sidus Space Completes Design for FeatherEdge 248Vi: Advancing AI/ML Processing for Space and Defense Applications
SIDU,DJ-N,2025-11-04 13:30:00,,DJ-N$1c99ab7f,Press Release: Sidus Space Completes Design for FeatherEdge(TM) 248Vi: Advancing AI/ML Processing for Space and Defense Applications
SIDU,DJ-N,2025-10-27 12:30:00,,DJ-N$1c821e06,Press Release: Sidus Space Finalizes Commercial Pathfinder Mission Agreement with Lonestar for LizzieSat(R)-5 Mission
SIDU,DJ-N,2025-09-29 12:32:00,,DJ-N$1c40d1ce,"Sidus Space: Contract Carries Ceiling Value of $21 M Over 5 Years With Individual Task Orders Capped at $750,000 >SIDU"
SIDU,DJ-N,2025-09-29 12:31:00,,DJ-N$1c40d19c,Sidus Space to Provide Fabrication and On-Call Services for Critical Components Used in TYAD's Ops >SIDU
SIDU,DJ-N,2025-09-29 12:31:00,,DJ-N$1c40d140,Sidus Space Awarded 5-Yr IDIQ Contract to Support Tobyhanna Army Depot
SIDU,DJ-N,2025-09-29 12:30:00,,DJ-N$1c40cf57,Press Release: Sidus Space Awarded Five-Year IDIQ Contract to Support Tobyhanna Army Depot
SIDU,DJ-N,2025-09-16 20:05:00,,DJ-N$1c257e45,Press Release: Sidus Space Announces Closing of Public Offering
SIDU,DJ-N,2025-09-16 10:05:00,,DJ-N$1c2437f2,Sidus Space Files 8K - Other Events >SIDU
SIDU,DJ-N,2025-09-16 10:05:00,,DJ-N$1c2437ee,Sidus Space Files 8K - Entry Into Definitive Agreement >SIDU
SIDU,DJ-N,2025-09-15 12:34:00,,DJ-N$1c217b3e,Press Release: Sidus Space Appoints Lawrence Hollister as Chief Business Officer to Drive Strategic Growth and Market Expansion
GPUS,DJ-N,2026-01-02 13:44:00,,DJ-N$1d2324fe,Substantial Insider Purchases: Morning Report
GPUS,DJ-N,2026-01-02 12:50:00,,DJ-N$1d2315a4,"Chmn Ault III Buys 1,608,800 Of Hyperscale Data Inc >GPUS"
GPUS,DJ-N,2025-12-30 22:29:00,,DJ-N$1d1f1c2e,"Chmn Ault III Buys 184,450 Of Hyperscale Data Inc >GPUS"
GPUS,DJ-N,2025-12-30 11:01:00,,DJ-N$1d1d999d,Hyperscale Data Bitcoin Treasury at 519.8687 Bitcoin and Held About $47M of Cash as of Dec 26
GPUS,DJ-N,2025-12-30 11:00:00,,DJ-N$1d1d97f3,"Press Release: Hyperscale Data Bitcoin Treasury at 519.8687 Bitcoin and Held Approximately $47 Million of Cash as of December 26, 2025"
GPUS,DJ-N,2025-12-29 12:12:00,,DJ-N$1d1af470,CFA Technology:Insider Review For Week Ended 26-Dec -2-
GPUS,DJ-N,2025-12-29 12:12:00,,DJ-N$1d1af453,CFA Technology:Insider Review For Week Ended 26-Dec
GPUS,DJ-N,2025-12-29 11:01:00,,DJ-N$1d1adba7,"Press Release: Hyperscale Data Establishes 2026 Disclosure Schedule for Bitcoin Treasury, Michigan AI Data Center Progress and Monthly Estimated Asset Updates"
GPUS,DJ-N,2025-12-24 13:44:00,,DJ-N$1d153d96,Substantial Insider Purchases: Morning Report
GPUS,DJ-N,2025-12-23 21:32:00,,DJ-N$1d13cda9,"Chmn Ault III Buys 315,000 Of Hyperscale Data Inc >GPUS"
GPUS,DJ-N,2025-12-23 11:00:00,,DJ-N$1d126ed2,"Hyperscale Data Bitcoin Treasury at 514.9655 Bitcoin, Exceeds 100% of Market Capitalization"
GPUS,DJ-N,2025-12-23 11:00:00,,DJ-N$1d126e8e,Press Release: Hyperscale Data Bitcoin Treasury at 514.9655 Bitcoin and Exceeds 100% of Market Capitalization
GPUS,DJ-N,2025-12-22 12:14:00,,DJ-N$1d0f591e,CFA Technology:Insider Review For Week Ended 19-Dec -4-
GPUS,DJ-N,2025-12-22 12:14:00,,DJ-N$1d0f5903,CFA Technology:Insider Review For Week Ended 19-Dec -3-
GPUS,DJ-N,2025-12-22 12:13:00,,DJ-N$1d0f58b4,CFA Technology:Insider Review For Week Ended 19-Dec -2-
GPUS,DJ-N,2025-12-22 12:13:00,,DJ-N$1d0f58a2,CFA Technology:Insider Review For Week Ended 19-Dec
GPUS,DJ-N,2025-12-19 21:47:00,,DJ-N$1d0c99fe,Hyperscale Data Files 8K - Regulation FD >GPUS
GPUS,DJ-N,2025-12-19 21:47:00,,DJ-N$1d0c99fa,Hyperscale Data Files 8K - Entry Into Definitive Agreement >GPUS
GPUS,DJ-N,2025-12-19 21:30:00,,DJ-N$1d0c86a4,"Press Release: Hyperscale Data Announces ""At-the-Market"" Offering of Common Stock"
GPUS,DJ-N,2025-12-18 21:34:00,,DJ-N$1d0995ff,"Chmn Ault III Buys 10,000 Of Hyperscale Data Inc >GPUS"
GPUS,DJ-N,2025-12-17 21:31:00,,DJ-N$1d069d64,Hyperscale Data Files 8K - Regulation FD >GPUS
GPUS,DJ-N,2025-12-17 11:00:00,,DJ-N$1d050c4f,Press Release: Hyperscale Data Declares Monthly Cash Dividend of $0.2708333 per Share of 13.00% Series D Cumulative Redeemable Perpetual Preferred Stock
GPUS,DJ-N,2025-12-16 21:37:00,,DJ-N$1d039d31,"Chmn Ault III Buys 140,100 Of Hyperscale Data Inc >GPUS"
GPUS,DJ-N,2025-12-16 11:00:00,,DJ-N$1d021722,Press Release: Hyperscale Data Bitcoin Treasury at 97.5% of Market Capitalization at Approximately $75.5 Million
GPUS,DJ-N,2025-12-15 12:14:00,,DJ-N$1cfecc3e,CFA Technology:Insider Review For Week Ended 12-Dec -4-
GPUS,DJ-N,2025-12-15 12:13:00,,DJ-N$1cfecc11,CFA Technology:Insider Review For Week Ended 12-Dec -3-
GPUS,DJ-N,2025-12-15 12:13:00,,DJ-N$1cfecbea,CFA Technology:Insider Review For Week Ended 12-Dec -2-
GPUS,DJ-N,2025-12-15 12:13:00,,DJ-N$1cfecba2,CFA Technology:Insider Review For Week Ended 12-Dec
GPUS,DJ-N,2025-12-15 11:00:00,,DJ-N$1cfeaa64,"Press Release: Hyperscale Data Announces Estimated Total Assets and Net Assets per Share of $1.17 and $0.52, Respectively, as of November 30, 2025"
GPUS,DJ-N,2025-12-12 21:35:00,,DJ-N$1cfbe112,"Chmn Ault III Buys 10,000 Of Hyperscale Data Inc >GPUS"
GPUS,DJ-N,2025-12-09 11:00:00,,DJ-N$1cf17f1e,Press Release: Hyperscale Data Bitcoin Treasury at Approximately $75 Million
GPUS,DJ-N,2025-12-08 12:14:00,,DJ-N$1cee53c0,CFA Technology:Insider Review For Week Ended 5-Dec -4-
GPUS,DJ-N,2025-12-08 12:13:00,,DJ-N$1cee53b6,CFA Technology:Insider Review For Week Ended 5-Dec -3-
GPUS,DJ-N,2025-12-08 12:13:00,,DJ-N$1cee5377,CFA Technology:Insider Review For Week Ended 5-Dec -2-
GPUS,DJ-N,2025-12-08 12:13:00,,DJ-N$1cee5373,CFA Technology:Insider Review For Week Ended 5-Dec
GPUS,DJ-N,2025-12-05 22:01:00,,DJ-N$1ceb9d0a,"Chmn Ault III Buys 100,000 Of Hyperscale Data Inc >GPUS"
GPUS,DJ-N,2025-12-03 21:32:00,,DJ-N$1ce5c23b,"Chmn Ault III Buys 101,000 Of Hyperscale Data Inc >GPUS"
GPUS,DJ-N,2025-12-02 22:16:00,,DJ-N$1ce2f46c,Hyperscale Data Files 8K - Unregistered Equity Sales >GPUS
GPUS,DJ-N,2025-12-02 22:16:00,,DJ-N$1ce2f46a,Hyperscale Data Files 8K - Direct Or Off-Balance Sheet Financial Obligation >GPUS
GPUS,DJ-N,2025-12-02 22:16:00,,DJ-N$1ce2f468,Hyperscale Data Files 8K - Entry Into Definitive Agreement >GPUS
GPUS,DJ-N,2025-12-02 11:02:00,,DJ-N$1ce13503,Hyperscale Data Bitcoin Treasury at About $72.25M
GPUS,DJ-N,2025-12-02 11:00:00,,DJ-N$1ce132a3,Press Release: Hyperscale Data Bitcoin Treasury at Approximately $72.25 Million
GPUS,DJ-N,2025-11-25 11:00:00,,DJ-N$1cd1381e,Press Release: Hyperscale Data Bitcoin Treasury at Approximately $70.5 Million
GPUS,DJ-N,2025-11-24 12:14:00,,DJ-N$1cce02eb,CFA Technology:Insider Review For Week Ended 21-Nov -4-
GPUS,DJ-N,2025-11-24 12:14:00,,DJ-N$1cce02c7,CFA Technology:Insider Review For Week Ended 21-Nov -3-
GPUS,DJ-N,2025-11-24 12:13:00,,DJ-N$1cce02a8,CFA Technology:Insider Review For Week Ended 21-Nov -2-
GPUS,DJ-N,2025-11-24 12:13:00,,DJ-N$1cce027e,CFA Technology:Insider Review For Week Ended 21-Nov
GPUS,DJ-N,2025-11-24 11:00:00,,DJ-N$1ccde5f5,Press Release: Hyperscale Data Joins the Global Top 100 Public Bitcoin Treasury Companies with Current Holdings of Approximately 382 Bitcoin
GPUS,DJ-N,2025-11-23 08:14:00,,DJ-N$1cccf504,"HYPERSCALE DATA INC  COM, Inst Holders, 3Q 2025 (GPUS)"
GPUS,DJ-N,2025-11-21 13:44:00,,DJ-N$1cc9d129,Substantial Insider Purchases: Morning Report
RGC,DJ-N,2025-12-30 12:31:00,,DJ-N$1d1dba6e,"S&P 500 Futures Flat In Premarket Trading; Regencell Bioscience, AngloGold Ashanti Lead"
RGC,DJ-N,2025-12-29 12:31:00,,DJ-N$1d1afcdc,"S&P 500 Futures Decline In Premarket Trading; Cheniere Energy Ptnr, UMB Financial Lead"
RGC,DJ-N,2025-12-24 12:31:00,,DJ-N$1d152780,"S&P 500 Futures Flat In Premarket Trading; United Therapeutics, Intel Lag"
RGC,DJ-N,2025-12-22 12:31:00,,DJ-N$1d0f61ef,"S&P 500 Futures Up In Premarket Trading; Clearwater Analytics, IREN Lead"
RGC,DJ-N,2025-07-17 11:31:00,,DJ-N$1b910de3,"S&P 500 Futures Steady In Premarket Trading; Regencell Bioscience, CSX Lead"
RGC,DJ-N,2025-07-14 11:31:00,,DJ-N$1b879a96,"S&P 500 Futures Drop In Premarket Trading; Regencell Bioscience, PTC Lag"
KZIA,DJ-N,2026-01-02 21:00:00,,DJ-N$1d23e311,Kazia Therapeutics Ltd. ADR (KZIA) Resumed Trading
KZIA,DJ-N,2026-01-02 20:45:00,,DJ-N$1d23dd43,Kazia Therapeutics Ltd. ADR (KZIA) Paused due to volatility
KZIA,DJ-N,2025-12-22 13:00:00,,DJ-N$1d0f76a8,Kazia Therapeutics Regains Full Nasdaq Listing Compliance
KZIA,DJ-N,2025-12-22 13:00:00,,DJ-N$1d0f75f9,Press Release: Kazia Therapeutics Regains Full Nasdaq Listing Compliance
KZIA,DJ-N,2025-12-12 11:29:00,,DJ-N$1cfa7cbe,Kazia Therapeutics Price Target Raised to $18.00/Share From $13.00 by HC Wainwright & Co.
KZIA,DJ-N,2025-12-12 11:29:00,,DJ-N$1cfa7cbc,Kazia Therapeutics Is Maintained at Buy by HC Wainwright & Co.
KZIA,DJ-N,2025-12-10 13:00:00,,DJ-N$1cf4c9e4,Press Release: Kazia Therapeutics Highlights New -2-
KZIA,DJ-N,2025-12-10 13:00:00,,DJ-N$1cf4c9e3,Press Release: Kazia Therapeutics Highlights New Clinical and Translational Findings Demonstrating Paxalisib's Ability to Reinvigorate Anti-Tumor Immunity Across Multiple Advanced Breast Cancer Populations including TNBC and HER2+
KZIA,DJ-N,2025-12-02 14:43:00,,DJ-N$1ce1b217,Kazia Therapeutics Ltd. ADR (KZIA) Resumed Trading
KZIA,DJ-N,2025-12-02 14:41:00,,DJ-N$1ce1b18b,Kazia Therapeutics Announces Pricing of $50M Private Placement of Equity Securities
KZIA,DJ-N,2025-12-02 14:41:00,,DJ-N$1ce1b170,Press Release: Kazia Therapeutics Announces Pricing of $50.0 Million Private Placement of Equity Securities
KZIA,DJ-N,2025-12-02 14:38:00,,DJ-N$1ce1adb4,Kazia Therapeutics Ltd. ADR (KZIA) Paused due to volatility
KZIA,DJ-N,2025-12-02 14:03:00,,DJ-N$1ce1982c,Kazia Therapeutics: Proceeds to Support Clinical Development of Paxalisib >KZIA
KZIA,DJ-N,2025-12-02 14:02:00,,DJ-N$1ce1968e,Kazia Therapeutics to Raise $50M via Pvt Placement >KZIA
KZIA,DJ-N,2025-12-02 14:01:00,,DJ-N$1ce19549,Press Release: Kazia Therapeutics Announces Pricing of $50.0 Million Private Placement of Equity Securities
KZIA,DJ-N,2025-11-18 21:15:00,,DJ-N$1cc07ff2,Press Release: Kazia Therapeutics Achieves -2-
KZIA,DJ-N,2025-11-18 21:15:00,,DJ-N$1cc07fef,"Press Release: Kazia Therapeutics Achieves Initial iCR (Immune-Complete Response) in Metastatic TNBC and Delivers Q4 Business Update with Breakthroughs Across Breast Cancer, Immuno-Oncology, and GBM Regulatory Strategy"
KZIA,DJ-N,2025-10-27 11:15:00,,DJ-N$1c81f806,Press Release: Kazia Therapeutics to Request FDA Type C Meeting to Discuss Overall Survival Data in GBM and Potential NDA Filing in Alignment with FDA initiative Project FrontRunner
KZIA,DJ-N,2025-10-27 11:15:00,,DJ-N$1c81f7fe,Kazia Therapeutics To Request FDA Type C Meeting To Discuss Overall Survival Data In GBM And Potential NDA Filing In Alignment With FDA Initiative Project FrontRunner >KZIA
KZIA,DJ-N,2025-10-07 12:31:00,,DJ-N$1c549390,Kazia Therapeutics Announces Collaboration and In-Licensing Agreement for First-in-Class PD-L1 Protein Degrader Program
KZIA,DJ-N,2025-10-07 12:30:00,,DJ-N$1c549330,Press Release: Kazia Therapeutics Announces Collaboration and In-Licensing Agreement for First-in-Class PD-L1 Protein Degrader Program
KZIA,DJ-N,2025-10-02 15:25:00,,DJ-N$1c4c16aa,Kazia Therapeutics Price Target Raised to $20.00/Share From $15.00 by Maxim Group
KZIA,DJ-N,2025-10-02 15:25:00,,DJ-N$1c4c16a6,Kazia Therapeutics Is Maintained at Buy by Maxim Group
KZIA,DJ-N,2025-10-02 12:33:00,,DJ-N$1c4b893b,Kazia Therapeutics: Imaging Performed at Treating Institution Showed 86% Reduction in Overall Tumor Burden >KZIA
KZIA,DJ-N,2025-10-02 12:33:00,,DJ-N$1c4b892b,Kazia Therapeutics Announces 86% Reduction in Tumor Burden in Expanded-Access Case of Metastatic TNBC Patient Treated With Paxalisib-Immunotherapy Regimen
KZIA,DJ-N,2025-10-02 12:30:00,,DJ-N$1c4b8667,Press Release: Kazia Therapeutics Announces 86% Reduction in Tumor Burden in Expanded-Access Case of Metastatic TNBC Patient Treated with Paxalisib-Immunotherapy Regimen
KZIA,DJ-N,2025-10-01 13:21:00,,DJ-N$1c4826a5,Kazia Therapeutics Supports Australian MRFF-Funded Project Developing AI-Driven Sequential Therapy Strategy for DIPG/DMG
KZIA,DJ-N,2025-10-01 13:21:00,,DJ-N$1c482636,Press Release: Kazia Therapeutics Supports Australian MRFF-Funded Project Developing AI-Driven Sequential Therapy Strategy for DIPG/DMG
KZIA,DJ-N,2025-09-11 12:01:00,,DJ-N$1c1aa9d2,Kazia Therapeutics Reports Complete Ex Vivo Disruption of Large Circulating Tumor Cell Clusters in Stage IV HER2-Positive Breast Cancer With Paxalisib Monotherapy
KZIA,DJ-N,2025-09-11 12:00:00,,DJ-N$1c1aa930,Press Release: Kazia Therapeutics Reports Complete Ex Vivo Disruption of Large Circulating Tumor Cell Clusters in Stage IV HER2-Positive Breast Cancer with Paxalisib Monotherapy
KZIA,DJ-N,2025-08-01 12:01:00,,DJ-N$1bb6fcae,Kazia Therapeutics Announces $2M Private Placement at Premium to Market
KZIA,DJ-N,2025-08-01 12:00:00,,DJ-N$1bb6fbdb,Press Release: Kazia Therapeutics Announces $2 Million Private Placement at Premium to Market
KZIA,DJ-N,2025-07-10 10:45:00,,DJ-N$1b80ac04,Kazia Therapeutics Price Target Raised to $13.00/Share From $2.00 by HC Wainwright & Co.
KZIA,DJ-N,2025-07-10 10:45:00,,DJ-N$1b80ac02,Kazia Therapeutics Is Maintained at Buy by HC Wainwright & Co.
KZIA,DJ-N,2025-07-09 12:01:00,,DJ-N$1b7e0fdb,Kazia Therapeutics Reports Early Efficacy Data From First Triple-Negative Breast Cancer Patient Receiving Paxalisib Combination Regimen Achieving >50% Reduction in Circulating Tumor Cells in Phase 1b Trial
KZIA,DJ-N,2025-07-09 12:00:00,,DJ-N$1b7e0daf,Press Release: Kazia Therapeutics Reports Early Efficacy Data from First Triple-Negative Breast Cancer Patient Receiving Paxalisib Combination Regimen achieving >50% Reduction in Circulating Tumor Cells in Phase 1b Trial
GHRS,DJ-N,2026-01-02 23:17:00,,DJ-N$1d243ddf,"Stocks to Watch: GH Research, PBF Energy, BigBear.ai"
GHRS,DJ-N,2026-01-02 22:30:00,,DJ-N$1d2438bb,"GH Research Shares Up, Plans to Provide Update on New Drug Application"
GHRS,DJ-N,2026-01-02 21:42:00,,DJ-N$1d2415d2,GH Research to Provide Update on New Drug Application
GHRS,DJ-N,2026-01-02 21:03:00,,DJ-N$1d23e64b,GH Research: GH001 Update for Trial in Treatment-Resistant Depression
GHRS,DJ-N,2026-01-02 21:02:00,,DJ-N$1d23e5a8,GH Research: Provide Update to Be Provided on GH001 IND Application on Jan. 5
GHRS,DJ-N,2026-01-02 21:01:00,,DJ-N$1d23e411,Press Release: GH Research to Announce IND Status for GH001
GHRS,DJ-N,2025-11-10 17:20:00,,DJ-N$1caa07ea,GH Research Price Target Cut to $35.00/Share From $40.00 by HC Wainwright & Co.
GHRS,DJ-N,2025-11-10 17:20:00,,DJ-N$1caa07e6,GH Research Is Maintained at Buy by HC Wainwright & Co.
GHRS,DJ-N,2025-11-06 12:15:00,,DJ-N$1ca08fb1,GH Research 3Q Loss/Shr 23c >GHRS
GHRS,DJ-N,2025-11-06 12:00:00,,DJ-N$1ca08242,Press Release: GH Research Reports Third Quarter -2-
GHRS,DJ-N,2025-11-06 12:00:00,,DJ-N$1ca08240,Press Release: GH Research Reports Third Quarter 2025 Financial Results and Provides Business Updates
GHRS,DJ-N,2025-10-13 10:21:00,,DJ-N$1c608009,GH Research Price Target Announced at $19.00/Share by Needham
GHRS,DJ-N,2025-10-13 10:21:00,,DJ-N$1c608007,GH Research Initiated at Buy by Needham
GHRS,DJ-N,2025-08-07 11:08:00,,DJ-N$1bc6c65e,"GH Research: Cash, Cash Equivalents, Marketable Securities of $308.7M as of June 30 >GHRS"
GHRS,DJ-N,2025-08-07 11:07:00,,DJ-N$1bc6c62b,GH Research 2Q Loss/Shr 15c >GHRS
GHRS,DJ-N,2025-08-07 11:00:00,,DJ-N$1bc6bbfe,Press Release: GH Research Reports Second Quarter -2-
GHRS,DJ-N,2025-08-07 11:00:00,,DJ-N$1bc6bbfa,Press Release: GH Research Reports Second Quarter 2025 Financial Results and Provides Business Updates
GHRS,DJ-N,2025-07-23 12:01:00,,DJ-N$1b9e4c3c,GH Research: Engagement With FDA on GH001 IND Complete Response Ongoing
GHRS,DJ-N,2025-07-23 12:00:00,,DJ-N$1b9e4bbf,Press Release: GH Research Announces Global Pivotal Program Plans and Further Development Updates
UFG,DJ-N,2025-12-10 14:02:00,,DJ-N$1cf4f240,"Uni-Fuels Gets Letter of Award for 3-Yr Supply of Marine Fuels From Leading Provider of Engineering, Procurement, Construction, and Installation Contractor of Offshore Oil and Gas Projects in Asia Pacific Region >UFG"
UFG,DJ-N,2025-12-10 14:00:00,,DJ-N$1cf4f02f,Press Release: Uni-Fuels Secures Letter of Award for Strategic Three-Year Fuel Procurement Supply
UFG,DJ-N,2025-11-11 13:02:00,,DJ-N$1cacf1f2,"Uni-Fuels Announces New Office in Limassol, Cyprus"
UFG,DJ-N,2025-11-11 13:00:00,,DJ-N$1cacee56,"Press Release: Uni-Fuels Continues to Strengthen Global Operations with A New Office in Limassol, Cyprus"
UFG,DJ-N,2025-10-28 12:00:00,,DJ-N$1c85f47d,Press Release: Uni-Fuels Announces 2025 Interim Financial Results
UFG,DJ-N,2025-10-02 14:11:00,,DJ-N$1c4bc3de,Uni-Fuels Holdings Ltd. (UFG) Resumed Trading
UFG,DJ-N,2025-10-02 14:06:00,,DJ-N$1c4bbc63,Uni-Fuels Holdings Ltd. (UFG) Paused due to volatility
UFG,DJ-N,2025-10-02 14:02:00,,DJ-N$1c4bb93b,Uni-Fuels Holdings Ltd. (UFG) Resumed Trading
UFG,DJ-N,2025-10-02 13:57:00,,DJ-N$1c4bb61e,Uni-Fuels Holdings Ltd. (UFG) Paused due to volatility
UFG,DJ-N,2025-10-02 13:55:00,,DJ-N$1c4bb58b,Uni-Fuels Holdings Ltd. (UFG) Resumed Trading
UFG,DJ-N,2025-10-02 13:50:00,,DJ-N$1c4bb4ba,Uni-Fuels Holdings Ltd. (UFG) Paused due to volatility
UFG,DJ-N,2025-10-02 13:45:00,,DJ-N$1c4bb2f6,Uni-Fuels Holdings Ltd. (UFG) Resumed Trading
UFG,DJ-N,2025-10-02 13:40:00,,DJ-N$1c4baf52,Uni-Fuels Holdings Ltd. (UFG) Paused due to volatility
UFG,DJ-N,2025-10-02 13:40:00,,DJ-N$1c4baf4a,Uni-Fuels Holdings Ltd. (UFG) Resumed Trading
UFG,DJ-N,2025-10-02 13:30:00,,DJ-N$1c4bab23,Uni-Fuels Holdings Ltd. (UFG) Paused due to volatility
UFG,DJ-N,2025-10-01 20:00:00,,DJ-N$1c4972c8,Uni-Fuels Holdings Ltd. (UFG) Resumed Trading
UFG,DJ-N,2025-10-01 19:38:00,,DJ-N$1c496802,Uni-Fuels Holdings Ltd. (UFG) Paused due to volatility
UFG,DJ-N,2025-09-10 13:38:00,,DJ-N$1c182b49,Uni-Fuels Holdings Ltd. (UFG) Resumed Trading
UFG,DJ-N,2025-09-10 13:33:00,,DJ-N$1c1828e8,Uni-Fuels Holdings Ltd. (UFG) Paused due to volatility
UFG,DJ-N,2025-09-09 20:00:00,,DJ-N$1c1621db,Uni-Fuels Holdings Ltd. (UFG) Resumed Trading
UFG,DJ-N,2025-09-09 19:46:00,,DJ-N$1c161b1b,Uni-Fuels Holdings Ltd. (UFG) Paused due to volatility
UFG,DJ-N,2025-09-09 19:45:00,,DJ-N$1c161b0b,Uni-Fuels Holdings Ltd. (UFG) Resumed Trading
UFG,DJ-N,2025-09-09 19:35:00,,DJ-N$1c161953,Uni-Fuels Holdings Ltd. (UFG) Paused due to volatility
UFG,DJ-N,2025-09-04 15:58:00,,DJ-N$1c0b8e54,Uni-Fuels Holdings Ltd. (UFG) Resumed Trading
UFG,DJ-N,2025-09-04 15:53:00,,DJ-N$1c0b88f9,Uni-Fuels Holdings Ltd. (UFG) Paused due to volatility
UFG,DJ-N,2025-09-04 15:53:00,,DJ-N$1c0b8855,Uni-Fuels Holdings Ltd. (UFG) Resumed Trading
UFG,DJ-N,2025-09-04 15:43:00,,DJ-N$1c0b7d19,Uni-Fuels Holdings Ltd. (UFG) Paused due to volatility
UFG,DJ-N,2025-08-19 17:14:00,,DJ-N$1be51371,Uni-Fuels Holdings Ltd. (UFG) Resumed Trading
UFG,DJ-N,2025-08-19 17:09:00,,DJ-N$1be5121c,Uni-Fuels Holdings Ltd. (UFG) Paused due to volatility
UFG,DJ-N,2025-08-15 15:45:00,,DJ-N$1bddac1b,Uni-Fuels Holdings Ltd. (UFG) Resumed Trading
UFG,DJ-N,2025-08-15 15:40:00,,DJ-N$1bdda6f9,Uni-Fuels Holdings Ltd. (UFG) Paused due to volatility
UFG,DJ-N,2025-07-21 12:00:00,,DJ-N$1b981270,Press Release: Uni-Fuels Completes First Oversubscribed USD 3 Million Commercial Paper Issuance on ADDX
CNTX,DJ-N,2025-12-22 12:35:00,,DJ-N$1d0f651c,Context Therapeutics Price Target Announced at $7.00/Share by Jones Trading
CNTX,DJ-N,2025-12-22 12:35:00,,DJ-N$1d0f651a,Context Therapeutics Initiated at Buy by Jones Trading
CNTX,DJ-N,2025-11-22 08:01:00,,DJ-N$1ccc4a34,"CONTEXT THERAPEUTICS INC  COM, Inst Holders, 3Q 2025 (CNTX)"
CNTX,DJ-N,2025-11-06 13:32:00,,DJ-N$1ca0cec1,Context Therapeutics Price Target Maintained With a $9.00/Share by D. Boral Capital
CNTX,DJ-N,2025-11-06 13:32:00,,DJ-N$1ca0cec0,Context Therapeutics Is Maintained at Buy by D. Boral Capital
CNTX,DJ-N,2025-11-06 12:00:00,,DJ-N$1ca0830c,Context Therapeutics Price Target Raised to $5.00/Share From $4.00 by HC Wainwright & Co.
CNTX,DJ-N,2025-11-06 12:00:00,,DJ-N$1ca0830a,Context Therapeutics Is Maintained at Buy by HC Wainwright & Co.
CNTX,DJ-N,2025-11-05 22:48:00,,DJ-N$1c9ef3a9,Context Therapeutics 3Q Loss/Shr 10c >CNTX
CNTX,DJ-N,2025-11-05 21:21:00,,DJ-N$1c9e92e9,Context Therapeutics Files 8K - Other Events >CNTX
CNTX,DJ-N,2025-11-05 21:21:00,,DJ-N$1c9e92e8,Context Therapeutics Files 8K - Regulation FD >CNTX
CNTX,DJ-N,2025-11-05 21:16:00,,DJ-N$1c9e836d,Press Release: Context Therapeutics Reports Third -2-
CNTX,DJ-N,2025-11-05 21:16:00,,DJ-N$1c9e836c,Press Release: Context Therapeutics Reports Third Quarter 2025 Operating and Financial Results
CNTX,DJ-N,2025-10-24 20:02:00,,DJ-N$1c7ee5e0,Context Therapeutics Files 8K - Other Events >CNTX
CNTX,DJ-N,2025-10-24 20:02:00,,DJ-N$1c7ee5df,Context Therapeutics Files 8K - Entry Into Definitive Agreement >CNTX
CNTX,DJ-N,2025-10-20 22:49:00,,DJ-N$1c732e3a,Context Therapeutics Files 8K - Other Events >CNTX
CNTX,DJ-N,2025-10-16 12:50:00,,DJ-N$1c6a84de,Context Therapeutics Price Target Maintained With a $9.00/Share by D. Boral Capital
CNTX,DJ-N,2025-10-16 12:50:00,,DJ-N$1c6a84dc,Context Therapeutics Is Maintained at Buy by D. Boral Capital
CNTX,DJ-N,2025-10-06 11:30:00,,DJ-N$1c5190e1,Press Release: Context Therapeutics Announces Poster Presentations at the Society for Immunotherapy of Cancer's (SITC) 40th Annual Meeting
CNTX,DJ-N,2025-10-03 20:15:00,,DJ-N$1c4eef3b,Press Release: Context Therapeutics Announces Inducement Grant Under Nasdaq Listing Rule 5635(c)(4)
CNTX,DJ-N,2025-10-02 12:50:00,,DJ-N$1c4b9153,Context Therapeutics Initiated at Overweight by Cantor Fitzgerald
CNTX,DJ-N,2025-09-18 13:12:00,,DJ-N$1c2a0275,Context Therapeutics Price Target Announced at $5.00/Share by Guggenheim
CNTX,DJ-N,2025-09-18 13:12:00,,DJ-N$1c2a026f,Context Therapeutics Initiated at Buy by Guggenheim
CNTX,DJ-N,2025-09-02 11:32:00,,DJ-N$1c0424f7,Context Therapeutics Files 8K - Listing Notice >CNTX
CNTX,DJ-N,2025-08-22 07:01:00,,DJ-N$1bec3a9c,"CONTEXT THERAPEUTICS INC  COM, Inst Holders, 2Q 2025 (CNTX)"
CNTX,DJ-N,2025-08-07 11:49:00,,DJ-N$1bc6e78b,Context Therapeutics Price Target Maintained With a $9.00/Share by D. Boral Capital
CNTX,DJ-N,2025-08-07 11:49:00,,DJ-N$1bc6e788,Context Therapeutics Is Maintained at Buy by D. Boral Capital
CNTX,DJ-N,2025-08-07 11:07:00,,DJ-N$1bc6c620,Context Therapeutics Price Target Cut to $4.00/Share From $5.00 by HC Wainwright & Co.
CNTX,DJ-N,2025-08-07 11:07:00,,DJ-N$1bc6c61f,Context Therapeutics Is Maintained at Buy by HC Wainwright & Co.
CNTX,DJ-N,2025-08-06 21:21:00,,DJ-N$1bc4f3a1,Context Therapeutics Sees Funding Sufficient Into 2027 >CNTX
CNTX,DJ-N,2025-08-06 21:20:00,,DJ-N$1bc4f364,Context Therapeutics 2Q Loss/Shr 9c >CNTX
CNTX,DJ-N,2025-08-06 20:11:00,,DJ-N$1bc48e53,Press Release: Context Therapeutics Reports Second Quarter 2025 Operating and Financial Results
PBF,DJ-N,2026-01-03 17:42:00,,DJ-N$1d250a31,The Oil Sector's Biggest Winners and Losers From Venezuela Regime Change -- Barrons.com
PBF,DJ-N,2026-01-02 23:17:00,,DJ-N$1d243ddf,"Stocks to Watch: GH Research, PBF Energy, BigBear.ai"
PBF,DJ-N,2026-01-02 22:45:00,,DJ-N$1d243aef,PBF Energy Rebuilding California Refinery Will Continue Through Feburary
PBF,DJ-N,2026-01-02 22:31:00,,DJ-N$1d2438be,PBF Energy Sees Planned Operating Rates by Beginning of March >PBF
PBF,DJ-N,2026-01-02 22:30:00,,DJ-N$1d2438b3,"PBF Energy: Rebuild Activities at Martinez, Calif., Refinery Now Expected to Progress Into February"
PBF,DJ-N,2026-01-02 22:30:00,,DJ-N$1d243883,Press Release: PBF Energy Provides Update on Martinez Refinery Operations and Issues 2026 Annual Guidance Information
PBF,DJ-N,2025-12-22 20:46:00,,DJ-N$1d10da27,"Officer Andriola Sells 2,579 Of PBF Energy Inc >PBF"
PBF,DJ-N,2025-12-19 20:33:00,,DJ-N$1d0c5050,"Officer Andriola Registers 2,579 Of PBF Energy Inc >PBF"
PBF,DJ-N,2025-12-18 22:15:00,,DJ-N$1d09bce9,Press Release: PBF Energy to Release Fourth Quarter 2025 Earnings Results
PBF,DJ-N,2025-12-17 23:30:00,,DJ-N$1d06dbb0,Officer Andriola Surrenders 659 Of PBF Energy Inc >PBF
PBF,DJ-N,2025-12-17 23:30:00,,DJ-N$1d06db97,"VP Bukowski Surrenders 2,617 Of PBF Energy Inc >PBF"
PBF,DJ-N,2025-12-17 23:30:00,,DJ-N$1d06db6d,"Dir Davis Surrenders 5,272 Of PBF Energy Inc >PBF"
PBF,DJ-N,2025-12-17 23:29:00,,DJ-N$1d06daec,CFO Marino Surrenders 653 Of PBF Energy Inc >PBF
PBF,DJ-N,2025-12-17 23:29:00,,DJ-N$1d06dae7,"VP Canty Surrenders 4,869 Of PBF Energy Inc >PBF"
PBF,DJ-N,2025-12-17 23:29:00,,DJ-N$1d06dacf,"VP Fedena Surrenders 4,045 Of PBF Energy Inc >PBF"
PBF,DJ-N,2025-12-17 23:28:00,,DJ-N$1d06dacc,"CEO Lucey Surrenders 14,298 Of PBF Energy Inc >PBF"
PBF,DJ-N,2025-12-17 23:28:00,,DJ-N$1d06da59,"VP Davis Surrenders 4,869 Of PBF Energy Inc >PBF"
PBF,DJ-N,2025-12-17 23:28:00,,DJ-N$1d06da53,"VP Ho Surrenders 4,869 Of PBF Energy Inc >PBF"
PBF,DJ-N,2025-12-17 23:26:00,,DJ-N$1d06d8b1,"VP O'Connor Surrenders 4,869 Of PBF Energy Inc >PBF"
PBF,DJ-N,2025-12-12 12:46:00,,DJ-N$1cfaa325,PBF Energy Price Target Raised to $38.00/Share From $31.00 by Mizuho
PBF,DJ-N,2025-12-12 12:46:00,,DJ-N$1cfaa323,PBF Energy Raised to Neutral From Underperform by Mizuho
PBF,DJ-N,2025-12-09 21:27:00,,DJ-N$1cf2fbf8,Officer Andriola Surrenders 79 Of PBF Energy Inc >PBF
PBF,DJ-N,2025-12-08 16:53:00,,DJ-N$1cef2f2a,PBF Energy Price Target Announced at $23.00/Share by Wolfe Research
PBF,DJ-N,2025-12-08 16:53:00,,DJ-N$1cef2f27,PBF Energy Cut to Underperform From Peer Perform by Wolfe Research
PBF,DJ-N,2025-12-04 22:33:00,,DJ-N$1ce8ddda,Officer Andriola Surrenders 243 Of PBF Energy Inc >PBF
PBF,DJ-N,2025-12-04 22:33:00,,DJ-N$1ce8dd5c,CFO Marino Surrenders 496 Of PBF Energy Inc >PBF
PBF,DJ-N,2025-12-04 22:32:00,,DJ-N$1ce8dd49,"VP Ho Surrenders 2,895 Of PBF Energy Inc >PBF"
PBF,DJ-N,2025-12-04 22:31:00,,DJ-N$1ce8dd40,"VP Fedena Surrenders 2,201 Of PBF Energy Inc >PBF"
PBF,DJ-N,2025-12-04 22:31:00,,DJ-N$1ce8dd37,"VP O'Connor Surrenders 4,096 Of PBF Energy Inc >PBF"
PBF,DJ-N,2025-12-04 22:31:00,,DJ-N$1ce8dd26,"CEO Lucey Surrenders 4,724 Of PBF Energy Inc >PBF"
PBF,DJ-N,2025-12-04 22:30:00,,DJ-N$1ce8dd11,"VP Canty Surrenders 4,096 Of PBF Energy Inc >PBF"
PBF,DJ-N,2025-12-04 22:29:00,,DJ-N$1ce8dca5,"VP Davis Surrenders 4,096 Of PBF Energy Inc >PBF"
PBF,DJ-N,2025-11-20 08:02:00,,DJ-N$1cc4f8a7,"PBF Energy  Inc Class A, Inst Holders, 3Q 2025 (PBF)"
PBF,DJ-N,2025-11-14 15:36:00,,DJ-N$1cb7de5c,PBF Energy Price Target Raised to $42.00/Share From $29.00 by Piper Sandler
PBF,DJ-N,2025-11-14 15:36:00,,DJ-N$1cb7de55,PBF Energy Is Maintained at Underweight by Piper Sandler
PBF,DJ-N,2025-11-13 13:44:00,,DJ-N$1cb3f8f4,Substantial Insider Sales: Morning Report -2-
PBF,DJ-N,2025-11-13 13:44:00,,DJ-N$1cb3f8f2,Substantial Insider Sales: Morning Report
PBF,DJ-N,2025-11-12 23:27:00,,DJ-N$1cb20d76,"VP Davis Sells 50,000 Of PBF Energy Inc >PBF"
PBF,DJ-N,2025-11-12 23:20:00,,DJ-N$1cb20bed,"VP O'Connor Sells 75,997 Of PBF Energy Inc >PBF"
PBF,DJ-N,2025-11-12 13:21:00,,DJ-N$1cb05949,"VP O'Connor Registers 50,000 Of PBF Energy Inc >PBF"
PBF,DJ-N,2025-11-10 21:13:00,,DJ-N$1caad29a,"VP O'Connor Registers 25,997 Of PBF Energy Inc >PBF"
PBF,DJ-N,2025-11-10 17:51:00,,DJ-N$1caa2d71,"VP Davis Registers 50,000 Of PBF Energy Inc >PBF"
PBF,DJ-N,2025-11-07 21:44:00,,DJ-N$1ca5ef76,Substantial Insider Sales: Afternoon Report
PBF,DJ-N,2025-11-07 20:45:00,,DJ-N$1ca5ae62,"CEO Lucey Acquires 8,165 Of PBF Energy Inc >PBF"
PBF,DJ-N,2025-11-07 19:57:00,,DJ-N$1ca5a41e,"VP Canty Sells 50,000 Of PBF Energy Inc >PBF"
PBF,DJ-N,2025-11-06 21:30:00,,DJ-N$1ca24716,Press Release: PBF Energy to Participate in Industry Conferences
PBF,DJ-N,2025-11-06 15:12:00,,DJ-N$1ca11d34,"VP Canty Registers 50,000 Of PBF Energy Inc >PBF"
PBF,DJ-N,2025-11-05 21:00:00,,DJ-N$1c9e5b0d,"Officer Andriola Sells 1,048 Of PBF Energy Inc >PBF"
PBF,DJ-N,2025-11-05 13:44:00,,DJ-N$1c9d2b39,Substantial Insider Sales: Morning Report
PBF,DJ-N,2025-11-04 22:25:00,,DJ-N$1c9b472c,"Chmn Nimbley Sells 250,000 Of PBF Energy Inc >PBF"
SBLX,DJ-N,2025-11-21 08:00:00,,DJ-N$1cc811b2,"STABLEX TECHNOLOGIES INC  COM, Inst Holders, 3Q 2025 (SBLX)"
SBLX,DJ-N,2025-10-31 21:01:00,,DJ-N$1c92ba95,"StableX Technologies Files 8K - Director, Officer or Compensation Filing >SBLX"
SBLX,DJ-N,2025-10-14 16:00:00,,DJ-N$1c6520dd,Press Release: BitGo and StableX Announce Strategic Partnership to Secure Digital Asset Treasury Holdings
SBLX,DJ-N,2025-10-14 14:14:00,,DJ-N$1c64a8d7,StableX Technologies Inc. (SBLX) Resumed Trading
SBLX,DJ-N,2025-10-14 14:04:00,,DJ-N$1c649f66,StableX Technologies Inc. (SBLX) Paused due to volatility
SBLX,DJ-N,2025-10-14 13:39:00,,DJ-N$1c648eab,StableX Technologies Inc. (SBLX) Resumed Trading
SBLX,DJ-N,2025-10-14 13:34:00,,DJ-N$1c648ae3,StableX Technologies Inc. (SBLX) Paused due to volatility
SBLX,DJ-N,2025-10-06 21:18:00,,DJ-N$1c528a0b,"StableX Technologies Files 8K - Director, Officer or Compensation Filing >SBLX"
SBLX,DJ-N,2025-10-06 21:18:00,,DJ-N$1c528a0a,StableX Technologies Files 8K - Changes To Hldr Rights >SBLX
SBLX,DJ-N,2025-09-11 13:43:00,,DJ-N$1c1ae87c,StableX Technologies Inc. (SBLX) Resumed Trading
SBLX,DJ-N,2025-09-11 13:38:00,,DJ-N$1c1ae59d,StableX Technologies Inc. (SBLX) Paused due to volatility
SBLX,DJ-N,2025-09-09 15:54:00,,DJ-N$1c15ccf1,StableX Technologies Inc. (SBLX) Resumed Trading
SBLX,DJ-N,2025-09-09 15:49:00,,DJ-N$1c15c6bd,StableX Technologies Inc. (SBLX) Paused due to volatility
SBLX,DJ-N,2025-09-09 15:45:00,,DJ-N$1c15c3af,StableX Technologies Inc. (SBLX) Resumed Trading
SBLX,DJ-N,2025-09-09 15:40:00,,DJ-N$1c15bddf,StableX Technologies Inc. (SBLX) Paused due to volatility
SBLX,DJ-N,2025-09-09 15:28:00,,DJ-N$1c15b0be,StableX Technologies Inc. (SBLX) Resumed Trading
SBLX,DJ-N,2025-09-09 15:18:00,,DJ-N$1c15a4b0,StableX Technologies Inc. (SBLX) Paused due to volatility
SBLX,DJ-N,2025-09-09 15:16:00,,DJ-N$1c15a208,StableX Technologies Inc. (SBLX) Resumed Trading
SBLX,DJ-N,2025-09-09 15:06:00,,DJ-N$1c159630,StableX Technologies Inc. (SBLX) Paused due to volatility
SBLX,DJ-N,2025-09-09 15:05:00,,DJ-N$1c1595be,StableX Technologies Inc. (SBLX) Resumed Trading
SBLX,DJ-N,2025-09-09 15:00:00,,DJ-N$1c158fd2,StableX Technologies Inc. (SBLX) Paused due to volatility
SBLX,DJ-N,2025-09-09 15:00:00,,DJ-N$1c158fca,StableX Technologies Inc. (SBLX) Resumed Trading
SBLX,DJ-N,2025-09-09 14:50:00,,DJ-N$1c158218,StableX Technologies Inc. (SBLX) Paused due to volatility
SBLX,DJ-N,2025-09-09 14:50:00,,DJ-N$1c1581af,StableX Technologies Inc. (SBLX) Resumed Trading
SBLX,DJ-N,2025-09-09 14:45:00,,DJ-N$1c157a67,StableX Technologies Inc. (SBLX) Paused due to volatility
SBLX,DJ-N,2025-09-09 14:44:00,,DJ-N$1c157a06,StableX Technologies Inc. (SBLX) Resumed Trading
SBLX,DJ-N,2025-09-09 14:39:00,,DJ-N$1c157258,StableX Technologies Inc. (SBLX) Paused due to volatility
SBLX,DJ-N,2025-09-09 14:39:00,,DJ-N$1c1571f2,StableX Technologies Inc. (SBLX) Resumed Trading
SBLX,DJ-N,2025-09-09 14:29:00,,DJ-N$1c15662e,StableX Technologies Inc. (SBLX) Paused due to volatility
SBLX,DJ-N,2025-09-09 14:28:00,,DJ-N$1c156502,StableX Technologies Inc. (SBLX) Resumed Trading
SBLX,DJ-N,2025-09-09 14:23:00,,DJ-N$1c155fea,StableX Technologies Inc. (SBLX) Paused due to volatility
SBLX,DJ-N,2025-09-09 14:09:00,,DJ-N$1c1551db,StableX Technologies Inc. (SBLX) Resumed Trading
SBLX,DJ-N,2025-09-09 14:04:00,,DJ-N$1c154da3,StableX Technologies Inc. (SBLX) Paused due to volatility
SBLX,DJ-N,2025-09-09 13:59:00,,DJ-N$1c154975,StableX Technologies Inc. (SBLX) Resumed Trading
SBLX,DJ-N,2025-09-09 13:54:00,,DJ-N$1c154867,StableX Technologies Inc. (SBLX) Paused due to volatility
SBLX,DJ-N,2025-09-09 13:54:00,,DJ-N$1c154856,StableX Technologies Inc. (SBLX) Resumed Trading
SBLX,DJ-N,2025-09-09 13:49:00,,DJ-N$1c154626,StableX Technologies Inc. (SBLX) Paused due to volatility
SBLX,DJ-N,2025-09-09 13:48:00,,DJ-N$1c154587,StableX Technologies Inc. (SBLX) Resumed Trading
SBLX,DJ-N,2025-09-09 13:38:00,,DJ-N$1c154108,StableX Technologies Inc. (SBLX) Paused due to volatility
SBLX,DJ-N,2025-09-09 13:38:00,,DJ-N$1c1540ff,StableX Technologies Inc. (SBLX) Resumed Trading
SBLX,DJ-N,2025-09-09 13:33:00,,DJ-N$1c153df5,StableX Technologies Inc. (SBLX) Paused due to volatility
SBLX,DJ-N,2025-09-05 21:01:00,,DJ-N$1c0efae8,"StableX Technologies Files 8K - Director, Officer or Compensation Filing >SBLX"
SBLX,DJ-N,2025-08-26 21:16:00,,DJ-N$1bf5882e,StableX Technologies Files 8K - Regulation FD >SBLX
SBLX,DJ-N,2025-08-26 21:16:00,,DJ-N$1bf5882b,StableX Technologies Files 8K - Changes To Articles >SBLX
SBLX,DJ-N,2025-08-26 21:16:00,,DJ-N$1bf58829,StableX Technologies Files 8K - Entry Into Definitive Agreement >SBLX
SBLX,DJ-N,2025-08-25 21:08:00,,DJ-N$1bf26e8f,News On AYRO Inc. (AYRO) Now Under SBLX
SBLX,DJ-N,2025-08-21 07:01:00,,DJ-N$1be95d9d,"AYRO INC  COM, Inst Holders, 2Q 2025 (AYRO)"
SBLX,DJ-N,2025-08-12 21:14:00,,DJ-N$1bd45fb1,Ayro Files 8K - Changes To Articles >AYRO
SBLX,DJ-N,2025-08-12 21:14:00,,DJ-N$1bd45fab,Ayro Files 8K - Changes To Hldr Rights >AYRO
SBLX,DJ-N,2025-08-05 13:48:00,,DJ-N$1bbfdea6,AYRO Inc. (AYRO) Resumed Trading
PRZO,DJ-N,2026-01-02 13:42:00,,DJ-N$1d23249f,ParaZero Technologies Has Received Its First Purchase Order From a Main Israeli Defense Entity for its Advanced DefendAir Counter-Unmanned Aerial Systems >PRZO
PRZO,DJ-N,2026-01-02 13:42:00,,DJ-N$1d23246b,Press Release: ParaZero Secures First Order from Israeli Defense Entity for DefendAir Counter-UAS Systems
PRZO,DJ-N,2026-01-02 13:42:00,,DJ-N$1d23246d,Press Release: ParaZero Secures First Order from Israeli Defense Entity for DefendAir Counter-UAS Systems
PRZO,DJ-N,2025-12-22 13:38:00,,DJ-N$1d0f8b44,Press Release: ParaZero Successfully Completes First Live DefendAir Demonstration in Europe for Senior NATO Officers from Multiple Western European Countries
PRZO,DJ-N,2025-12-22 13:38:00,,DJ-N$1d0f8b22,Press Release: ParaZero Successfully Completes First Live DefendAir Demonstration in Europe for Senior NATO Officers from Multiple Western European Countries
PRZO,DJ-N,2025-12-12 21:05:00,,DJ-N$1cfbbaac,Press Release: ParaZero DefendAir Impresses German Bundesl&#228;nder Police Leadership in Live Demonstration Organized by The Israeli Ministry of Defense
PRZO,DJ-N,2025-12-10 12:32:00,,DJ-N$1cf4b9e8,Press Release: Silence in the Skies: How ParaZero is Turning the Aerial Threat into a Security Success Story
PRZO,DJ-N,2025-12-10 12:32:00,,DJ-N$1cf4b9e7,Press Release: Silence in the Skies: How ParaZero is Turning the Aerial Threat into a Security Success Story
PRZO,DJ-N,2025-12-05 12:55:00,,DJ-N$1cea5304,"Press Release: ParaZero Signs Strategic Distribution Agreement, Significantly Expanding Reach into Western European NATO Defense Markets"
PRZO,DJ-N,2025-12-05 12:55:00,,DJ-N$1cea52f3,"Press Release: ParaZero Signs Strategic Distribution Agreement, Significantly Expanding Reach into Western European NATO Defense Markets"
PRZO,DJ-N,2025-11-17 21:04:00,,DJ-N$1cbd65d1,ParaZero Technologies Gets DefendAir Systems Purchase Order From Dutch Defense Distributor
PRZO,DJ-N,2025-11-17 21:03:00,,DJ-N$1cbd6575,Press Release: ParaZero Strengthens European Anti-Drone Capabilities with a Significant Purchase Order for DefendAir Systems from Leading Dutch Defense Distributor
PRZO,DJ-N,2025-11-17 21:03:00,,DJ-N$1cbd6573,Press Release: ParaZero Strengthens European Anti-Drone Capabilities with a Significant Purchase Order for DefendAir Systems from Leading Dutch Defense Distributor
PRZO,DJ-N,2025-11-03 11:28:00,,DJ-N$1c95af29,"Press Release: ParaZero to Showcase its Cutting-Edge Anti-Drone Technology at Milipol Paris 2025, the Leading Homeland Security and Safety Event"
PRZO,DJ-N,2025-11-03 11:28:00,,DJ-N$1c95af17,"Press Release: ParaZero to Showcase its Cutting-Edge Anti-Drone Technology at Milipol Paris 2025, the Leading Homeland Security and Safety Event"
PRZO,DJ-N,2025-10-24 12:07:00,,DJ-N$1c7db9d4,ParaZero Wins 'Substantial' Order for Anti-Drone Systems From Major Global Defense Corporation
PRZO,DJ-N,2025-10-24 12:07:00,,DJ-N$1c7db9af,Press Release: ParaZero Wins Another Substantial Order for Anti-Drone Systems from Major Global Defense Corporation
PRZO,DJ-N,2025-10-24 12:07:00,,DJ-N$1c7db9a8,Press Release: ParaZero Wins Another Substantial Order for Anti-Drone Systems from Major Global Defense Corporation
PRZO,DJ-N,2025-10-22 11:50:00,,DJ-N$1c778c41,ParaZero Techn Signs Significant Purchase Order With Airobotics Ltd. for Delivery of Advanced Safety Systems >PRZO
PRZO,DJ-N,2025-10-22 11:50:00,,DJ-N$1c778c18,"ParaZero Secures Significant Purchase Order for Airobotics' Autonomous Defense Drones, Strengthening Position in Booming Drone Defense Market"
PRZO,DJ-N,2025-10-22 11:50:00,,DJ-N$1c778c04,"Press Release: ParaZero Secures Significant Purchase Order for Airobotics' Autonomous Defense Drones, Strengthening Position in Booming Drone Defense Market"
PRZO,DJ-N,2025-10-22 11:50:00,,DJ-N$1c778bfe,"Press Release: ParaZero Secures Significant Purchase Order for Airobotics' Autonomous Defense Drones, Strengthening Position in Booming Drone Defense Market"
PRZO,DJ-N,2025-10-02 13:20:00,,DJ-N$1c4ba834,Press Release: Drone-as-a-Service Market -2-
PRZO,DJ-N,2025-10-02 13:20:00,,DJ-N$1c4ba832,Press Release: Drone-as-a-Service Market Estimated to Reach $27 Billion By 2033 as Drone Manufacturers Ramp up Production Efforts
PRZO,DJ-N,2025-09-23 11:57:00,,DJ-N$1c33a5f4,"Dir Revach Registers 10,487 Of ParaZero Technologies Ltd >PRZO"
PRZO,DJ-N,2025-09-15 11:42:00,,DJ-N$1c216331,Press Release: Successful Showcase of ParaZero's DefendAir System with Israel's Defense and National Authorities and Trexmatic's Autonomous Robot
PRZO,DJ-N,2025-09-15 11:42:00,,DJ-N$1c21632f,Press Release: Successful Showcase of ParaZero's DefendAir System with Israel's Defense and National Authorities and Trexmatic's Autonomous Robot
PRZO,DJ-N,2025-09-11 12:08:00,,DJ-N$1c1aacea,"Press Release: ParaZero Delivers Perfect Results with Innovative Counter-Drone Net Solution in Israeli Trial Demonstration, Protecting Key Sites from Drone Threats"
PRZO,DJ-N,2025-09-11 12:08:00,,DJ-N$1c1aace9,"Press Release: ParaZero Delivers Perfect Results with Innovative Counter-Drone Net Solution in Israeli Trial Demonstration, Protecting Key Sites from Drone Threats"
PRZO,DJ-N,2025-09-09 12:14:00,,DJ-N$1c1505d9,ParaZero's DropAir Achieves Life-Saving Breakthrough in Precision Critical Blood Transfusions Delivery With IDF and Israeli Ministry of Defense
PRZO,DJ-N,2025-09-09 12:14:00,,DJ-N$1c1505a9,Press Release: ParaZero's DropAir Achieves Life-Saving Breakthrough in Precision Critical Blood Transfusions Delivery with IDF and Israeli Ministry of Defense
PRZO,DJ-N,2025-09-09 12:14:00,,DJ-N$1c1505a8,Press Release: ParaZero's DropAir Achieves Life-Saving Breakthrough in Precision Critical Blood Transfusions Delivery with IDF and Israeli Ministry of Defense
PRZO,DJ-N,2025-09-09 12:00:00,,DJ-N$1c14fe5b,"CFO Livne Registers 13,983 Of ParaZero Technologies Ltd >PRZO"
PRZO,DJ-N,2025-09-04 14:15:00,,DJ-N$1c0b19e6,Press Release: ParaZero Achieves Flawless Success with First Ever Counter-Drone Net Solution in Israel to Shield Critical Sites Against Aerial Assaults in Trial Demonstration
PRZO,DJ-N,2025-08-28 20:15:00,,DJ-N$1bfbd72b,Press Release: ParaZero Announces First Half of -3-
PRZO,DJ-N,2025-08-28 20:15:00,,DJ-N$1bfbd728,Press Release: ParaZero Announces First Half of -2-
PRZO,DJ-N,2025-08-28 20:15:00,,DJ-N$1bfbd725,Press Release: ParaZero Announces First Half of 2025 Financial Results
PRZO,DJ-N,2025-08-28 14:20:00,,DJ-N$1bfae4c6,Press Release: Global Production Quickly Ramping -2-
PRZO,DJ-N,2025-08-28 14:20:00,,DJ-N$1bfae4c0,Press Release: Global Production Quickly Ramping Up for Drone Industry Specific to Defense and Military Operations
PRZO,DJ-N,2025-08-25 13:29:00,,DJ-N$1bf0ebf5,ParaZero Concluded Another Field Test Demonstrating 100% Success Rate in Countering Hostile Drone Threats on Critical and Sensitive Infrastructure
PRZO,DJ-N,2025-08-25 13:29:00,,DJ-N$1bf0ebca,Press Release: ParaZero Concluded Another Field Test Demonstrating 100% Success Rate in Countering Hostile Drone Threats on Critical and Sensitive Infrastructure
PRZO,DJ-N,2025-08-25 13:29:00,,DJ-N$1bf0ebc7,Press Release: ParaZero Concluded Another Field Test Demonstrating 100% Success Rate in Countering Hostile Drone Threats on Critical and Sensitive Infrastructure
PRZO,DJ-N,2025-08-18 11:32:00,,DJ-N$1be0d0db,ParaZero Receives Order From a Defense Entity for Its Counter Drone Technology
PRZO,DJ-N,2025-08-18 11:32:00,,DJ-N$1be0d063,Press Release: ParaZero Receives Order from a Defense Entity for its Counter Drone Technology
PRZO,DJ-N,2025-08-18 11:32:00,,DJ-N$1be0d060,Press Release: ParaZero Receives Order from a Defense Entity for its Counter Drone Technology
PRZO,DJ-N,2025-08-14 13:45:00,,DJ-N$1bd9f220,Press Release: U.S. Drone Land Surveying Market -2-
PRZO,DJ-N,2025-08-14 13:45:00,,DJ-N$1bd9f21e,Press Release: U.S. Drone Land Surveying Market Expected to Reach $6.59 Billion By End Of 2033
PRZO,DJ-N,2025-08-08 11:16:00,,DJ-N$1bcaa8b8,"Press Release: ParaZero's DefendAir System Triumphs in Field Trial, Unveiling Advanced Counter-Drone Defense Solution"
PRZO,DJ-N,2025-08-08 11:16:00,,DJ-N$1bcaa8b6,"Press Release: ParaZero's DefendAir System Triumphs in Field Trial, Unveiling Advanced Counter-Drone Defense Solution"
PRZO,DJ-N,2025-08-05 13:09:00,,DJ-N$1bbfc0da,Press Release: ParaZero and Stedicopter Receive the Israeli Ministry of Defense Approval to Market Globally the fully integrated DropAir Precision Airdrop System
LSAK,DJ-N,2026-01-02 21:44:00,,DJ-N$1d2416ba,Substantial Insider Purchases: Afternoon Report
LSAK,DJ-N,2026-01-02 21:08:00,,DJ-N$1d23eef9,"Chmn Mazanderani Buys 1,800,000 Of Lesaka Technologies Inc >LSAK"
LSAK,DJ-N,2025-12-15 12:12:00,,DJ-N$1cfecb51,CFA Financials:Insider Review For Week Ended 12-Dec -3-
LSAK,DJ-N,2025-12-15 12:12:00,,DJ-N$1cfecb1d,CFA Financials:Insider Review For Week Ended 12-Dec -2-
LSAK,DJ-N,2025-12-15 12:12:00,,DJ-N$1cfecb16,CFA Financials:Insider Review For Week Ended 12-Dec
LSAK,DJ-N,2025-12-11 21:44:00,,DJ-N$1cf8f6c2,Substantial Insider Purchases: Afternoon Report
LSAK,DJ-N,2025-12-11 21:12:00,,DJ-N$1cf8ce15,"Officer/Dir Smith Buys 17,264 Of Lesaka Technologies Inc >LSAK"
LSAK,DJ-N,2025-12-11 21:05:00,,DJ-N$1cf8c342,Press Release: Lesaka Webcast and Conference Call to Review Second Quarter 2026 Results
LSAK,DJ-N,2025-12-10 13:44:00,,DJ-N$1cf4e90b,Substantial Insider Purchases: Morning Report
LSAK,DJ-N,2025-12-09 22:30:00,,DJ-N$1cf32e0a,"Officer/Dir Smith Buys 13,236 Of Lesaka Technologies Inc >LSAK"
LSAK,DJ-N,2025-11-05 22:21:00,,DJ-N$1c9ee703,Lesaka Technologies 1Q Adj EPS 6c >LSAK
LSAK,DJ-N,2025-11-05 21:13:00,,DJ-N$1c9e7b12,Lesaka Technologies Files 8K - Operations And Financial Condition >LSAK
LSAK,DJ-N,2025-11-05 21:05:00,,DJ-N$1c9e6f9e,Press Release: Lesaka's Q1 FY2026 Results: Lesaka -5-
LSAK,DJ-N,2025-11-05 21:05:00,,DJ-N$1c9e6f99,Press Release: Lesaka's Q1 FY2026 Results: Lesaka -4-
LSAK,DJ-N,2025-11-05 21:05:00,,DJ-N$1c9e6f92,Press Release: Lesaka's Q1 FY2026 Results: Lesaka -3-
LSAK,DJ-N,2025-11-05 21:05:00,,DJ-N$1c9e6f90,Press Release: Lesaka's Q1 FY2026 Results: Lesaka -2-
LSAK,DJ-N,2025-11-05 21:05:00,,DJ-N$1c9e6f8c,Press Release: Lesaka's Q1 FY2026 Results: Lesaka achieves Q1 FY2026 guidance and reaffirms FY2026 outlook
LSAK,DJ-N,2025-10-07 12:05:00,,DJ-N$1c548701,Press Release: Lesaka Webcast and Conference Call to Review First Quarter 2026 Results
LSAK,DJ-N,2025-09-29 20:31:00,,DJ-N$1c427260,Lesaka Technologies Files 8K - Operations And Financial Condition >LSAK
LSAK,DJ-N,2025-09-29 20:19:00,,DJ-N$1c42645a,Lesaka Technologies: FY2026 Guidance Excludes the Impact of the Bank Zero Acquisition >LSAK
LSAK,DJ-N,2025-09-29 20:18:00,,DJ-N$1c426435,Lesaka Technologies Sees FY26 Adj EPS ZAR4.60 >LSAK
LSAK,DJ-N,2025-09-29 20:15:00,,DJ-N$1c425fe2,Lesaka Technologies Sees FY26 Rev ZAR6.4B-ZAR6.9B >LSAK
LSAK,DJ-N,2025-09-29 20:14:00,,DJ-N$1c425e08,Lesaka Technologies 4Q Adj EPS 5c >LSAK
LSAK,DJ-N,2025-09-29 20:12:00,,DJ-N$1c425b95,Lesaka Technologies 4Q Loss/Shr 35c >LSAK
LSAK,DJ-N,2025-09-29 20:11:00,,DJ-N$1c425aa6,Lesaka Technologies 4Q Rev $168.5M >LSAK
LSAK,DJ-N,2025-09-29 20:10:00,,DJ-N$1c425924,Press Release: Lesaka's Final FY2025 Results: -5-
LSAK,DJ-N,2025-09-29 20:10:00,,DJ-N$1c425922,Press Release: Lesaka's Final FY2025 Results: -4-
LSAK,DJ-N,2025-09-29 20:10:00,,DJ-N$1c42591e,Press Release: Lesaka's Final FY2025 Results: -3-
LSAK,DJ-N,2025-09-29 20:10:00,,DJ-N$1c425919,Press Release: Lesaka's Final FY2025 Results: -2-
LSAK,DJ-N,2025-09-29 20:10:00,,DJ-N$1c425915,"Press Release: Lesaka's Final FY2025 Results: Delivers on FY2025 Profitability Guidance, Reaffirms FY2026 Profitability & Net Revenue Outlook, and Sets FY2026 Profitability per Share Guidance, reflecting more than 100% Year-on-Year Growth"
LSAK,DJ-N,2025-09-11 17:23:00,,DJ-N$1c1b9356,Lesaka Technologies Stock Falls on Plans to Restate FY25 Results
LSAK,DJ-N,2025-09-11 16:54:00,,DJ-N$1c1b8d51,"Lesaka Technologies Down Over 10%, on Pace for Largest Percent Decrease Since April 2023 -- Data Talk"
LSAK,DJ-N,2025-09-10 21:11:00,,DJ-N$1c19484e,Lesaka Technologies to Restate FY25 Results
LSAK,DJ-N,2025-09-10 20:41:00,,DJ-N$1c1933ca,Lesaka Technologies Doesn't Expect Impact on Operating Income or Net Loss
LSAK,DJ-N,2025-09-10 20:41:00,,DJ-N$1c1932ff,"Lesaka Technologies: Restatement Is Due to Re-Evaluation of the Classification of Certain Rev That Has Been Reported as an Agent Rather Than as Principal, and Related Cost of Goods Sold"
LSAK,DJ-N,2025-09-10 20:37:00,,DJ-N$1c192e6c,Lesaka Technologies 4Q Adj EPS 13c >LSAK
LSAK,DJ-N,2025-09-10 20:35:00,,DJ-N$1c192d08,Lesaka Technologies to Restate Results
LSAK,DJ-N,2025-09-10 20:35:00,,DJ-N$1c192bf7,Lesaka Technologies 4Q Loss/Shr 35c
LSAK,DJ-N,2025-09-10 20:14:00,,DJ-N$1c191328,Press Release: Lesaka Announces Preliminary -5-
LSAK,DJ-N,2025-09-10 20:14:00,,DJ-N$1c191324,Press Release: Lesaka Announces Preliminary -4-
LSAK,DJ-N,2025-09-10 20:14:00,,DJ-N$1c191322,Press Release: Lesaka Announces Preliminary -3-
LSAK,DJ-N,2025-09-10 20:14:00,,DJ-N$1c191321,Press Release: Lesaka Announces Preliminary -2-
LSAK,DJ-N,2025-09-10 20:14:00,,DJ-N$1c191320,"Press Release: Lesaka Announces Preliminary FY2025 Results, Delivers on FY2025 Profitability Guidance, Reaffirms FY2026 Profitability Outlook, and Sets FY2026 Profitability per Share Guidance, reflecting more than 100% Year-on-Year Growth"
LSAK,DJ-N,2025-09-10 20:08:00,,DJ-N$1c190c69,Lesaka Technologies Files 8K - Operations And Financial Condition >LSAK
LSAK,DJ-N,2025-09-09 13:32:00,,DJ-N$1c153d99,Lesaka Technologies Files 8K - Direct Or Off-Balance Sheet Financial Obligation >LSAK
LSAK,DJ-N,2025-09-09 13:32:00,,DJ-N$1c153d91,Lesaka Technologies Files 8K - Entry Into Definitive Agreement >LSAK
LSAK,DJ-N,2025-08-26 20:05:00,,DJ-N$1bf5444c,"Press Release: Lesaka to Host Webcast and Conference Call to Review Fourth Quarter and Year-End 2025 Results on September 11, 2025"
LSAK,DJ-N,2025-07-09 20:05:00,,DJ-N$1b7f21df,Press Release: Lesaka Webcast and Conference Call to Review Fourth Quarter and Year-End 2025 Results
XTIA,DJ-N,2026-01-02 22:01:00,,DJ-N$1d242809,XTI Aerospace Files 8K - Other Events >XTIA
XTIA,DJ-N,2026-01-02 22:01:00,,DJ-N$1d242808,"XTI Aerospace Files 8K - Director, Officer or -2-"
XTIA,DJ-N,2026-01-02 22:01:00,,DJ-N$1d242807,"XTI Aerospace Files 8K - Director, Officer or Compensation Filing >XTIA"
XTIA,DJ-N,2025-12-24 00:05:00,,DJ-N$1d14101f,Press Release: XTI Aerospace and Drone Nerds Poised to Lead U.S. Commercial Drone Market Amid New FCC Action on Foreign-Made UAS
XTIA,DJ-N,2025-12-04 22:08:00,,DJ-N$1ce8d6ee,XTI Aerospace Files 8K - Regulation FD >XTIA
XTIA,DJ-N,2025-12-02 14:12:00,,DJ-N$1ce19f3c,Press Release: XTI Aerospace Reschedules Investor Town Hall to January as Company Prepares Major Program Updates
XTIA,DJ-N,2025-12-02 14:00:00,,DJ-N$1ce19454,Press Release: XTI Aerospace Reschedules Investor Town Hall to January as Company Prepares Major Program Updates
XTIA,DJ-N,2025-11-19 22:08:00,,DJ-N$1cc3f820,XTI Aerospace 3Q Loss/Shr 61c >XTIA
XTIA,DJ-N,2025-11-19 22:08:00,,DJ-N$1cc3f7cb,XTI Aerospace 3Q Rev $2.5M >XTIA
XTIA,DJ-N,2025-11-19 22:05:00,,DJ-N$1cc3f460,XTI Aerospace Files 8K - Operations And Financial Condition >XTIA
XTIA,DJ-N,2025-11-19 22:00:00,,DJ-N$1cc3ee23,Press Release: XTI Aerospace Reports Third -2-
XTIA,DJ-N,2025-11-19 22:00:00,,DJ-N$1cc3ee21,Press Release: XTI Aerospace Reports Third Quarter 2025 Results and Provides Business Update
XTIA,DJ-N,2025-11-19 14:00:00,,DJ-N$1cc29126,"Press Release: XTI Aerospace Hosts Exclusive Dinner at Trump's Mar-a-Lago, Showcasing the Future of the Vertical Economy(TM)"
XTIA,DJ-N,2025-11-19 08:15:00,,DJ-N$1cc1e8c9,"XTI AEROSPACE INC  COM, Inst Holders, 3Q 2025 (XTIA)"
XTIA,DJ-N,2025-11-14 22:00:00,,DJ-N$1cb8f5e4,Press Release: XTI Aerospace Announces Rescheduled Town Hall Addressing Strategic Initiatives
XTIA,DJ-N,2025-11-13 21:25:00,,DJ-N$1cb545ca,XTI Aerospace Files 8K - Other Events >XTIA
XTIA,DJ-N,2025-11-13 21:15:00,,DJ-N$1cb53556,"Press Release: XTI Aerospace, Inc. Announces Postponement of Annual Meeting of Stockholders"
XTIA,DJ-N,2025-11-12 14:29:00,,DJ-N$1cb09580,XTI Aerospace Files 8K - Other Events >XTIA -4-
XTIA,DJ-N,2025-11-12 14:29:00,,DJ-N$1cb0957d,XTI Aerospace Files 8K - Other Events >XTIA -3-
XTIA,DJ-N,2025-11-12 14:29:00,,DJ-N$1cb0957b,XTI Aerospace Files 8K - Other Events >XTIA -2-
XTIA,DJ-N,2025-11-12 14:29:00,,DJ-N$1cb0956d,XTI Aerospace Files 8K - Other Events >XTIA
XTIA,DJ-N,2025-11-12 14:29:00,,DJ-N$1cb0956c,XTI Aerospace Files 8K - Regulation FD >XTIA
XTIA,DJ-N,2025-11-12 14:29:00,,DJ-N$1cb09569,XTI Aerospace Files 8K - Changes To Articles >XTIA
XTIA,DJ-N,2025-11-12 14:29:00,,DJ-N$1cb09567,XTI Aerospace Files 8K - Changes To Hldr Rights >XTIA
XTIA,DJ-N,2025-11-12 14:29:00,,DJ-N$1cb09564,XTI Aerospace Files 8K - Unregistered Equity Sales >XTIA
XTIA,DJ-N,2025-11-12 14:29:00,,DJ-N$1cb09561,XTI Aerospace Files 8K - Direct Or Off-Balance Sheet Financial Obligation >XTIA
XTIA,DJ-N,2025-11-12 14:29:00,,DJ-N$1cb0955a,XTI Aerospace Files 8K - Asset Acquisition Or Disposition >XTIA
XTIA,DJ-N,2025-11-12 14:29:00,,DJ-N$1cb09555,XTI Aerospace Files 8K - Entry Into Definitive -3-
XTIA,DJ-N,2025-11-12 14:29:00,,DJ-N$1cb0954e,XTI Aerospace Files 8K - Entry Into Definitive -2-
XTIA,DJ-N,2025-11-12 14:29:00,,DJ-N$1cb0954b,XTI Aerospace Files 8K - Entry Into Definitive Agreement >XTIA
XTIA,DJ-N,2025-11-12 14:29:00,,DJ-N$1cb09548,"XTI Aerospace Buys Drone Nerds, Receives $25 Million Investment from Unusual Machines"
XTIA,DJ-N,2025-11-12 14:05:00,,DJ-N$1cb07ca3,XTI Aerospace Inc. (XTIA) Resumed Trading
XTIA,DJ-N,2025-11-12 14:05:00,,DJ-N$1cb07c88,XTI Aerospace Inc. (XTIA) Resumed Trading
XTIA,DJ-N,2025-11-12 13:45:00,,DJ-N$1cb06ad5,XTI Aerospace Acquires Drone Nerds And Closes $25 Million Strategic Investment By Unusual Machines >XTIA UMAC
XTIA,DJ-N,2025-11-12 13:45:00,,DJ-N$1cb06b1c,Press Release: XTI Aerospace Acquires Drone Nerds and Closes $25 Million Strategic Investment by Unusual Machines
XTIA,DJ-N,2025-11-12 13:40:00,,DJ-N$1cb0674f,XTI Aerospace Inc. (XTIA) Halted due to pending news
XTIA,DJ-N,2025-11-12 13:40:00,,DJ-N$1cb06741,XTI Aerospace Inc. (XTIA) Halted due to pending news
XTIA,DJ-N,2025-10-30 12:01:00,,DJ-N$1c8d58ec,XTI Aerospace Files 8K - Regulation FD >XTIA
XTIA,DJ-N,2025-10-29 13:00:00,,DJ-N$1c89b5c6,XTI Aerospace Appoints Dr. Alex Williams as Executive Vice Pres of Technology to Accelerate Intelligent Aircraft Development
XTIA,DJ-N,2025-10-29 13:00:00,,DJ-N$1c89b4f5,Press Release: XTI Aerospace Appoints Dr. Alex Williams as Executive Vice President of Technology to Accelerate Intelligent Aircraft Development
XTIA,DJ-N,2025-10-28 13:14:00,,DJ-N$1c86276f,Press Release: XTI AEROSPACE TO PRESENT AT THE THINKEQUITY CONFERENCE
XTIA,DJ-N,2025-10-27 20:52:00,,DJ-N$1c83e0e4,"Press Release: XTI Aerospace to Host Town Hall for Investors, Analysts and Media"
XTIA,DJ-N,2025-10-27 13:21:00,,DJ-N$1c824726,XTI Aerospace Files 8K - Regulation FD >XTIA
XTIA,DJ-N,2025-10-27 13:21:00,,DJ-N$1c82471c,XTI Aerospace Files 8K - Entry Into Definitive Agreement >XTIA
XTIA,DJ-N,2025-10-27 13:06:00,,DJ-N$1c823799,Press Release: XTI Aerospace and Valkyrie AI Announce Vanguard Platform Advancing TriFan 600 Next-Generation VTOL Aircraft for Commercial and Defense Applications
XTIA,DJ-N,2025-10-16 21:16:00,,DJ-N$1c6be178,"XTI Aerospace Files 8K - Director, Officer or Compensation Filing >XTIA"
XTIA,DJ-N,2025-10-07 13:02:00,,DJ-N$1c54a8ab,Press Release: Ambassador Todd Chapman Joins XTI Aerospace's Corporate Advisory Board
XTIA,DJ-N,2025-10-02 13:00:00,,DJ-N$1c4b9781,Press Release: XTI Aircraft Appoints Aviation Veteran to Lead Development of VTOL Family of Aircraft
XTIA,DJ-N,2025-09-30 13:03:00,,DJ-N$1c44627d,Press Release: XTI Continues to Hone Its Customer-Centric Focus in Partnership With IDEO
XTIA,DJ-N,2025-09-17 13:03:00,,DJ-N$1c274329,Press Release: Federal Aviation Administration eVTOL Integration Program a Step Forward for Powered-Lift Aviation
BTOG,DJ-N,2025-09-30 13:02:00,,DJ-N$1c44603e,"Bit Origin: Partnership to Secure, Expand Digital Asset Treasury Holdings >BTOG"
BTOG,DJ-N,2025-09-30 13:01:00,,DJ-N$1c445fe2,Bit Origin and Bit Origin Agree Partnership >BTOG
BTOG,DJ-N,2025-09-30 13:00:00,,DJ-N$1c445db6,Press Release: BitGo and Bit Origin Announce Partnership to Secure and Expand Digital Asset Treasury Holdings
BTOG,DJ-N,2025-08-29 13:01:00,,DJ-N$1bfdf0bd,Bit Origin Receives 180-Day Extension From Nasdaq to Regain Compliance With Minimum Bid Price Requirement
BTOG,DJ-N,2025-08-29 13:00:00,,DJ-N$1bfdef8f,Press Release: Bit Origin Receives 180-Day Extension from Nasdaq to Regain Compliance with Minimum Bid Price Requirement
BTOG,DJ-N,2025-08-12 13:03:00,,DJ-N$1bd2e0df,Bit Origin Closes Private Placement for Purchase and Sale of 20 M Class A Ordinary Shrs for Proceeds of 30 M DOGE >BTOG
BTOG,DJ-N,2025-08-12 13:00:00,,DJ-N$1bd2de98,Bit Origin Surpasses 70 M Dogecoin Holdings Following Private Placement
BTOG,DJ-N,2025-08-12 13:00:00,,DJ-N$1bd2dc00,Press Release: Bit Origin Surpasses 70 Million Dogecoin (DOGE) Holdings Following Private Placement
BTOG,DJ-N,2025-08-04 20:30:00,,DJ-N$1bbd7575,Press Release: Bit Origin Announces Completion of Share Capital Reduction
BTOG,DJ-N,2025-07-21 12:30:00,,DJ-N$1b9820ae,Press Release: Bit Origin Acquires Over 40 Million Dogecoin (DOGE) to Advance Treasury Strategy
BTOG,DJ-N,2025-07-21 12:30:00,,DJ-N$1b982054,Bit Origin Acquires Over 40 Million Dogecoin (DOGE) To Advance Treasury Strategy >BTOG
BTOG,DJ-N,2025-07-17 13:15:00,,DJ-N$1b914b1f,Bit Origin Secures $500M Equity and Debt Facilities to Launch Dogecoin Treasury
BTOG,DJ-N,2025-07-17 13:15:00,,DJ-N$1b914aba,Press Release: Bit Origin Secures $500 Million Equity and Debt Facilities to Launch Dogecoin Treasury
WTI,DJ-N,2025-11-21 08:16:00,,DJ-N$1cc81fc5,"W&T Offshore  Inc, Inst Holders, 3Q 2025 (WTI)"
WTI,DJ-N,2025-11-05 22:02:00,,DJ-N$1c9edabc,W&T Offshore Files 8K - Operations And Financial Condition >WTI
WTI,DJ-N,2025-11-05 21:45:00,,DJ-N$1c9ec163,Press Release: W&T Offshore Announces Third -5-
WTI,DJ-N,2025-11-05 21:45:00,,DJ-N$1c9ec161,Press Release: W&T Offshore Announces Third -4-
WTI,DJ-N,2025-11-05 21:45:00,,DJ-N$1c9ec160,Press Release: W&T Offshore Announces Third -3-
WTI,DJ-N,2025-11-05 21:45:00,,DJ-N$1c9ec15e,Press Release: W&T Offshore Announces Third -2-
WTI,DJ-N,2025-11-05 21:45:00,,DJ-N$1c9ec158,Press Release: W&T Offshore Announces Third Quarter 2025 Results and Declares Dividend for Fourth Quarter of 2025
WTI,DJ-N,2025-10-13 16:59:00,,DJ-N$1c61af4d,"W&T Offshore Up Over 20%, on Pace for Largest Percent Increase Since March 2021 -- Data Talk"
WTI,DJ-N,2025-10-03 20:44:00,,DJ-N$1c4f0e55,Substantial Insider Purchases: Afternoon Report
WTI,DJ-N,2025-10-03 20:24:00,,DJ-N$1c4ef91a,"Chmn Krohn Buys 286,842 Of W&T Offshore Inc >WTI"
WTI,DJ-N,2025-09-03 16:30:00,,DJ-N$1c0879c9,APA and Occidental Petroleum Stocks Tumble on Report OPEC+ Could Boost Oil Production -- Barrons.com
WTI,DJ-N,2025-09-02 21:26:00,,DJ-N$1c0603b7,"VP Hittner Surrenders 2,687 Of W&T Offshore Inc >WTI"
WTI,DJ-N,2025-08-28 20:31:00,,DJ-N$1bfbeb2f,W&T Offshore Files 8K - Entry Into Definitive Agreement >WTI
WTI,DJ-N,2025-08-21 07:17:00,,DJ-N$1be967ba,"W&T Offshore  Inc, Inst Holders, 2Q 2025 (WTI)"
WTI,DJ-N,2025-08-12 22:38:00,,DJ-N$1bd479f0,"Chmn Krohn Acquires 80,614 Of W&T Offshore Inc >WTI"
WTI,DJ-N,2025-08-12 22:36:00,,DJ-N$1bd479ab,"VP Hartman III Acquires 5,616 Of W&T Offshore Inc >WTI"
WTI,DJ-N,2025-08-12 22:36:00,,DJ-N$1bd47998,"VP Gamblin Acquires 6,287 Of W&T Offshore Inc >WTI"
WTI,DJ-N,2025-08-12 22:34:00,,DJ-N$1bd47974,"COO Williford Acquires 34,008 Of W&T Offshore Inc >WTI"
WTI,DJ-N,2025-08-12 22:34:00,,DJ-N$1bd4796d,"CFO Parasnis Acquires 42,419 Of W&T Offshore Inc >WTI"
WTI,DJ-N,2025-08-04 20:56:00,,DJ-N$1bbd824a,W&T Offshore 2Q Adj Loss/Shr 8c >WTI
WTI,DJ-N,2025-08-04 20:41:00,,DJ-N$1bbd7df8,W&T Offshore Files 8K - Operations And Financial Condition >WTI
WTI,DJ-N,2025-08-04 20:35:00,,DJ-N$1bbd7b36,Press Release: W&T Offshore Announces Second -6-
WTI,DJ-N,2025-08-04 20:35:00,,DJ-N$1bbd7b29,Press Release: W&T Offshore Announces Second -5-
WTI,DJ-N,2025-08-04 20:35:00,,DJ-N$1bbd7b27,Press Release: W&T Offshore Announces Second -4-
WTI,DJ-N,2025-08-04 20:35:00,,DJ-N$1bbd7b24,Press Release: W&T Offshore Announces Second -3-
WTI,DJ-N,2025-08-04 20:35:00,,DJ-N$1bbd7b21,Press Release: W&T Offshore Announces Second -2-
WTI,DJ-N,2025-08-04 20:35:00,,DJ-N$1bbd7b1f,"Press Release: W&T Offshore Announces Second Quarter 2025 Results, Declares Dividend for Third Quarter of 2025 and Celebrates 20 Year Anniversary on New York Stock Exchange"
WTI,DJ-N,2025-08-04 20:35:00,,DJ-N$1bbd7b11,W&T Offshore 2Q Rev $122.4M >WTI
WTI,DJ-N,2025-08-04 20:35:00,,DJ-N$1bbd7b10,W&T Offshore 2Q Loss $20.9M >WTI
WTI,DJ-N,2025-08-04 20:35:00,,DJ-N$1bbd7b0e,W&T Offshore 2Q Loss/Shr 14c >WTI
WTI,DJ-N,2025-08-04 20:14:00,,DJ-N$1bbd68f2,"VP Hittner Surrenders 2,687 Of W&T Offshore Inc >WTI"
MNTS,DJ-N,2025-12-29 19:02:00,,DJ-N$1d1bfb23,Momentus Files 8K - Changes To Hldr Rights >MNTS
MNTS,DJ-N,2025-12-29 19:02:00,,DJ-N$1d1bfb22,Momentus Files 8K - Direct Or Off-Balance Sheet Financial Obligation >MNTS
MNTS,DJ-N,2025-12-29 19:02:00,,DJ-N$1d1bfb1d,Momentus Files 8K - Entry Into Definitive Agreement >MNTS
MNTS,DJ-N,2025-12-19 22:00:00,,DJ-N$1d0ca670,Press Release: Momentus Grants Inducement Awards to Four New Employees
ASST,DJ-N,2025-12-16 21:44:00,,DJ-N$1d03a519,Substantial Insider Purchases: Afternoon Report
ASST,DJ-N,2025-12-16 14:06:00,,DJ-N$1d027b31,"CEO Cole Buys 515,195 Of Strive Inc >ASST"
ASST,DJ-N,2025-12-15 13:30:00,,DJ-N$1cff0113,Strive Files 8K - Other Events >ASST -2-
ASST,DJ-N,2025-12-15 13:30:00,,DJ-N$1cff0111,Strive Files 8K - Other Events >ASST
ASST,DJ-N,2025-12-15 13:30:00,,DJ-N$1cff00d7,Press Release: Strive Increases SATA Perpetual -2-
ASST,DJ-N,2025-12-15 13:30:00,,DJ-N$1cff00d3,Press Release: Strive Increases SATA Perpetual Preferred Stock Dividend to 12.25%
ASST,DJ-N,2025-12-10 19:18:00,,DJ-N$1cf5bf4d,Asset Entities Price Target Announced at $1.50/Share by Maxim Group
ASST,DJ-N,2025-12-10 19:18:00,,DJ-N$1cf5bf4b,Asset Entities Initiated at Buy by Maxim Group
ASST,DJ-N,2025-12-09 23:29:00,,DJ-N$1cf33ec8,Strive Inc. May Sell Up to $500M of Series A Perpetual Preferred Stock
ASST,DJ-N,2025-12-09 23:27:00,,DJ-N$1cf33dbf,"Press Release: Strive Announces $500,000,000 SATA -2-"
ASST,DJ-N,2025-12-09 23:27:00,,DJ-N$1cf33dba,"Press Release: Strive Announces $500,000,000 SATA At-The-Market Program"
ASST,DJ-N,2025-12-09 22:30:00,,DJ-N$1cf32dc5,Strive Files 8K - Other Events >ASST -2-
ASST,DJ-N,2025-12-09 22:30:00,,DJ-N$1cf32dc3,Strive Files 8K - Other Events >ASST
ASST,DJ-N,2025-12-09 22:30:00,,DJ-N$1cf32dc1,Strive Files 8K - Changes To Articles >ASST
ASST,DJ-N,2025-12-09 22:30:00,,DJ-N$1cf32dba,Strive Files 8K - Changes To Hldr Rights >ASST
ASST,DJ-N,2025-12-09 22:30:00,,DJ-N$1cf32db7,Strive Files 8K - Entry Into Definitive Agreement >ASST
ASST,DJ-N,2025-11-23 08:09:00,,DJ-N$1cccf233,"STRIVE INC  CL A, Inst Holders, 3Q 2025 (ASST)"
ASST,DJ-N,2025-11-17 12:01:00,,DJ-N$1cbbcd8a,Strive Files 8K - Other Events >ASST -2-
ASST,DJ-N,2025-11-17 12:01:00,,DJ-N$1cbbcd7d,Strive Files 8K - Other Events >ASST
ASST,DJ-N,2025-11-14 21:30:00,,DJ-N$1cb8d362,Strive Files 8K - Other Events >ASST -2-
ASST,DJ-N,2025-11-14 21:30:00,,DJ-N$1cb8d35e,Strive Files 8K - Other Events >ASST
ASST,DJ-N,2025-11-14 21:08:00,,DJ-N$1cb8b73e,Strive 3Q Loss/Shr 22c >ASST
ASST,DJ-N,2025-11-14 21:08:00,,DJ-N$1cb8b70f,"Strive 3Q Rev $255,000 >ASST"
ASST,DJ-N,2025-11-14 21:06:00,,DJ-N$1cb8b4fa,Strive Files 8K - Operations And Financial Condition >ASST
ASST,DJ-N,2025-11-14 21:05:00,,DJ-N$1cb8b26f,"Press Release: Strive, Inc. Announces Third -4-"
ASST,DJ-N,2025-11-14 21:05:00,,DJ-N$1cb8b26c,"Press Release: Strive, Inc. Announces Third -3-"
ASST,DJ-N,2025-11-14 21:05:00,,DJ-N$1cb8b26b,"Press Release: Strive, Inc. Announces Third -2-"
ASST,DJ-N,2025-11-14 21:05:00,,DJ-N$1cb8b26a,"Press Release: Strive, Inc. Announces Third Quarter 2025 Financial Results"
ASST,DJ-N,2025-11-10 14:43:00,,DJ-N$1ca957a6,"Strive: The Perpetual Preferred Stock Is Expected to Begin Trading on Nasdaq Global Market on or Around Nov 10 Under Ticker Symbol ""SATA"" >ASST"
ASST,DJ-N,2025-11-10 14:42:00,,DJ-N$1ca956b0,Strive Closes IPO of 2M Shrs of Variable Rate Series A Perpetual Preferred Stk at $80 Per Shr >ASST
ASST,DJ-N,2025-11-10 14:40:00,,DJ-N$1ca95649,Press Release: Strive Announces Nasdaq Listing of -2-
ASST,DJ-N,2025-11-10 14:40:00,,DJ-N$1ca95648,Press Release: Strive Announces Nasdaq Listing of SATA and Closing of Oversubscribed & Upsized IPO
ASST,DJ-N,2025-11-10 14:39:00,,DJ-N$1ca955f8,Strive Files 8K - Other Events >ASST -2-
ASST,DJ-N,2025-11-10 14:39:00,,DJ-N$1ca955f7,Strive Files 8K - Other Events >ASST
ASST,DJ-N,2025-11-10 14:28:00,,DJ-N$1ca95004,Strive Files 8K - Other Events >ASST -2-
ASST,DJ-N,2025-11-10 14:28:00,,DJ-N$1ca95003,Strive Files 8K - Other Events >ASST
ASST,DJ-N,2025-11-10 14:28:00,,DJ-N$1ca95001,Strive Files 8K - Changes To Articles >ASST
ASST,DJ-N,2025-11-10 14:28:00,,DJ-N$1ca94fff,Strive Files 8K - Changes To Hldr Rights >ASST -2-
ASST,DJ-N,2025-11-10 14:28:00,,DJ-N$1ca94ffc,Strive Files 8K - Changes To Hldr Rights >ASST
ASST,DJ-N,2025-11-10 14:28:00,,DJ-N$1ca94ff8,Strive Files 8K - Entry Into Definitive Agreement >ASST
ASST,DJ-N,2025-11-10 13:44:00,,DJ-N$1ca92bbd,Substantial Insider Purchases: Morning Report
ASST,DJ-N,2025-11-10 07:32:00,,DJ-N$1ca86362,Hot Crypto Trade Is Crumbling -- WSJ
ASST,DJ-N,2025-11-09 18:37:00,,DJ-N$1ca7ce21,The Year's Hottest Crypto Trade Is Crumbling -- Update
ASST,DJ-N,2025-11-09 10:30:00,,DJ-N$1ca7abbd,The Year's Hottest Crypto Trade Is Crumbling -- WSJ
ASST,DJ-N,2025-11-07 23:59:00,,DJ-N$1ca65571,"Holder Ramaswamy Buys 15,625 Of Strive Inc"
ASST,DJ-N,2025-11-05 22:40:00,,DJ-N$1c9ef054,Press Release: Strive Announces Pricing of -3-
ASST,DJ-N,2025-11-05 22:40:00,,DJ-N$1c9ef052,Press Release: Strive Announces Pricing of -2-
ASST,DJ-N,2025-11-05 22:40:00,,DJ-N$1c9ef04f,Press Release: Strive Announces Pricing of Upsized Initial Public Offering of SATA Stock
ASST,DJ-N,2025-11-03 13:45:00,,DJ-N$1c96053e,Strive Files 8K - Other Events >ASST
ASST,DJ-N,2025-11-03 13:35:00,,DJ-N$1c95fff2,Strive Intends to Conduct an Initial Public Offering of 1.25M Shrs of Variable Rate Series A Perpetual Preferred Stk >ASST
SLS,DJ-N,2025-12-29 19:27:00,,DJ-N$1d1bfffb,Sellas Life Sciences Climbs on Leukemia-Treatment Trial Data
SLS,DJ-N,2025-12-29 18:57:00,,DJ-N$1d1bf9fc,"SELLAS Life Sciences Group Up Nearly 17%, on Track for Highest Close Since February 2023 -- Data Talk"
SLS,DJ-N,2025-12-29 13:35:00,,DJ-N$1d1b20df,SELLAS Life Sciences Provides Update on Pivotal Phase 3 REGAL Trial of Galinpepimut-S in Acute Myeloid Leukemia
SLS,DJ-N,2025-12-29 13:35:00,,DJ-N$1d1b20d9,Press Release: SELLAS Life Sciences Provides Update on Pivotal Phase 3 REGAL Trial of Galinpepimut-S (GPS) in Acute Myeloid Leukemia (AML)
SLS,DJ-N,2025-12-07 23:00:00,,DJ-N$1ced7286,Press Release: SELLAS Life Sciences Presents Positive Phase 2 Data of SLS009 in Combination with AZA/VEN in Relapsed/Refractory AML-MR at ASH 2025
SLS,DJ-N,2025-12-05 21:12:00,,DJ-N$1ceb6937,"VP Cicic Surrenders 63,800 Of SELLAS Life Sciences Group Inc >SLS"
SLS,DJ-N,2025-12-05 21:07:00,,DJ-N$1ceb6272,"CFO Burns Surrenders 58,592 Of SELLAS Life Sciences Group Inc >SLS"
SLS,DJ-N,2025-12-05 21:06:00,,DJ-N$1ceb6192,"CEO Stergiou Surrenders 187,066 Of SELLAS Life Sciences Group Inc >SLS"
SLS,DJ-N,2025-11-24 12:12:00,,DJ-N$1cce0190,CFA Drugs & Devices:Insider Review For Week Ended 21-Nov -4-
SLS,DJ-N,2025-11-24 12:11:00,,DJ-N$1cce0189,CFA Drugs & Devices:Insider Review For Week Ended 21-Nov -3-
SLS,DJ-N,2025-11-24 12:11:00,,DJ-N$1cce016c,CFA Drugs & Devices:Insider Review For Week Ended 21-Nov -2-
SLS,DJ-N,2025-11-24 12:11:00,,DJ-N$1cce0157,CFA Drugs & Devices:Insider Review For Week Ended 21-Nov
SLS,DJ-N,2025-11-21 21:44:00,,DJ-N$1ccaebae,Substantial Insider Purchases: Afternoon Report
SLS,DJ-N,2025-11-21 13:46:00,,DJ-N$1cc9d228,"Dir Kalin Buys 63,400 Of SELLAS Life Sciences Group Inc >SLS"
SLS,DJ-N,2025-11-19 08:12:00,,DJ-N$1cc1e7af,"SELLAS LIFE SCIENCES GROUP INC  COM, Inst Holders, 3Q 2025 (SLS)"
SLS,DJ-N,2025-11-12 21:23:00,,DJ-N$1cb1b607,SELLAS Life Sciences 3Q Loss/Shr 6c >SLS
SLS,DJ-N,2025-11-12 21:09:00,,DJ-N$1cb19f8f,SELLAS Life Sciences Files 8K - Operations And Financial Condition >SLS
SLS,DJ-N,2025-11-12 21:05:00,,DJ-N$1cb19625,Press Release: SELLAS Life Sciences Reports Third -2-
SLS,DJ-N,2025-11-12 21:05:00,,DJ-N$1cb19621,Press Release: SELLAS Life Sciences Reports Third Quarter 2025 Financial Results and Provides Corporate Update
SLS,DJ-N,2025-11-03 14:00:00,,DJ-N$1c960d8f,Press Release: SELLAS Life Sciences Announces Presentation of Phase 2 Data of SLS009 in Combination with Azacitidine and Venetoclax in Relapsed/Refractory AML with MDS-Related Changes (AML-MR) at the 2025 American Society of Hematology (ASH) Annual Meeting
SLS,DJ-N,2025-10-27 12:36:00,,DJ-N$1c8222ee,SELLAS Life Sciences Files 8K - Other Events >SLS
SLS,DJ-N,2025-10-27 12:36:00,,DJ-N$1c8222ed,SELLAS Life Sciences Files 8K - Entry Into Definitive Agreement >SLS
SLS,DJ-N,2025-10-27 12:33:00,,DJ-N$1c821ffb,SELLAS Life Sciences Group Announces Exercise of Existing Warrants Held by a Current Institutional Investor for $31M in Gross Proceeds
SLS,DJ-N,2025-10-03 20:06:00,,DJ-N$1c4ee4af,SELLAS Life Sciences Files 8K - Entry Into Definitive Agreement >SLS
SLS,DJ-N,2025-09-30 12:30:00,,DJ-N$1c4446a6,"Press Release: SELLAS Life Sciences Group to Host Virtual R&D Day on October 29, 2025: Advancing Novel Therapies in Acute Myeloid Leukemia (AML): An Overview of the Ongoing Phase 3 REGAL Trial of Galinpepimut-S (GPS) and SLS009 Program Update"
SLS,DJ-N,2025-09-11 12:41:00,,DJ-N$1c1abde5,SELLAS Life Sciences Files 8K - Other Events >SLS
SLS,DJ-N,2025-09-11 12:41:00,,DJ-N$1c1abde4,SELLAS Life Sciences Files 8K - Unregistered Equity Sales >SLS
SLS,DJ-N,2025-09-11 12:41:00,,DJ-N$1c1abde3,SELLAS Life Sciences Files 8K - Entry Into Definitive Agreement >SLS
SLS,DJ-N,2025-09-11 12:30:00,,DJ-N$1c1ab5c6,Press Release: SELLAS Life Sciences Group Announces Exercise of Existing Warrants Held by a Current Institutional Investor for $23.6 Million in Gross Proceeds
SLS,DJ-N,2025-08-19 07:13:00,,DJ-N$1be3a345,"SELLAS LIFE SCIENCES GROUP INC  COM, Inst Holders, 2Q 2025 (SLS)"
SLS,DJ-N,2025-08-12 20:26:00,,DJ-N$1bd4275b,SELLAS Life Sciences 2Q Loss/Shr 7c >SLS
SLS,DJ-N,2025-08-12 20:08:00,,DJ-N$1bd40778,SELLAS Life Sciences Files 8K - Operations And Financial Condition >SLS
SLS,DJ-N,2025-08-12 20:05:00,,DJ-N$1bd4008d,Press Release: SELLAS Life Sciences Reports -2-
SLS,DJ-N,2025-08-12 20:05:00,,DJ-N$1bd40089,Press Release: SELLAS Life Sciences Reports Second Quarter 2025 Financial Results and Provides Corporate Update
SLS,DJ-N,2025-08-07 12:36:00,,DJ-N$1bc705da,SELLAS Life Sciences: No Safety Concerns Were Identified >SLS
SLS,DJ-N,2025-08-07 12:36:00,,DJ-N$1bc705ca,SELLAS Life Sciences: IDMC Concluded Risk-Benefit Profile of GPS Supports Continued Evaluation Under Current Study Protocol >SLS
SLS,DJ-N,2025-08-07 12:32:00,,DJ-N$1bc704bc,SELLAS Life Sciences: Final Analysis Anticipated by Yr-End Upon Occurrence of 80 Events >SLS
SLS,DJ-N,2025-08-07 12:32:00,,DJ-N$1bc704a7,SELLAS Life Sciences Announces Independent Data Monitoring Committee Periodic Review and Positive Recommendation to Continue Pivotal Phase 3 REGAL Trial of GPS in AML Without Modification
SLS,DJ-N,2025-08-07 12:30:00,,DJ-N$1bc702ad,Press Release: SELLAS Life Sciences Announces Independent Data Monitoring Committee Periodic Review and Positive Recommendation to Continue Pivotal Phase 3 REGAL Trial of GPS in AML Without Modification
SLS,DJ-N,2025-07-16 22:52:00,,DJ-N$1b8fa9e5,Press Release: Cancer Pipeline Milestones Coming -2-
SLS,DJ-N,2025-07-16 22:52:00,,DJ-N$1b8fa9e4,Press Release: Cancer Pipeline Milestones Coming Fast as Regulators Revisit Research Priorities
SLS,DJ-N,2025-07-16 18:41:00,,DJ-N$1b8f3356,SELLAS Life Sciences Price Target Raised to $7.00/Share From $4.00 by Maxim Group
SLS,DJ-N,2025-07-16 18:41:00,,DJ-N$1b8f3354,SELLAS Life Sciences Is Maintained at Buy by Maxim Group
SLS,DJ-N,2025-07-15 11:45:00,,DJ-N$1b8af81a,"SELLAS Meets All Primary Endpoints in Phase 2 Trial of SLS009 in R/r AML, Receives FDA Guidance to Advance Into First-Line Therapy Study >SLS"
SLS,DJ-N,2025-07-15 11:45:00,,DJ-N$1b8af7f3,Press Release: SELLAS Meets All Primary Endpoints -2-
SLS,DJ-N,2025-07-15 11:45:00,,DJ-N$1b8af7ee,Press Release: SELLAS Meets All Primary Endpoints in Phase 2 Trial of SLS009 in r/r AML and Receives FDA Guidance to Advance into First-Line Therapy Study
BKKT,DJ-N,2025-12-23 22:09:00,,DJ-N$1d13eef3,"Officer Henderson Surrenders 2,461 Of Bakkt Holdings Inc >BKKT"
BKKT,DJ-N,2025-12-15 13:01:00,,DJ-N$1cfeeec2,Bakkt Holdings Files 8K - Regulation FD >BKKT
BKKT,DJ-N,2025-12-10 21:40:00,,DJ-N$1cf613b6,Press Release: Bakkt Files Post-Effective Amendments to Form S-3 Registration Statements Following Corporate Reorganization
BKKT,DJ-N,2025-12-10 21:05:00,,DJ-N$1cf5e125,Bakkt Holdings Files 8K - Other Events >BKKT
BKKT,DJ-N,2025-12-09 21:21:00,,DJ-N$1cf2f58e,"Dir Dow Registers 27,681 Of Bakkt Holdings Inc >BKKT"
BKKT,DJ-N,2025-11-24 16:22:00,,DJ-N$1cceb97a,Bakkt Holdings Files 8K - Other Events >BKKT
BKKT,DJ-N,2025-11-23 08:02:00,,DJ-N$1cccec10,"BAKKT HOLDINGS INC  CL A, Inst Holders, 3Q 2025 (BKKT)"
BKKT,DJ-N,2025-11-19 00:40:00,,DJ-N$1cc0f4d0,Officer D'Annunzio Surrenders 495 Of Bakkt Holdings Inc >BKKT
BKKT,DJ-N,2025-11-19 00:21:00,,DJ-N$1cc0f08b,COO Baes Surrenders 198 Of Bakkt Holdings Inc >BKKT
BKKT,DJ-N,2025-11-19 00:11:00,,DJ-N$1cc0eede,CFO Alexander Surrenders 121 Of Bakkt Holdings Inc >BKKT
BKKT,DJ-N,2025-11-15 02:39:00,,DJ-N$1cb97f9c,"CEO Naheta Acquires 33,557 Of Bakkt Holdings Inc >BKKT"
BKKT,DJ-N,2025-11-15 02:22:00,,DJ-N$1cb96fd3,"Officer D'Annunzio Acquires 1,677 Of Bakkt Holdings Inc >BKKT"
BKKT,DJ-N,2025-11-15 02:12:00,,DJ-N$1cb96640,COO Baes Acquires 671 Of Bakkt Holdings Inc >BKKT
BKKT,DJ-N,2025-11-15 01:54:00,,DJ-N$1cb95c92,CFO Alexander Acquires 335 Of Bakkt Holdings Inc >BKKT
BKKT,DJ-N,2025-11-14 22:22:00,,DJ-N$1cb90cce,"Bakkt Holdings Files 8K - Director, Officer or Compensation Filing >BKKT"
BKKT,DJ-N,2025-11-13 23:57:00,,DJ-N$1cb5a516,Officer Henderson Sells 169 Of Bakkt Holdings Inc >BKKT
BKKT,DJ-N,2025-11-12 13:51:00,,DJ-N$1cb06f8a,"Dir Dow Registers 4,600 Of Bakkt Holdings Inc >BKKT"
BKKT,DJ-N,2025-11-12 11:07:00,,DJ-N$1caffc68,Bakkt Holdings Files 8K - Operations And Financial Condition >BKKT
BKKT,DJ-N,2025-11-12 11:02:00,,DJ-N$1caffa29,Bakkt Holdings Files 8K - Operations And Financial Condition >BKKT
BKKT,DJ-N,2025-11-10 12:34:00,,DJ-N$1ca8f251,Bakkt Holdings 3Q Loss/Shr $1.15 >BKKT
BKKT,DJ-N,2025-11-10 12:33:00,,DJ-N$1ca8f1e1,Bakkt Holdings 3Q Loss $23.2M >BKKT
BKKT,DJ-N,2025-11-10 12:33:00,,DJ-N$1ca8f189,Bakkt Holdings 3Q Rev $402.2M >BKKT
BKKT,DJ-N,2025-11-10 12:30:00,,DJ-N$1ca8ecf1,Press Release: Bakkt Reports Third Quarter 2025 -4-
BKKT,DJ-N,2025-11-10 12:30:00,,DJ-N$1ca8ecf0,Press Release: Bakkt Reports Third Quarter 2025 -3-
BKKT,DJ-N,2025-11-10 12:30:00,,DJ-N$1ca8ecef,Press Release: Bakkt Reports Third Quarter 2025 -2-
BKKT,DJ-N,2025-11-10 12:30:00,,DJ-N$1ca8eced,Press Release: Bakkt Reports Third Quarter 2025 Results
BKKT,DJ-N,2025-11-08 02:05:00,,DJ-N$1ca667a7,Akshay Sudhir Naheta Reports 6.3% Stake In Bakkt Holdings >BKKT
BKKT,DJ-N,2025-11-04 21:15:00,,DJ-N$1c9af1b9,Press Release: Bakkt Completes Capital Structure Simplification and Single-Class Stock Transition
BKKT,DJ-N,2025-11-03 20:51:00,,DJ-N$1c9772d6,"Bakkt Holdings Files 8K - Director, Officer or Compensation Filing >BKKT"
BKKT,DJ-N,2025-10-31 20:34:00,,DJ-N$1c929ecc,Bakkt Holdings Files 8K - Regulation FD >BKKT
BKKT,DJ-N,2025-10-31 20:34:00,,DJ-N$1c929eca,"Bakkt Holdings Files 8K - Director, Officer or Compensation Filing >BKKT"
BKKT,DJ-N,2025-10-31 20:33:00,,DJ-N$1c929d1c,"Bakkt: 'ICE Remains a Major Shareholder Fully Aligned With Bakkt's Success, While Bakkt Continues With an Increasingly Independent Board and a New Leadership Team'"
BKKT,DJ-N,2025-10-31 20:32:00,,DJ-N$1c929c06,Bakkt: Timing of Board Transition Is Appropriate
BKKT,DJ-N,2025-10-31 20:31:00,,DJ-N$1c9299cb,ICE's David Clifton Steps Down From Bakkt Board
BKKT,DJ-N,2025-10-31 20:30:00,,DJ-N$1c9298cc,Press Release: Bakkt and ICE Strengthen Long-Term -2-
BKKT,DJ-N,2025-10-31 20:30:00,,DJ-N$1c9298c9,Press Release: Bakkt and ICE Strengthen Long-Term Alignment Through Board Transition
BKKT,DJ-N,2025-10-22 13:03:00,,DJ-N$1c77b2d7,Bakkt Holdings Files 8K - Other Events >BKKT -3-
BKKT,DJ-N,2025-10-22 13:03:00,,DJ-N$1c77b2d6,Bakkt Holdings Files 8K - Other Events >BKKT -2-
BKKT,DJ-N,2025-10-22 13:03:00,,DJ-N$1c77b2d0,Bakkt Holdings Files 8K - Other Events >BKKT
BKKT,DJ-N,2025-10-21 10:01:00,,DJ-N$1c7477df,"Bakkt Holdings Files 8K - Director, Officer or Compensation Filing >BKKT"
BKKT,DJ-N,2025-10-20 12:02:00,,DJ-N$1c71adc6,Bakkt Holdings Names Lyn Alden to Board >BKKT
BKKT,DJ-N,2025-10-20 12:00:00,,DJ-N$1c71ac7d,Press Release: Bakkt Strengthens Board with -2-
BKKT,DJ-N,2025-10-20 12:00:00,,DJ-N$1c71ac79,Press Release: Bakkt Strengthens Board with Appointment of Renowned Macro Strategist Lyn Alden
BKKT,DJ-N,2025-10-20 10:02:00,,DJ-N$1c7182fb,Bakkt Holdings Files 8K - Regulation FD >BKKT
BKKT,DJ-N,2025-10-20 10:02:00,,DJ-N$1c7182fa,Bakkt Holdings Files 8K - Unregistered Equity Sales >BKKT
BKKT,DJ-N,2025-10-20 10:02:00,,DJ-N$1c7182f9,Bakkt Holdings Files 8K - Entry Into Definitive Agreement >BKKT
BKKT,DJ-N,2025-10-16 11:00:00,,DJ-N$1c6a4bf4,Bakkt Announces Plan to Simplify Cap Structure and Transition to a Single-Class Common Stk
BKKT,DJ-N,2025-10-16 11:00:00,,DJ-N$1c6a4b34,Press Release: Bakkt Announces Plan to Simplify -2-
BKKT,DJ-N,2025-10-16 11:00:00,,DJ-N$1c6a4b33,Press Release: Bakkt Announces Plan to Simplify Capital Structure and Transition to a Single-Class Common Stock
BKKT,DJ-N,2025-10-14 10:02:00,,DJ-N$1c640430,Bakkt Holdings Files 8K - Other Events >BKKT
ENLV,DJ-N,2025-12-04 13:00:00,,DJ-N$1ce76fac,Press Release: Enlivex Management to Host Fireside Chat on December 11 to Discuss RAIN Token Strategy and Allocetra Clinical Development
ENLV,DJ-N,2025-12-04 13:00:00,,DJ-N$1ce76e36,Press Release: Enlivex Management to Host Fireside Chat on December 11 to Discuss RAIN Token Strategy and Allocetra Clinical Development
ENLV,DJ-N,2025-11-26 13:01:00,,DJ-N$1cd48015,Enlivex Announces Closing of Previously Announced $212M Private Placement
ENLV,DJ-N,2025-11-26 13:00:00,,DJ-N$1cd47f6f,"Press Release: Enlivex Announces Closing of Previously Announced $212,000,000 Private Placement"
ENLV,DJ-N,2025-11-26 13:00:00,,DJ-N$1cd47e57,"Press Release: Enlivex Announces Closing of Previously Announced $212,000,000 Private Placement"
ENLV,DJ-N,2025-11-24 15:51:00,,DJ-N$1cce95ad,Enlivex Therapeutics Cut to Hold From Buy by D. Boral Capital
ENLV,DJ-N,2025-11-24 12:57:00,,DJ-N$1cce1ad6,"Enlivex Therapeutics Intends to Use Net Proceeds From PIPE to Implement First RAIN Prediction Markets Token Treasury Strategy, While Continuing Focus on Core Business Ops >ENLV"
ENLV,DJ-N,2025-11-24 12:56:00,,DJ-N$1cce1a7d,"Enlivex Therapeutics Enters Securities Purchase Agreement for Private Investment in Public Equity for Purchase, Sale of 212M Ordinary Shrs at $1 Per Shr >ENLV"
ENLV,DJ-N,2025-11-24 12:55:00,,DJ-N$1cce19ba,"Press Release: Enlivex Announces $212,000,000 Private Placement to Initiate World's First Prediction Markets Digital Asset Treasury Strategy, via RAIN token Accumulation, and the Appointment of Matteo Renzi, Former Prime Minister of Italy, to its Board"
ENLV,DJ-N,2025-11-24 12:55:00,,DJ-N$1cce19b0,"Press Release: Enlivex Announces $212,000,000 Private Placement to Initiate World's First Prediction Markets Digital Asset Treasury Strategy, via RAIN token Accumulation, and the Appointment of Matteo Renzi, Former Prime Minister of Italy, to its Board"
ENLV,DJ-N,2025-11-24 11:40:00,,DJ-N$1ccdf34d,Enlivex Announces Positive 6-Mo Topline Data --Demonstrating Durable and Persistent Pain Reduction and Improved Function in Primary Age-Related Patients With Moderate to Severe Knee Osteoarthritis
ENLV,DJ-N,2025-11-24 11:40:00,,DJ-N$1ccdf343,Press Release: Enlivex Announces Positive 6-Month -2-
ENLV,DJ-N,2025-11-24 11:40:00,,DJ-N$1ccdf33f,Press Release: Enlivex Announces Positive 6-Month Topline Data --Demonstrating Durable and Persistent Pain Reduction and Improved Function in Primary Age-Related Patients with Moderate to Severe Knee Osteoarthritis
ENLV,DJ-N,2025-11-24 11:40:00,,DJ-N$1ccdf339,Press Release: Enlivex Announces Positive 6-Month -2-
ENLV,DJ-N,2025-11-24 11:40:00,,DJ-N$1ccdf334,Press Release: Enlivex Announces Positive 6-Month Topline Data --Demonstrating Durable and Persistent Pain Reduction and Improved Function in Primary Age-Related Patients with Moderate to Severe Knee Osteoarthritis
ENLV,DJ-N,2025-10-29 11:13:00,,DJ-N$1c896c15,Enlivex Therapeutics Price Target Maintained With a $13.00/Share by D. Boral Capital
ENLV,DJ-N,2025-10-29 11:13:00,,DJ-N$1c896c14,Enlivex Therapeutics Is Maintained at Buy by D. Boral Capital
ENLV,DJ-N,2025-10-28 12:15:00,,DJ-N$1c860037,Press Release: Enlivex Therapeutics to Present Phase IIa 3-month Data of Allocetra in Patients with Moderate-to-Severe Knee Osteoarthritis at the ACR Convergence 2025
ENLV,DJ-N,2025-10-28 12:15:00,,DJ-N$1c860008,Press Release: Enlivex Therapeutics to Present Phase IIa 3-month Data of Allocetra in Patients with Moderate-to-Severe Knee Osteoarthritis at the ACR Convergence 2025
ENLV,DJ-N,2025-09-29 12:15:00,,DJ-N$1c40c4ca,Press Release: D. Boral Capital to Host KOL Webinar With World Leading Experts Featuring Insights & Breakthroughs from Enlivex's Knee Osteoarthritis Program
ENLV,DJ-N,2025-09-29 12:15:00,,DJ-N$1c40c4b2,Press Release: D. Boral Capital to Host KOL Webinar With World Leading Experts Featuring Insights & Breakthroughs from Enlivex's Knee Osteoarthritis Program
ENLV,DJ-N,2025-09-26 11:39:00,,DJ-N$1c3c32f0,Enlivex Therapeutics Price Target Maintained With a $13.00/Share by D. Boral Capital
ENLV,DJ-N,2025-09-26 11:39:00,,DJ-N$1c3c32ee,Enlivex Therapeutics Is Maintained at Buy by D. Boral Capital
ENLV,DJ-N,2025-09-12 12:09:00,,DJ-N$1c1d6ba2,Enlivex Therapeutics Price Target Maintained With a $13.00/Share by D. Boral Capital
ENLV,DJ-N,2025-09-12 12:09:00,,DJ-N$1c1d6b87,Enlivex Therapeutics Is Maintained at Buy by D. Boral Capital
ENLV,DJ-N,2025-09-11 12:02:00,,DJ-N$1c1aaa1c,Enlivex CEO Issues Letter to Hldrs Outlining Strategic Roadmap Following Positive Phase IIa Allocetra Results
ENLV,DJ-N,2025-09-11 12:00:00,,DJ-N$1c1aa8c4,Press Release: Enlivex CEO Issues Letter to -2-
ENLV,DJ-N,2025-09-11 12:00:00,,DJ-N$1c1aa8c3,Press Release: Enlivex CEO Issues Letter to Shareholders Outlining Strategic Roadmap Following Positive Phase IIa Allocetra(TM) Results
ENLV,DJ-N,2025-09-11 12:00:00,,DJ-N$1c1aa83f,Press Release: Enlivex CEO Issues Letter to -2-
ENLV,DJ-N,2025-09-11 12:00:00,,DJ-N$1c1aa83b,Press Release: Enlivex CEO Issues Letter to Shareholders Outlining Strategic Roadmap Following Positive Phase IIa Allocetra(TM) Results
ENLV,DJ-N,2025-09-09 12:00:00,,DJ-N$1c14fd99,Enlivex Announces Issuance of New Patent Application Covering the Use of Allocetra in Patients With Osteoarthritis
ENLV,DJ-N,2025-09-09 12:00:00,,DJ-N$1c14fad3,Press Release: Enlivex Announces Issuance of New Patent Application Covering the Use of Allocetra in Patients with Osteoarthritis
ENLV,DJ-N,2025-09-09 12:00:00,,DJ-N$1c14fb02,Press Release: Enlivex Announces Issuance of New Patent Application Covering the Use of Allocetra in Patients with Osteoarthritis
ENLV,DJ-N,2025-09-02 11:27:00,,DJ-N$1c04217c,Enlivex Therapeutics Price Target Maintained With a $7.00/Share by HC Wainwright & Co.
ENLV,DJ-N,2025-08-22 11:13:00,,DJ-N$1becb1c6,Enlivex Therapeutics Price Target Maintained With a $13.00/Share by D. Boral Capital
ENLV,DJ-N,2025-08-22 11:13:00,,DJ-N$1becb1c3,Enlivex Therapeutics Is Maintained at Buy by D. Boral Capital
ENLV,DJ-N,2025-08-18 12:52:00,,DJ-N$1be0fc7c,Enlivex Therapeutics Price Target Maintained With a $13.00/Share by D. Boral Capital
ENLV,DJ-N,2025-08-18 12:52:00,,DJ-N$1be0fc78,Enlivex Therapeutics Is Maintained at Buy by D. Boral Capital
ENLV,DJ-N,2025-08-18 12:05:00,,DJ-N$1be0e0d0,Enlivex Therapeutics Ltd. (ENLV) Resumed Trading
ENLV,DJ-N,2025-08-18 11:46:00,,DJ-N$1be0d660,"Enlivex Therapeutics: No Severe Adverse Events; Limited, Typically Mild to Moderate, Transient, and Treatable Side Effects Occurred >ENLV"
ENLV,DJ-N,2025-08-18 11:46:00,,DJ-N$1be0d650,Enlivex Therapeutics: 24% Reduction in Knee Pain and 26% Improvement in Knee Function Were Observed in Allocetra Treatment >ENLV
ENLV,DJ-N,2025-08-18 11:45:00,,DJ-N$1be0d62f,Enlivex Therapeutics: 72% Reduction in Knee Pain and 95% Improvement in Knee Function Observed for Age-Related Primary Osteoarthritis Patients >ENLV
ENLV,DJ-N,2025-08-18 11:45:00,,DJ-N$1be0d619,"Enlivex Announces Positive Topline Data From Multi-Country, Randomized, Controlled, Phase I/II Trial Evaluating Allocetra in Patients With Moderate-To-Severe Knee Osteoarthritis"
ENLV,DJ-N,2025-08-18 11:45:00,,DJ-N$1be0d601,"Press Release: Enlivex Announces Positive Topline Data From Multi-Country, Randomized, Controlled, Phase I/II Trial Evaluating Allocetra in Patients With Moderate-To-Severe Knee Osteoarthritis"
ENLV,DJ-N,2025-08-18 11:45:00,,DJ-N$1be0d5fe,"Press Release: Enlivex Announces Positive Topline Data From Multi-Country, Randomized, Controlled, Phase I/II Trial Evaluating Allocetra in Patients With Moderate-To-Severe Knee Osteoarthritis"
ENLV,DJ-N,2025-08-18 11:40:00,,DJ-N$1be0d432,Enlivex Therapeutics Ltd. (ENLV) Halted due to pending news
ENLV,DJ-N,2025-08-14 12:30:00,,DJ-N$1bd9bb50,Press Release: Enlivex to Present 3-Month Topline Data from Phase IIa Moderate/Severe Knee Osteoarthritis Trial on August 18 Webinar
ENLV,DJ-N,2025-08-14 12:30:00,,DJ-N$1bd9b9eb,Press Release: Enlivex to Present 3-Month Topline Data from Phase IIa Moderate/Severe Knee Osteoarthritis Trial on August 18 Webinar
ENLV,DJ-N,2025-07-29 13:19:00,,DJ-N$1babf386,Enlivex Therapeutics Price Target Maintained With a $13.00/Share by D. Boral Capital
ENLV,DJ-N,2025-07-29 13:19:00,,DJ-N$1babf380,Enlivex Therapeutics Is Maintained at Buy by D. Boral Capital
MDIA,DJ-N,2026-01-03 20:17:00,,DJ-N$1d251503,Press Release: MediaCo's EstrellaTV and EVTV MIAMI Announce Strategic Alliance for Real-Time Breaking News Coverage from Venezuela and Around the World
MDIA,DJ-N,2025-12-23 14:00:00,,DJ-N$1d12b91f,"Press Release: MediaCo's HOT 97 TV Launches Daily Live News Show for the First Time, Dropping January 2026!"
MDIA,DJ-N,2025-12-22 20:37:00,,DJ-N$1d10d8e1,Mediaco Holding Files 8K - Listing Notice >MDIA
MDIA,DJ-N,2025-12-18 14:07:00,,DJ-N$1d0873b5,"Press Release: MediaCo Expands Don Cheto Network Footprint with New Phoenix Affiliate, KZOM-FM 96.5"
MDIA,DJ-N,2025-12-17 14:29:00,,DJ-N$1d057c20,Katz Will Serve as National Media Sales Representative for MediaCo's Owned-And- Operated EstrellaTV Stations >MDIA
MDIA,DJ-N,2025-12-17 14:28:00,,DJ-N$1d057c0b,Mediaco: Partnership Unlocks New Rev Opportunities Across Top Hispanic Markets >MDIA
MDIA,DJ-N,2025-12-17 14:28:00,,DJ-N$1d057c02,MediaCo Names Katz Television Group Exclusive National Sales Partner as EstrellaTV Delivers Record Growth
MDIA,DJ-N,2025-12-17 14:26:00,,DJ-N$1d057b31,Press Release: MediaCo Names Katz Television Group Exclusive National Sales Partner as EstrellaTV Delivers Record Growth
MDIA,DJ-N,2025-12-15 19:26:00,,DJ-N$1d00546a,Press Release: MediaCo Holding Inc.'s EstrellaTV Delivers Record-Setting Prime-Time Performance with Liga MX Finals Coverage
MDIA,DJ-N,2025-12-11 14:35:00,,DJ-N$1cf7e90c,Press Release: MediaCo's EstrellaTV Delivers Record Year-Over-Year Prime-Time Ratings Growth in November
MDIA,DJ-N,2025-11-25 20:01:00,,DJ-N$1cd2977b,"Mediaco Holding Files 8K - Director, Officer or Compensation Filing >MDIA"
MDIA,DJ-N,2025-11-24 14:45:00,,DJ-N$1cce58f9,Press Release: MediaCo Drives the Future of Multiplatform Media: #1 in Broadcast TV Growth and Double-Digit Radio Expansion Across Top Markets
MDIA,DJ-N,2025-11-23 08:15:00,,DJ-N$1cccf51c,"MEDIACO HOLDING INC  CL A, Inst Holders, 3Q 2025 (MDIA)"
MDIA,DJ-N,2025-11-20 21:51:00,,DJ-N$1cc6c8d1,MediaCo Holding 3Q Loss $17.9M >MDIA
MDIA,DJ-N,2025-11-20 21:50:00,,DJ-N$1cc6c840,Mediaco Holding 3Q Rev $35.4M >MDIA
MDIA,DJ-N,2025-11-20 21:50:00,,DJ-N$1cc6c818,MediaCo Holding Names Albert Rodriguez to Board
MDIA,DJ-N,2025-11-20 21:35:00,,DJ-N$1cc6b5f0,Press Release: MediaCo Reports Third Quarter -3-
MDIA,DJ-N,2025-11-20 21:35:00,,DJ-N$1cc6b5ee,Press Release: MediaCo Reports Third Quarter -2-
MDIA,DJ-N,2025-11-20 21:35:00,,DJ-N$1cc6b5ec,Press Release: MediaCo Reports Third Quarter Financial Results
MDIA,DJ-N,2025-11-20 21:30:00,,DJ-N$1cc6aec0,Press Release: MediaCo Appoints Albert Rodriguez to its Board of Directors
MDIA,DJ-N,2025-11-20 20:19:00,,DJ-N$1cc67ba8,Mediaco Holding Files 8K - Operations And Financial Condition >MDIA
MDIA,DJ-N,2025-11-18 11:00:00,,DJ-N$1cbf0733,"Mediaco Holding Files 8K - Director, Officer or Compensation Filing >MDIA"
MDIA,DJ-N,2025-11-06 20:25:00,,DJ-N$1ca1f0eb,Press Release: MediaCo Brings Iconic HOT 97 and WBLS Brands to Dot 2 Audio Across Major U.S. Cities
MDIA,DJ-N,2025-11-03 14:36:00,,DJ-N$1c962793,Press Release: MediaCo's EstrellaTV Achieves Record Audience Growth in October 2025 Largest Monthly Prime-Time Gain in Network History Among Adults 18-49
MDIA,DJ-N,2025-10-21 21:57:00,,DJ-N$1c76468b,Press Release: HOT 97 Delivers Highest Adult 18-49 Audience Levels in Station History
MDIA,DJ-N,2025-10-16 16:11:00,,DJ-N$1c6b494a,Press Release: MediaCo's EstrellaTV Kicks Off New Broadcast Season as the Fastest-Growing Spanish-Language Network
MDIA,DJ-N,2025-10-14 13:00:00,,DJ-N$1c646b1a,Press Release: MediaCo Expands EstrellaTV Network Footprint with Launch of WMBC-TV in New York
MDIA,DJ-N,2025-10-07 13:15:00,,DJ-N$1c54b736,Press Release: MediaCo Leads the Political Charge: Multicultural Audiences to Decide 2026 Election
MDIA,DJ-N,2025-10-06 13:00:00,,DJ-N$1c51be0f,Press Release: MediaCo's HOT 97 Lands in Atlanta with the Launch of WHOT-TV
MDIA,DJ-N,2025-09-18 14:08:00,,DJ-N$1c2a1e03,Press Release: !VIVA! The Spanish Audio Bible Ignites Miami: A-List Latin Talent Records at Crescent Moon Studios; Invite-Only Listening at Cardozo South Beach; National Promotion with MediaCo's EstrellaTV
MDIA,DJ-N,2025-09-12 20:29:00,,DJ-N$1c1e9854,Mediaco Holding Files 8K - Unregistered Equity Sales >MDIA
MDIA,DJ-N,2025-09-11 20:47:00,,DJ-N$1c1bee88,Press Release: MediaCo's EstrellaTV Continues Strong Momentum in Final Weeks of Broadcast Season
MDIA,DJ-N,2025-09-08 19:17:00,,DJ-N$1c1322d4,Press Release: EstrellaTV Named Exclusive U.S. Television Partner for Miss Universe Mexico 2025
MDIA,DJ-N,2025-08-23 07:15:00,,DJ-N$1bef2a53,"MEDIACO HOLDING INC  CL A, Inst Holders, 2Q 2025 (MDIA)"
MDIA,DJ-N,2025-08-18 12:11:00,,DJ-N$1be0e33c,MediaCo's Trailblazer Brian Fisher Elevated to Chief Rev Officer
MDIA,DJ-N,2025-08-18 12:11:00,,DJ-N$1be0e338,Press Release: MediaCo's Trailblazer Brian Fisher Elevated to Chief Revenue Officer
MDIA,DJ-N,2025-08-16 15:05:00,,DJ-N$1bdf62a6,Press Release: MediaCo's EstrellaTV Caps Off July With Surging Prime Ratings and Strong Year-Over-Year Growth Among P18-49
MDIA,DJ-N,2025-08-12 11:35:00,,DJ-N$1bd2ae20,Mediaco Holding Files 8K - Operations And Financial Condition >MDIA
MDIA,DJ-N,2025-08-12 01:23:00,,DJ-N$1bd167e1,Press Release: MediaCo Reports Second Quarter Net -3-
MDIA,DJ-N,2025-08-12 01:23:00,,DJ-N$1bd167df,Press Release: MediaCo Reports Second Quarter Net -2-
MDIA,DJ-N,2025-08-12 01:23:00,,DJ-N$1bd167de,Press Release: MediaCo Reports Second Quarter Net Revenue of $31.2 Million and First Half of 2025 Net Revenue of $59.3 Million
MDIA,DJ-N,2025-07-22 13:15:00,,DJ-N$1b9b6f88,Press Release: MediaCo's EstrellaTV Announces the Return of the Iconic Musical Reality Series and Competition Objetivo Fama for 2025
MDIA,DJ-N,2025-07-18 13:04:00,,DJ-N$1b94356d,Press Release: MediaCo's EstrellaTV to Televise and Stream Every Liga MX Tigres and Juarez Home Matches for the Apertura Season
MDIA,DJ-N,2025-07-09 18:30:00,,DJ-N$1b7f067e,"Press Release: MediaCo's, Estrella TV, Continues to Build Prime Time Momentum with Double-Digit Growth in Key Demo"
BNAI,DJ-N,2025-12-31 22:29:00,,DJ-N$1d216336,Brand Engagement Network Files 8K - Other Events >BNAI
BNAI,DJ-N,2025-12-29 11:16:00,,DJ-N$1d1ae0bd,Brand Engagement Network Finalizes Agreement for a Proprietary AI Engagement Solution With a Leading Global Ad Agency for One of the World's Top Pharmaceutical Companies
BNAI,DJ-N,2025-12-29 11:15:00,,DJ-N$1d1ae077,Press Release: Brand Engagement Network Finalizes Agreement for a Proprietary AI Engagement Solution with a Leading Global Ad Agency for One of the World's Top Pharmaceutical Companies
BNAI,DJ-N,2025-12-29 11:09:00,,DJ-N$1d1adeae,Brand Engagement Network Files 8K - Entry Into Definitive Agreement >BNAI
BNAI,DJ-N,2025-12-22 12:14:00,,DJ-N$1d0f591e,CFA Technology:Insider Review For Week Ended 19-Dec -4-
BNAI,DJ-N,2025-12-22 12:14:00,,DJ-N$1d0f5903,CFA Technology:Insider Review For Week Ended 19-Dec -3-
BNAI,DJ-N,2025-12-22 12:13:00,,DJ-N$1d0f58b4,CFA Technology:Insider Review For Week Ended 19-Dec -2-
BNAI,DJ-N,2025-12-22 12:13:00,,DJ-N$1d0f58a2,CFA Technology:Insider Review For Week Ended 19-Dec
BNAI,DJ-N,2025-12-22 11:10:00,,DJ-N$1d0f40c2,"Brand Engagement Network Reduces Outstanding Liabilities by $2.5M During 4Q Through Debt-To-Equity Conversions, Negotiated Settlements, and Payments >BNAI"
BNAI,DJ-N,2025-12-22 11:10:00,,DJ-N$1d0f408b,Press Release: BEN (Nasdaq: BNAI) Reduces Q4 2025 Liabilities by Approximately $2.5 Million Through Debt Conversions
BNAI,DJ-N,2025-12-22 11:05:00,,DJ-N$1d0f3f5c,Brand Engagement Network Files 8K - Regulation FD >BNAI
BNAI,DJ-N,2025-12-22 11:05:00,,DJ-N$1d0f3f59,Brand Engagement Network Files 8K - Other Events >BNAI
BNAI,DJ-N,2025-12-22 11:05:00,,DJ-N$1d0f3f57,Brand Engagement Network Files 8K - Unregistered Equity Sales >BNAI
BNAI,DJ-N,2025-12-22 11:05:00,,DJ-N$1d0f3f56,Brand Engagement Network Files 8K - Direct Or Off-Balance Sheet Financial Obligation >BNAI
BNAI,DJ-N,2025-12-22 11:05:00,,DJ-N$1d0f3f53,Brand Engagement Network Files 8K - Entry Into Definitive Agreement >BNAI
BNAI,DJ-N,2025-12-18 11:15:00,,DJ-N$1d080cfd,"Press Release: BEN (Nasdaq: BNAI) Strengthens Balance Sheet with Over $1.24 Million in Liability Reductions Including Conversion of $504,684 in affiliate debt at $2.10 Per Share"
BNAI,DJ-N,2025-12-18 11:06:00,,DJ-N$1d080ad5,Brand Engagement Network Files 8K - Direct Or Off-Balance Sheet Financial Obligation >BNAI
BNAI,DJ-N,2025-12-18 11:06:00,,DJ-N$1d080ad4,Brand Engagement Network Files 8K - Unregistered Equity Sales >BNAI
BNAI,DJ-N,2025-12-18 11:06:00,,DJ-N$1d080ad3,Brand Engagement Network Files 8K - Other Events >BNAI
BNAI,DJ-N,2025-12-18 11:06:00,,DJ-N$1d080ad2,Brand Engagement Network Files 8K - Entry Into Definitive Agreement >BNAI
BNAI,DJ-N,2025-12-16 21:11:00,,DJ-N$1d037ce2,"VP Pinnam Sells 3,728 Of Brand Engagement Network Inc >BNAI"
BNAI,DJ-N,2025-12-12 14:00:00,,DJ-N$1cfaccb6,Brand Engagement Network Inc. (BNAI) Resumed Trading
BNAI,DJ-N,2025-12-12 08:30:00,,DJ-N$1cfa2ace,Brand Engagement Network Inc. (BNAI) Halted due to pending news
ORBS,DJ-N,2025-12-31 13:40:00,,DJ-N$1d20679f,Eightco Holdings Files 8K - Regulation FD >ORBS
ORBS,DJ-N,2025-12-31 13:30:00,,DJ-N$1d206484,"Eightco Holdings Total Holdings Include 277.2M WLD; 11,068 ETH; and Cash and Stablecoins of $69.2M >ORBS"
ORBS,DJ-N,2025-12-31 13:30:00,,DJ-N$1d2063fe,Eightco Holdings Holds Over 10% of the Current WLD Supply in Circulation >ORBS
ORBS,DJ-N,2025-12-31 13:30:00,,DJ-N$1d2063a0,Press Release: Eightco ($ORBS) Releases Year-End Chairman's Message
ORBS,DJ-N,2025-12-29 14:59:00,,DJ-N$1d1b444a,Eightco Shares Rise After Buyback Plan of Up to $125 Million
ORBS,DJ-N,2025-12-29 13:40:00,,DJ-N$1d1b2251,Eightco Holdings Files 8K - Other Events >ORBS
ORBS,DJ-N,2025-12-29 13:40:00,,DJ-N$1d1b2250,Eightco Holdings Files 8K - Regulation FD >ORBS
ORBS,DJ-N,2025-12-29 13:32:00,,DJ-N$1d1b1f99,"Bitmine Immersion Announces ETH Holdings Reach 4.11M Tokens, and Total Crypto and Total Cash Holdings of $13.2B"
ORBS,DJ-N,2025-12-29 13:30:00,,DJ-N$1d1b1ddd,Press Release: Bitmine Immersion (BMNR) Announces -2-
ORBS,DJ-N,2025-12-29 13:30:00,,DJ-N$1d1b1dd8,"Press Release: Bitmine Immersion (BMNR) Announces ETH Holdings Reach 4.11 Million Tokens, and Total Crypto and Total Cash Holdings of $13.2 Billion"
ORBS,DJ-N,2025-12-29 13:30:00,,DJ-N$1d1b1dce,Press Release: Eightco ($ORBS) Announces Share Buyback Program for up to $125 Million
ORBS,DJ-N,2025-12-29 13:30:00,,DJ-N$1d1b1d5d,Eightco ($ORBS) Announces Share Buyback Program For Up To $125 Million >ORBS
ORBS,DJ-N,2025-12-29 13:30:00,,DJ-N$1d1b1dc5,Press Release: Bitmine Immersion (BMNR) Announces -2-
ORBS,DJ-N,2025-12-29 13:30:00,,DJ-N$1d1b1dc4,"Press Release: Bitmine Immersion (BMNR) Announces ETH Holdings Reach 4.11 Million Tokens, and Total Crypto and Total Cash Holdings of $13.2 Billion"
ORBS,DJ-N,2025-12-22 13:32:00,,DJ-N$1d0f88cb,"Bitmine Immersion Announces ETH Holdings Reach 4.066 M Tokens, and Total Crypto and Total Cash Holdings of $13.2B"
ORBS,DJ-N,2025-12-22 13:30:00,,DJ-N$1d0f86b0,"Press Release: Bitmine Immersion (BMNR) Announces ETH Holdings Reach 4.066 Million Tokens, and Total Crypto and Total Cash Holdings of $13.2 Billion"
ORBS,DJ-N,2025-12-22 13:30:00,,DJ-N$1d0f8759,BitMine Immersion Techs Now Owns 3.37% of the ETH Token Supply >BMNR
ORBS,DJ-N,2025-12-22 13:30:00,,DJ-N$1d0f8740,"Bitmine Immersion Announces ETH Holdings Reach 4.1M Tokens, and Total Crypto and Total Cash Holdings of $13.2B"
ORBS,DJ-N,2025-12-22 13:30:00,,DJ-N$1d0f86ad,"Press Release: Bitmine Immersion (BMNR) Announces ETH Holdings Reach 4.066 Million Tokens, and Total Crypto and Total Cash Holdings of $13.2 Billion"
ORBS,DJ-N,2025-12-15 13:30:00,,DJ-N$1cff00c3,"Press Release: BitMine Immersion (BMNR) Announces ETH Holdings Reach 3.97 Million Tokens, and Total Crypto and Total Cash Holdings of $13.3 Billion"
ORBS,DJ-N,2025-12-08 13:32:00,,DJ-N$1cee8a66,"BitMine Immersion Announces ETH Holdings Exceed 3.86M Tokens, and Total Crypto and Total Cash Holdings of $13.2B"
ORBS,DJ-N,2025-12-08 13:30:00,,DJ-N$1cee8998,"Press Release: BitMine Immersion (BMNR) Announces ETH Holdings Exceed 3.86 Million Tokens, and Total Crypto and Total Cash Holdings of $13.2 Billion"
ORBS,DJ-N,2025-12-01 13:30:00,,DJ-N$1cdddeb7,"Press Release: BitMine Immersion (BMNR) Announces ETH Holdings Reach 3.73 Million Tokens, and Total Crypto and Cash Holdings of $12.1 Billion"
ORBS,DJ-N,2025-11-25 00:48:00,,DJ-N$1cd01d6d,"World Assets, Ltd., Affiliates Report Stake In Eightco Holdings >ORBS"
ORBS,DJ-N,2025-11-24 13:31:00,,DJ-N$1cce3035,"BitMine Immersion Announces ETH Holdings Reach 3.63M Tokens, and Total Crypto and Cash Holdings of $11.2B"
ORBS,DJ-N,2025-11-24 13:30:00,,DJ-N$1cce2e5b,"Press Release: BitMine Immersion (BMNR) Announces ETH Holdings Reach 3.63 Million Tokens, and Total Crypto and Cash Holdings of $11.2 Billion"
ORBS,DJ-N,2025-11-22 08:09:00,,DJ-N$1ccc62ae,"EIGHTCO HOLDINGS INC  COM WI, Inst Holders, 3Q 2025 (ORBS)"
ORBS,DJ-N,2025-11-18 13:46:00,,DJ-N$1cbf5d47,Eightco Holdings Files 8K - Regulation FD >ORBS
ORBS,DJ-N,2025-11-17 13:45:00,,DJ-N$1cbc114c,BitMine Immersion Techs Now Owns 2.9% of the ETHtoken Supply >BMNR
ORBS,DJ-N,2025-11-17 13:45:00,,DJ-N$1cbc1144,BitMine Immersion Announces ETH Holdings Reaching 3.6M Tokens
ORBS,DJ-N,2025-11-17 13:45:00,,DJ-N$1cbc1117,Press Release: BitMine Immersion (BMNR) Announces ETH Holdings Reaching 3.6 Million Tokens and Release of November Chairman's Message
ORBS,DJ-N,2025-11-10 13:33:00,,DJ-N$1ca923e2,BitMine Immersion Techs Now Owns 2.9% of the ETHtoken Supply >BMNR
ORBS,DJ-N,2025-11-10 13:33:00,,DJ-N$1ca923b8,BitMine Immersion Announces ETH Holdings Reaching 3.5M Tokens and Total Crypto and Cash Holdings of $13.2B
ORBS,DJ-N,2025-11-10 13:30:00,,DJ-N$1ca9204e,Press Release: BitMine Immersion (BMNR) Announces ETH Holdings Reaching 3.5 Million Tokens and Total Crypto and Cash Holdings of $13.2 Billion
ORBS,DJ-N,2025-11-03 13:46:00,,DJ-N$1c9605dc,Eightco Holdings Files 8K - Regulation FD >ORBS
ORBS,DJ-N,2025-11-03 13:31:00,,DJ-N$1c95fe34,BitMine Immersion Techs Now Owns 2.8% of the ETHtoken Supply >BMNR
ORBS,DJ-N,2025-11-03 13:31:00,,DJ-N$1c95fe0c,BitMine Immersion Announces ETH Holdings Reaching 3.4M Tokens and Total Crypto and Cash Holdings of $13.7B
ORBS,DJ-N,2025-11-03 13:30:00,,DJ-N$1c95fd7a,Press Release: BitMine Immersion (BMNR) Announces ETH Holdings Reaching 3.4 Million Tokens and Total Crypto and Cash Holdings of $13.7 Billion
ORBS,DJ-N,2025-11-03 13:30:00,,DJ-N$1c95fd77,"Press Release: Eightco (NASDAQ: ORBS) Expands INFINITY Pilot Program, Welcomes Coinbase (NASDAQ: COIN) to Strengthen Human Verification for the AI Economy"
ORBS,DJ-N,2025-11-01 01:30:00,,DJ-N$1c933815,Crypto-Treasury Stocks Face a Reckoning -- Barron's
ORBS,DJ-N,2025-10-30 12:46:00,,DJ-N$1c8d7822,Eightco Holdings Files 8K - Regulation FD >ORBS
ORBS,DJ-N,2025-10-27 12:35:00,,DJ-N$1c822280,BitMine Immersion Announces ETH Holdings Exceeding 3.31M Tokens and Total Crypto and Cash Holdings of $14.2B
ORBS,DJ-N,2025-10-27 12:30:00,,DJ-N$1c821f47,Press Release: BitMine Immersion (BMNR) Announces ETH Holdings Exceeding 3.31 Million Tokens and Total Crypto and Cash Holdings of $14.2 Billion
ORBS,DJ-N,2025-10-27 11:05:00,,DJ-N$1c81f281,Eightco Holdings Files 8K - Entry Into Definitive Agreement >ORBS
ORBS,DJ-N,2025-10-20 12:30:00,,DJ-N$1c71bb4f,Press Release: BitMine Immersion (BMNR) Announces ETH Holdings Reaching 3.24 Million Tokens and Total Crypto and Cash Holdings of $13.4 Billion
ORBS,DJ-N,2025-10-14 11:01:00,,DJ-N$1c6422de,Eightco Holdings Files 8K - Regulation FD >ORBS
ORBS,DJ-N,2025-10-13 12:32:00,,DJ-N$1c60bd29,"BitMine Immersion Techs Has Crypto BitMine Crypto + Cash + ""Moonshots"" Holdings Totalling $13.4B >BMNR"
ORBS,DJ-N,2025-10-13 12:32:00,,DJ-N$1c60bce6,BitMine Immersion Announces ETH Holdings Exceeding 3.03M Tokens and Total Crypto and Cash Holdings of $12.9B
ORBS,DJ-N,2025-10-13 12:30:00,,DJ-N$1c60bb21,Press Release: BitMine Immersion (BMNR) Announces ETH Holdings Exceeding 3.03 Million Tokens and Total Crypto and Cash Holdings of $12.9 Billion
ORBS,DJ-N,2025-10-13 12:30:00,,DJ-N$1c60bba9,Press Release: Eightco Holdings Inc. ($ORBS) Makes Strategic Investment into Mythical Games to Accelerate Human Verification and Digital Identity in Gaming
MREO,DJ-N,2025-12-30 17:39:00,,DJ-N$1d1e9f5f,Why Ultragenyx Stock Dropped 42% and What Comes Next -- Barrons.com
MREO,DJ-N,2025-12-30 12:51:00,,DJ-N$1d1dc4e1,Mereo BioPharma Group Price Target Cut to $0.50/Share From $7.00 by Jefferies
MREO,DJ-N,2025-12-30 12:51:00,,DJ-N$1d1dc4e0,Mereo BioPharma Group Cut to Hold From Buy by Jefferies
MREO,DJ-N,2025-12-29 18:34:00,,DJ-N$1d1bf4a5,Mereo BioPharma Group Price Target Cut to $1.00/Share From $6.00 by BTIG
MREO,DJ-N,2025-12-29 18:34:00,,DJ-N$1d1bf4a2,Mereo BioPharma Group Is Maintained at Buy by BTIG
MREO,DJ-N,2025-12-29 18:31:00,,DJ-N$1d1bf38c,Mereo BioPharma Group Cut to Market Perform From Outperform by LifeSci Capital
MREO,DJ-N,2025-12-29 15:40:00,,DJ-N$1d1b69da,Ultragenyx Shares Slide as Bone Disorder Drug Misses Trial Endpoints
MREO,DJ-N,2025-12-29 13:55:00,,DJ-N$1d1b2641,Mereo BioPharma Group PLC ADR (MREO) Resumed Trading
MREO,DJ-N,2025-12-29 13:54:00,,DJ-N$1d1b2640,Mereo BioPharma Group Files 8K - Other Events >MREO
MREO,DJ-N,2025-12-29 13:54:00,,DJ-N$1d1b263c,Mereo BioPharma Group Files 8K - Regulation FD >MREO
MREO,DJ-N,2025-12-29 13:52:00,,DJ-N$1d1b25ef,"Ultragenyx Pharmaceutical, Mereo BioPharma Bone Disorder Treatment Doesn't Meet Trial Endpoints"
MREO,DJ-N,2025-12-29 13:36:00,,DJ-N$1d1b213e,Mereo BioPharma Continuing to Advance Partnering Discussions for Alvelestat >MREO
MREO,DJ-N,2025-12-29 13:36:00,,DJ-N$1d1b213d,Mereo BioPharma Carefully Managing Cash Resources With Immediate Reductions in Pre-Comml and Manufacturing Activities >MREO
MREO,DJ-N,2025-12-29 13:35:00,,DJ-N$1d1b20fe,Mereo BioPharma Will Be Conducting Additional Analyses on Data to Assess Next Steps >MREO
MREO,DJ-N,2025-12-29 13:35:00,,DJ-N$1d1b20e0,Mereo BioPharma: No Change in the Safety Profile Observed >MREO
MREO,DJ-N,2025-12-29 13:34:00,,DJ-N$1d1b20a5,Mereo BioPharma: Both Studies Achieved Secondary Endpoint of Improvements in Bone Mineral Density With Strong Statistical Significance >MREO
MREO,DJ-N,2025-12-29 13:34:00,,DJ-N$1d1b2099,Mereo BioPharma: Neither Study Achieved Primary Endpoint of Reduction in Annualized Clinical Fracture Rate Vs. Placebo or Bisphosphonates >MREO
MREO,DJ-N,2025-12-29 13:34:00,,DJ-N$1d1b2045,Mereo BioPharma Announces Phase 3 ORBIT and COSMIC Results for Setrusumab (UX143) in Osteogenesis Imperfecta
MREO,DJ-N,2025-12-29 13:31:00,,DJ-N$1d1b1ea6,Press Release: Mereo BioPharma Announces Phase 3 -2-
MREO,DJ-N,2025-12-29 13:31:00,,DJ-N$1d1b1ea5,Press Release: Mereo BioPharma Announces Phase 3 ORBIT and COSMIC Results for Setrusumab (UX143) in Osteogenesis Imperfecta
MREO,DJ-N,2025-12-29 13:25:00,,DJ-N$1d1b1bc2,Mereo BioPharma Group PLC ADR (MREO) Halted due to pending news
MREO,DJ-N,2025-12-22 11:24:00,,DJ-N$1d0f448e,Mereo BioPharma Group Price Target Maintained With a $5.00/Share by Needham
MREO,DJ-N,2025-12-18 10:17:00,,DJ-N$1d07f8f0,Mereo BioPharma Group Price Target Maintained With a $6.00/Share by BTIG
MREO,DJ-N,2025-11-10 21:21:00,,DJ-N$1caad96e,Mereo BioPharma Group Files 8K - Operations And Financial Condition >MREO
MREO,DJ-N,2025-11-10 21:03:00,,DJ-N$1caac449,Mereo BioPharma Group 3Q Rev $0.00 >MREO
MREO,DJ-N,2025-11-10 21:03:00,,DJ-N$1caac447,Mereo BioPharma Group 3Q Loss/Shr 1c >MREO
MREO,DJ-N,2025-11-10 21:01:00,,DJ-N$1caac2e0,Press Release: Mereo BioPharma Reports Third -2-
MREO,DJ-N,2025-11-10 21:01:00,,DJ-N$1caac2dd,Press Release: Mereo BioPharma Reports Third Quarter 2025 Financial Results and Provides Corporate Highlights
MREO,DJ-N,2025-08-25 14:20:00,,DJ-N$1bf112df,Mereo BioPharma Group Price Target Raised to $8.00/Share From $7.00 by JP Morgan
MREO,DJ-N,2025-08-25 14:20:00,,DJ-N$1bf112de,Mereo BioPharma Group Is Maintained at Overweight by JP Morgan
MREO,DJ-N,2025-08-12 11:41:00,,DJ-N$1bd2b000,Mereo BioPharma Group Files 8K - Operations And Financial Condition >MREO
MREO,DJ-N,2025-08-12 11:36:00,,DJ-N$1bd2aedc,Mereo BioPharma Group: Runway To Support Operations Into 2027 >MREO
MREO,DJ-N,2025-08-12 11:36:00,,DJ-N$1bd2ae9d,"Mereo BioPharma Group 2Q Rev $500,000 >MREO"
MREO,DJ-N,2025-08-12 11:36:00,,DJ-N$1bd2ae93,Mereo BioPharma Group 2Q Loss $14.6M >MREO
MREO,DJ-N,2025-08-12 11:36:00,,DJ-N$1bd2ae8d,Mereo BioPharma Group 2Q Loss/Shr 2c >MREO
MREO,DJ-N,2025-08-12 11:35:00,,DJ-N$1bd2ae4e,Press Release: Mereo BioPharma Reports Second -2-
MREO,DJ-N,2025-08-12 11:35:00,,DJ-N$1bd2ae4c,Press Release: Mereo BioPharma Reports Second Quarter 2025 Financial Results and Provides Corporate Highlights
MREO,DJ-N,2025-07-10 20:17:00,,DJ-N$1b81f5e4,"Ultragenyx, Mereo Hammered For Their Surprise Miss In Brittle Bone Disease -- IBD"
MREO,DJ-N,2025-07-10 18:40:00,,DJ-N$1b81cb1c,"Ultragenyx, Mereo Sell-Off Seen as Overreaction -- Market Talk"
MREO,DJ-N,2025-07-10 14:37:00,,DJ-N$1b813fa7,Biotech Stock Ultragenyx Is Falling on Unsatisfying Trial Update -- Barrons.com
MREO,DJ-N,2025-07-10 14:31:00,,DJ-N$1b813871,"Ultragenyx, Mereo Hammered For Their Surprise Miss In Brittle Bone Disease -- IBD"
MREO,DJ-N,2025-07-10 10:49:00,,DJ-N$1b80ad43,Mereo BioPharma Group Files 8K - Other Events >MREO
MREO,DJ-N,2025-07-10 10:29:00,,DJ-N$1b80a43b,Mereo BioPharma Group Price Target Cut to $5.00/Share From $7.00 by Needham
MREO,DJ-N,2025-07-10 10:29:00,,DJ-N$1b80a437,Mereo BioPharma Group Is Maintained at Buy by Needham
MREO,DJ-N,2025-07-09 22:48:00,,DJ-N$1b7f75df,"Ultragenyx, Mereo Slide as Drug Study Progresses to Final Analysis"
MREO,DJ-N,2025-07-09 20:11:00,,DJ-N$1b7f2b1c,"Ultragenyx, Mereo BioPharma: DMC Said UX143 Demonstrates Acceptable Safety Profile and Co Should Continue Study to Final Analysis"
MREO,DJ-N,2025-07-09 20:10:00,,DJ-N$1b7f29b4,"Ultragenyx, Mereo BioPharma Study Evaluating UX143 Progressing Toward Final Analysis Around End of Yr"
MREO,DJ-N,2025-07-09 20:05:00,,DJ-N$1b7f244c,Ultragenyx and Mereo BioPharma Announce UX143 Phase 3 Orbit Study for Osteogenesis Imperfecta Progressing to Final Analysis
MREO,DJ-N,2025-07-09 20:05:00,,DJ-N$1b7f2237,Press Release: Ultragenyx and Mereo BioPharma -2-
MREO,DJ-N,2025-07-09 20:05:00,,DJ-N$1b7f2233,Press Release: Ultragenyx and Mereo BioPharma Announce UX143 Phase 3 Orbit Study for Osteogenesis Imperfecta Progressing to Final Analysis
IMUX,DJ-N,2025-11-26 11:32:00,,DJ-N$1cd455ba,Press Release: Immunic to Participate in the 8th Annual Evercore ISI Healthcare Conference in December
IMUX,DJ-N,2025-11-26 11:30:00,,DJ-N$1cd4547f,EQS-News: Immunic to Participate in the 8th Annual  Evercore ISI Healthcare Conference in December
IMUX,DJ-N,2025-11-23 08:01:00,,DJ-N$1ccceb96,"Immunic  Inc, Inst Holders, 3Q 2025 (IMUX)"
IMUX,DJ-N,2025-11-14 13:13:00,,DJ-N$1cb76ed9,Immunic Price Target Cut to $8.00/Share From $10.00 by HC Wainwright & Co.
IMUX,DJ-N,2025-11-14 13:13:00,,DJ-N$1cb76ed7,Immunic Is Maintained at Buy by HC Wainwright & Co.
IMUX,DJ-N,2025-11-13 13:57:00,,DJ-N$1cb3ff74,Immunic Price Target Cut to $8.00/Share From $10.00 by D. Boral Capital
IMUX,DJ-N,2025-11-13 13:57:00,,DJ-N$1cb3ff70,Immunic Is Maintained at Buy by D. Boral Capital
IMUX,DJ-N,2025-11-13 12:27:00,,DJ-N$1cb3c555,Immunic Files 8K - Operations And Financial Condition >IMUX
IMUX,DJ-N,2025-11-13 11:31:00,,DJ-N$1cb3a26b,Immunic: Runway To Fund Operations for at Least 12 Months >IMUX
IMUX,DJ-N,2025-11-13 11:30:00,,DJ-N$1cb3a162,"Press Release: Immunic, Inc. Reports Third -3-"
IMUX,DJ-N,2025-11-13 11:30:00,,DJ-N$1cb3a160,"Press Release: Immunic, Inc. Reports Third -2-"
IMUX,DJ-N,2025-11-13 11:30:00,,DJ-N$1cb3a15c,"Press Release: Immunic, Inc. Reports Third Quarter 2025 Financial Results and Provides Corporate Update"
IMUX,DJ-N,2025-11-13 11:30:00,,DJ-N$1cb3a10a,Immunic 3Q Loss $25.6M >IMUX
IMUX,DJ-N,2025-11-13 11:30:00,,DJ-N$1cb3a102,Immunic 3Q Loss/Shr 13c >IMUX
IMUX,DJ-N,2025-11-13 11:30:00,,DJ-N$1cb3a166,"EQS-News: Immunic, Inc. Reports Third Quarter 2025 Financial Results and Provides Corporate Update -2-"
IMUX,DJ-N,2025-11-13 11:30:00,,DJ-N$1cb3a165,"EQS-News: Immunic, Inc. Reports Third Quarter 2025 Financial Results and Provides Corporate Update"
IMUX,DJ-N,2025-10-29 10:30:00,,DJ-N$1c8939b7,EQS-News: Immunic to Participate in Industry and Investor Conferences in November
IMUX,DJ-N,2025-10-29 10:30:00,,DJ-N$1c893966,Press Release: Immunic to Participate in Industry and Investor Conferences in November
IMUX,DJ-N,2025-10-01 10:34:00,,DJ-N$1c478e19,Press Release: Immunic to Participate in Scientific and Investor Conferences in October
IMUX,DJ-N,2025-10-01 10:30:00,,DJ-N$1c478990,EQS-News: Immunic to Participate in Scientific and Investor Conferences in October
IMUX,DJ-N,2025-09-29 11:38:00,,DJ-N$1c40ae5d,Immunic Price Target Announced at $3.00/Share by Chardan Capital
IMUX,DJ-N,2025-09-29 11:38:00,,DJ-N$1c40ae5b,Immunic Initiated at Buy by Chardan Capital
IMUX,DJ-N,2025-09-26 10:50:00,,DJ-N$1c3c1c52,Immunic Price Target Maintained With a $10.00/Share by HC Wainwright & Co.
IMUX,DJ-N,2025-09-25 12:14:00,,DJ-N$1c39347b,Immunic Price Target Maintained With a $10.00/Share by D. Boral Capital
IMUX,DJ-N,2025-09-25 12:14:00,,DJ-N$1c393476,Immunic Is Maintained at Buy by D. Boral Capital
IMUX,DJ-N,2025-09-25 11:01:00,,DJ-N$1c391263,Immunic Files 8K - Other Events >IMUX
IMUX,DJ-N,2025-09-25 10:34:00,,DJ-N$1c3902d7,Press Release: Immunic Presented Key Vidofludimus -2-
IMUX,DJ-N,2025-09-25 10:34:00,,DJ-N$1c3902d6,"Press Release: Immunic Presented Key Vidofludimus Calcium Data at the 41st Congress of ECTRIMS, Highlighting Its Potential in Multiple Sclerosis"
IMUX,DJ-N,2025-09-25 10:30:00,,DJ-N$1c3900b1,"Immunic Presented Key Vidofludimus Calcium Data, Highlighting Its Potential in Multiple Sclerosis"
IMUX,DJ-N,2025-09-25 10:30:00,,DJ-N$1c39001e,"EQS-News: Immunic Presented Key Vidofludimus Calcium Data at the 41st Congress of ECTRIMS, Highlighting Its Potential in Multiple Sclerosis -2-"
IMUX,DJ-N,2025-09-25 10:30:00,,DJ-N$1c390018,"EQS-News: Immunic Presented Key Vidofludimus Calcium Data at the 41st Congress of ECTRIMS, Highlighting Its Potential in Multiple Sclerosis"
IMUX,DJ-N,2025-09-09 10:30:00,,DJ-N$1c14d00f,Immunic Receives Notice of Allowance for U.S. Patent Protecting Vidofludimus Calcium's Dose Strengths in Progressive Multiple Sclerosis
IMUX,DJ-N,2025-09-09 10:30:00,,DJ-N$1c14cf5c,Press Release: Immunic Receives Notice of -2-
IMUX,DJ-N,2025-09-09 10:30:00,,DJ-N$1c14cf5b,Press Release: Immunic Receives Notice of Allowance for United States Patent Protecting Vidofludimus Calcium's Dose Strengths in Progressive Multiple Sclerosis
IMUX,DJ-N,2025-09-09 10:30:00,,DJ-N$1c14cfad,EQS-News: Immunic Receives Notice of Allowance for United States Patent Protecting Vidofludimus Calcium's Dose Strengths in Progressive Multiple Sclerosis -2-
IMUX,DJ-N,2025-09-09 10:30:00,,DJ-N$1c14cfac,EQS-News: Immunic Receives Notice of Allowance for United States Patent Protecting Vidofludimus Calcium's Dose Strengths in Progressive Multiple Sclerosis
IMUX,DJ-N,2025-09-04 10:42:00,,DJ-N$1c0a9e95,Press Release: Immunic to Participate in Investor -2-
IMUX,DJ-N,2025-09-04 10:42:00,,DJ-N$1c0a9e94,Press Release: Immunic to Participate in Investor and Scientific Conferences in September
IMUX,DJ-N,2025-09-04 10:30:00,,DJ-N$1c0a99bc,EQS-News: Immunic to Participate in Investor and Scientific Conferences in September -2-
IMUX,DJ-N,2025-09-04 10:30:00,,DJ-N$1c0a99b8,EQS-News: Immunic to Participate in Investor and Scientific Conferences in September
IMUX,DJ-N,2025-08-08 12:44:00,,DJ-N$1bcad816,Immunic Price Target Maintained With a $10.00/Share by D. Boral Capital
IMUX,DJ-N,2025-08-08 12:44:00,,DJ-N$1bcad814,Immunic Is Maintained at Buy by D. Boral Capital
IMUX,DJ-N,2025-08-07 10:37:00,,DJ-N$1bc6a7a6,Immunic Files 8K - Other Events >IMUX
IMUX,DJ-N,2025-08-07 10:37:00,,DJ-N$1bc6a7a5,Immunic Files 8K - Operations And Financial Condition >IMUX
IMUX,DJ-N,2025-08-07 10:30:00,,DJ-N$1bc6a096,Immunic 2Q Loss $26.8M >IMUX
IMUX,DJ-N,2025-08-07 10:30:00,,DJ-N$1bc6a092,Immunic 2Q Loss/Shr 20c >IMUX
IMUX,DJ-N,2025-08-07 10:30:00,,DJ-N$1bc6a116,"EQS-News: Immunic, Inc. Reports Second Quarter 2025 Financial Results and Provides Corporate Update -3-"
IMUX,DJ-N,2025-08-07 10:30:00,,DJ-N$1bc6a113,"EQS-News: Immunic, Inc. Reports Second Quarter 2025 Financial Results and Provides Corporate Update -2-"
IMUX,DJ-N,2025-08-07 10:30:00,,DJ-N$1bc6a111,"EQS-News: Immunic, Inc. Reports Second Quarter 2025 Financial Results and Provides Corporate Update"
IMUX,DJ-N,2025-08-07 10:30:00,,DJ-N$1bc6a0af,"Press Release: Immunic, Inc. Reports Second -3-"
SRFM,DJ-N,2025-12-30 11:30:00,,DJ-N$1d1da30e,"Press Release: Surf Air Mobility Advances SurfOS Development, Targets Commercial Software Rollout in 2026, and Reports Milestones"
SRFM,DJ-N,2025-12-01 21:05:00,,DJ-N$1cdf86d9,"Press Release: Surf Air Mobility to Present at the H.C. Wainwright AeroNext: Investing in Advanced Air Mobility, Urban Aviation, and Unmanned Systems Virtual Conference"
SRFM,DJ-N,2025-11-23 08:06:00,,DJ-N$1cccf00a,"SURF AIR MOBILITY INC  COM, Inst Holders, 3Q 2025 (SRFM)"
SRFM,DJ-N,2025-11-21 22:05:00,,DJ-N$1ccb0355,Surf Air Mobility Files 8K - Other Events >SRFM
SRFM,DJ-N,2025-11-14 18:07:00,,DJ-N$1cb87f10,Surf Air Mobility Price Target Cut to $3.50/Share From $3.75 by Canaccord Genuity
SRFM,DJ-N,2025-11-14 18:07:00,,DJ-N$1cb87f0b,Surf Air Mobility Is Maintained at Hold by Canaccord Genuity
SRFM,DJ-N,2025-11-12 21:39:00,,DJ-N$1cb1cd8e,Surf Air Mobility Files 8K - Operations And Financial Condition >SRFM
SRFM,DJ-N,2025-11-12 21:11:00,,DJ-N$1cb1a139,Surf Air Mobility Sees 4Q Rev $25.5M-$27.5M >SRFM
SRFM,DJ-N,2025-11-12 21:10:00,,DJ-N$1cb1a12f,Surf Air Mobility Files 8K - Other Events >SRFM
SRFM,DJ-N,2025-11-12 21:10:00,,DJ-N$1cb1a123,Surf Air Mobility Files 8K - Regulation FD >SRFM
SRFM,DJ-N,2025-11-12 21:10:00,,DJ-N$1cb1a122,Surf Air Mobility Files 8K - Unregistered Equity Sales >SRFM
SRFM,DJ-N,2025-11-12 21:10:00,,DJ-N$1cb1a121,Surf Air Mobility Files 8K - Direct Or Off-Balance Sheet Financial Obligation >SRFM
SRFM,DJ-N,2025-11-12 21:10:00,,DJ-N$1cb1a11f,Surf Air Mobility Files 8K - Entry Into -3-
SRFM,DJ-N,2025-11-12 21:10:00,,DJ-N$1cb1a11d,Surf Air Mobility Files 8K - Entry Into -2-
SRFM,DJ-N,2025-11-12 21:10:00,,DJ-N$1cb1a11a,Surf Air Mobility Files 8K - Entry Into Definitive Agreement >SRFM
SRFM,DJ-N,2025-11-12 21:09:00,,DJ-N$1cb19f71,Surf Air Mobility Raises Full Yr Rev Guidance to at Least $105M >SRFM
SRFM,DJ-N,2025-11-12 21:09:00,,DJ-N$1cb19ed0,Surf Air Mobility 3Q Loss/Shr 64c >SRFM
SRFM,DJ-N,2025-11-12 21:09:00,,DJ-N$1cb19ebd,Surf Air Mobility 3Q Rev $29.2M >SRFM
SRFM,DJ-N,2025-11-12 21:05:00,,DJ-N$1cb194bc,Press Release: Surf Air Mobility Reports Third -3-
SRFM,DJ-N,2025-11-12 21:05:00,,DJ-N$1cb194b8,Press Release: Surf Air Mobility Reports Third -2-
SRFM,DJ-N,2025-11-12 21:05:00,,DJ-N$1cb194b3,"Press Release: Surf Air Mobility Reports Third Quarter 2025 Financial Results, Exceeding Revenue and Meeting Adjusted EBITDA Guidance"
SRFM,DJ-N,2025-11-10 13:35:00,,DJ-N$1ca92525,Surf Air Mobility Announces $100M Strategic Transaction to Accelerate Growth and Strengthen Balance Sheet
SRFM,DJ-N,2025-11-10 13:35:00,,DJ-N$1ca9253e,Surf Air Mobility: Transaction Secures $26 M From New Equity Issuances Specifically for the Development and Commercialization of SurfOS >SRFM
SRFM,DJ-N,2025-11-10 13:35:00,,DJ-N$1ca92518,Press Release: Surf Air Mobility Announces $100 -2-
SRFM,DJ-N,2025-11-10 13:35:00,,DJ-N$1ca92516,Press Release: Surf Air Mobility Announces $100 Million Strategic Transaction to Accelerate Growth and Strengthen Balance Sheet
SRFM,DJ-N,2025-11-10 13:28:00,,DJ-N$1ca91e22,Surf Air Mobility Files 8K - Operations And Financial Condition >SRFM
SRFM,DJ-N,2025-10-30 20:56:00,,DJ-N$1c8f2c0d,"Press Release: Surf Air Mobility to Announce Third Quarter 2025 Financial Results on November 12, 2025"
SRFM,DJ-N,2025-10-08 21:00:00,,DJ-N$1c58550d,Surf Air Mobility Files 8K - Regulation FD >SRFM
SRFM,DJ-N,2025-10-08 21:00:00,,DJ-N$1c58550c,"Surf Air Mobility Files 8K - Director, Officer or Compensation Filing >SRFM"
SRFM,DJ-N,2025-10-08 10:30:00,,DJ-N$1c56e94b,"Surf Air Mobility: Pelsinger Currently Chief Legal Officer, Chief Administrative Officer at Acrisure >SRFM"
SRFM,DJ-N,2025-10-08 10:30:00,,DJ-N$1c56e8ed,Surf Air Mobility Appoints Shawn Pelsinger to Bd of Directors >SRFM
SRFM,DJ-N,2025-10-08 10:30:00,,DJ-N$1c56e8b3,Press Release: Surf Air Mobility Appoints Shawn Pelsinger to Board of Directors
SRFM,DJ-N,2025-09-08 20:19:00,,DJ-N$1c134264,Press Release: Surf Air Mobility to Present at the H.C. Wainwright 27th Annual Global Investment Conference
SRFM,DJ-N,2025-08-29 21:15:00,,DJ-N$1bff6140,"Surf Air Mobility Files 8K - Director, Officer or Compensation Filing >SRFM"
SRFM,DJ-N,2025-08-29 00:03:00,,DJ-N$1bfc414e,"Dir d'Agostino Gifts 6,022 Of Surf Air Mobility Inc >SRFM"
SRFM,DJ-N,2025-08-23 07:07:00,,DJ-N$1bef2801,"SURF AIR MOBILITY INC  COM, Inst Holders, 2Q 2025 (SRFM)"
SRFM,DJ-N,2025-08-18 12:23:00,,DJ-N$1be0eac6,Surf Air Mobility Price Target Raised to $3.75/Share From $3.00 by Canaccord Genuity
SRFM,DJ-N,2025-08-18 12:23:00,,DJ-N$1be0eac4,Surf Air Mobility Is Maintained at Hold by Canaccord Genuity
SRFM,DJ-N,2025-08-13 13:09:00,,DJ-N$1bd65973,Press Release: Electra and Surf Air Mobility Complete First Commercial Demonstrations of Ultra Short Aircraft at Virginia Tech
SRFM,DJ-N,2025-08-13 13:00:00,,DJ-N$1bd64f51,Surf Air Mobility Participates in Demonstration Flight Event of Electra's Electrified Ultra-Short Takeoff Aircraft
SRFM,DJ-N,2025-08-13 13:00:00,,DJ-N$1bd64d9f,Press Release: Surf Air Mobility Participates in Demonstration Flight Event of Electra's Electrified Ultra-Short Takeoff Aircraft
SRFM,DJ-N,2025-08-13 13:00:00,,DJ-N$1bd64fa4,Electra and Surf Air Mobility Complete First Comml Demonstrations of Ultra Short Aircraft at Virginia Tech
SRFM,DJ-N,2025-08-12 20:31:00,,DJ-N$1bd42f44,Surf Air Mobility Files 8K - Operations And Financial Condition >SRFM
SRFM,DJ-N,2025-08-12 20:21:00,,DJ-N$1bd421a9,"Surf Air Mobility: Reaffirms Expectations That 2025 Rev Will Exceed $100M and Airline Ops Will Achieve Profitability in 2025, Defined as Positive Adjusted EBITDA >SRFM"
SRFM,DJ-N,2025-08-12 20:21:00,,DJ-N$1bd421a6,Surf Air Mobility 2Q Rev $27.4M >SRFM
SRFM,DJ-N,2025-08-12 20:21:00,,DJ-N$1bd421a5,Surf Air Mobility Sees 3Q Rev $27M-$28.5M >SRFM
SRFM,DJ-N,2025-08-12 20:21:00,,DJ-N$1bd421a4,Surf Air Mobility 2Q Loss/Shr $1.34 >SRFM
SRFM,DJ-N,2025-08-12 20:05:00,,DJ-N$1bd40028,Press Release: Surf Air Mobility Reports Second -3-
SRFM,DJ-N,2025-08-12 20:05:00,,DJ-N$1bd40020,Press Release: Surf Air Mobility Reports Second -2-
SRFM,DJ-N,2025-08-12 20:05:00,,DJ-N$1bd4001c,"Press Release: Surf Air Mobility Reports Second Quarter 2025 Financial Results, Exceeding Revenue and Adjusted EBITDA Guidance"
DGNX,DJ-N,2025-12-23 13:22:00,,DJ-N$1d12abbf,"Diginex Has Not Received Substantive Due Diligence From Kindred OS, Closing a Deal Unlikely"
DGNX,DJ-N,2025-12-23 13:22:00,,DJ-N$1d12abbd,Diginex: Agreements With IDRRA Cyber Security Has Been Paused Due to a Lack of Substantive Due Diligence
DGNX,DJ-N,2025-12-23 13:22:00,,DJ-N$1d12abba,Diginex Remains in Active and Constructive Dialogue With Resulticks >DGNX
DGNX,DJ-N,2025-12-23 13:22:00,,DJ-N$1d12abb7,Diginex Provides Update on Acquisition Progress
DGNX,DJ-N,2025-12-23 13:19:00,,DJ-N$1d12ab06,Press Release: Diginex Provides Update on Acquisition Progress
DGNX,DJ-N,2025-12-22 07:30:00,,DJ-N$1d0ef6e4,EQS-News: Diginex Limited Executes Landmark Deal to Build Supply Chain Compliance Leader
DGNX,DJ-N,2025-12-18 22:01:00,,DJ-N$1d09b3a8,Diginex to Buy Hong Kong's The Remedy Project >DGNX
DGNX,DJ-N,2025-12-18 22:00:00,,DJ-N$1d09b253,Press Release: Diginex Limited Executes Landmark Deal to Build Supply Chain Compliance Leader
DGNX,DJ-N,2025-12-11 14:25:00,,DJ-N$1cf7e5ac,Diginex Names Lorenzo Romano Deputy Chairman >DGNX
DGNX,DJ-N,2025-12-11 14:25:00,,DJ-N$1cf7e552,Press Release: Diginex Appoints Lorenzo Romano as Deputy Chairman Amid Booming Sustainability RegTech Market Opportunity
DGNX,DJ-N,2025-12-09 16:22:00,,DJ-N$1cf266e5,Diginex Stock Climbs as Revenue Nearly Quadruples in 1H of 2025
DGNX,DJ-N,2025-12-09 13:46:00,,DJ-N$1cf1dce8,"EQS-News: Diginex Limited Announces Robust 293% Revenue Growth and Enhanced Balance Sheet for Six Months Ended September 30, 2025 -3-"
DGNX,DJ-N,2025-12-09 13:46:00,,DJ-N$1cf1dce6,"EQS-News: Diginex Limited Announces Robust 293% Revenue Growth and Enhanced Balance Sheet for Six Months Ended September 30, 2025 -2-"
DGNX,DJ-N,2025-12-09 13:46:00,,DJ-N$1cf1dce1,"EQS-News: Diginex Limited Announces Robust 293% Revenue Growth and Enhanced Balance Sheet for Six Months Ended September 30, 2025"
DGNX,DJ-N,2025-12-09 13:02:00,,DJ-N$1cf1bd82,Diginex Net Assets Increased to $10.9 M as of Sept 30 >DGNX
DGNX,DJ-N,2025-12-09 13:00:00,,DJ-N$1cf1bc97,Press Release: Diginex Limited Announces Robust -2-
DGNX,DJ-N,2025-12-09 13:00:00,,DJ-N$1cf1bc94,"Press Release: Diginex Limited Announces Robust 293% Revenue Growth and Enhanced Balance Sheet for Six Months Ended September 30, 2025"
DGNX,DJ-N,2025-12-03 17:55:00,,DJ-N$1ce5699e,"EQS-News: Diginex Signs MOU to Acquire Plan A (plana.earth) AI Platform Trusted by Chloe, BMW, Deutsche Bank, Visa and Trivago"
DGNX,DJ-N,2025-12-02 13:02:00,,DJ-N$1ce171e3,Diginex Signs MOU to Acquire PlanA.earth GmbH >DGNX
DGNX,DJ-N,2025-12-02 13:00:00,,DJ-N$1ce17000,"Press Release: Diginex Signs MOU to Acquire Plan A (plana.earth) AI Platform Trusted by Chloe, BMW, Deutsche Bank, Visa and Trivago"
DGNX,DJ-N,2025-12-02 13:00:00,,DJ-N$1ce16e23,"Diginex Signs MOU To Acquire Plan A (plana.Earth) AI Platform Trusted By Chloe, BMW, Deutsche Bank, Visa And Trivago >DGNX"
DGNX,DJ-N,2025-11-21 13:01:00,,DJ-N$1cc9bea6,Diginex Signs MOU to Acquire the Remedy Project to Expand Advisory Division
DGNX,DJ-N,2025-11-21 13:00:00,,DJ-N$1cc9bd43,Press Release: Diginex signs MOU to Acquire The Remedy Project to Expand Advisory Division and Provides Updates On Other M&A Activities
DGNX,DJ-N,2025-11-18 16:10:00,,DJ-N$1cbfdafa,Diginex Rises on Deal With Digital Asset Platform Evident
DGNX,DJ-N,2025-11-18 12:31:00,,DJ-N$1cbf2f43,Diginex and EVIDENT Group Forge Strategic Alliance to Meet Growing Demand for Sustainability Data in Tokenized Assets
DGNX,DJ-N,2025-11-18 12:30:00,,DJ-N$1cbf2e65,Press Release: Diginex and EVIDENT Group Forge Strategic Alliance to Meet Growing Demand for Sustainability Data in Tokenized Assets
DGNX,DJ-N,2025-11-06 14:00:00,,DJ-N$1ca0e3d8,EQS-News: Diginex Announces Non-Binding MOU for the Acquisition of Kindred OS and entering the Edge AI Technology market
DGNX,DJ-N,2025-11-06 12:15:00,,DJ-N$1ca08ed2,Press Release: Diginex Announces Non-Binding MOU for the Acquisition of Kindred OS and entering the Edge AI Technology market
DGNX,DJ-N,2025-11-06 12:15:00,,DJ-N$1ca08ea6,Diginex Announces Non-Binding MOU For The Acquisition Of Kindred OS And Entering The Edge AI Technology Market >DGNX
DGNX,DJ-N,2025-10-30 20:05:00,,DJ-N$1c8ed938,Press Release: Matter Appoints Kim Rosenkilde to Board Amid Growing Opportunities in ESG Data Market
DGNX,DJ-N,2025-10-16 06:33:00,,DJ-N$1c69d621,EQS-News: Diginex Launches diginexGHG: AI-Powered Platform Revolutionizing Carbon Accounting Amid Surging Global Regulations and Market Growth
DGNX,DJ-N,2025-10-14 11:31:00,,DJ-N$1c6432af,"S&P 500 Futures Decline In Premarket Trading; Diginex, BitMine Immersion Techs Lag"
DGNX,DJ-N,2025-10-14 11:30:00,,DJ-N$1c643253,Press Release: Diginex Launches diginexGHG: AI-Powered Platform Revolutionizing Carbon Accounting Amid Surging Global Regulations and Market Growth
DGNX,DJ-N,2025-10-10 11:31:00,,DJ-N$1c5c73b2,"S&P 500 Futures Rise In Premarket Trading; Applied Digital, Amer Homes 4 Rent Lead"
DGNX,DJ-N,2025-10-06 11:23:00,,DJ-N$1c518e14,"EQS-News: Diginex Announces Completion of Acquisition of Matter DK ApS, Strengthening Diginex&#226;&#128;&#153;s AI-driven ESG Data and Analytics Leadership"
DGNX,DJ-N,2025-10-06 11:20:00,,DJ-N$1c518c8a,EQS-News: Diginex Signs Strategic Agreements with iNEED to Advance Sustainability Reporting for Rural Banks in Indonesia
DGNX,DJ-N,2025-10-03 20:05:00,,DJ-N$1c4ee2d0,"Press Release: Diginex Announces Completion of Acquisition of Matter DK ApS, Strengthening Diginex's AI-driven ESG Data and Analytics Leadership"
DGNX,DJ-N,2025-10-03 20:05:00,,DJ-N$1c4ee2b3,"Diginex Announces Completion Of Acquisition Of Matter DK ApS, Strengthening Diginex's AI-driven ESG Data And Analytics Leadership >DGNX"
DGNX,DJ-N,2025-09-30 20:05:00,,DJ-N$1c45862f,Press Release: Diginex Signs Strategic Agreements with iNEED to Advance Sustainability Reporting for Rural Banks in Indonesia
DGNX,DJ-N,2025-09-29 07:27:00,,DJ-N$1c4039c3,EQS-News: Diginex and Allocations Announce Strategic Relationship to Enhance ESG Integration for Fund Managers
DGNX,DJ-N,2025-09-26 12:00:00,,DJ-N$1c3c3bf7,Press Release: Diginex and Allocations Announce Strategic Relationship to Enhance ESG Integration for Fund Managers
DGNX,DJ-N,2025-09-26 11:30:00,,DJ-N$1c3c2e7a,EQS-News: Diginex Provides Update on Acquisition Strategy -2-
DGNX,DJ-N,2025-09-26 11:30:00,,DJ-N$1c3c2e77,EQS-News: Diginex Provides Update on Acquisition Strategy
DGNX,DJ-N,2025-09-24 20:05:00,,DJ-N$1c376362,Press Release: Diginex Provides Update on -2-
DGNX,DJ-N,2025-09-24 20:05:00,,DJ-N$1c37635f,Press Release: Diginex Provides Update on Acquisition Strategy
DGNX,DJ-N,2025-09-10 15:25:00,,DJ-N$1c188d6b,Diginex Ltd. (DGNX) Resumed Trading
DGNX,DJ-N,2025-09-10 15:12:00,,DJ-N$1c188176,Diginex Ltd. (DGNX) Paused due to volatility
DGNX,DJ-N,2025-09-10 14:38:00,,DJ-N$1c1864a0,Diginex Ltd. (DGNX) Resumed Trading
DGNX,DJ-N,2025-09-10 14:33:00,,DJ-N$1c185ec0,Diginex Ltd. (DGNX) Paused due to volatility
DGNX,DJ-N,2025-09-10 13:56:00,,DJ-N$1c18361b,Diginex Ltd. (DGNX) Resumed Trading
SLB,DJ-N,2026-01-02 21:35:00,,DJ-N$1d240d57,"SLB Ltd. Stock Rises 4.7%, Outperforms Peers"
SLB,DJ-N,2025-12-30 21:35:00,,DJ-N$1d1ef813,"SLB Ltd. Stock Climbs 1.7%, Outperforms Peers"
SLB,DJ-N,2025-12-23 13:59:00,,DJ-N$1d12b78b,Press Release: Aramco Awards SLB Long-Term Contract to Support Kingdom's Unconventional Gas Production Growth
SLB,DJ-N,2025-12-23 13:58:00,,DJ-N$1d12b75f,Aramco Awards SLB Long-Term Contract to Support Kingdom's Unconventional Gas Production Growth >SLB
SLB,DJ-N,2025-12-18 12:36:00,,DJ-N$1d08369a,Schlumberger Price Target Raised to $45.00/Share From $42.00 by Piper Sandler
SLB,DJ-N,2025-12-18 12:36:00,,DJ-N$1d083697,Schlumberger Is Maintained at Overweight by Piper Sandler
SLB,DJ-N,2025-12-17 18:06:00,,DJ-N$1d063dfa,Schlumberger Price Target Cut to $47.00/Share From $48.00 by Barclays
SLB,DJ-N,2025-12-17 18:06:00,,DJ-N$1d063df6,Schlumberger Is Maintained at Overweight by Barclays
SLB,DJ-N,2025-12-16 21:35:00,,DJ-N$1d039b77,"SLB Ltd. Stock Falls 3.3%, Outperforms Peers"
SLB,DJ-N,2025-12-12 21:59:00,,DJ-N$1cfbf9d2,Schlumberger Price Target Raised to $50.00/Share From $44.00 by UBS
SLB,DJ-N,2025-12-12 21:59:00,,DJ-N$1cfbf9cc,Schlumberger Is Maintained at Buy by UBS
SLB,DJ-N,2025-12-11 21:42:00,,DJ-N$1cf8f65b,Schlumberger Price Target Raised to $53.00/Share From $47.00 by Citigroup
SLB,DJ-N,2025-12-11 21:42:00,,DJ-N$1cf8f655,Schlumberger Is Maintained at Buy by Citigroup
SLB,DJ-N,2025-12-11 17:04:00,,DJ-N$1cf87e59,Schlumberger Price Target Raised to $57.00/Share From $56.00 by TD Cowen
SLB,DJ-N,2025-12-11 17:04:00,,DJ-N$1cf87e56,Schlumberger Is Maintained at Buy by TD Cowen
SLB,DJ-N,2025-12-11 13:34:00,,DJ-N$1cf7c4b7,Press Release: SLB Enters Collaboration Agreement to Accelerate New Digital Solutions
SLB,DJ-N,2025-12-11 13:32:00,,DJ-N$1cf7c3d7,Schlumberger Price Target Raised to $52.30/Share From $47.60 by Bernstein
SLB,DJ-N,2025-12-11 13:32:00,,DJ-N$1cf7c3d6,Schlumberger Is Maintained at Outperform by Bernstein
SLB,DJ-N,2025-12-11 13:28:00,,DJ-N$1cf7c130,SLB Enters Collaboration Agreement With Shell to Accelerate New Digital Solutions >SLB
SLB,DJ-N,2025-12-02 18:03:00,,DJ-N$1ce27584,Press Release: SLB Announces Dates for Fourth-Quarter and Full-Year 2025 Results Conference Call
SLB,DJ-N,2025-12-02 15:05:00,,DJ-N$1ce1bce9,"Dir Coleman Sells 5,500 Of SLB Ltd >SLB"
SLB,DJ-N,2025-11-19 08:05:00,,DJ-N$1cc1e34a,"Schlumberger NV, Inst Holders, 3Q 2025 (SLB)"
SLB,DJ-N,2025-11-17 16:16:00,,DJ-N$1cbc8736,Can Energy's Strength Continue Into Year End? What the Charts Say About 3 Stocks. -- Barrons.com
SLB,DJ-N,2025-11-17 13:44:00,,DJ-N$1cbc1099,Substantial Insider Sales: Morning Report
SLB,DJ-N,2025-11-14 22:38:00,,DJ-N$1cb91df5,"CFO Biguet Sells 38,447 Of SLB Ltd >SLB"
SLB,DJ-N,2025-11-13 19:09:00,,DJ-N$1cb4f8d9,"CFO Biguet Registers 38,447 Of SLB Ltd >SLB"
SLB,DJ-N,2025-11-13 13:44:00,,DJ-N$1cb3f8f4,Substantial Insider Sales: Morning Report -2-
SLB,DJ-N,2025-11-13 13:44:00,,DJ-N$1cb3f8f2,Substantial Insider Sales: Morning Report
SLB,DJ-N,2025-11-12 22:07:00,,DJ-N$1cb1f272,"VP Merad Sells 60,000 Of SLB Ltd >SLB"
SLB,DJ-N,2025-11-12 21:34:00,,DJ-N$1cb1c6ee,"SLB Ltd. Stock Sheds 4.1%, Underperforms Peers"
SLB,DJ-N,2025-11-12 13:39:00,,DJ-N$1cb066f8,"VP Merad Registers 60,000 Of SLB Ltd >SLB"
SLB,DJ-N,2025-11-03 16:24:00,,DJ-N$1c969226,Schlumberger Price Target Announced at $48.00/Share by Rothschild & Co
SLB,DJ-N,2025-11-03 16:24:00,,DJ-N$1c969224,Schlumberger Initiated at Buy by Rothschild & Co
SLB,DJ-N,2025-11-03 10:34:00,,DJ-N$1c959994,Press Release: SLB Unveils Groundbreaking New Agentic AI Technology for the Energy Industry
SLB,DJ-N,2025-10-30 12:33:00,,DJ-N$1c8d7073,Press Release: SLB OneSubsea Secures EPC Contracts from PTTEP for Two Deepwater Projects Offshore Malaysia
SLB,DJ-N,2025-10-27 13:12:00,,DJ-N$1c8240b0,Press Release: SLB and Ormat Partner to Accelerate Integrated Geothermal Asset Development and Enhanced Geothermal Systems
SLB,DJ-N,2025-10-27 13:01:00,,DJ-N$1c823257,SLB and Ormat Partner to Accelerate Integrated Geothermal Asset Development and Enhanced Geothermal Systems
SLB,DJ-N,2025-10-27 13:00:00,,DJ-N$1c82311f,Press Release: SLB and Ormat Partner to Accelerate Integrated Geothermal Asset Development and Enhanced Geothermal Systems
SLB,DJ-N,2025-10-27 13:00:00,,DJ-N$1c82317d,"SLB, Ormat Partner to Accelerate Integrated Geothermal Asset Development, Enhanced Geothermal Systems >SLB ORA"
SLB,DJ-N,2025-10-22 20:35:00,,DJ-N$1c78ef81,"SLB Ltd. Stock Climbs 4.1%, Outperforms Market"
SLB,DJ-N,2025-10-21 16:06:00,,DJ-N$1c7585d2,Schlumberger Price Target Raised to $47.00/Share From $46.00 by Citigroup
SLB,DJ-N,2025-10-21 16:06:00,,DJ-N$1c7585d1,Schlumberger Is Maintained at Buy by Citigroup
SLB,DJ-N,2025-10-21 12:58:00,,DJ-N$1c74ca5b,Schlumberger Price Target Raised to $48.00/Share From $46.00 by Barclays
SLB,DJ-N,2025-10-21 12:58:00,,DJ-N$1c74ca58,Schlumberger Is Maintained at Overweight by Barclays
SLB,DJ-N,2025-10-20 21:29:00,,DJ-N$1c731de4,Schlumberger Price Target Cut to $43.00/Share From $44.00 by JP Morgan
SLB,DJ-N,2025-10-20 21:29:00,,DJ-N$1c731de2,Schlumberger Is Maintained at Overweight by JP Morgan
SLB,DJ-N,2025-10-20 21:16:00,,DJ-N$1c731c29,Oil Companies Want In on the Data-Center Boom. One Stock Has Jumped. -- Barrons.com
SLB,DJ-N,2025-10-20 18:00:00,,DJ-N$1c72db20,"Officer Rennick Registers 9,250 Of SLB Ltd >SLB"
SLB,DJ-N,2025-10-17 21:42:00,,DJ-N$1c6eeb47,"Holder Kasibhatla Registers 29,000 Of SLB Ltd >SLB"
SLB,DJ-N,2025-10-17 14:52:00,,DJ-N$1c6dec66,SLB Was the Nvidia of the 1970s -- WSJ
HAL,DJ-N,2026-01-02 21:35:00,,DJ-N$1d240d58,"Halliburton Co. Stock Climbs 4.7%, Outperforms Market"
HAL,DJ-N,2025-12-29 13:26:00,,DJ-N$1d1b1ca1,Oil and Energy Stocks Rise After Ukraine Talks End Without Peace Deal. -- Barrons.com
HAL,DJ-N,2025-12-18 12:29:00,,DJ-N$1d083090,Halliburton Price Target Raised to $29.00/Share From $27.00 by Piper Sandler
HAL,DJ-N,2025-12-18 12:29:00,,DJ-N$1d08308e,Halliburton Is Maintained at Neutral by Piper Sandler
HAL,DJ-N,2025-12-17 17:54:00,,DJ-N$1d0639e7,Halliburton Price Target Raised to $30.00/Share From $25.00 by Barclays
HAL,DJ-N,2025-12-17 17:54:00,,DJ-N$1d0639e6,Halliburton Is Maintained at Equal-Weight by Barclays
HAL,DJ-N,2025-12-16 21:34:00,,DJ-N$1d039a00,"Halliburton Co. Stock Falls 4.3%, Underperforms Peers"
HAL,DJ-N,2025-12-12 22:35:00,,DJ-N$1cfc1f7b,Press Release: Halliburton Fourth Quarter 2025 Earnings Conference Call
HAL,DJ-N,2025-12-12 21:51:00,,DJ-N$1cfbf1d6,Halliburton Price Target Raised to $32.00/Share From $24.00 by UBS
HAL,DJ-N,2025-12-12 21:51:00,,DJ-N$1cfbf1d2,Halliburton Is Maintained at Neutral by UBS
HAL,DJ-N,2025-12-11 22:00:00,,DJ-N$1cf90902,Press Release: Voltagrid and Halliburton Make 400 MW Power Commitment to Accelerate Data Center Growth in the Eastern Hemisphere
HAL,DJ-N,2025-12-11 21:37:00,,DJ-N$1cf8f07d,Halliburton Price Target Raised to $33.00/Share From $31.00 by Citigroup
HAL,DJ-N,2025-12-11 21:37:00,,DJ-N$1cf8f07a,Halliburton Is Maintained at Buy by Citigroup
HAL,DJ-N,2025-12-08 19:54:00,,DJ-N$1cefc812,"Chmn Miller Surrenders 20,966 Of Halliburton Co >HAL"
HAL,DJ-N,2025-12-08 19:52:00,,DJ-N$1cefc7f7,"Officer Richard Surrenders 7,383 Of Halliburton Co >HAL"
HAL,DJ-N,2025-12-08 19:52:00,,DJ-N$1cefc7ea,"VP Pope Surrenders 5,840 Of Halliburton Co >HAL"
HAL,DJ-N,2025-12-08 19:49:00,,DJ-N$1cefc761,Treas McKeon Surrenders 658 Of Halliburton Co >HAL
HAL,DJ-N,2025-12-08 19:47:00,,DJ-N$1cefc71e,"VP Beckwith Sells 8,854 Of Halliburton Co >HAL"
HAL,DJ-N,2025-12-08 19:45:00,,DJ-N$1cefc6e1,"CFO Carre Surrenders 5,691 Of Halliburton Co >HAL"
HAL,DJ-N,2025-12-05 15:03:00,,DJ-N$1cea9c1c,"VP Beckwith Registers 8,854 Of Halliburton Co >HAL"
HAL,DJ-N,2025-12-04 12:34:00,,DJ-N$1ce76045,Halliburton Names Shannon Slocum Chief Operating Officer
HAL,DJ-N,2025-12-04 11:32:00,,DJ-N$1ce742cf,"Halliburton Names Rami Yassine President, Eastern Hemisphere >HAL"
HAL,DJ-N,2025-12-04 11:32:00,,DJ-N$1ce742ed,Halliburton Files 8K - Regulation FD >HAL
HAL,DJ-N,2025-12-04 11:32:00,,DJ-N$1ce742eb,"Halliburton Files 8K - Director, Officer or Compensation Filing >HAL"
HAL,DJ-N,2025-12-04 11:30:00,,DJ-N$1ce74111,Press Release: Halliburton Appoints Shannon Slocum as Executive Vice President and Chief Operating Officer
HAL,DJ-N,2025-12-04 11:30:00,,DJ-N$1ce74083,Halliburton Appoints Shannon Slocum As Executive Vice President And Chief Operating Officer >HAL
HAL,DJ-N,2025-12-02 14:07:00,,DJ-N$1ce19c02,Halliburton Files 8K - Regulation FD >HAL
HAL,DJ-N,2025-12-02 14:07:00,,DJ-N$1ce19bfc,"Halliburton Files 8K - Director, Officer or Compensation Filing >HAL"
HAL,DJ-N,2025-12-02 14:05:00,,DJ-N$1ce1997f,Halliburton Names Timothy Leach to Board >HAL
HAL,DJ-N,2025-12-02 14:05:00,,DJ-N$1ce19924,Press Release: Halliburton Appoints Timothy A. Leach to Board of Directors
HAL,DJ-N,2025-11-20 08:00:00,,DJ-N$1cc4f774,"Halliburton Company, Inst Holders, 3Q 2025 (HAL)"
HAL,DJ-N,2025-11-19 22:15:00,,DJ-N$1cc3fc13,Press Release: Halliburton Announces Dividend
HAL,DJ-N,2025-11-13 21:44:00,,DJ-N$1cb55a49,Substantial Insider Sales: Afternoon Report
HAL,DJ-N,2025-11-13 19:15:00,,DJ-N$1cb4fa4d,"Officer Richard Sells 160,000 Of Halliburton Co >HAL"
HAL,DJ-N,2025-11-12 21:34:00,,DJ-N$1cb1c6fc,"Halliburton Co. Stock Slides 4.0%, Underperforms Market"
HAL,DJ-N,2025-11-12 16:06:00,,DJ-N$1cb0f96c,"Officer Richard Registers 160,000 Of Halliburton Co >HAL"
HAL,DJ-N,2025-11-03 22:58:00,,DJ-N$1c97db50,"Correct: Scion Asset Management Also Reports Pfizer Call Options, Halliburton and Molina Healthcare Common Shares"
HAL,DJ-N,2025-11-03 22:57:00,,DJ-N$1c97db07,Correct: Scion Asset Management Reports Put Options in Nvidia and Palantir in 13-F Filing for 3Q
HAL,DJ-N,2025-11-03 22:53:00,,DJ-N$1c97da1f,"Scion Asset Management Also Reports Pfizer Call Options, Halliburton and Molina Healthcare Common Shares"
HAL,DJ-N,2025-11-03 22:51:00,,DJ-N$1c97d9d1,Scion Asset Management Reports Put Options in Nvidia and Palantir in 13-F Filing for 3Q
HAL,DJ-N,2025-11-03 16:23:00,,DJ-N$1c96914c,Halliburton Price Target Announced at $35.00/Share by Rothschild & Co
HAL,DJ-N,2025-11-03 16:23:00,,DJ-N$1c969145,Halliburton Initiated at Buy by Rothschild & Co
HAL,DJ-N,2025-10-30 13:28:00,,DJ-N$1c8da366,Correction to Halliburton Earnings Article on Oct. 21
HAL,DJ-N,2025-10-27 12:00:00,,DJ-N$1c821010,Halliburton Signs Framework Agreement for Umbilical-Less Tubing Hanger Installations >HAL
HAL,DJ-N,2025-10-27 12:00:00,,DJ-N$1c820e42,Press Release: Halliburton Signs Framework Agreement for Umbilical-Less Tubing Hanger Installations
HAL,DJ-N,2025-10-25 01:31:00,,DJ-N$1c7fa290,Research Reports -- Barron's
HAL,DJ-N,2025-10-25 00:02:00,,DJ-N$1c7f81b4,Research Reports -- Barrons.com
HAL,DJ-N,2025-10-23 17:48:00,,DJ-N$1c7bb2cb,Halliburton Price Target Raised to $28.00/Share From $25.00 by Goldman Sachs
HAL,DJ-N,2025-10-23 17:48:00,,DJ-N$1c7bb2c9,Halliburton Is Maintained at Buy by Goldman Sachs
HAL,DJ-N,2025-10-23 12:29:00,,DJ-N$1c7aa4f8,Halliburton Price Target Raised to $25.00/Share From $20.00 by Barclays
CLPT,DJ-N,2025-11-25 21:37:00,,DJ-N$1cd2d9e4,"CFO D'Alessandro Acquires 3,555 Of ClearPoint Neuro Inc >CLPT"
CLPT,DJ-N,2025-11-23 08:06:00,,DJ-N$1cccefbb,"CLEARPOINT NEURO INC  COM, Inst Holders, 3Q 2025 (CLPT)"
CLPT,DJ-N,2025-11-20 22:09:00,,DJ-N$1cc6d6fe,ClearPoint Neuro Files 8K - Regulation FD >CLPT
CLPT,DJ-N,2025-11-20 22:09:00,,DJ-N$1cc6d6fd,ClearPoint Neuro Files 8K - Unregistered Equity Sales >CLPT
CLPT,DJ-N,2025-11-20 22:09:00,,DJ-N$1cc6d6fc,ClearPoint Neuro Files 8K - Asset Acquisition Or Disposition >CLPT
CLPT,DJ-N,2025-11-20 22:09:00,,DJ-N$1cc6d6fb,ClearPoint Neuro Files 8K - Entry Into Definitive Agreement >CLPT
CLPT,DJ-N,2025-11-12 16:51:00,,DJ-N$1cb12921,"Holder PTC Therapeutics Inc Registers 894,578 Of ClearPoint Neuro Inc >CLPT"
CLPT,DJ-N,2025-11-06 21:57:00,,DJ-N$1ca26eb4,ClearPoint Neuro Files 8K - Regulation FD >CLPT
CLPT,DJ-N,2025-11-06 21:57:00,,DJ-N$1ca26eb3,ClearPoint Neuro Files 8K - Operations And Financial Condition >CLPT
CLPT,DJ-N,2025-11-06 21:52:00,,DJ-N$1ca267d8,ClearPoint Neuro Files 8K - Regulation FD >CLPT
CLPT,DJ-N,2025-11-06 21:52:00,,DJ-N$1ca267d4,ClearPoint Neuro Files 8K - Entry Into Definitive Agreement >CLPT
CLPT,DJ-N,2025-10-20 11:11:00,,DJ-N$1c719c4b,CFA Drugs & Devices:Insider Review For Week Ended 17-Oct -2-
CLPT,DJ-N,2025-10-20 11:11:00,,DJ-N$1c719c42,CFA Drugs & Devices:Insider Review For Week Ended 17-Oct
CLPT,DJ-N,2025-10-15 12:44:00,,DJ-N$1c677a62,Substantial Insider Sales: Morning Report
CLPT,DJ-N,2025-10-14 20:33:00,,DJ-N$1c659e9c,"CEO Burnett Sells 26,463 Of ClearPoint Neuro Inc >CLPT"
CLPT,DJ-N,2025-10-14 20:28:00,,DJ-N$1c6597c7,"COO Sabra Surrenders 7,480 Of ClearPoint Neuro Inc >CLPT"
CLPT,DJ-N,2025-10-10 20:18:00,,DJ-N$1c5da76f,"Holder Burnett Joseph TR Registers 26,463 Of ClearPoint Neuro Inc >CLPT"
CLPT,DJ-N,2025-09-24 14:33:00,,DJ-N$1c36be9c,"ClearPoint Neuro Up Nearly 53%, on Pace for Largest Percent Increase Since June 2012 -- Data Talk"
CLPT,DJ-N,2025-09-04 21:56:00,,DJ-N$1c0c34d1,ClearPoint Neuro: ClearPoint Prism Gets 510(k) Clearance From FDA to Include 1.5T MRI Guidance
CLPT,DJ-N,2025-08-23 07:07:00,,DJ-N$1bef27eb,"CLEARPOINT NEURO INC  COM, Inst Holders, 2Q 2025 (CLPT)"
CLPT,DJ-N,2025-08-12 21:56:00,,DJ-N$1bd46cf0,Clearpoint Neuro Backs 2025 Rev Outlook of $36M-$41M
CLPT,DJ-N,2025-08-12 21:55:00,,DJ-N$1bd46c81,Clearpoint Neuro 2Q Rev $9.2M
CLPT,DJ-N,2025-08-12 21:55:00,,DJ-N$1bd46c1b,Clearpoint Neuro 2Q Loss/Shr 21c
CLPT,DJ-N,2025-08-12 20:06:00,,DJ-N$1bd405d3,ClearPoint Neuro Files 8K - Regulation FD >CLPT
CLPT,DJ-N,2025-08-12 20:06:00,,DJ-N$1bd405d0,ClearPoint Neuro Files 8K - Operations And Financial Condition >CLPT
CLPT,DJ-N,2025-08-01 14:55:00,,DJ-N$1bb799e8,ClearPoint Neuro Price Target Raised to $9.00/Share From $8.00 by Stifel
CLPT,DJ-N,2025-08-01 14:55:00,,DJ-N$1bb799de,ClearPoint Neuro Is Maintained at Buy by Stifel
BMR,DJ-N,2025-12-30 12:00:00,,DJ-N$1d1dac44,"Press Release: Beamr Completes SOC 2 Audit, Reinforcing Enterprise-Grade Security and Privacy Operations"
BMR,DJ-N,2025-12-30 12:00:00,,DJ-N$1d1dac11,"Press Release: Beamr Completes SOC 2 Audit, Reinforcing Enterprise-Grade Security and Privacy Operations"
BMR,DJ-N,2025-12-22 17:15:00,,DJ-N$1d104312,Press Release: Beamr's Benchmark Testing Validates ML-Safe Video Data Workflows for Autonomous Vehicles
BMR,DJ-N,2025-12-22 17:15:00,,DJ-N$1d104304,Press Release: Beamr's Benchmark Testing Validates ML-Safe Video Data Workflows for Autonomous Vehicles
BMR,DJ-N,2025-11-26 12:00:00,,DJ-N$1cd45fc9,Press Release: Beamr to Participate at AWS re:Invent 2025
BMR,DJ-N,2025-11-26 12:00:00,,DJ-N$1cd45e43,Press Release: Beamr to Participate at AWS re:Invent 2025
BMR,DJ-N,2025-11-13 12:00:00,,DJ-N$1cb3b545,Press Release: Beamr Issues Q3-2025 CEO Letter to -2-
BMR,DJ-N,2025-11-13 12:00:00,,DJ-N$1cb3b543,Press Release: Beamr Issues Q3-2025 CEO Letter to Shareholders: Advancing the Commercial Pipeline in the Autonomous Vehicles Industry
BMR,DJ-N,2025-11-13 12:00:00,,DJ-N$1cb3b0ee,Press Release: Beamr Issues Q3-2025 CEO Letter to -2-
BMR,DJ-N,2025-11-13 12:00:00,,DJ-N$1cb3b0ec,Press Release: Beamr Issues Q3-2025 CEO Letter to Shareholders: Advancing the Commercial Pipeline in the Autonomous Vehicles Industry
BMR,DJ-N,2025-10-23 11:00:00,,DJ-N$1c7a7814,Press Release: Beamr to Present at the ThinkEquity Conference
BMR,DJ-N,2025-10-23 11:00:00,,DJ-N$1c7a750c,Press Release: Beamr to Present at the ThinkEquity Conference
BMR,DJ-N,2025-10-21 16:00:00,,DJ-N$1c757fc4,Press Release: Beamr Announces Participation in Expert Call with Loop Capital
BMR,DJ-N,2025-10-21 16:00:00,,DJ-N$1c757f94,Press Release: Beamr Announces Participation in Expert Call with Loop Capital
BMR,DJ-N,2025-10-15 11:00:00,,DJ-N$1c673e41,Press Release: Beamr to Showcase NVIDIA Powered Video Solutions at Oracle AI World and NAB Show New York
BMR,DJ-N,2025-10-15 11:00:00,,DJ-N$1c673ced,Press Release: Beamr to Showcase NVIDIA Powered Video Solutions at Oracle AI World and NAB Show New York
BMR,DJ-N,2025-09-08 11:00:00,,DJ-N$1c11a4e4,Press Release: Beamr to Demonstrate Live 4K Quality Enhancement with NVIDIA Holoscan for Media
BMR,DJ-N,2025-09-08 11:00:00,,DJ-N$1c11a48a,Press Release: Beamr to Demonstrate Live 4K Quality Enhancement with NVIDIA Holoscan for Media
BMR,DJ-N,2025-08-27 16:03:00,,DJ-N$1bf821d6,"Press Release: Beamr Solution Demonstrates up to 50% Improved Video Compression for Autonomous Vehicles, Accelerated by NVIDIA"
BMR,DJ-N,2025-08-27 16:03:00,,DJ-N$1bf821d4,"Press Release: Beamr Solution Demonstrates up to 50% Improved Video Compression for Autonomous Vehicles, Accelerated by NVIDIA"
BMR,DJ-N,2025-08-21 11:00:00,,DJ-N$1be9cdce,Press Release: Beamr to Present at the H.C. Wainwright 27th Annual Global Investment Conference
BMR,DJ-N,2025-08-21 11:00:00,,DJ-N$1be9cd9f,Press Release: Beamr to Present at the H.C. Wainwright 27th Annual Global Investment Conference
BMR,DJ-N,2025-08-19 17:54:00,,DJ-N$1be51af2,"Holder Disruptive TECH III LP Registers 663,272 Of Beamr Imaging ltd >BMR"
BMR,DJ-N,2025-08-13 11:00:00,,DJ-N$1bd60540,Press Release: Beamr in Q2-2025: Demonstrating -2-
BMR,DJ-N,2025-08-13 11:00:00,,DJ-N$1bd6053b,Press Release: Beamr in Q2-2025: Demonstrating the Validation of its Solution for the Autonomous Vehicle Market
BMR,DJ-N,2025-08-13 11:00:00,,DJ-N$1bd60351,Press Release: Beamr in Q2-2025: Demonstrating -2-
BMR,DJ-N,2025-08-13 11:00:00,,DJ-N$1bd60350,Press Release: Beamr in Q2-2025: Demonstrating the Validation of its Solution for the Autonomous Vehicle Market
BMR,DJ-N,2025-07-18 11:21:00,,DJ-N$1b940462,Press Release: Beamr Reports Entering PoCs in Video Data Compression Solution for Autonomous Vehicle
BMR,DJ-N,2025-07-18 11:21:00,,DJ-N$1b940460,Press Release: Beamr Reports Entering PoCs in Video Data Compression Solution for Autonomous Vehicle
GTEC,DJ-N,2025-11-19 08:08:00,,DJ-N$1cc1e498,"GREENLAND TECHNOLOGIES HOLDING  COM, Inst Holders, 3Q 2025 (GTEC)"
GTEC,DJ-N,2025-08-19 07:08:00,,DJ-N$1be3a06f,"GREENLAND TECHNOLOGIES HOLDING  COM, Inst Holders, 2Q 2025 (GTEC)"
MST,DJ-N,2025-12-09 14:00:00,,DJ-N$1cf1e491,Defiance Leveraged Long Income MSTR ETF (MST) Resumed Trading
MST,DJ-N,2025-12-09 08:30:00,,DJ-N$1cf13ec0,Defiance Leveraged Long Income MSTR ETF (MST) Halted due to pending news
