symbol,provider,time,time_utc,articleId,headline
MASK,DJ-N,2025-12-19 21:30:00,,DJ-N$1d0c86a7,Press Release: 3 E Network Technology Group Limited Announces Initial Closing of $2 Million Convertible Promissory Note Offering
MASK,DJ-N,2025-12-15 12:30:00,,DJ-N$1cfed612,Press Release: 3 E Network Signed a Master Services Agreement with Orka Technologies to Develop a 26MW AI Data Center in Finland
MASK,DJ-N,2025-10-20 20:45:00,,DJ-N$1c7316fe,Press Release: 3 E Network Technology Group Limited Announces Closing of US$1.5 Million Convertible Promissory Note Offering
MASK,DJ-N,2025-10-15 11:30:00,,DJ-N$1c674f3e,Press Release: 3 E Network Technology Group Limited Announces Amendment to Its $7.4 Million Convertible Notes Offering
MASK,DJ-N,2025-09-30 01:53:00,,DJ-N$1c4308b2,Press Release: 3 E Network Technology Group Limited Receives Nasdaq Notification Regarding Minimum Bid Price Deficiency
MASK,DJ-N,2025-08-26 14:24:00,,DJ-N$1bf471eb,3 E Network Technology Group Ltd. Cl A (MASK) Resumed Trading
MASK,DJ-N,2025-08-26 14:19:00,,DJ-N$1bf46d20,3 E Network Technology Group Ltd. Cl A (MASK) Paused due to volatility
MASK,DJ-N,2025-08-14 11:31:00,,DJ-N$1bd997b7,3 E Network Tech Group Announces Strategic Intent to Expand Its Global Mining Farm Construction and Hosting Business >MASK
MASK,DJ-N,2025-08-14 11:30:00,,DJ-N$1bd99649,Press Release: 3 E Network Announces Strategic Intent to Seize Opportunities in the New Compliance-Driven Stablecoin Era
MASK,DJ-N,2025-08-14 11:30:00,,DJ-N$1bd99599,Press Release: 3 E Network Announces Strategic Intent to Seize Opportunities in the New Compliance-Driven Stablecoin Era
MASK,DJ-N,2025-08-07 11:30:00,,DJ-N$1bc6d938,Press Release: Exclusive Interview: 3 E Network CEO Dr. Yang Tingjun on Cryptocurrency and the Future of Technology
MASK,DJ-N,2025-08-07 11:30:00,,DJ-N$1bc6d6c8,Press Release: Exclusive Interview: 3 E Network CEO Dr. Yang Tingjun on Cryptocurrency and the Future of Technology
MASK,DJ-N,2025-07-28 11:30:00,,DJ-N$1ba83aea,Press Release: 3 E Network Technology Group Limited Announces Use from First Tranche Private Offering Proceeds to Purchase Bitcoin and Advance Web 3.0 Strategy
MASK,DJ-N,2025-07-28 11:30:00,,DJ-N$1ba83ac6,Press Release: 3 E Network Technology Group Limited Announces Use from First Tranche Private Offering Proceeds to Purchase Bitcoin and Advance Web 3.0 Strategy
DVLT,DJ-N,2025-12-31 21:44:00,,DJ-N$1d215e0a,Substantial Insider Sales: Afternoon Report
DVLT,DJ-N,2025-12-31 13:55:00,,DJ-N$1d206a86,"Holder Scilex Holding Co Sells 20,657,300 Of Datavault AI Inc >DVLT-Amended"
DVLT,DJ-N,2025-12-30 22:37:00,,DJ-N$1d1f1dbc,"VP Mbugua Surrenders 14,720 Of Datavault AI Inc >DVLT"
DVLT,DJ-N,2025-12-30 22:37:00,,DJ-N$1d1f1d9f,"CEO Bradley Surrenders 43,018 Of Datavault AI Inc >DVLT"
DVLT,DJ-N,2025-12-30 22:35:00,,DJ-N$1d1f1d55,"Chmn Moyer Surrenders 49,016 Of Datavault AI Inc >DVLT"
DVLT,DJ-N,2025-12-30 12:05:00,,DJ-N$1d1daebf,Press Release: Datavault AI Announces it will -2-
DVLT,DJ-N,2025-12-30 12:05:00,,DJ-N$1d1daebc,Press Release: Datavault AI Announces it will Exhibit at CES 2026 and Update Investors on Acoustics Division
DVLT,DJ-N,2025-12-29 12:56:00,,DJ-N$1d1b09dd,Datavault AI: Warrants Are Expected to Have a Striking Price of $5.00 Per Shr of Datavault AI Common Stk >DVLT
DVLT,DJ-N,2025-12-29 12:56:00,,DJ-N$1d1b09d8,Datavault AI Inc. Announces Proposed Div of Warrants
DVLT,DJ-N,2025-12-29 12:55:00,,DJ-N$1d1b093a,Press Release: Datavault AI Inc. Announces -2-
DVLT,DJ-N,2025-12-29 12:55:00,,DJ-N$1d1b0939,Press Release: Datavault AI Inc. Announces Proposed Dividend of Warrants
DVLT,DJ-N,2025-12-29 12:55:00,,DJ-N$1d1b0959,Datavault AI Intends to Declare Special Div Distribution of Warrants to Holders of Datavault AI Common Stk and Holders of Certain Other Datavault AI Equity Securities >DVLT
DVLT,DJ-N,2025-12-29 12:55:00,,DJ-N$1d1b092f,Press Release: Datavault AI Inc. Announces -2-
DVLT,DJ-N,2025-12-29 12:55:00,,DJ-N$1d1b092d,Press Release: Datavault AI Inc. Announces Proposed Dividend of Warrants
DVLT,DJ-N,2025-12-29 10:57:00,,DJ-N$1d1ad955,Press Release: Datavault AI Inc. Announces Board -2-
DVLT,DJ-N,2025-12-29 10:57:00,,DJ-N$1d1ad953,Press Release: Datavault AI Inc. Announces Board Approval of Dividend of Dream Bowl Meme Coin II to All Eligible Record Equity Holders of Datavault AI
DVLT,DJ-N,2025-12-22 20:06:00,,DJ-N$1d10d3c1,Press Release: Datavault AI and The Dream Bowl Announce National Broadcast Partnership for Dream Bowl XIV and Confirm Dream Bowl 2026 Meme Coin Claim Process for Dec. 24 Drop
DVLT,DJ-N,2025-12-22 09:53:00,,DJ-N$1d0f25f6,Datavault AI Announces Issuance of Two U.S. Patents Advancing Blockchain-Driven Content Licensing and Tokenized Monetization
DVLT,DJ-N,2025-12-22 09:00:00,,DJ-N$1d0f1425,Press Release: Datavault AI Inc. Announces -2-
DVLT,DJ-N,2025-12-22 09:00:00,,DJ-N$1d0f1423,Press Release: Datavault AI Inc. Announces Issuance of Two Foundational U.S. Patents Advancing Blockchain-Driven Content Licensing and Tokenized Monetization
DVLT,DJ-N,2025-12-22 09:00:00,,DJ-N$1d0f13f6,Press Release: Datavault AI Inc. Announces -2-
DVLT,DJ-N,2025-12-22 09:00:00,,DJ-N$1d0f13f3,Press Release: Datavault AI Inc. Announces Issuance of Two Foundational U.S. Patents Advancing Blockchain-Driven Content Licensing and Tokenized Monetization
DVLT,DJ-N,2025-12-15 12:55:00,,DJ-N$1cfee7e3,Press Release: Datavault AI Announces Hockey Hall -2-
DVLT,DJ-N,2025-12-15 12:55:00,,DJ-N$1cfee7e1,Press Release: Datavault AI Announces Hockey Hall of Famer Jeremy Roenick Joins to Monetize Sports Data and Lead Pioneering International NIL Exchange
DVLT,DJ-N,2025-12-12 11:03:00,,DJ-N$1cfa7332,Datavault AI Files 8K - Other Events >DVLT
DVLT,DJ-N,2025-12-12 11:03:00,,DJ-N$1cfa7331,Datavault AI Files 8K - Regulation FD >DVLT
DVLT,DJ-N,2025-12-11 21:05:00,,DJ-N$1cf8c37e,Press Release: Datavault AI Inc. (NASDAQ: DVLT) -2-
DVLT,DJ-N,2025-12-11 21:05:00,,DJ-N$1cf8c37a,"Press Release: Datavault AI Inc. (NASDAQ: DVLT) Announces a Distribution Date of Dec. 24, 2025, for the Dream Bowl Meme Coin Tokens to All Eligible Record Equity Holders of Datavault AI and Holders of Common Stock of Scilex Holding Company"
DVLT,DJ-N,2025-12-11 21:05:00,,DJ-N$1cf8c36d,Press Release: Datavault AI Inc. (NASDAQ: DVLT) -2-
DVLT,DJ-N,2025-12-11 21:05:00,,DJ-N$1cf8c36b,"Press Release: Datavault AI Inc. (NASDAQ: DVLT) Announces a Distribution Date of Dec. 24, 2025, for the Dream Bowl Meme Coin Tokens to All Eligible Record Equity Holders of Datavault AI and Holders of Common Stock of Scilex Holding Company"
DVLT,DJ-N,2025-12-11 21:05:00,,DJ-N$1cf8c208,Press Release: Datavault AI Inc. (NASDAQ: DVLT) -2-
DVLT,DJ-N,2025-12-11 21:05:00,,DJ-N$1cf8c200,"Press Release: Datavault AI Inc. (NASDAQ: DVLT) Announces a Distribution Date of Dec. 24, 2025, for the Dream Bowl Meme Coin Tokens to All Eligible Record Equity Holders of Datavault AI and Holders of Common Stock of Scilex Holding Company"
DVLT,DJ-N,2025-12-09 01:28:00,,DJ-N$1cf05e64,"Dir Howitt Sells 19,656 Of Datavault AI Inc >DVLT"
DVLT,DJ-N,2025-12-01 13:44:00,,DJ-N$1cdde4ba,Substantial Insider Sales: Morning Report
DVLT,DJ-N,2025-12-01 11:31:00,,DJ-N$1cdd9592,Scilex Holding Company Reports 47.99% Stake In Datavault AI >DVLT
DVLT,DJ-N,2025-11-29 02:45:00,,DJ-N$1cdb3afb,"Holder Scilex Holding Co Sells 422,299 Of Datavault AI Inc >DVLT"
DVLT,DJ-N,2025-11-26 21:42:00,,DJ-N$1cd5d179,Datavault AI Files 8K - Changes To Articles >DVLT
DVLT,DJ-N,2025-11-26 21:42:00,,DJ-N$1cd5d177,Datavault AI Files 8K - Asset Acquisition Or Disposition >DVLT
DVLT,DJ-N,2025-11-26 21:42:00,,DJ-N$1cd5d176,Datavault AI Files 8K - Entry Into Definitive Agreement >DVLT
DVLT,DJ-N,2025-11-26 14:09:00,,DJ-N$1cd4a490,Press Release: Datavault AI Signs Agreement with -2-
DVLT,DJ-N,2025-11-26 14:09:00,,DJ-N$1cd4a48f,"Press Release: Datavault AI Signs Agreement with the World Boxing Council, Unlocks Global Event-Driven Monetization at Scale"
DVLT,DJ-N,2025-11-26 13:05:00,,DJ-N$1cd48604,"Datavault AI Signs Agreement With the World Boxing Council, Unlocks Global Event-Driven Monetization at Scale"
DVLT,DJ-N,2025-11-26 13:05:00,,DJ-N$1cd485ff,Press Release: Datavault AI Signs Agreement with -2-
DVLT,DJ-N,2025-11-26 13:05:00,,DJ-N$1cd485fc,"Press Release: Datavault AI Signs Agreement with the World Boxing Council, Unlocks Global Event-Driven Monetization at Scale"
DVLT,DJ-N,2025-11-26 11:00:00,,DJ-N$1cd44998,Press Release: Datavault AI Announces Closing of -2-
DVLT,DJ-N,2025-11-26 11:00:00,,DJ-N$1cd44997,Press Release: Datavault AI Announces Closing of the Second Tranche of Scilex Holding Company's Previously Announced Equity Financing
DVLT,DJ-N,2025-11-26 11:00:00,,DJ-N$1cd44924,Press Release: Datavault AI Announces Closing of -2-
DVLT,DJ-N,2025-11-26 11:00:00,,DJ-N$1cd44922,Press Release: Datavault AI Announces Closing of the Second Tranche of Scilex Holding Company's Previously Announced Equity Financing
DVLT,DJ-N,2025-11-25 23:58:00,,DJ-N$1cd321f8,"Chmn Moyer Surrenders 28,594 Of Datavault AI Inc >DVLT"
DVLT,DJ-N,2025-11-25 23:57:00,,DJ-N$1cd321de,"CEO Bradley Surrenders 27,808 Of Datavault AI Inc >DVLT"
MKDW,DJ-N,2026-01-02 22:00:00,,DJ-N$1d242786,MKDWELL Tech Repurchased About $7M Worth of Outstanding Ordinary Shares
MKDW,DJ-N,2026-01-02 22:00:00,,DJ-N$1d2426e9,Press Release: MKDW repurchased approximately $7 million worth of its outstanding ordinary shares.
MKDW,DJ-N,2026-01-02 22:00:00,,DJ-N$1d2426b9,Press Release: MKDW repurchased approximately $7 million worth of its outstanding ordinary shares.
MKDW,DJ-N,2025-12-29 21:37:00,,DJ-N$1d1c3e7e,MKDWELL Tech May Seek to Issue Equity or Debt Securities or Obtain Credit Facilities if Cash Resources Insufficient to Meet Requirements >MKDW
MKDW,DJ-N,2025-12-29 21:36:00,,DJ-N$1d1c3d44,MKDWELL Tech: Unaudited Condensed Consolidated Fincl Statements Prepared on Going Concern Basis >MKDW
MKDW,DJ-N,2025-12-29 21:34:00,,DJ-N$1d1c3b69,"MKDWELL Tech Believes Cash and Cash Equivalents, Time Deposits and Anticipated Cash Flow Will Be Sufficient to Meet Cash Needs, Commitments for at Least Next 12 Mos >MKDW"
MKDW,DJ-N,2025-12-29 21:33:00,,DJ-N$1d1c39d9,MKDWELL Tech 1H Rev $1.37M >MKDW
MKDW,DJ-N,2025-12-29 21:33:00,,DJ-N$1d1c39d4,MKDWELL Tech 1H Loss $1.7M >MKDW
MKDW,DJ-N,2025-12-29 21:30:00,,DJ-N$1d1c347a,Press Release: MKDWELL Tech Inc. Reports First -2-
MKDW,DJ-N,2025-12-29 21:30:00,,DJ-N$1d1c3479,Press Release: MKDWELL Tech Inc. Reports First Half of Fiscal Year 2025 Unaudited Financial Results
MKDW,DJ-N,2025-12-29 21:30:00,,DJ-N$1d1c340a,Press Release: MKDWELL Tech Inc. Reports First -2-
MKDW,DJ-N,2025-12-29 21:30:00,,DJ-N$1d1c3405,Press Release: MKDWELL Tech Inc. Reports First Half of Fiscal Year 2025 Unaudited Financial Results
GPUS,DJ-N,2026-01-02 13:44:00,,DJ-N$1d2324fe,Substantial Insider Purchases: Morning Report
GPUS,DJ-N,2026-01-02 12:50:00,,DJ-N$1d2315a4,"Chmn Ault III Buys 1,608,800 Of Hyperscale Data Inc >GPUS"
GPUS,DJ-N,2025-12-30 22:29:00,,DJ-N$1d1f1c2e,"Chmn Ault III Buys 184,450 Of Hyperscale Data Inc >GPUS"
GPUS,DJ-N,2025-12-30 11:01:00,,DJ-N$1d1d999d,Hyperscale Data Bitcoin Treasury at 519.8687 Bitcoin and Held About $47M of Cash as of Dec 26
GPUS,DJ-N,2025-12-30 11:00:00,,DJ-N$1d1d97f3,"Press Release: Hyperscale Data Bitcoin Treasury at 519.8687 Bitcoin and Held Approximately $47 Million of Cash as of December 26, 2025"
GPUS,DJ-N,2025-12-29 12:12:00,,DJ-N$1d1af470,CFA Technology:Insider Review For Week Ended 26-Dec -2-
GPUS,DJ-N,2025-12-29 12:12:00,,DJ-N$1d1af453,CFA Technology:Insider Review For Week Ended 26-Dec
GPUS,DJ-N,2025-12-29 11:01:00,,DJ-N$1d1adba7,"Press Release: Hyperscale Data Establishes 2026 Disclosure Schedule for Bitcoin Treasury, Michigan AI Data Center Progress and Monthly Estimated Asset Updates"
GPUS,DJ-N,2025-12-24 13:44:00,,DJ-N$1d153d96,Substantial Insider Purchases: Morning Report
GPUS,DJ-N,2025-12-23 21:32:00,,DJ-N$1d13cda9,"Chmn Ault III Buys 315,000 Of Hyperscale Data Inc >GPUS"
GPUS,DJ-N,2025-12-23 11:00:00,,DJ-N$1d126ed2,"Hyperscale Data Bitcoin Treasury at 514.9655 Bitcoin, Exceeds 100% of Market Capitalization"
GPUS,DJ-N,2025-12-23 11:00:00,,DJ-N$1d126e8e,Press Release: Hyperscale Data Bitcoin Treasury at 514.9655 Bitcoin and Exceeds 100% of Market Capitalization
GPUS,DJ-N,2025-12-22 12:14:00,,DJ-N$1d0f591e,CFA Technology:Insider Review For Week Ended 19-Dec -4-
GPUS,DJ-N,2025-12-22 12:14:00,,DJ-N$1d0f5903,CFA Technology:Insider Review For Week Ended 19-Dec -3-
GPUS,DJ-N,2025-12-22 12:13:00,,DJ-N$1d0f58b4,CFA Technology:Insider Review For Week Ended 19-Dec -2-
GPUS,DJ-N,2025-12-22 12:13:00,,DJ-N$1d0f58a2,CFA Technology:Insider Review For Week Ended 19-Dec
GPUS,DJ-N,2025-12-19 21:47:00,,DJ-N$1d0c99fe,Hyperscale Data Files 8K - Regulation FD >GPUS
GPUS,DJ-N,2025-12-19 21:47:00,,DJ-N$1d0c99fa,Hyperscale Data Files 8K - Entry Into Definitive Agreement >GPUS
GPUS,DJ-N,2025-12-19 21:30:00,,DJ-N$1d0c86a4,"Press Release: Hyperscale Data Announces ""At-the-Market"" Offering of Common Stock"
GPUS,DJ-N,2025-12-18 21:34:00,,DJ-N$1d0995ff,"Chmn Ault III Buys 10,000 Of Hyperscale Data Inc >GPUS"
GPUS,DJ-N,2025-12-17 21:31:00,,DJ-N$1d069d64,Hyperscale Data Files 8K - Regulation FD >GPUS
GPUS,DJ-N,2025-12-17 11:00:00,,DJ-N$1d050c4f,Press Release: Hyperscale Data Declares Monthly Cash Dividend of $0.2708333 per Share of 13.00% Series D Cumulative Redeemable Perpetual Preferred Stock
GPUS,DJ-N,2025-12-16 21:37:00,,DJ-N$1d039d31,"Chmn Ault III Buys 140,100 Of Hyperscale Data Inc >GPUS"
GPUS,DJ-N,2025-12-16 11:00:00,,DJ-N$1d021722,Press Release: Hyperscale Data Bitcoin Treasury at 97.5% of Market Capitalization at Approximately $75.5 Million
GPUS,DJ-N,2025-12-15 12:14:00,,DJ-N$1cfecc3e,CFA Technology:Insider Review For Week Ended 12-Dec -4-
GPUS,DJ-N,2025-12-15 12:13:00,,DJ-N$1cfecc11,CFA Technology:Insider Review For Week Ended 12-Dec -3-
GPUS,DJ-N,2025-12-15 12:13:00,,DJ-N$1cfecbea,CFA Technology:Insider Review For Week Ended 12-Dec -2-
GPUS,DJ-N,2025-12-15 12:13:00,,DJ-N$1cfecba2,CFA Technology:Insider Review For Week Ended 12-Dec
GPUS,DJ-N,2025-12-15 11:00:00,,DJ-N$1cfeaa64,"Press Release: Hyperscale Data Announces Estimated Total Assets and Net Assets per Share of $1.17 and $0.52, Respectively, as of November 30, 2025"
GPUS,DJ-N,2025-12-12 21:35:00,,DJ-N$1cfbe112,"Chmn Ault III Buys 10,000 Of Hyperscale Data Inc >GPUS"
GPUS,DJ-N,2025-12-09 11:00:00,,DJ-N$1cf17f1e,Press Release: Hyperscale Data Bitcoin Treasury at Approximately $75 Million
GPUS,DJ-N,2025-12-08 12:14:00,,DJ-N$1cee53c0,CFA Technology:Insider Review For Week Ended 5-Dec -4-
GPUS,DJ-N,2025-12-08 12:13:00,,DJ-N$1cee53b6,CFA Technology:Insider Review For Week Ended 5-Dec -3-
GPUS,DJ-N,2025-12-08 12:13:00,,DJ-N$1cee5377,CFA Technology:Insider Review For Week Ended 5-Dec -2-
GPUS,DJ-N,2025-12-08 12:13:00,,DJ-N$1cee5373,CFA Technology:Insider Review For Week Ended 5-Dec
GPUS,DJ-N,2025-12-05 22:01:00,,DJ-N$1ceb9d0a,"Chmn Ault III Buys 100,000 Of Hyperscale Data Inc >GPUS"
GPUS,DJ-N,2025-12-03 21:32:00,,DJ-N$1ce5c23b,"Chmn Ault III Buys 101,000 Of Hyperscale Data Inc >GPUS"
GPUS,DJ-N,2025-12-02 22:16:00,,DJ-N$1ce2f46c,Hyperscale Data Files 8K - Unregistered Equity Sales >GPUS
GPUS,DJ-N,2025-12-02 22:16:00,,DJ-N$1ce2f46a,Hyperscale Data Files 8K - Direct Or Off-Balance Sheet Financial Obligation >GPUS
GPUS,DJ-N,2025-12-02 22:16:00,,DJ-N$1ce2f468,Hyperscale Data Files 8K - Entry Into Definitive Agreement >GPUS
GPUS,DJ-N,2025-12-02 11:02:00,,DJ-N$1ce13503,Hyperscale Data Bitcoin Treasury at About $72.25M
GPUS,DJ-N,2025-12-02 11:00:00,,DJ-N$1ce132a3,Press Release: Hyperscale Data Bitcoin Treasury at Approximately $72.25 Million
GPUS,DJ-N,2025-11-25 11:00:00,,DJ-N$1cd1381e,Press Release: Hyperscale Data Bitcoin Treasury at Approximately $70.5 Million
GPUS,DJ-N,2025-11-24 12:14:00,,DJ-N$1cce02eb,CFA Technology:Insider Review For Week Ended 21-Nov -4-
GPUS,DJ-N,2025-11-24 12:14:00,,DJ-N$1cce02c7,CFA Technology:Insider Review For Week Ended 21-Nov -3-
GPUS,DJ-N,2025-11-24 12:13:00,,DJ-N$1cce02a8,CFA Technology:Insider Review For Week Ended 21-Nov -2-
GPUS,DJ-N,2025-11-24 12:13:00,,DJ-N$1cce027e,CFA Technology:Insider Review For Week Ended 21-Nov
GPUS,DJ-N,2025-11-24 11:00:00,,DJ-N$1ccde5f5,Press Release: Hyperscale Data Joins the Global Top 100 Public Bitcoin Treasury Companies with Current Holdings of Approximately 382 Bitcoin
GPUS,DJ-N,2025-11-23 08:14:00,,DJ-N$1cccf504,"HYPERSCALE DATA INC  COM, Inst Holders, 3Q 2025 (GPUS)"
GPUS,DJ-N,2025-11-21 13:44:00,,DJ-N$1cc9d129,Substantial Insider Purchases: Morning Report
SIDU,DJ-N,2025-12-29 21:10:00,,DJ-N$1d1c1e8b,Press Release: Sidus Space Announces Closing of Public Offering
SIDU,DJ-N,2025-12-29 13:46:00,,DJ-N$1d1b2436,Sidus Space Files 8K - Other Events >SIDU
SIDU,DJ-N,2025-12-29 13:46:00,,DJ-N$1d1b2432,Sidus Space Files 8K - Entry Into Definitive Agreement >SIDU
SIDU,DJ-N,2025-12-26 23:10:00,,DJ-N$1d18ecf0,"Stocks to Watch: Sidus Space, WF Holding"
SIDU,DJ-N,2025-12-26 20:37:00,,DJ-N$1d188162,Sidus Space to Raise $16.2M in Stock Offering
SIDU,DJ-N,2025-12-26 20:25:00,,DJ-N$1d187fa6,Sidus Space Sells 10.8M Shrs for $1.50 Each
SIDU,DJ-N,2025-12-26 20:24:00,,DJ-N$1d187f8e,Sidus Space Announces Pricing of Offering
SIDU,DJ-N,2025-12-26 19:45:00,,DJ-N$1d187a1d,Press Release: Sidus Space Announces Pricing of Offering
SIDU,DJ-N,2025-12-24 18:18:00,,DJ-N$1d15deec,Press Release: Sidus Space Announces Closing of Public Offering
SIDU,DJ-N,2025-12-23 21:31:00,,DJ-N$1d13cbd8,Sidus Space Files 8K - Other Events >SIDU
SIDU,DJ-N,2025-12-23 21:31:00,,DJ-N$1d13cbd5,Sidus Space Files 8K - Entry Into Definitive Agreement >SIDU
SIDU,DJ-N,2025-12-23 02:30:00,,DJ-N$1d117eb6,Sidus Space: Offering Expected to Close Dec. 24>SIDU
SIDU,DJ-N,2025-12-23 02:30:00,,DJ-N$1d117eb4,Sidus Space: Total Gross Proceeds Expected to Be Approximately $25M >SIDU
SIDU,DJ-N,2025-12-23 02:30:00,,DJ-N$1d117eb2,Sidus Space Prices Public Offering of 19.23M Shares at $1.30 Per Share>SIDU
SIDU,DJ-N,2025-12-23 02:30:00,,DJ-N$1d117eb0,Sidus Space Announces Pricing of Public Offering
SIDU,DJ-N,2025-12-23 02:19:00,,DJ-N$1d117590,Press Release: Sidus Space Announces Pricing of Public Offering
SIDU,DJ-N,2025-12-23 00:03:00,,DJ-N$1d115191,Sidus Space Gets Contract From Missile Defense Agency
SIDU,DJ-N,2025-12-22 23:27:00,,DJ-N$1d1141d7,"Stocks to Watch: Paranovus, Parsons, Sidus Space, Zim"
SIDU,DJ-N,2025-12-22 22:37:00,,DJ-N$1d113521,Sidus Space Shares Fall on Proposed Public Offering
SIDU,DJ-N,2025-12-22 21:47:00,,DJ-N$1d110277,Sidus Space Announces Proposed Public Offering
SIDU,DJ-N,2025-12-22 21:43:00,,DJ-N$1d10fea3,Press Release: Sidus Space Announces Proposed Public Offering
SIDU,DJ-N,2025-12-22 13:32:00,,DJ-N$1d0f887c,Sidus Space Awarded Contract Under Missile Defense Agency's SHIELD IDIQ Program
SIDU,DJ-N,2025-12-22 13:32:00,,DJ-N$1d0f8874,Press Release: Sidus Space Awarded Contract Under Missile Defense Agency's SHIELD IDIQ Program
SIDU,DJ-N,2025-12-12 13:30:00,,DJ-N$1cfac06a,Press Release: Sidus Space CEO Carol Craig Appointed to Canaveral Port Authority Board of Commissioners
SIDU,DJ-N,2025-12-12 13:30:00,,DJ-N$1cfac03b,Sidus Space CEO Carol Craig Appointed To Canaveral Port Authority Board Of Commissioners >SIDU
SIDU,DJ-N,2025-12-10 13:30:00,,DJ-N$1cf4e173,"Press Release: Sidus Space Announces Successful Bus-Level Commissioning of Hybrid 3D Printed, AI Enhanced LizzieSat-3"
SIDU,DJ-N,2025-12-04 13:30:00,,DJ-N$1ce7838b,Sidus Space Secures Subcontractor Role With MobLobSpace on NASA SBIR Radar Initiative With LizzieSat Hosting
SIDU,DJ-N,2025-12-04 13:30:00,,DJ-N$1ce782d7,Press Release: Sidus Space Secures Subcontractor Role with MobLobSpace on NASA SBIR Radar Initiative with LizzieSat Hosting
SIDU,DJ-N,2025-11-22 08:14:00,,DJ-N$1ccc67b0,"SIDUS SPACE INC  CL A, Inst Holders, 3Q 2025 (SIDU)"
SIDU,DJ-N,2025-11-20 13:31:00,,DJ-N$1cc5919e,"Sidus Space Delivers Hardware, Software, and Final Report to Xiomas Technologies Under NASA Phase II Sequential Award"
SIDU,DJ-N,2025-11-20 13:30:00,,DJ-N$1cc59066,"Press Release: Sidus Space Delivers Hardware, Software, and Final Report to Xiomas Technologies Under NASA Phase II Sequential Award"
SIDU,DJ-N,2025-11-18 13:30:00,,DJ-N$1cbf5505,"Press Release: Sidus Space and Lonestar Data Holdings, LLC Drive Rapid Progress on Commercial Pathfinder Mission with Completion of Kickoff Meeting and System Requirements Review"
SIDU,DJ-N,2025-11-14 22:16:00,,DJ-N$1cb907fc,Sidus Space Files 8K - Operations And Financial Condition >SIDU
SIDU,DJ-N,2025-11-14 21:46:00,,DJ-N$1cb8e759,Sidus Space 3Q Loss/Shr 24c >SIDU
SIDU,DJ-N,2025-11-14 21:46:00,,DJ-N$1cb8e737,Sidus Space 3Q Rev $1.3M >SIDU
SIDU,DJ-N,2025-11-14 21:45:00,,DJ-N$1cb8e61f,Press Release: Sidus Space Reports Third Quarter -3-
SIDU,DJ-N,2025-11-14 21:45:00,,DJ-N$1cb8e61b,Press Release: Sidus Space Reports Third Quarter -2-
SIDU,DJ-N,2025-11-14 21:45:00,,DJ-N$1cb8e618,Press Release: Sidus Space Reports Third Quarter 2025 Financial Results and Provides Business Update
SIDU,DJ-N,2025-11-07 13:30:00,,DJ-N$1ca47a74,Press Release: Sidus Space to Host Third Quarter Financial Results Conference Call on November 14 at 5:00 p.m. ET
SIDU,DJ-N,2025-11-04 13:31:00,,DJ-N$1c99ac4a,Sidus Space Completes Design for FeatherEdge 248Vi: Advancing AI/ML Processing for Space and Defense Applications
SIDU,DJ-N,2025-11-04 13:30:00,,DJ-N$1c99ab7f,Press Release: Sidus Space Completes Design for FeatherEdge(TM) 248Vi: Advancing AI/ML Processing for Space and Defense Applications
SIDU,DJ-N,2025-10-27 12:30:00,,DJ-N$1c821e06,Press Release: Sidus Space Finalizes Commercial Pathfinder Mission Agreement with Lonestar for LizzieSat(R)-5 Mission
SIDU,DJ-N,2025-09-29 12:32:00,,DJ-N$1c40d1ce,"Sidus Space: Contract Carries Ceiling Value of $21 M Over 5 Years With Individual Task Orders Capped at $750,000 >SIDU"
SIDU,DJ-N,2025-09-29 12:31:00,,DJ-N$1c40d19c,Sidus Space to Provide Fabrication and On-Call Services for Critical Components Used in TYAD's Ops >SIDU
SIDU,DJ-N,2025-09-29 12:31:00,,DJ-N$1c40d140,Sidus Space Awarded 5-Yr IDIQ Contract to Support Tobyhanna Army Depot
SIDU,DJ-N,2025-09-29 12:30:00,,DJ-N$1c40cf57,Press Release: Sidus Space Awarded Five-Year IDIQ Contract to Support Tobyhanna Army Depot
SIDU,DJ-N,2025-09-16 20:05:00,,DJ-N$1c257e45,Press Release: Sidus Space Announces Closing of Public Offering
SIDU,DJ-N,2025-09-16 10:05:00,,DJ-N$1c2437f2,Sidus Space Files 8K - Other Events >SIDU
SIDU,DJ-N,2025-09-16 10:05:00,,DJ-N$1c2437ee,Sidus Space Files 8K - Entry Into Definitive Agreement >SIDU
SIDU,DJ-N,2025-09-15 12:34:00,,DJ-N$1c217b3e,Press Release: Sidus Space Appoints Lawrence Hollister as Chief Business Officer to Drive Strategic Growth and Market Expansion
CNTX,DJ-N,2025-12-22 12:35:00,,DJ-N$1d0f651c,Context Therapeutics Price Target Announced at $7.00/Share by Jones Trading
CNTX,DJ-N,2025-12-22 12:35:00,,DJ-N$1d0f651a,Context Therapeutics Initiated at Buy by Jones Trading
CNTX,DJ-N,2025-11-22 08:01:00,,DJ-N$1ccc4a34,"CONTEXT THERAPEUTICS INC  COM, Inst Holders, 3Q 2025 (CNTX)"
CNTX,DJ-N,2025-11-06 13:32:00,,DJ-N$1ca0cec1,Context Therapeutics Price Target Maintained With a $9.00/Share by D. Boral Capital
CNTX,DJ-N,2025-11-06 13:32:00,,DJ-N$1ca0cec0,Context Therapeutics Is Maintained at Buy by D. Boral Capital
CNTX,DJ-N,2025-11-06 12:00:00,,DJ-N$1ca0830c,Context Therapeutics Price Target Raised to $5.00/Share From $4.00 by HC Wainwright & Co.
CNTX,DJ-N,2025-11-06 12:00:00,,DJ-N$1ca0830a,Context Therapeutics Is Maintained at Buy by HC Wainwright & Co.
CNTX,DJ-N,2025-11-05 22:48:00,,DJ-N$1c9ef3a9,Context Therapeutics 3Q Loss/Shr 10c >CNTX
CNTX,DJ-N,2025-11-05 21:21:00,,DJ-N$1c9e92e9,Context Therapeutics Files 8K - Other Events >CNTX
CNTX,DJ-N,2025-11-05 21:21:00,,DJ-N$1c9e92e8,Context Therapeutics Files 8K - Regulation FD >CNTX
CNTX,DJ-N,2025-11-05 21:16:00,,DJ-N$1c9e836d,Press Release: Context Therapeutics Reports Third -2-
CNTX,DJ-N,2025-11-05 21:16:00,,DJ-N$1c9e836c,Press Release: Context Therapeutics Reports Third Quarter 2025 Operating and Financial Results
CNTX,DJ-N,2025-10-24 20:02:00,,DJ-N$1c7ee5e0,Context Therapeutics Files 8K - Other Events >CNTX
CNTX,DJ-N,2025-10-24 20:02:00,,DJ-N$1c7ee5df,Context Therapeutics Files 8K - Entry Into Definitive Agreement >CNTX
CNTX,DJ-N,2025-10-20 22:49:00,,DJ-N$1c732e3a,Context Therapeutics Files 8K - Other Events >CNTX
CNTX,DJ-N,2025-10-16 12:50:00,,DJ-N$1c6a84de,Context Therapeutics Price Target Maintained With a $9.00/Share by D. Boral Capital
CNTX,DJ-N,2025-10-16 12:50:00,,DJ-N$1c6a84dc,Context Therapeutics Is Maintained at Buy by D. Boral Capital
CNTX,DJ-N,2025-10-06 11:30:00,,DJ-N$1c5190e1,Press Release: Context Therapeutics Announces Poster Presentations at the Society for Immunotherapy of Cancer's (SITC) 40th Annual Meeting
CNTX,DJ-N,2025-10-03 20:15:00,,DJ-N$1c4eef3b,Press Release: Context Therapeutics Announces Inducement Grant Under Nasdaq Listing Rule 5635(c)(4)
CNTX,DJ-N,2025-10-02 12:50:00,,DJ-N$1c4b9153,Context Therapeutics Initiated at Overweight by Cantor Fitzgerald
CNTX,DJ-N,2025-09-18 13:12:00,,DJ-N$1c2a0275,Context Therapeutics Price Target Announced at $5.00/Share by Guggenheim
CNTX,DJ-N,2025-09-18 13:12:00,,DJ-N$1c2a026f,Context Therapeutics Initiated at Buy by Guggenheim
CNTX,DJ-N,2025-09-02 11:32:00,,DJ-N$1c0424f7,Context Therapeutics Files 8K - Listing Notice >CNTX
CNTX,DJ-N,2025-08-22 07:01:00,,DJ-N$1bec3a9c,"CONTEXT THERAPEUTICS INC  COM, Inst Holders, 2Q 2025 (CNTX)"
CNTX,DJ-N,2025-08-07 11:49:00,,DJ-N$1bc6e78b,Context Therapeutics Price Target Maintained With a $9.00/Share by D. Boral Capital
CNTX,DJ-N,2025-08-07 11:49:00,,DJ-N$1bc6e788,Context Therapeutics Is Maintained at Buy by D. Boral Capital
CNTX,DJ-N,2025-08-07 11:07:00,,DJ-N$1bc6c620,Context Therapeutics Price Target Cut to $4.00/Share From $5.00 by HC Wainwright & Co.
CNTX,DJ-N,2025-08-07 11:07:00,,DJ-N$1bc6c61f,Context Therapeutics Is Maintained at Buy by HC Wainwright & Co.
CNTX,DJ-N,2025-08-06 21:21:00,,DJ-N$1bc4f3a1,Context Therapeutics Sees Funding Sufficient Into 2027 >CNTX
CNTX,DJ-N,2025-08-06 21:20:00,,DJ-N$1bc4f364,Context Therapeutics 2Q Loss/Shr 9c >CNTX
CNTX,DJ-N,2025-08-06 20:11:00,,DJ-N$1bc48e53,Press Release: Context Therapeutics Reports Second Quarter 2025 Operating and Financial Results
XPEV,BRFG,2025-11-17 16:56:07,,BRFG$1cbcbe07,XPeng loses its charge as soft Q4 guidance has shares speeding in reverse
XPEV,DJ-N,2026-01-02 21:12:00,,DJ-N$1d23f31b,Li Auto Deliveries Fall. The Stock Is Up. -- Barrons.com
XPEV,DJ-N,2026-01-02 13:28:00,,DJ-N$1d232153,Li Auto Deliveries Fall. The Stock Is Up. -- Barrons.com
XPEV,DJ-N,2026-01-02 13:12:00,,DJ-N$1d231f14,Dow Jones Futures Rise As Santa Joins Rally In 2026; Big Tesla News Due -- IBD
XPEV,DJ-N,2026-01-02 13:10:00,,DJ-N$1d231e63,Dow Jones Futures Rise As Santa Joins Rally In 2026; Big Tesla News Due -- IBD
XPEV,DJ-N,2026-01-02 13:01:00,,DJ-N$1d231a28,Dow Jones Futures Rise As Santa Joins Rally In 2026; Big Tesla News Due -- IBD
XPEV,DJ-N,2026-01-02 12:02:00,,DJ-N$1d23038d,Dow Jones Futures Rise As Santa Joins Rally In 2026; Big Tesla News Due -- IBD
XPEV,DJ-N,2026-01-02 11:29:00,,DJ-N$1d22fabd,"Dow Jones Futures Rise, Techs Jump To Kick Off 2026; Big Tesla News Due -- IBD"
XPEV,DJ-N,2026-01-02 03:46:00,,DJ-N$1d2275d6,Dow Jones Futures Rise To Kick Off 2026; Big Tesla News Due -- IBD
XPEV,DJ-N,2026-01-02 03:00:00,,DJ-N$1d2270d2,"Dow Jones Futures Rise; Market Starts 2026 With Key Test, Big Tesla News -- IBD"
XPEV,DJ-N,2026-01-02 01:07:00,,DJ-N$1d2245fe,"Dow Jones Futures Rise; Market Starts 2026 With Key Test, Big Tesla News -- IBD"
XPEV,DJ-N,2026-01-01 23:38:00,,DJ-N$1d223b10,"Dow Jones Futures Rise; Market Starts 2026 With Key Test, Big Tesla News -- IBD"
XPEV,DJ-N,2026-01-01 23:03:00,,DJ-N$1d22366d,"Dow Jones Futures Rise; Market Starts 2026 With Key Test, Big Tesla News -- IBD"
XPEV,DJ-N,2026-01-01 20:41:00,,DJ-N$1d222ddc,"Dow Jones Futures Loom; Market Starts 2026 With Key Test, Tesla Deliveries -- IBD"
XPEV,DJ-N,2026-01-01 18:51:00,,DJ-N$1d222784,"Dow Jones Futures: Market To Start 2026 With Key Test; Tesla Deliveries, Musk Deadline In Focus -- IBD"
XPEV,DJ-N,2026-01-01 15:42:00,,DJ-N$1d22149f,"Dow Jones Futures: Market Shut, Faces Test To Start 2026; Tesla Deliveries, Musk Deadline In Focus -- IBD"
XPEV,DJ-N,2026-01-01 13:36:00,,DJ-N$1d2206e7,"Dow Jones Futures: Market Shut, Faces Test To Start 2026; Tesla Deliveries, Musk Deadline In Focus -- IBD"
XPEV,DJ-N,2026-01-01 12:52:00,,DJ-N$1d220290,"Dow Jones, Stock Market Fall To Key Levels To End 2025; Tesla, Palantir, Nvidia Chipmaker In Focus -- IBD"
XPEV,DJ-N,2026-01-01 11:06:00,,DJ-N$1d21f7ea,"XPeng Delivered 429,445 Vehicles in 2025; up 126% on Year"
XPEV,DJ-N,2026-01-01 11:05:00,,DJ-N$1d21f7db,"XPeng Delivered 37,508 Vehicles in December; up 2% on Year"
XPEV,DJ-N,2026-01-01 08:00:00,,DJ-N$1d21e5f4,Press Release: XPENG Announces Vehicle Delivery Results for December and Full Year 2025
XPEV,DJ-N,2026-01-01 02:57:00,,DJ-N$1d21a30d,"Dow Jones, Stock Market Fall To Key Levels To End 2025; Tesla, Palantir, Nvidia Chipmaker In Focus -- IBD"
XPEV,DJ-N,2026-01-01 01:07:00,,DJ-N$1d2177da,"Dow Jones, Stock Market Fall To Key Levels To End 2025; Tesla, Palantir, Nvidia Chipmaker In Focus -- IBD"
XPEV,DJ-N,2025-12-31 22:01:00,,DJ-N$1d216005,"Dow Jones Futures: Market Tests Key Levels To End 2025; Tesla, Palantir, Nvidia Chipmaker In Focus -- IBD"
XPEV,DJ-N,2025-12-16 08:29:00,,DJ-N$1d01d6aa,XPeng Cleared to Test Next Stage of Autonomous Driving in Guangzhou
XPEV,DJ-N,2025-12-16 06:58:00,,DJ-N$1d019486,XPeng Shares Narrow Losses; Now Down 1.15%
XPEV,DJ-N,2025-12-15 06:18:00,,DJ-N$1cfe36d8,XPeng to Make Malaysia Its Third Foreign Production Site
XPEV,DJ-N,2025-12-15 06:15:00,,DJ-N$1cfe35ff,XPeng: Malaysia Plant Will Be Third Overseas EV Production Facility
XPEV,DJ-N,2025-12-15 06:14:00,,DJ-N$1cfe35b6,XPeng: Local Production in Malaysia to Start Next Year
XPEV,DJ-N,2025-12-15 06:14:00,,DJ-N$1cfe357c,XPeng Partners With Malaysia's EP Manufacturing for Local Plant in Malacca
XPEV,DJ-N,2025-12-15 06:11:00,,DJ-N$1cfe341e,"Press Release: XPENG Kick-Starts Local EV Production in Malaysia, Marking Strategic Milestone in ASEAN Expansion"
XPEV,DJ-N,2025-12-02 03:19:00,,DJ-N$1ce05ab4,Shares of Chinese Automakers Mixed After November Sales
XPEV,DJ-N,2025-12-02 02:00:00,,DJ-N$1ce0212e,XPeng ADRs Closed 2.2% Lower Overnight
XPEV,DJ-N,2025-12-02 02:00:00,,DJ-N$1ce02122,XPeng Shares Fall 3.1% in Hong Kong After Reporting November Sales
XPEV,DJ-N,2025-12-01 21:54:00,,DJ-N$1cdf9d34,Tesla Stock Makes a Comeback as the Market Slips -- Barrons.com
XPEV,DJ-N,2025-12-01 21:16:00,,DJ-N$1cdf8dfc,XPeng and NIO Stocks Fall. December Is a Critical Month for Sales. -- Barrons.com
XPEV,DJ-N,2025-12-01 21:16:00,,DJ-N$1cdf8da3,XPeng and NIO Stocks Fall. December Is a Critical Month for Sales. -- Barrons.com
XPEV,DJ-N,2025-12-01 17:25:00,,DJ-N$1cdeb123,Chinese Tesla Rival Sinks On Reports Of Ambitious Sales Targets -- IBD
XPEV,DJ-N,2025-12-01 15:11:00,,DJ-N$1cde1851,XPeng and NIO Stocks Fall. December Is a Critical Month for Sales. -- Barrons.com
XPEV,DJ-N,2025-12-01 14:04:00,,DJ-N$1cddefeb,XPeng and NIO Stocks Fall. December Is a Critical Month for Sales. -- Barrons.com
XPEV,DJ-N,2025-12-01 13:58:00,,DJ-N$1cddea35,Tesla Stock Slips. 3 Reasons for Today's Drop. -- Barrons.com
XPEV,DJ-N,2025-12-01 12:24:00,,DJ-N$1cddafae,Tesla Stock Is Down. Elon Musk Explains Why He Likes the Letter X. -- Barrons.com
XPEV,DJ-N,2025-12-01 11:44:00,,DJ-N$1cdd9a20,XPeng and NIO Plan for Big Decembers to Hit Quarterly Goals. The Stocks Fall. -- Barrons.com
XPEV,DJ-N,2025-12-01 09:29:00,,DJ-N$1cdd4cab,Press Release: XPENG Announces Vehicle Delivery Results for November 2025
XPEV,DJ-N,2025-12-01 04:27:00,,DJ-N$1cdca6d7,China's Auto Demand to Slow Next Year -- Market Talk
XPEV,DJ-N,2025-11-19 05:36:00,,DJ-N$1cc16732,XPeng Raised to Buy From Hold by Daiwa >XPEV
XPEV,DJ-N,2025-11-19 04:19:00,,DJ-N$1cc15c47,XPeng Target Price Raised to $29.00 From $24.00 by Daiwa >XPEV
XPEV,DJ-N,2025-11-19 03:35:00,,DJ-N$1cc14d73,XPeng Expected to Break Even in 4Q on Strong Sales -- Market Talk
XPEV,DJ-N,2025-11-19 03:30:00,,DJ-N$1cc14883,XPeng ADR Target Price Lowered to $28.60 From $29.60 by HSBC >XPEV
XPEV,DJ-N,2025-11-18 08:35:00,,DJ-N$1cbecc98,XPeng Likely to See Strong Earnings Growth Next Year -- Market Talk
XPEV,DJ-N,2025-11-18 07:33:00,,DJ-N$1cbeb30b,XPeng Narrows Quarterly Loss -- WSJ
VLO,DJ-N,2026-01-03 17:42:00,,DJ-N$1d250a31,The Oil Sector's Biggest Winners and Losers From Venezuela Regime Change -- Barrons.com
VLO,DJ-N,2026-01-03 02:30:00,,DJ-N$1d246396,The Trader: Why Oil Stocks Are Worth a Bet in 2026 -- Barron's
VLO,DJ-N,2025-12-31 08:30:00,,DJ-N$1d2000f0,Why Oil Stocks Are Worth a Bet in 2026 -- Barrons.com
VLO,DJ-N,2025-12-18 22:05:00,,DJ-N$1d09b904,"VP Walsh Gifts 1,250 Of Valero Energy Corp >VLO"
VLO,DJ-N,2025-12-18 22:05:00,,DJ-N$1d09b89c,"Chmn Riggs Gifts 6,756 Of Valero Energy Corp >VLO"
VLO,DJ-N,2025-12-12 12:39:00,,DJ-N$1cfa9f43,Valero Energy Price Target Raised to $192.00/Share From $190.00 by Mizuho
VLO,DJ-N,2025-12-12 12:39:00,,DJ-N$1cfa9f41,Valero Energy Cut to Neutral From Outperform by Mizuho
VLO,DJ-N,2025-12-11 12:07:00,,DJ-N$1cf792d6,Valero Energy Price Target Cut to $195.00/Share From $198.00 by B of A Securities
VLO,DJ-N,2025-12-11 12:07:00,,DJ-N$1cf792d3,Valero Energy Cut to Neutral From Buy by B of A Securities
VLO,DJ-N,2025-12-10 17:24:00,,DJ-N$1cf5a080,"Three Texas Refineries Report Operational Issues, Filings Say -- OPIS"
VLO,DJ-N,2025-12-08 15:44:00,,DJ-N$1ceee887,Gasoline Prices Are The Lowest In Four Years And This Gas Station Chain Reports Earnings -- IBD
VLO,DJ-N,2025-12-05 15:11:00,,DJ-N$1ceaa1a3,"Press Release: Valero Energy Corporation to Release Fourth Quarter and Full Year 2025 Earnings Results on January 29, 2026"
VLO,DJ-N,2025-11-25 21:51:00,,DJ-N$1cd2e933,Oil Prices Near Four-Year Lows. Goldman Sachs Sees Opportunity. -- IBD
VLO,DJ-N,2025-11-25 13:44:00,,DJ-N$1cd190b4,Substantial Insider Sales: Morning Report
VLO,DJ-N,2025-11-24 22:18:00,,DJ-N$1ccfdeb5,"CFO Fraser Sells 9,933 Of Valero Energy Corp >VLO"
VLO,DJ-N,2025-11-22 08:09:00,,DJ-N$1ccc6280,"Valero Energy Corporation, Inst Holders, 3Q 2025 (VLO)"
VLO,DJ-N,2025-11-21 21:27:00,,DJ-N$1ccad89b,"CFO Fraser Registers 9,933 Of Valero Energy Corp >VLO"
VLO,DJ-N,2025-11-18 21:34:00,,DJ-N$1cc099da,"Valero Energy Corp. Stock Advances 3.9%, Outperforms Peers"
VLO,DJ-N,2025-11-17 21:55:00,,DJ-N$1cbd92f3,"Valero Port Arthur, MPC El Paso Refineries Report Operating Issues -- OPIS"
VLO,DJ-N,2025-11-17 16:16:00,,DJ-N$1cbc8736,Can Energy's Strength Continue Into Year End? What the Charts Say About 3 Stocks. -- Barrons.com
VLO,DJ-N,2025-11-17 15:01:00,,DJ-N$1cbc368b,Valero Energy Price Target Raised to $184.00/Share From $169.00 by Barclays
VLO,DJ-N,2025-11-17 15:01:00,,DJ-N$1cbc368a,Valero Energy Is Maintained at Overweight by Barclays
VLO,DJ-N,2025-11-16 12:15:00,,DJ-N$1cbab6d7,Dow Jones Futures: Will Nvidia Revive Or Ruin Rocky Market? What To Do Now. -- IBD
VLO,DJ-N,2025-11-16 02:58:00,,DJ-N$1cba8191,Dow Jones Futures: Will Nvidia Revive Or Ruin Rocky Market? What To Do Now. -- IBD
VLO,DJ-N,2025-11-14 21:34:00,,DJ-N$1cb8d950,"Valero Energy Corp. Stock Advances 3.4%, Outperforms Peers"
VLO,DJ-N,2025-11-14 15:48:00,,DJ-N$1cb7e94c,Valero Energy Price Target Raised to $223.00/Share From $201.00 by Piper Sandler
VLO,DJ-N,2025-11-14 15:48:00,,DJ-N$1cb7e94a,Valero Energy Is Maintained at Overweight by Piper Sandler
VLO,DJ-N,2025-11-10 14:28:00,,DJ-N$1ca94ff4,Valero Energy Price Target Raised to $220.00/Share From $216.00 by Wells Fargo
VLO,DJ-N,2025-11-10 14:28:00,,DJ-N$1ca94ff1,Valero Energy Is Maintained at Overweight by Wells Fargo
VLO,DJ-N,2025-11-09 21:44:00,,DJ-N$1ca7de56,Dow Jones Futures Due With Shutdown Deal 'Coming Together'; Nvidia Leads Four Stocks In Buy Areas -- IBD
VLO,DJ-N,2025-11-09 19:56:00,,DJ-N$1ca7d466,Dow Jones Futures Due With Shutdown Deal 'Coming Together'; Nvidia Leads Four Stocks In Buy Areas -- IBD
VLO,DJ-N,2025-11-09 16:02:00,,DJ-N$1ca7c0b1,Dow Jones Futures Due; Nvidia Leads Four Stocks In Buy Areas After Market Rebound -- IBD
VLO,DJ-N,2025-11-09 12:24:00,,DJ-N$1ca7b2fb,Dow Jones Futures: Bulls Fight Back At Key Level; Opportunity Or Head Fake? -- IBD
VLO,DJ-N,2025-11-09 03:36:00,,DJ-N$1ca78281,Dow Jones Futures: Bulls Fight Back At Key Level; Opportunity Or Head Fake? -- IBD
VLO,DJ-N,2025-11-08 22:18:00,,DJ-N$1ca7700e,Dow Jones Futures: Bulls Fight Back At Key Level; Opportunity Or Head Fake? -- IBD
VLO,DJ-N,2025-11-08 13:31:00,,DJ-N$1ca753c8,Dow Jones Futures: Bulls Fight Back At Critical Level; Opportunity Or Head Fake? -- IBD
VLO,DJ-N,2025-11-06 21:46:00,,DJ-N$1ca26109,"VP Fisher Gifts 1,750 Of Valero Energy Corp >VLO"
VLO,DJ-N,2025-10-30 18:30:00,,DJ-N$1c8ea12e,Valero Reports Power Outage at Corpus Christi West Refinery: Filing -- OPIS
VLO,DJ-N,2025-10-29 11:23:00,,DJ-N$1c8976f0,Valero Energy Names Homer Bhullar Finance Chief as Jason Fraser Retires
VLO,DJ-N,2025-10-29 10:46:00,,DJ-N$1c894c76,Valero Energy Files 8K - Regulation FD >VLO
VLO,DJ-N,2025-10-29 10:46:00,,DJ-N$1c894c74,"Valero Energy Files 8K - Director, Officer or Compensation Filing >VLO"
VLO,DJ-N,2025-10-29 10:39:00,,DJ-N$1c894351,"Valero Energy Names Homer Bhullar Sr VP, Chief Financial Officer >VLO"
VLO,DJ-N,2025-10-29 10:38:00,,DJ-N$1c8942ef,Valero Energy: Jason Fraser to Retire as Finance Chief on Dec. 31 >VLO
VLO,DJ-N,2025-10-29 10:38:00,,DJ-N$1c894279,Valero Energy Corp Announces CFO Transition >VLO
VLO,DJ-N,2025-10-29 10:38:00,,DJ-N$1c894275,Press Release: Valero Energy Corporation Announces CFO Transition
VLO,DJ-N,2025-10-29 10:30:00,,DJ-N$1c8938d1,Press Release: Valero Energy Corporation Declares Regular Cash Dividend on Common Stock
VLO,DJ-N,2025-10-24 17:22:00,,DJ-N$1c7ebe2d,PBF Energy Stock Earns 91 Relative Strength Rating -- IBD
VLO,DJ-N,2025-10-24 16:56:00,,DJ-N$1c7eb7c8,Valero Energy Price Target Raised to $165.00/Share From $162.00 by TD Cowen
VLO,DJ-N,2025-10-24 16:56:00,,DJ-N$1c7eb7c4,Valero Energy Is Maintained at Hold by TD Cowen
VLO,DJ-N,2025-10-24 15:23:00,,DJ-N$1c7e6c1b,Valero Energy Price Target Raised to $195.00/Share From $181.00 by Raymond James
UAVS,DJ-N,2026-01-02 20:05:00,,DJ-N$1d23d667,AgEagle Aerial Systems Climbs After U.S. Army Buys Drones
UAVS,DJ-N,2026-01-02 13:02:00,,DJ-N$1d231a65,EagleNXT Announces Successful Drone and Sensor Sale to U.S. Army
UAVS,DJ-N,2026-01-02 13:00:00,,DJ-N$1d2318e2,Press Release: EagleNXT Announces Successful Drone and Sensor Sale to U.S. Army
UAVS,DJ-N,2026-01-02 13:00:00,,DJ-N$1d231872,Press Release: EagleNXT Announces Successful Drone and Sensor Sale to U.S. Army
UAVS,DJ-N,2025-12-22 13:00:00,,DJ-N$1d0f75dd,Press Release: EagleNXT Appoints Falcon UAV as Master Distributor for Asia Pacific Region
UAVS,DJ-N,2025-12-22 13:00:00,,DJ-N$1d0f74b8,Press Release: EagleNXT Appoints Falcon UAV as Master Distributor for Asia Pacific Region
UAVS,DJ-N,2025-12-18 16:28:00,,DJ-N$1d08ee8e,Press Release: Drones as a Service (DaaS) -2-
UAVS,DJ-N,2025-12-18 16:28:00,,DJ-N$1d08ee88,Press Release: Drones as a Service (DaaS) Delivering Future-Ready Drone Operations for Today's Military and Defense Services
UAVS,DJ-N,2025-12-16 13:00:00,,DJ-N$1d025453,"Press Release: EagleNXT Highlights Key 2025 Achievements Across Defense, Innovation, Global Expansion, and Capital Flexibility, Provides 2026 Growth Outlook"
UAVS,DJ-N,2025-12-16 13:00:00,,DJ-N$1d0251a4,Press Release: EagleNXT Highlights Key 2025 -2-
UAVS,DJ-N,2025-12-16 13:00:00,,DJ-N$1d02519f,"Press Release: EagleNXT Highlights Key 2025 Achievements Across Defense, Innovation, Global Expansion, and Capital Flexibility, Provides 2026 Growth Outlook"
UAVS,DJ-N,2025-12-10 13:00:00,,DJ-N$1cf4c9e1,"Press Release: EagleNXT MicaSense Cameras Now Compatible with Inspired Flight Technologies (IFT) new ""Dovetail"" Mount"
UAVS,DJ-N,2025-12-10 13:00:00,,DJ-N$1cf4c861,"Press Release: EagleNXT MicaSense Cameras Now Compatible with Inspired Flight Technologies (IFT) new ""Dovetail"" Mount"
UAVS,DJ-N,2025-11-23 08:13:00,,DJ-N$1cccf450,"AGEAGLE AERIAL SYSTEMS INC  COM, Inst Holders, 3Q 2025 (UAVS)"
UAVS,DJ-N,2025-11-19 22:02:00,,DJ-N$1cc3f208,"Chmn Begley Buys 10,000 Of AgEagle Aerial Systems Inc >UAVS"
UAVS,DJ-N,2025-11-18 13:00:00,,DJ-N$1cbf3ec2,Press Release: EagleNXT Commences Deliveries with Vyom Drones to Serve India's Growing Unmanned Vehicle Demands
UAVS,DJ-N,2025-11-18 13:00:00,,DJ-N$1cbf3c39,Press Release: EagleNXT Commences Deliveries with Vyom Drones to Serve India's Growing Unmanned Vehicle Demands
UAVS,DJ-N,2025-11-17 13:50:00,,DJ-N$1cbc1319,AgEagle Aerial Systems Files 8K - Operations And Financial Condition >UAVS
UAVS,DJ-N,2025-11-17 13:48:00,,DJ-N$1cbc1261,Press Release: EagleNXT Reports Third Quarter -2-
UAVS,DJ-N,2025-11-17 13:48:00,,DJ-N$1cbc125e,Press Release: EagleNXT Reports Third Quarter Fiscal Year 2025 Financial Results and Highlights Key Operational Developments
UAVS,DJ-N,2025-11-17 13:48:00,,DJ-N$1cbc1257,Press Release: EagleNXT Reports Third Quarter Fiscal Year 2025 Financial Results and Highlights Key Operational Developments
UAVS,DJ-N,2025-11-12 13:01:00,,DJ-N$1cb04738,Press Release: EagleNXT Achieves ANATEL Certification Renewal for eBee X Drone Operations in Brazil
UAVS,DJ-N,2025-11-12 13:00:00,,DJ-N$1cb043e7,Press Release: EagleNXT Achieves ANATEL Certification Renewal for eBee X Drone Operations in Brazil
UAVS,DJ-N,2025-11-10 22:10:00,,DJ-N$1cab0a31,AgEagle Aerial Systems Files 8K - Other Events >UAVS
UAVS,DJ-N,2025-11-10 22:10:00,,DJ-N$1cab0a2f,AgEagle Aerial Systems Files 8K - Changes To Articles >UAVS
UAVS,DJ-N,2025-11-10 22:10:00,,DJ-N$1cab0a06,AgEagle Aerial Systems Files 8K - Changes To Hldr Rights >UAVS
UAVS,DJ-N,2025-11-10 22:10:00,,DJ-N$1cab0a05,AgEagle Aerial Systems Files 8K - Entry Into Definitive Agreement >UAVS
UAVS,DJ-N,2025-11-06 19:42:00,,DJ-N$1ca1e52d,AgEagle Aerial Systems Files 8K - Regulation FD >UAVS
UAVS,DJ-N,2025-11-06 19:42:00,,DJ-N$1ca1e52b,AgEagle Aerial Systems Files 8K - Changes To Hldr Rights >UAVS
UAVS,DJ-N,2025-11-06 19:42:00,,DJ-N$1ca1e522,AgEagle Aerial Systems Files 8K - Entry Into Definitive Agreement >UAVS
UAVS,DJ-N,2025-11-06 14:55:00,,DJ-N$1ca10d61,AgEagle Aerial Systems Inc. (UAVS) Resumed Trading
UAVS,DJ-N,2025-11-06 14:45:00,,DJ-N$1ca10892,AgEagle Aerial Systems Inc. (UAVS) Halted due to news pending
UAVS,DJ-N,2025-11-06 14:40:00,,DJ-N$1ca10692,AgEagle Aerial Systems Inc Announces Entry to Purchases Sales Agreement Up to $100M Series G
UAVS,DJ-N,2025-11-06 14:40:00,,DJ-N$1ca1066b,"Press Release: AgEagle Aerial Systems Inc Announces Entry to Purchases Sales Agreement up to $100,000,000 Series G"
UAVS,DJ-N,2025-11-06 14:40:00,,DJ-N$1ca1065c,"Press Release: AgEagle Aerial Systems Inc Announces Entry to Purchases Sales Agreement up to $100,000,000 Series G"
UAVS,DJ-N,2025-11-06 14:27:00,,DJ-N$1ca0fad8,AgEagle Aerial Systems Inc. (UAVS) Halted due to news pending
UAVS,DJ-N,2025-10-30 12:00:00,,DJ-N$1c8d583d,"Press Release: EagleNXT Announces Sale of eBee VISION Drones to U.S. Army's 1st Battalion, 4th Infantry Regiment in Germany"
UAVS,DJ-N,2025-10-30 12:00:00,,DJ-N$1c8d54f2,"Press Release: EagleNXT Announces Sale of eBee VISION Drones to U.S. Army's 1st Battalion, 4th Infantry Regiment in Germany"
UAVS,DJ-N,2025-10-29 12:07:00,,DJ-N$1c899721,"AgEagle: Makville Business Consultation, Based in Cairo, Egypt, to Be Authorized Distributor for EagleNXT senseFly Drones"
UAVS,DJ-N,2025-10-29 12:01:00,,DJ-N$1c899249,EagleNXT Partners With Makville to Bring Cutting-Edge Drones to Egypt
UAVS,DJ-N,2025-10-29 12:00:00,,DJ-N$1c89917e,Press Release: EagleNXT Partners with Makville to Bring Cutting-Edge Drones to Egypt
UAVS,DJ-N,2025-10-29 12:00:00,,DJ-N$1c898f7e,Press Release: EagleNXT Partners with Makville to Bring Cutting-Edge Drones to Egypt
UAVS,DJ-N,2025-10-23 12:02:00,,DJ-N$1c7a9a37,EagleNXT Announces Sale of Advanced eBee TAC Drones to Defense Logistics Agency
UAVS,DJ-N,2025-10-23 12:00:00,,DJ-N$1c7a974e,Press Release: EagleNXT Announces Sale of Advanced eBee TAC Drones to Defense Logistics Agency
UAVS,DJ-N,2025-10-23 12:00:00,,DJ-N$1c7a9540,Press Release: EagleNXT Announces Sale of Advanced eBee TAC Drones to Defense Logistics Agency
UAVS,DJ-N,2025-10-21 12:00:00,,DJ-N$1c74aeda,Press Release: EagleNXT Debuts MicaSense RedEdge-P Triple: A Game-Changer for Precision Drone Imaging
UAVS,DJ-N,2025-10-21 12:00:00,,DJ-N$1c74ad10,Press Release: EagleNXT Debuts MicaSense RedEdge-P Triple: A Game-Changer for Precision Drone Imaging
UAVS,DJ-N,2025-10-16 12:00:00,,DJ-N$1c6a6943,Press Release: EagleNXT and Tough Stump Technologies Announce Expanded Strategic Partnership and Introduce New HELIOS(TM) Kit
UAVS,DJ-N,2025-10-16 12:00:00,,DJ-N$1c6a677b,Press Release: EagleNXT and Tough Stump Technologies Announce Expanded Strategic Partnership and Introduce New HELIOS(TM) Kit
UAVS,DJ-N,2025-10-01 12:01:00,,DJ-N$1c47d72e,Press Release: EagleNXT Partners with UAVSICS to Expand Drone Solutions in Chile
NXXT,DJ-N,2026-01-02 22:01:00,,DJ-N$1d242839,NextNRG Files 8K - Increase in Direct Financial or Off-Balance Sheet Obligation >NXXT
NXXT,DJ-N,2026-01-02 15:41:00,,DJ-N$1d237180,NextNRG Sees Dec Revenue of $8.01M >NXXT
NXXT,DJ-N,2026-01-02 15:41:00,,DJ-N$1d23712d,NextNRG Reports Preliminary Dec 2025 Results With 253% Yr-Over-Yr Rev Growth
NXXT,DJ-N,2026-01-02 15:40:00,,DJ-N$1d237023,Press Release: NextNRG Reports Preliminary December 2025 Results with 253% Year-Over-Year Revenue Growth
NXXT,DJ-N,2025-12-31 14:00:00,,DJ-N$1d206bee,NextNRG Announces Shareholder Rewards Program Featuring EzFill Fueling Token
NXXT,DJ-N,2025-12-31 14:00:00,,DJ-N$1d206b84,Press Release: NextNRG Announces Shareholder Rewards Program Featuring EzFill Fueling Token
NXXT,DJ-N,2025-12-30 23:50:00,,DJ-N$1d1f34da,"Dir Arbour Sells 38,197 Of NextNRG Inc >NXXT"
NXXT,DJ-N,2025-12-29 14:01:00,,DJ-N$1d1b295a,NextNRG Signs MOU With A123 Systems to Support Deployment of Battery Energy Storage Systems Manufactured in U.S. >NXXT
NXXT,DJ-N,2025-12-29 14:00:00,,DJ-N$1d1b27d6,Press Release: NextNRG and A123 Systems LLC Sign MOU to Advance U.S. Battery Energy Storage Projects
NXXT,DJ-N,2025-12-29 14:00:00,,DJ-N$1d1b28e8,NextNRG and A123 Systems LLC Sign MOU to Advance U.S. Battery Energy Storage Projects
NXXT,DJ-N,2025-12-23 14:00:00,,DJ-N$1d12b89d,Press Release: NextNRG Highlights Critical Need for Resilient Energy Infrastructure as San Francisco Outage Exposes Urban Vulnerabilities
NXXT,DJ-N,2025-12-19 16:11:00,,DJ-N$1d0bdde7,NextNRG Shares Rise on Fuel-Delivery Growth
NXXT,DJ-N,2025-12-19 14:05:00,,DJ-N$1d0b6ec8,NextNRG Expects to Deliver About 7M Gallons of Fuel in 4Q >NXXT
NXXT,DJ-N,2025-12-19 14:00:00,,DJ-N$1d0b6912,Press Release: NextNRG Positioned to Deliver Record Fuel Volumes in Q4 2025 as Holiday Demand Accelerates
NXXT,DJ-N,2025-12-16 20:39:00,,DJ-N$1d03652d,"Dir Arbour Registers 93,859 Of NextNRG Inc >NXXT"
NXXT,DJ-N,2025-12-16 18:21:00,,DJ-N$1d034b18,"Dir Arbour Sells 93,859 Of NextNRG Inc >NXXT"
NXXT,DJ-N,2025-12-16 14:00:00,,DJ-N$1d0271da,Press Release: Forbes Highlights NextNRG's Technology as a Capable Solution to the Food System's Growing Energy Challenge
NXXT,DJ-N,2025-12-15 13:00:00,,DJ-N$1cfeee18,"Officer Vaknin Surrenders 15,000 Of NextNRG Inc >NXXT"
NXXT,DJ-N,2025-12-11 14:00:00,,DJ-N$1cf7d34c,"NextNRG Signs 28-Yr Microgrid Power Purchase Agreement With Topanga Terrace, Further Advancing Its Expansion Into Healthcare Energy Infrastructure"
NXXT,DJ-N,2025-12-11 14:00:00,,DJ-N$1cf7d096,"Press Release: NextNRG Signs 28-Year Microgrid Power Purchase Agreement with Topanga Terrace, Further Advancing Its Expansion into Healthcare Energy Infrastructure"
NXXT,DJ-N,2025-12-09 14:02:00,,DJ-N$1cf1ea52,"NextNRG Sees November Rev $7.51M, Up 271% Yr-over-Yr >NXXT"
NXXT,DJ-N,2025-12-09 14:00:00,,DJ-N$1cf1e4ec,Press Release: NextNRG Reports Preliminary November 2025 Revenue Growth of 271% Year-Over-Year
NXXT,DJ-N,2025-12-08 14:00:00,,DJ-N$1cee95ba,Press Release: NextNRG Welcomes DOE's Energy Dominance Financing Program as a Direct Affirmation of Its Technology Strategy
NXXT,DJ-N,2025-12-02 14:00:00,,DJ-N$1ce19150,Press Release: NextNRG and FIU Partner to Deploy Landmark Bi-Directional Static and Dynamic Wireless EV Charging Network Demonstrating Next-Generation Infrastructure at Scale
NXXT,DJ-N,2025-11-28 21:06:00,,DJ-N$1cda9081,NextNRG Files 8K - Entry Into Definitive Agreement >NXXT
NXXT,DJ-N,2025-11-23 08:12:00,,DJ-N$1cccf3c9,"NEXTNRG INC  COM, Inst Holders, 3Q 2025 (NXXT)"
NXXT,DJ-N,2025-11-20 14:15:00,,DJ-N$1cc5b405,NextNRG Files 8K - Entry Into Definitive Agreement >NXXT
NXXT,DJ-N,2025-11-20 14:15:00,,DJ-N$1cc5b358,"Press Release: NextNRG Secures 28-Year Microgrid Power Purchase Agreement with California Healthcare Facility, Expanding into a Multi-Billion-Dollar Healthcare Resilience Market"
NXXT,DJ-N,2025-11-18 21:54:00,,DJ-N$1cc0b055,NextNRG Files 8K - Unregistered Equity Sales >NXXT
NXXT,DJ-N,2025-11-18 21:54:00,,DJ-N$1cc0b053,NextNRG Files 8K - Direct Or Off-Balance Sheet Financial Obligation >NXXT
NXXT,DJ-N,2025-11-17 16:39:00,,DJ-N$1cbc9f0c,NextNRG Shares Down After 3Q Loss Widens
NXXT,DJ-N,2025-11-17 13:04:00,,DJ-N$1cbbf6ee,NextNRG 3Q Loss $14.9M >NXXT
NXXT,DJ-N,2025-11-17 13:04:00,,DJ-N$1cbbf674,NextNRG 3Q Rev $22.9M >NXXT
NXXT,DJ-N,2025-11-17 13:01:00,,DJ-N$1cbbf1d1,Press Release: NextNRG Reports Q3 2025 Revenues Up 232% Year-Over-Year
NXXT,DJ-N,2025-11-17 13:01:00,,DJ-N$1cbbf15b,NextNRG Files 8K - Operations And Financial Condition >NXXT
NXXT,DJ-N,2025-11-14 21:52:00,,DJ-N$1cb8ee32,NextNRG Files 8K - Entry Into Definitive Agreement >NXXT
NXXT,DJ-N,2025-11-13 15:11:00,,DJ-N$1cb44112,"Press Release: NextNRG to Host Third Quarter 2025 Financial Results Conference Call on November 17, 2025 at 8:30 a.m. ET"
NXXT,DJ-N,2025-11-07 14:02:00,,DJ-N$1ca48dce,NextNRG Oct Revenue $7.4M >NXXT
NXXT,DJ-N,2025-11-07 14:00:00,,DJ-N$1ca48c3b,Press Release: NextNRG Reports Preliminary October 2025 Revenue Growth of 196% Year-Over-Year
NXXT,DJ-N,2025-10-30 13:01:00,,DJ-N$1c8d861c,NextNRG to Bring Advanced Microgrid and EV Charging Solutions to Gulfstream Development Corporation's 300-Acre Florida Warehousing Development
NXXT,DJ-N,2025-10-30 13:00:00,,DJ-N$1c8d844a,Press Release: NextNRG to Bring Advanced Microgrid and EV Charging Solutions to Gulfstream Development Corporation's 300-Acre Florida Warehousing Development
NXXT,DJ-N,2025-10-29 21:00:00,,DJ-N$1c8b43bd,Press Release: NextNRG to Present at the ThinkEquity Conference
NXXT,DJ-N,2025-10-28 13:48:00,,DJ-N$1c863e41,"Officer Vaknin Surrenders 15,509 Of NextNRG Inc >NXXT"
NXXT,DJ-N,2025-10-24 20:31:00,,DJ-N$1c7f07cd,NextNRG Files 8K - Unregistered Equity Sales >NXXT
NXXT,DJ-N,2025-10-24 20:31:00,,DJ-N$1c7f07cc,NextNRG Files 8K - Entry Into Definitive Agreement >NXXT
NXXT,DJ-N,2025-10-24 16:45:00,,DJ-N$1c7eb5f1,"Officer Vaknin Registers 64,713 Of NextNRG Inc >NXXT"
NXXT,DJ-N,2025-10-13 13:00:00,,DJ-N$1c60cc24,Press Release: NextNRG Reports Preliminary September 2025 Revenue Growth of 229% Year-Over-Year
NXXT,DJ-N,2025-10-09 20:31:00,,DJ-N$1c5afd72,NextNRG Files 8K - Unregistered Equity Sales >NXXT
NXXT,DJ-N,2025-10-09 20:31:00,,DJ-N$1c5afd71,NextNRG Files 8K - Entry Into Definitive Agreement >NXXT
NXXT,DJ-N,2025-10-07 18:00:00,,DJ-N$1c5578c2,NextNRG on Pace for Largest Percent Increase Since July 2024 -- Data Talk
MU,BRFG,2025-12-18 15:18:37,,BRFG$1d091f94,Micron shatters Q1 expectations and delivers record-breaking outlook bolstered by HBM dominance
MU,BRFG,2025-10-17 14:34:26,,BRFG$1c6e3ca4,"Micron holds steady amid exit from China server market, placing focus on booming AI demand"
MU,BRFG,2025-09-24 13:35:36,,BRFG$1c3694b6,"Micron's blowout quarter highlights HBM momentum, but that boom was already priced in"
MU,BRFG,2025-08-11 13:56:26,,BRFG$1bd02175,Micron boosts Q4 outlook on soaring DRAM demand and HBM strength
MU,BRFG,2025-06-26 14:11:51,,BRFG$1b61e70d,"Micron crushes Q3 expectations and guides higher, but shares languish on sustainability doubts"
MU,BRFG,2025-03-21 16:07:20,,BRFG$1a6d3394,Micron sells off after Q3 guidance fails to signal a meaningful near-term recovery
MU,BRFG,2024-12-19 15:14:26,,BRFG$198fd91e,Micron tumbles on downbeat Q2
MU,BRFG,2024-09-26 14:36:15,,BRFG$18c0110d,Micron's strong beat-and-raise earnings report reminds the market that it's a leading AI play
MU,BRFG,2024-06-27 15:05:00,,BRFG$17e1c2da,"Micron's guidance fails to live up to sky-high expectations, but AI catalysts unfolding"
MU,BRFG,2024-03-21 14:36:50,,BRFG$16f8ac49,Micron's blowout Q2 report shows that it deserves a seat at the AI table
MU,BRFG,2023-12-21 15:19:24,,BRFG$163b61d4,Micron's turnaround in higher gear on improving pricing as rise of AI servers drives demand
MU,BRFG,2023-11-28 17:06:41,,BRFG$160ac8c0,Micron sees profit-taking despite hiking its Q1 guidance; higher expectations likely priced in
MU,BRFG,2023-09-28 14:28:23,,BRFG$15852f05,Micron's disappointing guidance reins in timeline expectations for full memory chip comeback
MU,BRFG,2023-06-29 14:18:07,,BRFG$14c20721,"Micron says worst of inventory glut is behind it, but immediate upturn in demand not expected"
MU,BRFG,2023-05-22 14:02:16,,BRFG$147c6d9a,Micron gaps lower following a ban on the use of its products in China; severity still unclear
MU,BRFG,2023-03-29 15:12:07,,BRFG$14129d93,"Micron posts dismal Q2 results, but possible bottoming out for chip market sparks rally"
MU,DJ-N,2026-01-04 19:46:00,,DJ-N$1d258dd6,"Dow Jones Futures: Markets To React To Trump's Venezuela Action; Nvidia, AMD, Taiwan Semi Due -- IBD"
MU,DJ-N,2026-01-04 17:30:00,,DJ-N$1d257da3,"Dow Jones Futures: Markets To React To Trump's Venezuela Action; Nvidia, AMD, Taiwan Semi Due -- IBD"
MU,DJ-N,2026-01-04 13:45:00,,DJ-N$1d256d4a,"Dow Jones Futures: How Will Markets React To Trump's Venezuela Action? Nvidia, AMD, Taiwan Semi Due -- IBD"
MU,DJ-N,2026-01-04 12:54:00,,DJ-N$1d2568f2,"Dow Jones Futures: How Will Markets React To Trump's Venezuela Action? Nvidia, AMD, Taiwan Semi Due -- IBD"
MU,DJ-N,2026-01-04 12:06:00,,DJ-N$1d2562f6,"How Will Dow Jones Futures React To Trump's Venezuela Action? Nvidia, AMD, Taiwan Semi Due -- IBD"
MU,DJ-N,2026-01-04 03:57:00,,DJ-N$1d252ea2,"Dow Jones Futures Set To React To Trump's Venezuela Action; Nvidia, AMD, Taiwan Semi Due -- IBD"
MU,DJ-N,2026-01-04 02:39:00,,DJ-N$1d252bb2,"Dow Jones Futures: How Will Markets React To Trump's Venezuela Action? Nvidia, AMD, Taiwan Semi Due -- IBD"
MU,DJ-N,2026-01-03 20:49:00,,DJ-N$1d251823,"Dow Jones Futures: Trump Says U.S. To 'Run' Venezuela After Capturing Maduro; Nvidia, AMD, Taiwan Semi Due -- IBD"
MU,DJ-N,2026-01-03 19:15:00,,DJ-N$1d2510e4,"Dow Jones Futures: Trump Says U.S. To 'Run' Venezuela After Capturing Maduro; Nvidia, AMD, Taiwan Semi Due -- IBD"
MU,DJ-N,2026-01-03 19:14:00,,DJ-N$1d2510d8,"Dow Jones Futures: Trump Says U.S. To 'Run' Venezuela After Capturing Maduro; Nvidia, AMD, Taiwan Semi Due -- IBD"
MU,DJ-N,2026-01-03 19:05:00,,DJ-N$1d251010,"Dow Jones Futures: Trump Says U.S. To 'Run' Venezuela After Capturing Maduro; Nvidia, AMD, Taiwan Semi Due -- IBD"
MU,DJ-N,2026-01-03 18:04:00,,DJ-N$1d250bca,"Dow Jones Futures: Trump Says U.S. To 'Run' Venezuela After Capturing Maduro; Nvidia, AMD, Taiwan Semi Due -- IBD"
MU,DJ-N,2026-01-03 17:00:00,,DJ-N$1d2506a8,"Dow Jones Futures: Trump Says U.S. To 'Run' Venezuela After Capturing Maduro; Nvidia, AMD, Taiwan Semi Due -- IBD"
MU,DJ-N,2026-01-03 16:30:00,,DJ-N$1d250494,"Dow Jones Futures: Trump Says U.S. Seizes Venezuela's Maduro; Nvidia, AMD, Taiwan Semi Due -- IBD"
MU,DJ-N,2026-01-03 14:26:00,,DJ-N$1d24faea,"Dow Jones Futures: Trump Says U.S. Seizes Venezuela's Maduro; Nvidia, AMD, Taiwan Semi Due -- IBD"
MU,DJ-N,2026-01-03 14:13:00,,DJ-N$1d24f6d0,"Dow Jones Futures: Trump Says U.S. Seizes Venezuela's Maduro; Nvidia, AMD, Taiwan Semi Due -- IBD"
MU,DJ-N,2026-01-03 13:20:00,,DJ-N$1d24f382,"Dow Jones Futures: Trump Says U.S. Seizes Venezuela's Maduro; Nvidia, AMD, Taiwan Semi Due -- IBD"
MU,DJ-N,2026-01-03 13:14:00,,DJ-N$1d24f2fb,"Dow Jones Futures: Trump Says U.S. Seizes Venezuela's Maduro; Nvidia, AMD, Taiwan Semi Due -- IBD"
MU,DJ-N,2026-01-03 13:12:00,,DJ-N$1d24f2da,"Dow Jones Futures: Nvidia, AMD, Taiwan Semi Due After Tesla, Palantir, AppLovin Trigger Sell Signals -- IBD"
MU,DJ-N,2026-01-03 12:37:00,,DJ-N$1d24ef62,"Dow Jones Futures: Nvidia, AMD, Taiwan Semi Due After Tesla, Palantir, AppLovin Trigger Sell Signals -- IBD"
MU,DJ-N,2026-01-03 03:55:00,,DJ-N$1d248f4d,"Dow Jones Futures: Nvidia, AMD, Taiwan Semi Due After Tesla, Palantir, AppLovin Trigger Sell Signals -- IBD"
MU,DJ-N,2026-01-03 02:30:00,,DJ-N$1d246447,"Tech Trader: For the AI Trade, 2026 Is a Make-or-Break Year -- Barron's"
MU,DJ-N,2026-01-03 02:30:00,,DJ-N$1d24637f,Streetwise: The Suddenly Sexy 3 Memory Stocks Beat The Mag 7. Can It Last? -- Barron's
MU,DJ-N,2026-01-02 23:05:00,,DJ-N$1d243d04,"Dow Jones Futures: Nvidia, AMD, Taiwan Semi Due After Tesla, Palantir, AppLovin Trigger Sell Signals -- IBD"
MU,DJ-N,2026-01-02 21:36:00,,DJ-N$1d240ecf,"Dow Jones Futures: Nvidia, AMD, Taiwan Semi Due After Tesla, Palantir, AppLovin Trigger Sell Signals -- IBD"
MU,DJ-N,2026-01-02 21:33:00,,DJ-N$1d240a77,"Micron Technology Inc. Stock Rises 10.5%, Outperforms Peers"
MU,DJ-N,2026-01-02 21:20:00,,DJ-N$1d23fb7c,"These Stocks Moved the Most Today: Tesla, Baidu, Western Digital, Micron, RH, Vertiv, Sable Offshore, AppLovin, and More -- Barrons.com"
MU,DJ-N,2026-01-02 19:35:00,,DJ-N$1d23d1c9,"These Stocks Are Moving the Most Today: Tesla, Baidu, Western Digital, Micron, RH, Vertiv, Sable Offshore, AppLovin, and More -- Barrons.com"
MU,DJ-N,2026-01-02 18:41:00,,DJ-N$1d23ca06,"AI is Driving Demand for Seagate, Western Digital, and Micron Technology. Can the Boom Last? -- Barrons.com"
MU,DJ-N,2026-01-02 17:37:00,,DJ-N$1d23bdaa,"These Stocks Are Moving the Most Today: Tesla, Baidu, Western Digital, Micron, RH, Vertiv, Sable Offshore, AppLovin, and More -- Barrons.com"
MU,DJ-N,2026-01-02 17:07:00,,DJ-N$1d23b6f6,"These Stocks Are Moving the Most Today: Tesla, Baidu, Western Digital, Micron, RH, Vertiv, Sable Offshore, AppLovin, and More -- Barrons.com"
MU,DJ-N,2026-01-02 15:28:00,,DJ-N$1d23634c,Micron and Sandisk Stocks Kick Off New Year Just as They Finished 2025 -- With Big Gains -- Barrons.com
MU,DJ-N,2026-01-02 15:03:00,,DJ-N$1d2349c5,"These Stocks Are Moving the Most Today: Tesla, Baidu, Western Digital, Micron, RH, Vertiv, Sable Offshore, and More -- Barrons.com"
MU,DJ-N,2026-01-02 12:39:00,,DJ-N$1d231144,Micron and Sandisk Stocks Kick Off New Year Just as They Finished 2025 -- With Big Gains -- Barrons.com
MU,DJ-N,2025-12-31 22:07:00,,DJ-N$1d216085,South Korean Stocks Had a Breakout 2025. Can It Continue? -- Barrons.com
MU,DJ-N,2025-12-31 21:40:00,,DJ-N$1d215d61,How Western Digital Became the S&P 500's Best Stock in 2025 -- and Why Trade Desk Was the Worst -- Barrons.com
MU,DJ-N,2025-12-31 21:34:00,,DJ-N$1d215933,"Micron Technology Inc. Stock Falls 2.5%, Underperforms Peers"
MU,DJ-N,2025-12-31 13:16:00,,DJ-N$1d205e93,"These Stocks Are Moving the Most Today: Nvidia, Tesla, Hecla, Newmont, Nike, Vanda, Western Digital, and More -- Barrons.com"
MU,DJ-N,2025-12-31 12:55:00,,DJ-N$1d2056cb,Western Digital Ends 2025 as the S&P 500's Best Stock. This Ad-Tech Stock Had a Bleak Year. -- Barrons.com
MU,DJ-N,2025-12-31 12:08:00,,DJ-N$1d204092,"These Stocks Are Moving the Most Today: Nvidia, Tesla, Hecla, Newmont, Nike, Vanda, Western Digital, and More -- Barrons.com"
MU,DJ-N,2025-12-31 11:12:00,,DJ-N$1d203061,"These Stocks Are Moving the Most Today: Nvidia, Tesla, Hecla, Newmont, Vanda, Western Digital, and More -- Barrons.com"
MU,DJ-N,2025-12-31 07:33:00,,DJ-N$1d1fe478,Stocks Defy Tariff Jitters in '25 -- WSJ
MU,DJ-N,2025-12-31 07:30:00,,DJ-N$1d1fe3cb,2026 Is a Make-or-Break Year for the AI Trade -- Barrons.com
MU,DJ-N,2025-12-30 21:54:00,,DJ-N$1d1f0a7f,U.S. Stocks Defy 'Sell America' Warnings and Is Ending 2025 Near Record High -- WSJ
MU,DJ-N,2025-12-29 21:34:00,,DJ-N$1d1c3a8c,"Micron Technology Inc. Stock Advances 3.4%, Outperforms Peers"
MU,DJ-N,2025-12-29 12:14:00,,DJ-N$1d1af4cf,CFA High Yield:Insider Review For Week Ended 26-Dec
MU,DJ-N,2025-12-29 12:12:00,,DJ-N$1d1af470,CFA Technology:Insider Review For Week Ended 26-Dec -2-
MU,DJ-N,2025-12-29 12:12:00,,DJ-N$1d1af453,CFA Technology:Insider Review For Week Ended 26-Dec
MU,DJ-N,2025-12-26 19:14:00,,DJ-N$1d187598,"These Stocks Are Moving the Most Today: Nvidia, Apple, Tesla, Coupang, Micron, Lam Research, Newmont, Moderna, and More -- Barrons.com"
MU,DJ-N,2025-12-26 19:02:00,,DJ-N$1d1874b4,"Sandisk, Palantir, Micron Among The 100 Best -2-"
INTC,BRFG,2025-12-15 15:02:42,,BRFG$1cffc2e3,Intel reportedly in talks to acquire AI chip startup SambaNova in push for AI relevance
INTC,BRFG,2025-11-28 16:24:34,,BRFG$1cda3d41,"Intel soars as Apple tests 18A node for M-series chips, signaling major Foundry breakthrough"
INTC,BRFG,2025-10-24 14:08:05,,BRFG$1c7e9c3f,Intel delivers surprise Q3 profit as AI demand lifts core x86 business and PC sales
INTC,BRFG,2025-09-18 14:08:24,,BRFG$1c2a9f01,Intel soars as NVIDIA invests $5 bln in game-changing AI and PC chip partnership
INTC,BRFG,2025-09-15 16:19:27,,BRFG$1c22d17a,Intel trims FY25 expense forecast after Altera sale amid restructuring push
INTC,BRFG,2025-08-15 15:34:04,,BRFG$1bddc045,"Intel and potential U.S. government stake: A strategic lifeline amid deep, ongoing challenges"
INTC,BRFG,2025-07-25 13:40:05,,BRFG$1ba4cad4,Intel plunges as Q2 earnings report reveals deepening Foundry struggles and margin collapse
INTC,BRFG,2025-07-02 15:23:17,,BRFG$1b6fc9e1,"Intel dives on report of chip maker possibly scrapping 18A process, clouding turnaround plan"
INTC,BRFG,2025-05-20 16:22:07,,BRFG$1b0baa24,Intel doubling down on core chip strategy with potential Network and Edge unit sale
INTC,BRFG,2025-04-25 16:59:14,,BRFG$1aca5326,"Intel tops Q1 estimates but warns of weak Q2 as fierce competition, macro pressures persist"
INTC,BRFG,2025-04-14 14:52:36,,BRFG$1aaadadd,"Intel divests majority stake in Altera, providing some needed financial relief"
INTC,BRFG,2025-03-17 15:35:09,,BRFG$1a5fd540,"Intel's new CEO-fueled comeback gains steam as it eyes new AI strategy, manufacturing changes"
INTC,BRFG,2025-03-13 14:39:32,,BRFG$1a5835b8,"Intels CEO appointment renews turnaround hopes, sparking huge rally for shares"
INTC,BRFG,2025-01-31 16:04:04,,BRFG$19eed086,"Intel beats muted Q4 expectations, but underlying story remains the same"
INTC,BRFG,2024-12-02 16:59:42,,BRFG$19655017,Intel jumps after CEO Pat Gelsinger announces retirement; interim co-CEOs to take charge
INTC,BRFG,2024-11-25 15:38:34,,BRFG$195688e6,"Intel's federal grant cut, but other transactions may more than make up the difference"
INTC,BRFG,2024-11-01 16:14:23,,BRFG$191c4b6c,Intel springs higher as its aggressive cost-reduction efforts begin to take shape in Q3
INTC,BRFG,2024-09-23 14:29:42,,BRFG$18b69958,"Intel's rebound continues following Qualcomm takeover report, but odds of a deal are slim"
INTC,BRFG,2024-09-17 14:56:23,,BRFG$18a910c2,Intel turns gloom-and-doom for Foundry unit into some hope after flurry of announcements
INTC,BRFG,2024-09-16 14:51:56,,BRFG$18a61c95,Intel receives some much-needed good news as it reportedly wins new military contract
INTC,BRFG,2024-09-03 14:07:01,,BRFG$18872218,Intel erasing last week's gains after cost-cutting plan reportedly excludes Foundry spin-off
INTC,BRFG,2024-08-30 17:27:26,,BRFG$18810310,Intel reportedly considering splitting off Foundry segment as company's turnaround flounders
INTC,BRFG,2024-08-26 17:24:07,,BRFG$1874091f,Intel sinks lower again as it reportedly prepares for activist investors to come knocking
INTC,BRFG,2024-08-02 14:31:27,,BRFG$183763c0,Intel crashes as dismal Q2 earnings report dashes any hope of near-term turnaround
INTC,BRFG,2024-05-13 14:45:25,,BRFG$1779af30,Intel's foundry ambitions receive a boost with reported Apollo Global Management partnership
INTC,BRFG,2024-04-26 16:53:07,,BRFG$174ef382,Intel's Q1 earnings report only raises more doubts about its turnaround prospects
INTC,BRFG,2024-04-03 14:53:00,,BRFG$1714bf72,Intel's transformation plan encounters more scrutiny as Foundry losses pile up
INTC,BRFG,2024-03-13 14:20:30,,BRFG$16e5c3fe,Intel slips after the Pentagon reportedly pulls out of its $2.5 bln chip grant
INTC,BRFG,2024-02-02 18:08:24,,BRFG$168e8f73,Intel's plan to delay plant construction chips away at confidence after rough Q1 guidance
INTC,BRFG,2024-01-26 15:27:39,,BRFG$167ebc3b,Intel powering down as bleak guidance puts spotlight on a more limited AI growth opportunity
INTC,BRFG,2023-10-27 14:28:52,,BRFG$15c20453,Intel launches higher as beat-and-raise report turns more doubters into believers
INTC,BRFG,2023-10-04 15:15:36,,BRFG$159029e7,Intel's transformation takes next big step with spin-off of Programmable Solutions Group
INTC,BRFG,2023-07-28 14:03:57,,BRFG$15000a05,Intel's turnaround hopes becoming a reality as PC market turns a corner
INTC,BRFG,2023-06-13 17:00:26,,BRFG$14a3e979,"Intel reportedly considers large investment in Arm's IPO, giving its AI ambitions a boost"
INTC,BRFG,2023-04-28 14:44:20,,BRFG$14541385,"Intel's results still not much to look at, but signs of a bottoming out enough to spark rally"
INTC,BRFG,2023-02-22 15:07:11,,BRFG$13c82bed,"Intel chips away at cash preservation needs via dividend cut, putting expected move behind it"
INTC,BRFG,2023-01-27 16:26:45,,BRFG$1391ddd2,Intel misses the mark pretty significantly with Q4 results and Q1 guidance
INTC,DJ-N,2026-01-02 21:33:00,,DJ-N$1d240a6f,"Intel Corp. Stock Rises 6.7%, Outperforms Peers"
INTC,DJ-N,2026-01-02 15:05:00,,DJ-N$1d234bf2,"Nvidia, AMD, and Broadcom Are Facing Off. How the 2026 AI Chips Battle Is Shaping Up. -- Barrons.com"
INTC,DJ-N,2026-01-02 12:14:00,,DJ-N$1d2307f0,"Nvidia, AMD and Broadcom Are Facing Off. How the 2026 AI Chips Battle Is Shaping Up. -- Barrons.com"
INTC,DJ-N,2025-12-30 21:35:00,,DJ-N$1d1ef817,"Intel Corp. Stock Rises 1.7%, Outperforms Peers"
INTC,DJ-N,2025-12-29 15:17:00,,DJ-N$1d1b5397,Nvidia Closes $5 Billion Purchase of Intel Shares -- Barrons.com
INTC,DJ-N,2025-12-29 11:17:00,,DJ-N$1d1ae11c,Intel Files 8K - Unregistered Equity Sales >INTC
INTC,DJ-N,2025-12-24 15:23:00,,DJ-N$1d156a6a,"Nvidia Tested Intel Production Technology But Stopped Moving Forward, Sources Tell Reuters"
INTC,DJ-N,2025-12-24 15:05:00,,DJ-N$1d1557ff,Intel Stock Drops. Blame Nvidia. -- Barrons.com
INTC,DJ-N,2025-12-24 12:31:00,,DJ-N$1d152780,"S&P 500 Futures Flat In Premarket Trading; United Therapeutics, Intel Lag"
INTC,DJ-N,2025-12-24 12:18:00,,DJ-N$1d152240,Intel Stock Drops. Blame Nvidia. -- Barrons.com
INTC,DJ-N,2025-12-12 23:49:00,,DJ-N$1cfc4c91,"Intel in Talks to Acquire SambaNova in Deal Valued at $1.6B, Bloomberg Reports, Citing Sources"
INTC,DJ-N,2025-12-12 07:32:00,,DJ-N$1cfa074a,Nvidia Takes Top Spot in the List of Best-Managed -2-
INTC,DJ-N,2025-12-12 07:32:00,,DJ-N$1cfa0747,Nvidia Takes Top Spot in the List of Best-Managed Companies of 2025 -- WSJ
INTC,DJ-N,2025-12-10 17:01:00,,DJ-N$1cf596b7,Intel Gets Around $163 Million Trimmed From EU Antitrust Fine -- Update
INTC,DJ-N,2025-12-10 10:49:00,,DJ-N$1cf48751,Intel Gets Around $163 Million Trimmed From EU Antitrust Fine
INTC,DJ-N,2025-12-10 08:43:00,,DJ-N$1cf44d66,"Microsoft, Amazon Bet Billions on India -- Update"
INTC,DJ-N,2025-12-09 21:43:00,,DJ-N$1cf31050,What Trump's China Chip Deal Means For Nvidia Stock -- IBD
INTC,DJ-N,2025-12-09 20:54:00,,DJ-N$1cf2d319,Intel Price Target Announced at $52.00/Share by KGI Securities
INTC,DJ-N,2025-12-09 20:54:00,,DJ-N$1cf2d317,Intel Raised to Outperform From Hold by KGI Securities
INTC,DJ-N,2025-12-09 15:19:00,,DJ-N$1cf21fc0,"These Stocks Are Moving the Most Today: Nvidia, AMD, CVS Health, Ares, Toll Brothers, SailPoint, Home Depot, and More -- Barrons.com"
INTC,DJ-N,2025-12-09 15:19:00,,DJ-N$1cf21f92,What Trump's China Chip Deal Means For Nvidia Stock -- IBD
INTC,DJ-N,2025-12-09 15:02:00,,DJ-N$1cf20cc9,Nvidia Has Permission to Sell H200 Chips to China. Why It Might Not Matter Much for the Stock. -- Barrons.com
INTC,DJ-N,2025-12-09 12:14:00,,DJ-N$1cf1a727,Nvidia Rises As Trump OKs H200 AI Chip Sales In China -- IBD
INTC,DJ-N,2025-12-09 11:01:00,,DJ-N$1cf1805d,"These Stocks Are Moving the Most Today: Nvidia, AMD, Ares, Toll Brothers, Alexander & Baldwin, and More -- Barrons.com"
INTC,DJ-N,2025-12-08 22:25:00,,DJ-N$1cf02d9b,Nvidia Rises As Trump OKs H200 AI Chip Sales In China -- IBD
INTC,DJ-N,2025-12-08 22:10:00,,DJ-N$1cf0248d,Nvidia Rises As Trump OKs H200 AI Chip Sales In China -- IBD
INTC,DJ-N,2025-12-08 18:03:00,,DJ-N$1cef795c,"Analysts' 'AI Loser' List Points To Risks For Uber, Adobe, Intel And These Tech Players -- IBD"
INTC,DJ-N,2025-12-08 14:03:00,,DJ-N$1cee9994,Nvidia Takes Top Spot in the List of Best-Managed -2-
INTC,DJ-N,2025-12-08 14:03:00,,DJ-N$1cee9993,Nvidia Takes Top Spot in the List of Best-Managed Companies of 2025 -- Journal Report
INTC,DJ-N,2025-12-06 02:30:00,,DJ-N$1cec0d3c,Up & Down Wall Street: 'Tis the Season for -2-
INTC,DJ-N,2025-12-06 02:30:00,,DJ-N$1cec0d3b,Up & Down Wall Street: 'Tis the Season for Predictions. Why It Pays to Be Skeptical. -- Barron's
INTC,DJ-N,2025-12-05 20:28:00,,DJ-N$1ceb4f3a,'Tis the Season for Economic Predictions. -2-
INTC,DJ-N,2025-12-05 20:28:00,,DJ-N$1ceb4f39,'Tis the Season for Economic Predictions. Skepticism Pays. -- Barrons.com
INTC,DJ-N,2025-12-04 21:33:00,,DJ-N$1ce8b318,"Intel Corp. Stock Falls 7.4%, Underperforms Peers"
INTC,DJ-N,2025-12-04 20:13:00,,DJ-N$1ce87938,Intel's Turnaround Earns Our 1st 'Chart of the Week' Spotlight -- Barrons.com
INTC,DJ-N,2025-12-03 21:17:00,,DJ-N$1ce5aeeb,"VP Gawel Acquires 6,202 Of Intel Corp >INTC"
INTC,DJ-N,2025-12-03 19:16:00,,DJ-N$1ce57e0c,"The 12 Best Stocks of 2025, Plus 3 That Could Run Into Trouble -- Barrons.com"
INTC,DJ-N,2025-12-02 21:33:00,,DJ-N$1ce2cf16,"Intel Corp. Stock Rallies 8.6%, Outperforms Peers"
INTC,DJ-N,2025-12-02 16:17:00,,DJ-N$1ce20e01,"Intel Up Over 7%, Best Performer in the Nasdaq 100 So Far Today -- Data Talk"
INTC,DJ-N,2025-12-02 04:42:00,,DJ-N$1ce07881,Intel Plans Over $200 Million Chip Investment in Malaysia
INTC,DJ-N,2025-11-28 21:33:00,,DJ-N$1cdaabea,"Intel Corp. Stock Rises 10.2%, Outperforms Peers"
INTC,DJ-N,2025-11-28 07:33:00,,DJ-N$1cd8e0cd,Intel Executive's Residences Raided in Probe Over Secrets -- WSJ
INTC,DJ-N,2025-11-27 11:53:00,,DJ-N$1cd7423d,Intel Executive's Home Raided in Taiwan Criminal Probe Over National Secrets -- Update
INTC,DJ-N,2025-11-27 04:19:00,,DJ-N$1cd67770,Intel Sees No Merit to Allegations of Suspected Trade Secret Leaks by Ex-TSMC Exec
INTC,DJ-N,2025-11-26 18:33:00,,DJ-N$1cd581c8,"TSMC Sues Ex-Executive, Now at Intel. Trade Secrets Are Why. -- Barrons.com"
INTC,DJ-N,2025-11-25 16:34:00,,DJ-N$1cd22338,"TSMC Sues Ex-Executive, Now at Intel. Trade Secrets Are Why. -- Barrons.com"
INTC,DJ-N,2025-11-25 16:19:00,,DJ-N$1cd2117e,"TSMC Sues Ex-Executive, Now at Intel. Trade Secrets Are Why. -- Barrons.com"
INTC,DJ-N,2025-11-25 10:22:00,,DJ-N$1cd12a14,"Stocks to Watch Tuesday: Alphabet, Nvidia, Alibaba, Zoom -- WSJ"
INTC,DJ-N,2025-11-21 10:59:00,,DJ-N$1cc9843a,"These Stocks Are Moving the Most Today: Nvidia, Intel, TSMC, Intuit, Strategy, Elastic, and More -- Barrons.com"
INTC,DJ-N,2025-11-20 08:08:00,,DJ-N$1cc4fc24,"Intel Corporation, Inst Holders, 3Q 2025 (INTC)"
MREO,DJ-N,2025-12-30 17:39:00,,DJ-N$1d1e9f5f,Why Ultragenyx Stock Dropped 42% and What Comes Next -- Barrons.com
MREO,DJ-N,2025-12-30 12:51:00,,DJ-N$1d1dc4e1,Mereo BioPharma Group Price Target Cut to $0.50/Share From $7.00 by Jefferies
MREO,DJ-N,2025-12-30 12:51:00,,DJ-N$1d1dc4e0,Mereo BioPharma Group Cut to Hold From Buy by Jefferies
MREO,DJ-N,2025-12-29 18:34:00,,DJ-N$1d1bf4a5,Mereo BioPharma Group Price Target Cut to $1.00/Share From $6.00 by BTIG
MREO,DJ-N,2025-12-29 18:34:00,,DJ-N$1d1bf4a2,Mereo BioPharma Group Is Maintained at Buy by BTIG
MREO,DJ-N,2025-12-29 18:31:00,,DJ-N$1d1bf38c,Mereo BioPharma Group Cut to Market Perform From Outperform by LifeSci Capital
MREO,DJ-N,2025-12-29 15:40:00,,DJ-N$1d1b69da,Ultragenyx Shares Slide as Bone Disorder Drug Misses Trial Endpoints
MREO,DJ-N,2025-12-29 13:55:00,,DJ-N$1d1b2641,Mereo BioPharma Group PLC ADR (MREO) Resumed Trading
MREO,DJ-N,2025-12-29 13:54:00,,DJ-N$1d1b2640,Mereo BioPharma Group Files 8K - Other Events >MREO
MREO,DJ-N,2025-12-29 13:54:00,,DJ-N$1d1b263c,Mereo BioPharma Group Files 8K - Regulation FD >MREO
MREO,DJ-N,2025-12-29 13:52:00,,DJ-N$1d1b25ef,"Ultragenyx Pharmaceutical, Mereo BioPharma Bone Disorder Treatment Doesn't Meet Trial Endpoints"
MREO,DJ-N,2025-12-29 13:36:00,,DJ-N$1d1b213e,Mereo BioPharma Continuing to Advance Partnering Discussions for Alvelestat >MREO
MREO,DJ-N,2025-12-29 13:36:00,,DJ-N$1d1b213d,Mereo BioPharma Carefully Managing Cash Resources With Immediate Reductions in Pre-Comml and Manufacturing Activities >MREO
MREO,DJ-N,2025-12-29 13:35:00,,DJ-N$1d1b20fe,Mereo BioPharma Will Be Conducting Additional Analyses on Data to Assess Next Steps >MREO
MREO,DJ-N,2025-12-29 13:35:00,,DJ-N$1d1b20e0,Mereo BioPharma: No Change in the Safety Profile Observed >MREO
MREO,DJ-N,2025-12-29 13:34:00,,DJ-N$1d1b20a5,Mereo BioPharma: Both Studies Achieved Secondary Endpoint of Improvements in Bone Mineral Density With Strong Statistical Significance >MREO
MREO,DJ-N,2025-12-29 13:34:00,,DJ-N$1d1b2099,Mereo BioPharma: Neither Study Achieved Primary Endpoint of Reduction in Annualized Clinical Fracture Rate Vs. Placebo or Bisphosphonates >MREO
MREO,DJ-N,2025-12-29 13:34:00,,DJ-N$1d1b2045,Mereo BioPharma Announces Phase 3 ORBIT and COSMIC Results for Setrusumab (UX143) in Osteogenesis Imperfecta
MREO,DJ-N,2025-12-29 13:31:00,,DJ-N$1d1b1ea6,Press Release: Mereo BioPharma Announces Phase 3 -2-
MREO,DJ-N,2025-12-29 13:31:00,,DJ-N$1d1b1ea5,Press Release: Mereo BioPharma Announces Phase 3 ORBIT and COSMIC Results for Setrusumab (UX143) in Osteogenesis Imperfecta
MREO,DJ-N,2025-12-29 13:25:00,,DJ-N$1d1b1bc2,Mereo BioPharma Group PLC ADR (MREO) Halted due to pending news
MREO,DJ-N,2025-12-22 11:24:00,,DJ-N$1d0f448e,Mereo BioPharma Group Price Target Maintained With a $5.00/Share by Needham
MREO,DJ-N,2025-12-18 10:17:00,,DJ-N$1d07f8f0,Mereo BioPharma Group Price Target Maintained With a $6.00/Share by BTIG
MREO,DJ-N,2025-11-10 21:21:00,,DJ-N$1caad96e,Mereo BioPharma Group Files 8K - Operations And Financial Condition >MREO
MREO,DJ-N,2025-11-10 21:03:00,,DJ-N$1caac449,Mereo BioPharma Group 3Q Rev $0.00 >MREO
MREO,DJ-N,2025-11-10 21:03:00,,DJ-N$1caac447,Mereo BioPharma Group 3Q Loss/Shr 1c >MREO
MREO,DJ-N,2025-11-10 21:01:00,,DJ-N$1caac2e0,Press Release: Mereo BioPharma Reports Third -2-
MREO,DJ-N,2025-11-10 21:01:00,,DJ-N$1caac2dd,Press Release: Mereo BioPharma Reports Third Quarter 2025 Financial Results and Provides Corporate Highlights
MREO,DJ-N,2025-08-25 14:20:00,,DJ-N$1bf112df,Mereo BioPharma Group Price Target Raised to $8.00/Share From $7.00 by JP Morgan
MREO,DJ-N,2025-08-25 14:20:00,,DJ-N$1bf112de,Mereo BioPharma Group Is Maintained at Overweight by JP Morgan
MREO,DJ-N,2025-08-12 11:41:00,,DJ-N$1bd2b000,Mereo BioPharma Group Files 8K - Operations And Financial Condition >MREO
MREO,DJ-N,2025-08-12 11:36:00,,DJ-N$1bd2aedc,Mereo BioPharma Group: Runway To Support Operations Into 2027 >MREO
MREO,DJ-N,2025-08-12 11:36:00,,DJ-N$1bd2ae9d,"Mereo BioPharma Group 2Q Rev $500,000 >MREO"
MREO,DJ-N,2025-08-12 11:36:00,,DJ-N$1bd2ae93,Mereo BioPharma Group 2Q Loss $14.6M >MREO
MREO,DJ-N,2025-08-12 11:36:00,,DJ-N$1bd2ae8d,Mereo BioPharma Group 2Q Loss/Shr 2c >MREO
MREO,DJ-N,2025-08-12 11:35:00,,DJ-N$1bd2ae4e,Press Release: Mereo BioPharma Reports Second -2-
MREO,DJ-N,2025-08-12 11:35:00,,DJ-N$1bd2ae4c,Press Release: Mereo BioPharma Reports Second Quarter 2025 Financial Results and Provides Corporate Highlights
MREO,DJ-N,2025-07-10 20:17:00,,DJ-N$1b81f5e4,"Ultragenyx, Mereo Hammered For Their Surprise Miss In Brittle Bone Disease -- IBD"
MREO,DJ-N,2025-07-10 18:40:00,,DJ-N$1b81cb1c,"Ultragenyx, Mereo Sell-Off Seen as Overreaction -- Market Talk"
MREO,DJ-N,2025-07-10 14:37:00,,DJ-N$1b813fa7,Biotech Stock Ultragenyx Is Falling on Unsatisfying Trial Update -- Barrons.com
MREO,DJ-N,2025-07-10 14:31:00,,DJ-N$1b813871,"Ultragenyx, Mereo Hammered For Their Surprise Miss In Brittle Bone Disease -- IBD"
MREO,DJ-N,2025-07-10 10:49:00,,DJ-N$1b80ad43,Mereo BioPharma Group Files 8K - Other Events >MREO
MREO,DJ-N,2025-07-10 10:29:00,,DJ-N$1b80a43b,Mereo BioPharma Group Price Target Cut to $5.00/Share From $7.00 by Needham
MREO,DJ-N,2025-07-10 10:29:00,,DJ-N$1b80a437,Mereo BioPharma Group Is Maintained at Buy by Needham
MREO,DJ-N,2025-07-09 22:48:00,,DJ-N$1b7f75df,"Ultragenyx, Mereo Slide as Drug Study Progresses to Final Analysis"
MREO,DJ-N,2025-07-09 20:11:00,,DJ-N$1b7f2b1c,"Ultragenyx, Mereo BioPharma: DMC Said UX143 Demonstrates Acceptable Safety Profile and Co Should Continue Study to Final Analysis"
MREO,DJ-N,2025-07-09 20:10:00,,DJ-N$1b7f29b4,"Ultragenyx, Mereo BioPharma Study Evaluating UX143 Progressing Toward Final Analysis Around End of Yr"
MREO,DJ-N,2025-07-09 20:05:00,,DJ-N$1b7f244c,Ultragenyx and Mereo BioPharma Announce UX143 Phase 3 Orbit Study for Osteogenesis Imperfecta Progressing to Final Analysis
MREO,DJ-N,2025-07-09 20:05:00,,DJ-N$1b7f2237,Press Release: Ultragenyx and Mereo BioPharma -2-
MREO,DJ-N,2025-07-09 20:05:00,,DJ-N$1b7f2233,Press Release: Ultragenyx and Mereo BioPharma Announce UX143 Phase 3 Orbit Study for Osteogenesis Imperfecta Progressing to Final Analysis
CRML,DJ-N,2025-12-15 14:20:00,,DJ-N$1cff2015,Press Release: CRML Announces Another Set of -2-
CRML,DJ-N,2025-12-15 14:20:00,,DJ-N$1cff2012,"Press Release: CRML Announces Another Set of Outstanding Rare Earth Elements Results From Its 2024 Drilling Program at Tanbreez. These Elements & Results Include: Niobium Pentoxide of Up to 1,746 ppm, Cerium Dioxide 1711 ppm, Gallium 103 ppm & Hafnium 484 ppm- Mineralisation Has Been Confirmed to Occur Consistently Across All Drilling Locations and at Surface"
CRML,DJ-N,2025-12-11 15:15:00,,DJ-N$1cf800cc,Press Release: Critical Metals Corp Confirms -2-
CRML,DJ-N,2025-12-11 15:15:00,,DJ-N$1cf800c8,Press Release: Critical Metals Corp Confirms Metallurgical Test Work Results at Tanbreez Support Refinery JV in Romania
CRML,DJ-N,2025-12-09 12:03:00,,DJ-N$1cf1a106,Critical Metals Has Executed the Term-Sheet for Creating a 50%-50% Joint Venture Between CRML and Fabrica De Prelucrare a Concentratelor De Uraniu S.R.L. of Romania >CRML
CRML,DJ-N,2025-12-09 12:00:00,,DJ-N$1cf19e53,Press Release: CRML Executes Term-Sheet for 50/50 -2-
CRML,DJ-N,2025-12-09 12:00:00,,DJ-N$1cf19e49,"Press Release: CRML Executes Term-Sheet for 50/50 Joint Venture With EU and NATO Member, Romania, Creating a Fully Integrated Mine-to-Processing Supply Chain for Long-Term Security for the European Manufacturing & National Security Sectors"
CRML,DJ-N,2025-11-25 22:48:00,,DJ-N$1cd3062c,Lithium Project Dealt Setback by Austrian Court
CRML,DJ-N,2025-11-25 22:10:00,,DJ-N$1cd2fc81,"Critical Metals: Decision Does Not Mean Project Must Undergo Environmental Impact Assessment, But Merely That State Government Must Disregard 10-Hectare Threshold"
CRML,DJ-N,2025-11-25 22:09:00,,DJ-N$1cd2fc3c,Critical Metals: Court Orders Carinthian State Government to Conduct a Case-By-Case Review to Determine Whether the Project Could Lead to Significant Harmful or Burdensome Environmental Impacts
CRML,DJ-N,2025-11-25 22:08:00,,DJ-N$1cd2fbe4,Critical Metals Says Court Decision Is 'Surprising and Completely Contrasts the EU's Desperation to Be Self-Sufficient in Critical Minerals'
CRML,DJ-N,2025-11-25 22:08:00,,DJ-N$1cd2fb3f,Critical Metals Provides an Update on the Wolfsberg Lithium Project; Court Overturns Carinthian State Government Decision About EIA
CRML,DJ-N,2025-11-25 21:05:00,,DJ-N$1cd2afd2,Press Release: Critical Metals Corp Provides an Update on the Wolfsberg Lithium Project
CRML,DJ-N,2025-11-21 15:50:00,,DJ-N$1cca29e8,Press Release: CRML Secures One of the Largest Strategic Stockpiles of Ultra-High-Purity Copper Powder in a US$20M All-Share Acquisition Issued at a 40% Premium to Market
CRML,DJ-N,2025-11-04 13:31:00,,DJ-N$1c99ac6a,Critical Metals Obtains Environmental Approvals for the Tanbreez Project
CRML,DJ-N,2025-11-04 13:30:00,,DJ-N$1c99abc2,Press Release: Critical Metal Corp Obtains Crucial Environmental Approvals for the Tanbreez Project
CRML,DJ-N,2025-10-31 19:15:00,,DJ-N$1c9262ad,"Dir Zhernov Registers 50,000 Of Critical Metals Corp >CRML"
CRML,DJ-N,2025-10-27 14:48:00,,DJ-N$1c82a15a,"Rare Earth Stocks Hit By U.S.-China Trade Deal, But Details Await -- IBD"
CRML,DJ-N,2025-10-22 20:21:00,,DJ-N$1c78dbf8,"Dir Wanke Registers 120,000 Of Critical Metals Corp >CRML"
CRML,DJ-N,2025-10-22 12:30:00,,DJ-N$1c77a120,Press Release: Critical Metals Corp Appoints Rear Admiral Peter Stamatopoulos to its Advisory Board
CRML,DJ-N,2025-10-16 12:49:00,,DJ-N$1c6a848c,Critical Metals Shares Surge on $50M Private Placement
CRML,DJ-N,2025-10-16 12:01:00,,DJ-N$1c6a6a9e,Critical Metals Corp. Announces $50M PIPE Financing
CRML,DJ-N,2025-10-16 12:01:00,,DJ-N$1c6a6a58,Press Release: Critical Metals Corp. Announces $50 Million PIPE Financing
CRML,DJ-N,2025-10-15 20:12:00,,DJ-N$1c68a998,MP Materials Stock Snapped a 4-Day Winning Streak. What's Drove Shares Lower. -- Barrons.com
CRML,DJ-N,2025-10-15 14:23:00,,DJ-N$1c67d09b,MP Materials Stock Could Snap a 4-Day Winning Streak. What's Driving Shares Lower. -- Barrons.com
CRML,DJ-N,2025-10-15 14:21:00,,DJ-N$1c67ce2a,MP Materials Stock Could Snap a 4-Day Winning Streak. What's Driving It. -- Barrons.com
CRML,DJ-N,2025-10-15 13:07:00,,DJ-N$1c679420,MP Materials Stock Could Snap a 4-Day Winning Streak. What's Driving Shares. -- Barrons.com
CRML,DJ-N,2025-10-14 13:25:00,,DJ-N$1c64871e,Rare-Earth Metal Shares Extend Gains as U.S.-China Trade Tensions Re-Escalate
CRML,DJ-N,2025-10-13 12:32:00,,DJ-N$1c60bcae,"Blackboxstocks: Critical Metals Will Supply 6.75M Metric Tons of Concentrate Over the 10-Yr Term, Representing 15% of Tanbreez's Projected Production on Its Current Deposit >BLBX"
CRML,DJ-N,2025-10-13 12:31:00,,DJ-N$1c60bc54,Blackboxstocks Merger Target REalloys Inc. Has Entered Into a Letter of Intent for a 10-Yr Offtake Agreement With Critical Metals Corp. >BLBX
CRML,DJ-N,2025-10-13 12:30:00,,DJ-N$1c60baf5,Press Release: Blackboxstocks Inc. (NASDAQ: BLBX) -2-
CRML,DJ-N,2025-10-13 12:30:00,,DJ-N$1c60baf4,Press Release: Blackboxstocks Inc. (NASDAQ: BLBX) Announces its Merger Target REalloys inks LOI for a 10-Year Offtake Agreement for 15% of Tanbreez Production with Critical Metals Corp. (NASDAQ: CRML) to Strengthen North American Rare Earth Independence
CRML,DJ-N,2025-10-13 12:04:00,,DJ-N$1c60ae25,U.S. Critical Metals Get Boost from JPMorgan Commitment -- Market Talk
CRML,DJ-N,2025-10-10 22:32:00,,DJ-N$1c5e2a32,"Stocks to Watch: USA Rare Earth, MP Materials"
CRML,DJ-N,2025-10-10 18:36:00,,DJ-N$1c5d82f1,"Dir Hanson Registers 50,000 Of Critical Metals Corp >CRML"
CRML,DJ-N,2025-10-10 18:18:00,,DJ-N$1c5d7cc5,"CFO Savchenko Registers 50,000 Of Critical Metals Corp >CRML"
CRML,DJ-N,2025-10-10 18:18:00,,DJ-N$1c5d7cbc,"Officer Harper Registers 50,000 Of Critical Metals Corp >CRML"
CRML,DJ-N,2025-10-10 16:21:00,,DJ-N$1c5d5977,Rare-Earth Metal Companies Gain After Trump Threatens New China Tariffs
CRML,DJ-N,2025-10-10 12:16:00,,DJ-N$1c5c8874,Rare-Earth Shares Continue Gains After China Tightens Export Controls
CRML,DJ-N,2025-10-08 17:42:00,,DJ-N$1c5802d7,Critical Metals Stock Gains on Offtake Agreement With REalloys
CRML,DJ-N,2025-10-08 15:45:00,,DJ-N$1c57c88a,"Press Release: UPDATE - Critical Metals Corp (NASDAQ: CRML) Secures Another Significant Tanbreez Offtake Agreement for 15% of its Production with Leading U.S. Vertically Integrated Rare Earth Company, REalloys Inc."
CRML,DJ-N,2025-10-08 13:17:00,,DJ-N$1c57423b,Critical Metals Agrees to Rare Earth Supply Deal With REalloys
CRML,DJ-N,2025-10-08 12:30:00,,DJ-N$1c571e8f,Critical Metals Secures Another 10-Yr Tanbreez Offtake Agreement for 15% of Production With Leading U.S. Full-Cycle Rare Earth Processor REalloys Inc.
CRML,DJ-N,2025-10-08 12:30:00,,DJ-N$1c571def,Press Release: Critical Metals Corp (NASDAQ: CRML) Secures Another 10-Year Tanbreez Offtake Agreement for 15% of Production with Leading U.S. Full-Cycle Rare Earth Processor REalloys Inc.
CRML,DJ-N,2025-10-06 16:18:00,,DJ-N$1c520dda,Critical Metals Corp. (CRML) Resumed Trading
CRML,DJ-N,2025-10-06 16:13:00,,DJ-N$1c520c72,Critical Metals Corp. (CRML) Paused due to volatility
CRML,DJ-N,2025-10-06 16:12:00,,DJ-N$1c520c3f,Critical Metals Corp. (CRML) Resumed Trading
CRML,DJ-N,2025-10-06 15:52:00,,DJ-N$1c5205d9,Critical Metals Corp. (CRML) Paused due to volatility
CRML,DJ-N,2025-10-06 14:27:00,,DJ-N$1c51edd1,"Critical Metals Up Over 70%, on Pace for Largest Percent Increase Since February 2024 -- Data Talk"
CRML,DJ-N,2025-10-06 13:56:00,,DJ-N$1c51e0f0,"Trump Equity Stakes: Critical Metals Soars, But Lithium Stock Is A Sell -- IBD"
OTLK,DJ-N,2026-01-02 14:37:00,,DJ-N$1d23425c,Outlook Therapeutics Price Target Cut to $0.50/Share From $1.00 by HC Wainwright & Co.
OTLK,DJ-N,2026-01-02 14:37:00,,DJ-N$1d234259,Outlook Therapeutics Is Maintained at Neutral by HC Wainwright & Co.
OTLK,DJ-N,2026-01-02 12:31:00,,DJ-N$1d230e5b,Outlook Therapeutics Files 8K - Other Events >OTLK
OTLK,DJ-N,2025-12-31 22:51:00,,DJ-N$1d2165ee,"Stocks to Watch: Nuvve, Outlook Therapeutics, Rubico"
OTLK,DJ-N,2025-12-31 22:05:00,,DJ-N$1d216069,Outlook Therapeutics Shares Fall After Another FDA Rejection of Macular Degeneration Drug
OTLK,DJ-N,2025-12-31 21:35:00,,DJ-N$1d215a44,Outlook Therapeutics Inc. (OTLK) Resumed Trading
OTLK,DJ-N,2025-12-31 21:33:00,,DJ-N$1d21590b,Outlook Therapeutics Says FDA Didn't Approve Macular Degeneration Drug Application
OTLK,DJ-N,2025-12-31 21:19:00,,DJ-N$1d2149de,Outlook Therapeutics Plans to Expand Its Comml Presence in Select Countries in Europe >OTLK
OTLK,DJ-N,2025-12-31 21:19:00,,DJ-N$1d2149b2,"Outlook Therapeutics Continues to Speak With and Explore Collaborations With Potential Comml and Distribution Partners in Additional European Countries, as Well as Outside of Europe >OTLK"
OTLK,DJ-N,2025-12-31 21:18:00,,DJ-N$1d21490f,Outlook Therapeutics: ONS-5010 BLA Resubmission Was Based on Complete Data Set From NORSE Clinical Trial Program >OTLK
OTLK,DJ-N,2025-12-31 21:18:00,,DJ-N$1d2148ae,Outlook Therapeutics: Fully Committed to Taking All Necessary Steps to Receive Approval in U.S.
OTLK,DJ-N,2025-12-31 21:18:00,,DJ-N$1d214876,Outlook Therapeutics: 'We Are Disappointed and Disagree With This Decision' >OTLK
OTLK,DJ-N,2025-12-31 21:17:00,,DJ-N$1d214800,Outlook Therapeutics: FDA Noted Additional Mechanistic and Natural History Data Info Provided in BLA Resubmission Doesn't Alter Previous Review Conclusion >OTLK
OTLK,DJ-N,2025-12-31 21:17:00,,DJ-N$1d2147d7,Outlook Therapeutics: FDA Has Not Indicated What Type of Confirmatory Evidence Would Be Acceptable >OTLK
OTLK,DJ-N,2025-12-31 21:17:00,,DJ-N$1d2147b6,Outlook Therapeutics: FDA Has Again Recommended Confirmatory Evidence of Efficacy Be Submitted to Support Application >OTLK
OTLK,DJ-N,2025-12-31 21:16:00,,DJ-N$1d2146a7,Outlook Therapeutics: FDA Cannot Approve Application in Present Form for Treatment of Wet AMD >OTLK
OTLK,DJ-N,2025-12-31 21:15:00,,DJ-N$1d2145f2,Outlook Therapeutics: FDA Issued Complete Response Letter to ONS-5010/LYTENAVA BLA Resubmission >OTLK
OTLK,DJ-N,2025-12-31 21:15:00,,DJ-N$1d214593,Outlook Therapeutics Provides Regulatory Update on FDA Review of ONS-5010/LYTENAVA for Treatment of Wet AMD >OTLK
OTLK,DJ-N,2025-12-31 21:15:00,,DJ-N$1d21452e,Press Release: Outlook Therapeutics Provides -2-
OTLK,DJ-N,2025-12-31 21:15:00,,DJ-N$1d21452d,Press Release: Outlook Therapeutics Provides Regulatory Update on U.S. Food and Drug Administration Review of ONS-5010/LYTENAVA(TM) (bevacizumab-vikg) for the Treatment of Wet AMD
OTLK,DJ-N,2025-12-31 21:10:00,,DJ-N$1d213fad,Outlook Therapeutics Inc. (OTLK) Halted due to pending news
OTLK,DJ-N,2025-12-26 22:00:00,,DJ-N$1d18c1a3,Press Release: Outlook Therapeutics Announces New Employment Inducement Grants
OTLK,DJ-N,2025-12-22 10:50:00,,DJ-N$1d0f3968,Outlook Therapeutics Price Target Raised to $10.00/Share From $8.00 by Ascendiant Capital
OTLK,DJ-N,2025-12-22 10:50:00,,DJ-N$1d0f3966,Outlook Therapeutics Is Maintained at Buy by Ascendiant Capital
OTLK,DJ-N,2025-12-19 13:31:00,,DJ-N$1d0b5c7e,Outlook Therapeutics Files 8K - Operations And Financial Condition >OTLK
OTLK,DJ-N,2025-12-19 13:07:00,,DJ-N$1d0b5223,Outlook Therapeutics FY25 Loss/Shr $1.79 >OTLK
OTLK,DJ-N,2025-12-19 13:06:00,,DJ-N$1d0b51f2,Outlook Therapeutics FY25 Rev $1.4M >OTLK
OTLK,DJ-N,2025-12-19 13:05:00,,DJ-N$1d0b5100,Press Release: Outlook Therapeutics Reports -2-
OTLK,DJ-N,2025-12-19 13:05:00,,DJ-N$1d0b50fd,Press Release: Outlook Therapeutics Reports Financial Results for Fiscal Year 2025
OTLK,DJ-N,2025-11-22 08:15:00,,DJ-N$1ccc6965,"OUTLOOK THERAPEUTICS INC  COM, Inst Holders, 3Q 2025 (OTLK)"
OTLK,DJ-N,2025-11-13 21:16:00,,DJ-N$1cb5373d,Outlook Therapeutics Files 8K - Other Events >OTLK
OTLK,DJ-N,2025-11-13 13:33:00,,DJ-N$1cb3f2e4,"Outlook Therapeutics: ONS-5010, if Approved, Will Be Branded as LYTENAVA for Treatment of Wet AMD >OTLK"
OTLK,DJ-N,2025-11-13 13:32:00,,DJ-N$1cb3f1ca,Outlook Therapeutics: Prescription Drug User Fee Act Goal Date of Dec 31 >OTLK
OTLK,DJ-N,2025-11-13 13:32:00,,DJ-N$1cb3f1b1,Outlook Therapeutics Announces Acceptance of Biologics License Application by FDA for ONS-5010 as Treatment for Wet AMD >OTLK
OTLK,DJ-N,2025-11-13 13:30:00,,DJ-N$1cb3efaf,Press Release: Outlook Therapeutics Announces Acceptance of Biologics License Application by U.S. FDA for ONS-5010 as a Treatment for Wet AMD
OTLK,DJ-N,2025-11-03 22:01:00,,DJ-N$1c97bddc,Outlook Therapeutics Files 8K - Other Events >OTLK
OTLK,DJ-N,2025-11-03 13:37:00,,DJ-N$1c9601c6,Outlook Therapeutics Believes Resubmission Will Resolve Outstanding Issue Highlighted in Complete Response Letter >OTLK
OTLK,DJ-N,2025-11-03 13:36:00,,DJ-N$1c9601a8,"Outlook Therapeutics: ONS-5010 Is an Investigational Ophthalmic Formulation of Bevacizumab Which, if Approved, Will Be Branded as LYTENAVA for Wet AMD"
OTLK,DJ-N,2025-11-03 13:35:00,,DJ-N$1c960138,Outlook Therapeutics Re-submitted BLA for ONS-5010 After Receiving Minutes From FDA Type A Meeting in Sept
OTLK,DJ-N,2025-11-03 13:35:00,,DJ-N$1c96001f,Outlook Therapeutics Re-Submits Biologics License Application for ONS-5010
OTLK,DJ-N,2025-11-03 13:35:00,,DJ-N$1c95ffe8,Press Release: Outlook Therapeutics Re-Submits Biologics License Application for ONS-5010
OTLK,DJ-N,2025-09-30 11:51:00,,DJ-N$1c442c49,Outlook Therapeutics Price Target Maintained With a $1.00/Share by HC Wainwright & Co.
OTLK,DJ-N,2025-09-29 21:00:00,,DJ-N$1c4291ee,Outlook Therapeutics Files 8K - Other Events >OTLK
OTLK,DJ-N,2025-09-29 12:48:00,,DJ-N$1c40dca4,Outlook Therapeutics: ONS-5010 Is an Investigational Ophthalmic Formulation of Bevacizumab Under Development to Treat Wet AMD >OTLK
OTLK,DJ-N,2025-09-29 12:48:00,,DJ-N$1c40dc85,Outlook Therapeutics Expects to Resubmit BLA Before End of 2025 Based on Discussion With FDA >OTLK
OTLK,DJ-N,2025-09-29 12:48:00,,DJ-N$1c40dc83,Outlook Therapeutics Completed FDA Meeting to Discuss CRL Regarding BLA Resubmission for ONS-5010 >OTLK
OTLK,DJ-N,2025-09-29 12:46:00,,DJ-N$1c40dc2a,Outlook Therapeutics Provides Update on Type A Meeting With FDA >OTLK
OTLK,DJ-N,2025-09-29 12:45:00,,DJ-N$1c40dab9,Press Release: Outlook Therapeutics Provides Update on Type A Meeting with FDA
OTLK,DJ-N,2025-09-22 09:41:00,,DJ-N$1c3066f7,Outlook Therapeutics Price Target Cut to $8.00/Share From $21.00 by Ascendiant Capital
OTLK,DJ-N,2025-09-22 09:41:00,,DJ-N$1c3066f4,Outlook Therapeutics Is Maintained at Buy by Ascendiant Capital
SMR,DJ-N,2025-12-30 18:29:00,,DJ-N$1d1eb058,Press Release: Zero-Carbon Nuclear Power Emerging -2-
SMR,DJ-N,2025-12-30 18:29:00,,DJ-N$1d1eb057,Press Release: Zero-Carbon Nuclear Power Emerging as a Critical Pillar of the Clean Electricity Market Delivering a Scalable Growth Gateway
SMR,DJ-N,2025-12-22 18:25:00,,DJ-N$1d108f4b,NuScale Power Price Target Cut to $24.00/Share From $38.00 by B. Riley Securities
SMR,DJ-N,2025-12-22 18:25:00,,DJ-N$1d108f49,NuScale Power Is Maintained at Buy by B. Riley Securities
SMR,DJ-N,2025-12-17 21:02:00,,DJ-N$1d0672de,NuScale Power Files 8K - Changes To Articles >SMR
SMR,DJ-N,2025-12-12 18:02:00,,DJ-N$1cfb8b46,NuScale Power Price Target Cut to $23.00/Share From $27.00 by Goldman Sachs
SMR,DJ-N,2025-12-12 18:02:00,,DJ-N$1cfb8b44,NuScale Power Is Maintained at Neutral by Goldman Sachs
SMR,DJ-N,2025-12-11 13:44:00,,DJ-N$1cf7cb4d,Substantial Insider Sales: Morning Report -2-
SMR,DJ-N,2025-12-11 13:44:00,,DJ-N$1cf7cb43,Substantial Insider Sales: Morning Report
SMR,DJ-N,2025-12-10 22:04:00,,DJ-N$1cf626d7,"CFO Hamady Sells 40,000 Of NuScale Power Corp >SMR"
SMR,DJ-N,2025-12-08 18:12:00,,DJ-N$1cef830a,"CFO Hamady Registers 40,000 Of NuScale Power Corp >SMR"
SMR,DJ-N,2025-12-05 17:41:00,,DJ-N$1ceb2e9b,Oklo Unveils $1.5 Billion Public Offering. The Nuclear Stock Sinks. -- Barrons.com
SMR,DJ-N,2025-11-25 16:22:00,,DJ-N$1cd21381,NuScale Power Price Target Cut to $20.00/Share From $38.00 by UBS
SMR,DJ-N,2025-11-25 16:22:00,,DJ-N$1cd21375,NuScale Power Is Maintained at Neutral by UBS
SMR,DJ-N,2025-11-21 08:00:00,,DJ-N$1cc811bd,"NUSCALE POWER CORP  CL A, Inst Holders, 3Q 2025 (SMR)"
SMR,DJ-N,2025-11-17 22:11:00,,DJ-N$1cbda382,NuScale Power Files 8K - Other Events >SMR
SMR,DJ-N,2025-11-17 22:11:00,,DJ-N$1cbda380,NuScale Power Files 8K - Changes To Articles >SMR
SMR,DJ-N,2025-11-17 22:11:00,,DJ-N$1cbda37c,"NuScale Power Files 8K - Director, Officer or Compensation Filing >SMR"
SMR,DJ-N,2025-11-11 23:12:00,,DJ-N$1cae7d18,"Blue Chips, Value-Oriented Firms Reign Over Market Gains; Is Leadership's Complexion Changing? -- IBD"
SMR,DJ-N,2025-11-11 21:52:00,,DJ-N$1cae6499,The White House's Nuclear 'Hold Name' Just Reported Earnings As Shares Fall -- IBD
SMR,DJ-N,2025-11-10 16:10:00,,DJ-N$1ca9b1ff,NuScale Power Price Target Cut to $32.00/Share From $35.00 by RBC Capital
SMR,DJ-N,2025-11-10 16:10:00,,DJ-N$1ca9b1f8,NuScale Power Is Maintained at Sector Perform by RBC Capital
SMR,DJ-N,2025-11-07 20:18:00,,DJ-N$1ca5a804,"Holder Fluor Corp Registers 110,936,472 Of NuScale Power Corp >SMR"
SMR,DJ-N,2025-11-07 14:10:00,,DJ-N$1ca4950e,NuScale Power Files 8K - Termination Of Definitive Agreement >SMR
SMR,DJ-N,2025-11-07 14:10:00,,DJ-N$1ca49501,NuScale Power Files 8K - Entry Into Definitive Agreement >SMR
SMR,DJ-N,2025-11-07 12:04:00,,DJ-N$1ca44a6a,"Fluor Shares Rise on NuScale Monetization Plan, Raised Guidance"
SMR,DJ-N,2025-11-06 23:23:00,,DJ-N$1ca2974c,NuScale Power 3Q Rev $8.24M
SMR,DJ-N,2025-11-06 23:23:00,,DJ-N$1ca296b2,Press Release: Fluor and NuScale Announce Agreement Regarding Stake Monetization
SMR,DJ-N,2025-11-06 23:21:00,,DJ-N$1ca2950b,NuScale Power 3Q Loss/Shr $1.85 >SMR
SMR,DJ-N,2025-11-06 23:19:00,,DJ-N$1ca293c3,Parties Also Agreed to Certain Limitations on NuScale's Equity Issuances Through Feb. 2026
SMR,DJ-N,2025-11-06 23:19:00,,DJ-N$1ca293b2,"Fluor to Vote in Favor of NuScale's Anticipated Authorized Shr Count Increase, Reduce Fluor's Economic Rights Under Tax Receivable Agreement and Waive Certain Claims Relating to Commercial Arrangements"
SMR,DJ-N,2025-11-06 23:18:00,,DJ-N$1ca29374,Fluor Will Convert Remaining Class B Units of NuScale Power Into Class A Shrs and Promptly Begin a Structured Monetization
SMR,DJ-N,2025-11-06 23:17:00,,DJ-N$1ca2935f,Fluor and NuScale Announce Agreement Regarding Stake Monetization
SMR,DJ-N,2025-11-06 21:35:00,,DJ-N$1ca2511f,NuScale Power Files 8K - Regulation FD >SMR
SMR,DJ-N,2025-11-06 21:35:00,,DJ-N$1ca2511d,NuScale Power Files 8K - Operations And Financial Condition >SMR
SMR,DJ-N,2025-11-06 21:15:00,,DJ-N$1ca225a6,Press Release: NuScale Power Reports Third -3-
SMR,DJ-N,2025-11-06 21:15:00,,DJ-N$1ca225a5,Press Release: NuScale Power Reports Third -2-
SMR,DJ-N,2025-11-06 21:15:00,,DJ-N$1ca225a3,Press Release: NuScale Power Reports Third Quarter 2025 Results
SMR,DJ-N,2025-10-29 23:35:00,,DJ-N$1c8b7a90,Press Release: NuScale Power Proudly Supports ENTRA1 Energy's $25 Billion Agreement to Deploy Large-Scale Power Infrastructure Assets Across the United States
SMR,DJ-N,2025-10-22 19:22:00,,DJ-N$1c78aa50,Oklo Stock Is Having Its Worst Week Since May 2024. What's Burdening the Nuclear Start-Up. -- Barrons.com
SMR,DJ-N,2025-10-21 21:40:00,,DJ-N$1c764365,Nuclear-Reactor Stocks Are Under the Hammer. Why There's Hope for NuScale Power. -- Barrons.com
SMR,DJ-N,2025-10-21 15:29:00,,DJ-N$1c755f19,This Construction Stock Jumps On Activist Investor's Stake -- IBD
SMR,DJ-N,2025-10-21 11:31:00,,DJ-N$1c74a32f,NuScale Power Price Target Announced at $55.00/Share by Cantor Fitzgerald
SMR,DJ-N,2025-10-21 11:31:00,,DJ-N$1c74a32d,NuScale Power Initiated at Overweight by Cantor Fitzgerald
SMR,DJ-N,2025-10-21 10:45:00,,DJ-N$1c748a7d,NuScale Power Price Target Cut to $37.50/Share From $46.00 by Citigroup
SMR,DJ-N,2025-10-21 10:45:00,,DJ-N$1c748a78,NuScale Power Cut to Sell From Neutral by Citigroup
SMR,DJ-N,2025-10-21 10:24:00,,DJ-N$1c747eef,Fluor Rises 7% Premarket After Starboard Investment
SMR,DJ-N,2025-10-21 06:32:00,,DJ-N$1c73ee21,Activist Starboard Takes Big Stake In Fluor -- WSJ
SMR,DJ-N,2025-10-20 22:52:00,,DJ-N$1c732ed3,NuScale Power Files 8K - Regulation FD >SMR
SMR,DJ-N,2025-10-20 22:00:00,,DJ-N$1c732370,Activist Starboard Takes Big Stake in Construction Firm Fluor -- WSJ
SLV,DJ-N,2025-12-29 21:38:00,,DJ-N$1d1c3f9f,iShares Silver Trust Suffers One of Worst Days in Years -- WSJ
SLV,DJ-N,2025-12-29 18:48:00,,DJ-N$1d1bf8a3,"Silver Prices Suffer Biggest One-Day Fall Since 2021, Gold Also Drops -- WSJ"
SLV,DJ-N,2025-12-29 17:03:00,,DJ-N$1d1bbdc1,Big Silver ETF on Track for Worst Day in Five Years -- WSJ
SLV,DJ-N,2025-09-29 08:00:00,,DJ-N$1c404363,'Silver Lining' Emerges as Precious Metal Gains Momentum. 3 Stocks With Bullish Technicals. -- Barrons.com
BBAI,DJ-N,2026-01-02 23:17:00,,DJ-N$1d243ddf,"Stocks to Watch: GH Research, PBF Energy, BigBear.ai"
BBAI,DJ-N,2026-01-02 22:08:00,,DJ-N$1d242f10,BigBear.ai Calls for Redemption of Outstanding Notes to Reduce Debt
BBAI,DJ-N,2026-01-02 21:25:00,,DJ-N$1d24016b,"Officer Blankenship Surrenders 5,945 Of BigBear.ai Holdings Inc >BBAI"
BBAI,DJ-N,2026-01-02 21:25:00,,DJ-N$1d240104,"CFO Ricker Surrenders 6,625 Of BigBear.ai Holdings Inc >BBAI"
BBAI,DJ-N,2026-01-02 21:25:00,,DJ-N$1d2400f8,"CEO McAleenan Surrenders 4,663 Of BigBear.ai Holdings Inc >BBAI"
BBAI,DJ-N,2026-01-02 21:21:00,,DJ-N$1d23fd23,BigBear.ai Holdings Files 8K - Other Events >BBAI
BBAI,DJ-N,2026-01-02 21:21:00,,DJ-N$1d23fd1e,BigBear.ai Holdings Files 8K - Regulation FD >BBAI
BBAI,DJ-N,2026-01-02 21:18:00,,DJ-N$1d23fa07,BigBear.ai: These Shrs Were Reserved for This Purpose at the Time the Notes Were Issued
BBAI,DJ-N,2026-01-02 21:17:00,,DJ-N$1d23f936,"BigBear.ai: To Satisfy the Conversion of the Notes, Co. Expects to Issue About 38M Shrs"
BBAI,DJ-N,2026-01-02 21:17:00,,DJ-N$1d23f900,BigBear.ai Expects to Eliminate About $125M of Note-Related Debt
BBAI,DJ-N,2026-01-02 21:16:00,,DJ-N$1d23f7f8,BigBear.ai to Redeem 6% Conv Sr Secured Notes Due 2029
BBAI,DJ-N,2026-01-02 21:15:00,,DJ-N$1d23f6f6,BigBear.ai Plans Significant Debt Reduction
BBAI,DJ-N,2026-01-02 21:15:00,,DJ-N$1d23f680,Press Release: BigBear.ai to Strengthen Balance Sheet Through Significant Debt Reduction
BBAI,DJ-N,2025-12-31 21:15:00,,DJ-N$1d21452c,Press Release: BigBear.ai Finalizes $250M Acquisition of Ask Sage
BBAI,DJ-N,2025-12-18 21:31:00,,DJ-N$1d09918d,BigBear.ai and C Speed Announce Strategic Partnership to Deliver AI-Enabled Border Security
BBAI,DJ-N,2025-12-18 21:30:00,,DJ-N$1d098fa2,Press Release: BigBear.ai and C Speed Announce Strategic Partnership to Deliver AI-Enabled Border Security
BBAI,DJ-N,2025-12-16 18:39:00,,DJ-N$1d035079,"Dir Braden Registers 50,000 Of BigBear.ai Holdings Inc >BBAI"
BBAI,DJ-N,2025-12-15 12:14:00,,DJ-N$1cfecc3e,CFA Technology:Insider Review For Week Ended 12-Dec -4-
BBAI,DJ-N,2025-12-15 12:13:00,,DJ-N$1cfecc11,CFA Technology:Insider Review For Week Ended 12-Dec -3-
BBAI,DJ-N,2025-12-15 12:13:00,,DJ-N$1cfecbea,CFA Technology:Insider Review For Week Ended 12-Dec -2-
BBAI,DJ-N,2025-12-15 12:13:00,,DJ-N$1cfecba2,CFA Technology:Insider Review For Week Ended 12-Dec
BBAI,DJ-N,2025-12-09 21:25:00,,DJ-N$1cf2f9ac,"CFO Ricker Surrenders 1,227 Of BigBear.ai Holdings Inc >BBAI"
BBAI,DJ-N,2025-12-08 21:57:00,,DJ-N$1cf015cf,"CFO Ricker Sells 5,000 Of BigBear.ai Holdings Inc >BBAI"
BBAI,DJ-N,2025-12-08 10:36:00,,DJ-N$1cee286d,Press Release: BigBear.ai Expands to Middle East with UAE Office to Advance AI Innovation for Global Security
BBAI,DJ-N,2025-12-04 21:52:00,,DJ-N$1ce8c999,"CFO Ricker Registers 5,000 Of BigBear.ai Holdings Inc >BBAI"
BBAI,DJ-N,2025-12-01 21:31:00,,DJ-N$1cdf9531,BigBear.ai Holdings Files 8K - Changes To Articles >BBAI
BBAI,DJ-N,2025-11-24 12:14:00,,DJ-N$1cce02eb,CFA Technology:Insider Review For Week Ended 21-Nov -4-
BBAI,DJ-N,2025-11-24 12:14:00,,DJ-N$1cce02c7,CFA Technology:Insider Review For Week Ended 21-Nov -3-
BBAI,DJ-N,2025-11-24 12:13:00,,DJ-N$1cce02a8,CFA Technology:Insider Review For Week Ended 21-Nov -2-
BBAI,DJ-N,2025-11-24 12:13:00,,DJ-N$1cce027e,CFA Technology:Insider Review For Week Ended 21-Nov
BBAI,DJ-N,2025-11-22 08:05:00,,DJ-N$1ccc5d0c,"BIGBEAR AI HOLDINGS INC  COM, Inst Holders, 3Q 2025 (BBAI)"
BBAI,DJ-N,2025-11-20 14:15:00,,DJ-N$1cc5b3ff,"Press Release: BigBear.ai, Easy Lease, and Vigilix Sign MOU to Advance Pahang Aerospace City Development, Southeast Asia's First AI-Driven Aerospace Hub"
BBAI,DJ-N,2025-11-19 12:56:00,,DJ-N$1cc2685b,"Dir Hayes Sells 22,000 Of BigBear.ai Holdings Inc >BBAI"
BBAI,DJ-N,2025-11-18 21:15:00,,DJ-N$1cc080c6,"Dir Hayes Registers 22,000 Of BigBear.ai Holdings Inc >BBAI"
BBAI,DJ-N,2025-11-15 02:30:00,,DJ-N$1cb976fe,The Trader: BigBear Stock Keeps Soaring After Defense Deal. It Could Be the Next Palantir.
BBAI,DJ-N,2025-11-15 02:30:00,,DJ-N$1cb976fc,The Trader: BigBear Stock Keeps Soaring After Defense Deal. It Could Be the Next Palantir.
BBAI,DJ-N,2025-11-11 21:23:00,,DJ-N$1cae4529,"These Stocks Moved the Most Today: CoreWeave, Nvidia, Tesla, Nebius, Rigetti, BigBear.ai, Rocket Lab, and More -- Barrons.com"
BBAI,DJ-N,2025-11-11 19:16:00,,DJ-N$1cae0fec,"These Stocks Are Moving the Most Today: CoreWeave, Nvidia, Tesla, Nebius, Rigetti, BigBear.ai, Rocket Lab, and More -- Barrons.com"
BBAI,DJ-N,2025-11-11 15:32:00,,DJ-N$1cad5b39,"These Stocks Are Moving the Most Today: CoreWeave, Nvidia, Tesla, Nebius, Rigetti, BigBear.ai, Rocket Lab, and More -- Barrons.com"
BBAI,DJ-N,2025-11-11 13:47:00,,DJ-N$1cad140d,"These Stocks Are Moving the Most Today: CoreWeave, Nvidia, Tesla, Nebius, Rigetti, BigBear.ai, Rocket Lab, and More -- Barrons.com"
BBAI,DJ-N,2025-11-11 13:36:00,,DJ-N$1cad1066,BigBear Stock Jumps After Earnings. It's Doubling Down on Defense. -- Barrons.com
BBAI,DJ-N,2025-11-11 13:20:00,,DJ-N$1cad038f,BigBear.ai Holdings Price Target Maintained With a $8.00/Share by HC Wainwright & Co.
BBAI,DJ-N,2025-11-11 11:40:00,,DJ-N$1cacc32b,"These Stocks Are Moving the Most Today: CoreWeave, Nvidia, Rigetti, Rocket Lab and More -- Barrons.com"
BBAI,DJ-N,2025-11-11 11:34:00,,DJ-N$1cacc136,BigBear.ai Shares Rise on Deal to Acquire Ask Sage
BBAI,DJ-N,2025-11-10 21:17:00,,DJ-N$1caad6b1,BigBear.ai Holdings Files 8K - Unregistered Equity Sales >BBAI
BBAI,DJ-N,2025-11-10 21:17:00,,DJ-N$1caad6af,BigBear.ai Holdings Files 8K - Operations And Financial Condition >BBAI
BBAI,DJ-N,2025-11-10 21:17:00,,DJ-N$1caad6ad,BigBear.ai Holdings Files 8K - Entry Into Definitive Agreement >BBAI
BBAI,DJ-N,2025-11-10 21:15:00,,DJ-N$1caad549,Press Release: BigBear.ai Announces Third Quarter -5-
BBAI,DJ-N,2025-11-10 21:15:00,,DJ-N$1caad544,Press Release: BigBear.ai Announces Third Quarter -4-
BBAI,DJ-N,2025-11-10 21:15:00,,DJ-N$1caad53c,Press Release: BigBear.ai Announces Third Quarter -3-
MSTR,DJ-N,2026-01-02 13:01:00,,DJ-N$1d2319f9,Strategy Files 8K - Other Events >MSTR
MSTR,DJ-N,2026-01-02 13:01:00,,DJ-N$1d2319f8,Strategy Files 8K - Regulation FD >MSTR
MSTR,DJ-N,2025-12-30 06:00:00,,DJ-N$1d1d050c,Strategy and Other Crypto Treasury Stocks Face a Dangerous Spiral. How They Can Break It. -- Barrons.com
MSTR,DJ-N,2025-12-29 15:12:00,,DJ-N$1d1b500b,Strategy Snaps Up $109 Million Worth of Bitcoin After Week-Long Dry Spell -- Barrons.com
MSTR,DJ-N,2025-12-29 13:00:00,,DJ-N$1d1b0e70,Strategy Files 8K - Other Events >MSTR
MSTR,DJ-N,2025-12-29 13:00:00,,DJ-N$1d1b0e61,Strategy Files 8K - Regulation FD >MSTR
MSTR,DJ-N,2025-12-23 17:12:00,,DJ-N$1d13600f,"Bitcoin Price, Crypto Stocks Fall. There's No Crypto Rally in Sight. -- Barrons.com"
MSTR,DJ-N,2025-12-22 21:33:00,,DJ-N$1d10f2d5,"CFO Kang Gifts 1,800 Of Strategy Inc >MSTR"
MSTR,DJ-N,2025-12-22 20:49:00,,DJ-N$1d10da89,Bitcoin Fades As Strategy Sells Stock To Brace For Winter -- IBD
MSTR,DJ-N,2025-12-22 18:55:00,,DJ-N$1d10afc3,12 Stocks That Dropped After Tax-Loss Selling -- and Can Bounce Back -- Barrons.com
MSTR,DJ-N,2025-12-22 16:19:00,,DJ-N$1d100717,"Bitcoin Price Jumps, But Strategy Sells Stock To Brace For Winter -- IBD"
MSTR,DJ-N,2025-12-22 16:04:00,,DJ-N$1d0ff6a8,Strategy Paused Bitcoin Buys Last Week. It Bought the Crypto Aggressively Earlier This December. -- Barrons.com
MSTR,DJ-N,2025-12-22 14:03:00,,DJ-N$1d0f9449,MicroStrategy Price Target Cut to $325.00/Share From $485.00 by Citigroup
MSTR,DJ-N,2025-12-22 14:03:00,,DJ-N$1d0f9447,MicroStrategy Is Maintained at Buy by Citigroup
MSTR,DJ-N,2025-12-22 13:09:00,,DJ-N$1d0f7dc8,"These Stocks Are Moving the Most Today: Tesla, Rocket Lab, DJT, Strategy, Clearwater Analytics, Newmont, Micron, and More -- Barrons.com"
MSTR,DJ-N,2025-12-22 13:01:00,,DJ-N$1d0f76f5,Strategy Files 8K - Other Events >MSTR
MSTR,DJ-N,2025-12-22 13:01:00,,DJ-N$1d0f76f3,Strategy Files 8K - Regulation FD >MSTR
MSTR,DJ-N,2025-12-22 11:07:00,,DJ-N$1d0f3fb8,"These Stocks Are Moving the Most Today: Tesla, EA, Rocket Lab, DJT, Strategy, Clearwater Analytics, Newmont, and More -- Barrons.com"
MSTR,DJ-N,2025-12-22 10:39:00,,DJ-N$1d0f3633,"These Stocks Are Moving the Most Today: Tesla, EA, Rocket Lab, DJT, Strategy, Clearwater Analytics, and More -- Barrons.com"
MSTR,DJ-N,2025-12-18 10:13:00,,DJ-N$1d07f7ff,"Bitcoin and XRP Struggle Again. Why Coinbase, Robinhood, and Strategy Stocks Are Rising. -- Barrons.com"
MSTR,DJ-N,2025-12-17 21:41:00,,DJ-N$1d06aac1,Bitcoin Slides As Strategy's Buying Power Runs Low On Fuel -- IBD
MSTR,DJ-N,2025-12-15 21:10:00,,DJ-N$1d00724a,"These Stocks Are Moving the Most Today: iRobot, Tesla, ServiceNow, Tilray, Rocket Lab, Strategy, Zillow, and More -- Barrons.com"
MSTR,DJ-N,2025-12-15 19:36:00,,DJ-N$1d0057d0,"These Stocks Are Moving the Most Today: iRobot, Tesla, ServiceNow, Tilray, Rocket Lab, Strategy, Zillow, and More -- Barrons.com"
MSTR,DJ-N,2025-12-15 18:41:00,,DJ-N$1d0026ae,Strategy Keeps Buying Bitcoin. It Isn't Helping the Stock. -- Barrons.com
MSTR,DJ-N,2025-12-15 16:56:00,,DJ-N$1cffb119,"These Stocks Are Moving the Most Today: iRobot, Tesla, ServiceNow, Tilray, Strategy, Zillow, and More -- Barrons.com"
MSTR,DJ-N,2025-12-15 15:38:00,,DJ-N$1cff59e8,Strategy Keeps Buying Bitcoin. It Isn't Helping the Stock. -- Barrons.com
MSTR,DJ-N,2025-12-15 15:20:00,,DJ-N$1cff45b4,"These Stocks Are Moving the Most Today: iRobot, Tesla, ServiceNow, Zillow, Texas Instruments, Tilray, Newmont, and More -- Barrons.com"
MSTR,DJ-N,2025-12-15 14:21:00,,DJ-N$1cff207d,Strategy Keeps Buying Bitcoin. It Isn't Helping the Stock. -- Barrons.com
MSTR,DJ-N,2025-12-15 13:00:00,,DJ-N$1cfeee3a,Strategy Files 8K - Other Events >MSTR
MSTR,DJ-N,2025-12-15 13:00:00,,DJ-N$1cfeee2d,Strategy Files 8K - Regulation FD >MSTR
MSTR,DJ-N,2025-12-13 01:39:00,,DJ-N$1cfc597e,Strategy Keeps Nasdaq 100 Listing; What It Means For Bitcoin -- IBD
MSTR,DJ-N,2025-12-12 13:15:00,,DJ-N$1cfaba48,Strategy And Bitcoin Face A Defining Test Today -- IBD
MSTR,DJ-N,2025-12-11 18:46:00,,DJ-N$1cf89ce9,Strategy Falls Ahead Of Annual Nasdaq 100 Change; The Stakes For Bitcoin -- IBD
MSTR,DJ-N,2025-12-11 15:00:00,,DJ-N$1cf7f4ee,Press Release: Strategy Recognized as a Customers' Choice on Gartner Peer Insights(TM) through User Feedback for Fourth Consecutive Year
MSTR,DJ-N,2025-12-11 14:57:00,,DJ-N$1cf7f371,"Strategy: Index Exclusion Is Anti-Trump, Anti-Bitcoin -- IBD"
MSTR,DJ-N,2025-12-10 22:01:00,,DJ-N$1cf6254e,American Bitcoin Stock Has Dropped More Than 70% Since Its Debut. Why 1 Firm Just Started It at Buy. -- Barrons.com
MSTR,DJ-N,2025-12-09 23:14:00,,DJ-N$1cf336c1,Bitcoin Price Jumps As Tether-Backed Strategy Rival Makes NYSE Debut -- IBD
MSTR,DJ-N,2025-12-08 21:12:00,,DJ-N$1cefe0e7,"These Stocks Moved the Most Today: Warner Bros., Paramount, Netflix, Tesla, CoreWeave, Confluent, Marvell, Carvana, and More -- Barrons.com"
MSTR,DJ-N,2025-12-08 20:26:00,,DJ-N$1cefcde0,"These Stocks Are Moving the Most Today: Warner Bros., Paramount, Netflix, Tesla, CoreWeave, Confluent, Marvell, Carvana, and More -- Barrons.com"
MSTR,DJ-N,2025-12-08 17:48:00,,DJ-N$1cef6ab3,"These Stocks Are Moving the Most Today: Warner Bros., Paramount, Netflix, Tesla, CoreWeave, Confluent, Marvell, Carvana, and More -- Barrons.com"
MSTR,DJ-N,2025-12-08 17:40:00,,DJ-N$1cef62f4,"These Stocks Are Moving the Most Today: Warner Bros., Paramount, Netflix, Tesla, CoreWeave, Confluent, Marvell, Carvana, and More -- Barrons.com"
MSTR,DJ-N,2025-12-08 15:29:00,,DJ-N$1ceed3f8,"These Stocks Are Moving the Most Today: Warner Bros., Netflix, Tesla, Confluent, Kymera, Marvell, Carvana, and More -- Barrons.com"
MSTR,DJ-N,2025-12-08 14:09:00,,DJ-N$1ceea101,Strategy Buys Almost $1 Billion Worth of Bitcoin. Why It Could Be a Good Sign for the Stock. -- Barrons.com
MSTR,DJ-N,2025-12-08 13:52:00,,DJ-N$1cee9376,"These Stocks Are Moving the Most Today: Tesla, Netflix, Confluent, IBM, Kymera, Marvell, Carvana, and More -- Barrons.com"
MSTR,DJ-N,2025-12-08 13:35:00,,DJ-N$1cee8d75,MicroStrategy Price Target Cut to $450.00/Share From $600.00 by Bernstein
MSTR,DJ-N,2025-12-08 13:35:00,,DJ-N$1cee8d6c,MicroStrategy Is Maintained at Outperform by Bernstein
MSTR,DJ-N,2025-12-08 12:59:00,,DJ-N$1cee70d1,Strategy Files 8K - Other Events >MSTR
MSTR,DJ-N,2025-12-08 12:59:00,,DJ-N$1cee70c5,Strategy Files 8K - Regulation FD >MSTR
MSTR,DJ-N,2025-12-08 11:49:00,,DJ-N$1cee45cc,"These Stocks Are Moving the Most Today: Tesla, Netflix, Confluent, IBM, Carvana, CRH, Strategy, and More -- Barrons.com"
MSTR,DJ-N,2025-12-08 10:53:00,,DJ-N$1cee2e4f,"These Stocks Are Moving the Most Today: Tesla, Netflix, Confluent, IBM, Carvana, CRH, Strategy, and More -- Barrons.com"
IBIT,DJ-N,2025-12-02 23:05:00,,DJ-N$1ce2ff24,Harvard's Big Wager on Bitcoin Came Right Before the Bust -- WSJ
IBIT,DJ-N,2025-12-02 17:17:00,,DJ-N$1ce25296,Vanguard Finally Allows Crypto ETFs and Mutual Funds. You Can Invest Right Now. -- Barrons.com
IBIT,DJ-N,2025-12-02 15:49:00,,DJ-N$1ce1ed4c,Vanguard Finally Allows Crypto ETFs and Mutual Funds. You Can Invest Right Now. -- Barrons.com
IBIT,DJ-N,2025-11-24 16:06:00,,DJ-N$1ccea69c,The Largest Bitcoin ETF Is Posting Record Outflows -- WSJ
IBIT,DJ-N,2025-11-20 12:44:00,,DJ-N$1cc57452,Spencer Jakab   Will Newer Bitcoin Owners Hold On? -- WSJ
IBIT,DJ-N,2025-11-19 17:00:00,,DJ-N$1cc32278,Bitcoin Drops Below $90K -- WSJ
IBIT,DJ-N,2025-11-04 15:45:00,,DJ-N$1c9a19a7,Bitcoin Slides to Lowest Level Since June -- WSJ
IBIT,DJ-N,2025-10-07 20:18:00,,DJ-N$1c55ac51,Bitcoin Is 'Almost' Ready to Join the Big Leagues as a Central-Bank Reserve Asset -- Barrons.com
IBIT,DJ-N,2025-08-01 22:31:00,,DJ-N$1bb8e269,MicroStrategy Stock Drops 9%. New Equity Guidelines Could Be the Reason. -- Barrons.com
NVDA,BRFG,2025-11-20 15:15:31,,BRFG$1cc64fe9,NVIDIA Shocks the System: Q3 Results Prove AI Demand Is Still Compute-ing Higher
NVDA,BRFG,2025-09-17 14:16:59,,BRFG$1c27e5ab,"NVIDIA faces China chip ban amid antitrust probe, but AI demand remains robust"
NVDA,BRFG,2025-08-28 15:55:48,,BRFG$1bfb7a28,NVIDIA Q2 Earnings: Data Center Miss Overshadowed Strong Underlying AI Growth
NVDA,BRFG,2025-08-22 14:53:47,,BRFG$1beda213,"NVIDIA halts H20 production amid China's security concerns, eyes B30A launch to recover sales"
NVDA,BRFG,2025-07-15 15:19:30,,BRFG$1b8be930,"NVIDIA's H20 chip sales to China set to resume, clearing major stock overhang"
NVDA,BRFG,2025-05-29 14:22:08,,BRFG$1b21676d,NVIDIA charges higher on Q1 beat; robust Data Center growth eases fears about H20 market
NVDA,BRFG,2025-04-21 14:17:02,,BRFG$1abab203,NVIDIA breaks below $100 as China-based rival Huawei preps updated AI chip for mass shipment
NVDA,BRFG,2025-04-16 14:26:36,,BRFG$1ab17b8c,NVIDIA sinks after disclosing a $5.5 billion charge related to China export restrictions
NVDA,BRFG,2025-02-27 15:35:52,,BRFG$1a34a78e,NVIDIA runs into selling pressure as outperformance in Q4 fails to meet sky-high expectations
NVDA,BRFG,2025-01-27 15:11:21,,BRFG$19e302f3,NVIDIA and other AI-related stocks suffering heavy losses today on DeepSeek R1 performance
NVDA,BRFG,2024-12-30 19:25:14,,BRFG$19a49e2f,NVIDIA advances higher today; robotics to potentially act as next growth lever
NVDA,BRFG,2024-12-04 15:47:07,,BRFG$196bbb88,Marvell steals the spotlight from NVIDIA
NVDA,BRFG,2024-11-21 14:59:30,,BRFG$194feda5,NVIDIA bounces off initial lows on Q3 results as staggering AI demand takes the spotlight
NVDA,BRFG,2024-11-18 17:11:33,,BRFG$1947d1f0,NVIDIA slips on reports of overheating issues tied to its Blackwell GPU
NVDA,BRFG,2024-08-29 13:57:30,,BRFG$187cfbe5,NVIDIA encounters moderate profit-taking as upside in Q2
NVDA,BRFG,2024-05-23 13:58:08,,BRFG$17927de9,"NVIDIA breaches $1,000 a share after crushing Q1 expectations on unwavering demand for AI"
NVDA,BRFG,2024-03-19 15:00:11,,BRFG$16f3184f,"NVIDIA succumbs to profit-taking in wake of GPU conference, but outlook as bright as ever"
NVDA,BRFG,2024-02-22 14:46:31,,BRFG$16b86708,NVIDIA surges to all-time highs on superb JanQ results supported by sustained AI demand
NVDA,BRFG,2023-12-29 15:05:02,,BRFG$1647d24e,NVIDIA looking to close an excellent year on a high note after introducing China-focused GPU
NVDA,BRFG,2023-11-24 15:21:06,,BRFG$1604c0b0,NVIDIA slips after Reuters reports it is delaying launching U.S.-compliant AI chips to China
NVDA,BRFG,2023-11-22 15:00:08,,BRFG$16006e32,NVIDIA trades lower despite another huge beat-and-raise; seeing sell-the-news reaction
NVDA,BRFG,2023-09-26 16:25:56,,BRFG$15804b0f,NVIDIA's AI-related tailwinds set to accelerate as it eyes advertising agencies
NVDA,BRFG,2023-08-24 14:04:31,,BRFG$153ceae9,NVIDIA's blowout Q2 results showcase sustained demand for AI
NVDA,BRFG,2023-07-12 14:21:43,,BRFG$14dc27bb,NVIDIA looks to turbocharge its AI exposure by becoming anchor investor in Arm's IPO
NVDA,BRFG,2023-06-28 16:38:16,,BRFG$14bf99a2,NVIDIA and Advanced Micro investors mostly shrug off reports of AI chip restrictions in China
NVDA,BRFG,2023-05-30 14:34:21,,BRFG$148a3d32,NVIDIA shares stay red-hot following series of AI-centric announcements
NVDA,BRFG,2023-05-25 14:12:33,,BRFG$14839a0a,NVIDIA's awe-inspiring guidance puts company at center of the AI universe
NVDA,BRFG,2023-03-17 16:56:18,,BRFG$13fb65a5,NVIDIA gaps up toward April 2022 levels on an upgrade at Morgan Stanley
NVDA,BRFG,2023-02-23 15:44:33,,BRFG$13caf30d,NVIDIA powers chip space with beat-and-raise report as its AI investments begin to pay off
NVDA,DJ-N,2026-01-05 07:32:00,,DJ-N$1d260e15,Stock Funds Rose 14.6% in 2025 -- WSJ
NVDA,DJ-N,2026-01-04 19:46:00,,DJ-N$1d258dd6,"Dow Jones Futures: Markets To React To Trump's Venezuela Action; Nvidia, AMD, Taiwan Semi Due -- IBD"
NVDA,DJ-N,2026-01-04 17:30:00,,DJ-N$1d257da3,"Dow Jones Futures: Markets To React To Trump's Venezuela Action; Nvidia, AMD, Taiwan Semi Due -- IBD"
NVDA,DJ-N,2026-01-04 13:45:00,,DJ-N$1d256d4a,"Dow Jones Futures: How Will Markets React To Trump's Venezuela Action? Nvidia, AMD, Taiwan Semi Due -- IBD"
NVDA,DJ-N,2026-01-04 12:54:00,,DJ-N$1d2568f2,"Dow Jones Futures: How Will Markets React To Trump's Venezuela Action? Nvidia, AMD, Taiwan Semi Due -- IBD"
NVDA,DJ-N,2026-01-04 12:06:00,,DJ-N$1d2562f6,"How Will Dow Jones Futures React To Trump's Venezuela Action? Nvidia, AMD, Taiwan Semi Due -- IBD"
NVDA,DJ-N,2026-01-04 03:57:00,,DJ-N$1d252ea2,"Dow Jones Futures Set To React To Trump's Venezuela Action; Nvidia, AMD, Taiwan Semi Due -- IBD"
NVDA,DJ-N,2026-01-04 02:39:00,,DJ-N$1d252bb2,"Dow Jones Futures: How Will Markets React To Trump's Venezuela Action? Nvidia, AMD, Taiwan Semi Due -- IBD"
NVDA,DJ-N,2026-01-03 20:49:00,,DJ-N$1d251823,"Dow Jones Futures: Trump Says U.S. To 'Run' Venezuela After Capturing Maduro; Nvidia, AMD, Taiwan Semi Due -- IBD"
NVDA,DJ-N,2026-01-03 19:15:00,,DJ-N$1d2510e4,"Dow Jones Futures: Trump Says U.S. To 'Run' Venezuela After Capturing Maduro; Nvidia, AMD, Taiwan Semi Due -- IBD"
NVDA,DJ-N,2026-01-03 19:14:00,,DJ-N$1d2510d8,"Dow Jones Futures: Trump Says U.S. To 'Run' Venezuela After Capturing Maduro; Nvidia, AMD, Taiwan Semi Due -- IBD"
NVDA,DJ-N,2026-01-03 19:05:00,,DJ-N$1d251010,"Dow Jones Futures: Trump Says U.S. To 'Run' Venezuela After Capturing Maduro; Nvidia, AMD, Taiwan Semi Due -- IBD"
NVDA,DJ-N,2026-01-03 18:04:00,,DJ-N$1d250bca,"Dow Jones Futures: Trump Says U.S. To 'Run' Venezuela After Capturing Maduro; Nvidia, AMD, Taiwan Semi Due -- IBD"
NVDA,DJ-N,2026-01-03 17:00:00,,DJ-N$1d2506a8,"Dow Jones Futures: Trump Says U.S. To 'Run' Venezuela After Capturing Maduro; Nvidia, AMD, Taiwan Semi Due -- IBD"
NVDA,DJ-N,2026-01-03 16:30:00,,DJ-N$1d250494,"Dow Jones Futures: Trump Says U.S. Seizes Venezuela's Maduro; Nvidia, AMD, Taiwan Semi Due -- IBD"
NVDA,DJ-N,2026-01-03 15:00:00,,DJ-N$1d24fd94,Stock Funds Rose 14.6% in 2025 -- Journal Report
NVDA,DJ-N,2026-01-03 14:26:00,,DJ-N$1d24faea,"Dow Jones Futures: Trump Says U.S. Seizes Venezuela's Maduro; Nvidia, AMD, Taiwan Semi Due -- IBD"
NVDA,DJ-N,2026-01-03 14:13:00,,DJ-N$1d24f6d0,"Dow Jones Futures: Trump Says U.S. Seizes Venezuela's Maduro; Nvidia, AMD, Taiwan Semi Due -- IBD"
NVDA,DJ-N,2026-01-03 13:20:00,,DJ-N$1d24f382,"Dow Jones Futures: Trump Says U.S. Seizes Venezuela's Maduro; Nvidia, AMD, Taiwan Semi Due -- IBD"
NVDA,DJ-N,2026-01-03 13:14:00,,DJ-N$1d24f2fb,"Dow Jones Futures: Trump Says U.S. Seizes Venezuela's Maduro; Nvidia, AMD, Taiwan Semi Due -- IBD"
NVDA,DJ-N,2026-01-03 13:12:00,,DJ-N$1d24f2da,"Dow Jones Futures: Nvidia, AMD, Taiwan Semi Due After Tesla, Palantir, AppLovin Trigger Sell Signals -- IBD"
NVDA,DJ-N,2026-01-03 12:37:00,,DJ-N$1d24ef62,"Dow Jones Futures: Nvidia, AMD, Taiwan Semi Due After Tesla, Palantir, AppLovin Trigger Sell Signals -- IBD"
NVDA,DJ-N,2026-01-03 03:55:00,,DJ-N$1d248f4d,"Dow Jones Futures: Nvidia, AMD, Taiwan Semi Due After Tesla, Palantir, AppLovin Trigger Sell Signals -- IBD"
NVDA,DJ-N,2026-01-03 02:30:00,,DJ-N$1d246447,"Tech Trader: For the AI Trade, 2026 Is a Make-or-Break Year -- Barron's"
NVDA,DJ-N,2026-01-03 02:30:00,,DJ-N$1d24643c,Review -- Barron's
NVDA,DJ-N,2026-01-03 02:30:00,,DJ-N$1d246375,Up & Down Wall Street: Your Exuberance Is Irrational. The Market Is Headed Down. -- Barron's
NVDA,DJ-N,2026-01-02 23:05:00,,DJ-N$1d243d04,"Dow Jones Futures: Nvidia, AMD, Taiwan Semi Due After Tesla, Palantir, AppLovin Trigger Sell Signals -- IBD"
NVDA,DJ-N,2026-01-02 21:36:00,,DJ-N$1d240ecf,"Dow Jones Futures: Nvidia, AMD, Taiwan Semi Due After Tesla, Palantir, AppLovin Trigger Sell Signals -- IBD"
NVDA,DJ-N,2026-01-02 21:33:00,,DJ-N$1d240b9c,"VP Robertson Jr Registers 80,000 Of NVIDIA Corp >NVDA"
NVDA,DJ-N,2026-01-02 16:15:00,,DJ-N$1d2394aa,"Dow Rallies 150 Points On Gains For Shares Of Caterpillar, Boeing"
NVDA,DJ-N,2026-01-02 15:05:00,,DJ-N$1d234bf2,"Nvidia, AMD, and Broadcom Are Facing Off. How the 2026 AI Chips Battle Is Shaping Up. -- Barrons.com"
NVDA,DJ-N,2026-01-02 13:12:00,,DJ-N$1d231f14,Dow Jones Futures Rise As Santa Joins Rally In 2026; Big Tesla News Due -- IBD
NVDA,DJ-N,2026-01-02 13:10:00,,DJ-N$1d231e63,Dow Jones Futures Rise As Santa Joins Rally In 2026; Big Tesla News Due -- IBD
NVDA,DJ-N,2026-01-02 13:01:00,,DJ-N$1d231a28,Dow Jones Futures Rise As Santa Joins Rally In 2026; Big Tesla News Due -- IBD
NVDA,DJ-N,2026-01-02 12:14:00,,DJ-N$1d2307f0,"Nvidia, AMD and Broadcom Are Facing Off. How the 2026 AI Chips Battle Is Shaping Up. -- Barrons.com"
NVDA,DJ-N,2026-01-02 12:02:00,,DJ-N$1d23038d,Dow Jones Futures Rise As Santa Joins Rally In 2026; Big Tesla News Due -- IBD
NVDA,DJ-N,2026-01-02 11:53:00,,DJ-N$1d22ffed,China's AI Frenzy Kickstarts 2026. What It Means for U.S. Tech Stocks. -- Barrons.com
NVDA,DJ-N,2026-01-02 11:37:00,,DJ-N$1d22fd4e,Baidu Stock Surges as Chip Unit Files for Hong Kong IPO. China's AI Boom Is Coming. -- Barrons.com
NVDA,DJ-N,2026-01-02 11:29:00,,DJ-N$1d22fabd,"Dow Jones Futures Rise, Techs Jump To Kick Off 2026; Big Tesla News Due -- IBD"
NVDA,DJ-N,2026-01-02 11:05:00,,DJ-N$1d22f4ef,Baidu Stock Surges. Chinese AI Takes Center Stage. -- Barrons.com
NVDA,DJ-N,2026-01-02 07:33:00,,DJ-N$1d22b239,Heard on the Street: Nvidia Gets Creative With Cash Flood -- WSJ
NVDA,DJ-N,2026-01-02 07:33:00,,DJ-N$1d22b232,Hong Kong Stocks Log Best Year Since '17 -- WSJ
NVDA,DJ-N,2026-01-02 06:30:00,,DJ-N$1d2297ed,The Stock Market Won't Be Worth Celebrating in 2026 -- Barrons.com
NVDA,DJ-N,2026-01-02 06:00:00,,DJ-N$1d229002,Visa Stock Has a Long Runway for Growth as the World Moves From Cash to Plastic -- Barrons.com
NVDA,DJ-N,2026-01-02 03:46:00,,DJ-N$1d2275d6,Dow Jones Futures Rise To Kick Off 2026; Big Tesla News Due -- IBD
NVDA,DJ-N,2026-01-02 03:00:00,,DJ-N$1d2270d2,"Dow Jones Futures Rise; Market Starts 2026 With Key Test, Big Tesla News -- IBD"
NVDA,DJ-N,2026-01-02 01:07:00,,DJ-N$1d2245fe,"Dow Jones Futures Rise; Market Starts 2026 With Key Test, Big Tesla News -- IBD"
NVDA,DJ-N,2026-01-01 23:38:00,,DJ-N$1d223b10,"Dow Jones Futures Rise; Market Starts 2026 With Key Test, Big Tesla News -- IBD"
NVDA,DJ-N,2026-01-01 23:03:00,,DJ-N$1d22366d,"Dow Jones Futures Rise; Market Starts 2026 With Key Test, Big Tesla News -- IBD"
NVDA,DJ-N,2026-01-01 20:41:00,,DJ-N$1d222ddc,"Dow Jones Futures Loom; Market Starts 2026 With Key Test, Tesla Deliveries -- IBD"
CRCA,DJ-N,2025-08-07 12:30:00,,DJ-N$1bc701d0,Press Release: ProShares Launches First Single-Stock ETF Targeting 2x Daily Returns of Circle Internet Group
CCTG,DJ-N,2025-12-23 21:20:00,,DJ-N$1d13bf33,Press Release: CCSC Technology International -3-
CCTG,DJ-N,2025-12-23 21:20:00,,DJ-N$1d13bf2f,Press Release: CCSC Technology International -2-
CCTG,DJ-N,2025-12-23 21:20:00,,DJ-N$1d13bf2e,"Press Release: CCSC Technology International Holdings Limited Reports Financial Results for the Six Months Ended September 30, 2025"
CCTG,DJ-N,2025-12-19 21:07:00,,DJ-N$1d0c6034,CCSC Technology International Gets Nasdaq Notification Regarding Minimum Bid Price Deficiency
CCTG,DJ-N,2025-12-19 21:05:00,,DJ-N$1d0c5d37,Press Release: CCSC Technology International Holdings Limited Receives Nasdaq Notification Regarding Minimum Bid Price Deficiency
CCTG,DJ-N,2025-12-19 21:05:00,,DJ-N$1d0c5cd6,Press Release: CCSC Technology International Holdings Limited Receives Nasdaq Notification Regarding Minimum Bid Price Deficiency
CCTG,DJ-N,2025-11-04 18:41:00,,DJ-N$1c9aa962,CCSC Technology International Holdings Ltd. (CCTG) Resumed Trading
CCTG,DJ-N,2025-11-04 18:36:00,,DJ-N$1c9aa852,CCSC Technology International Holdings Ltd. (CCTG) Paused due to volatility
CCTG,DJ-N,2025-11-04 18:35:00,,DJ-N$1c9aa829,CCSC Technology International Holdings Ltd. (CCTG) Resumed Trading
CCTG,DJ-N,2025-11-04 18:30:00,,DJ-N$1c9aa6df,CCSC Technology International Holdings Ltd. (CCTG) Paused due to volatility
CCTG,DJ-N,2025-11-04 18:21:00,,DJ-N$1c9aa43d,CCSC Technology International Holdings Ltd. (CCTG) Resumed Trading
CCTG,DJ-N,2025-11-04 18:11:00,,DJ-N$1c9aa285,CCSC Technology International Holdings Ltd. (CCTG) Paused due to volatility
CCTG,DJ-N,2025-11-04 15:53:00,,DJ-N$1c9a2240,CCSC Technology International Holdings Ltd. (CCTG) Resumed Trading
CCTG,DJ-N,2025-11-04 15:48:00,,DJ-N$1c9a1cf8,CCSC Technology International Holdings Ltd. (CCTG) Paused due to volatility
CCTG,DJ-N,2025-10-24 01:00:00,,DJ-N$1c7c66b1,"Holder Cyber Generations Registers 186,770 Of CCSC TECH INTL HLDGS Ltd >CCTG"
CCTG,DJ-N,2025-10-24 00:57:00,,DJ-N$1c7c667e,"Holder CCSC INVEST Ltd Registers 3,292,770 Of CCSC TECH INTL HLDGS Ltd >CCTG"
CCTG,DJ-N,2025-10-10 13:50:00,,DJ-N$1c5cc40b,CCSC Technology International Holdings Ltd. (CCTG) Resumed Trading
CCTG,DJ-N,2025-10-10 13:45:00,,DJ-N$1c5cc2a8,CCSC Technology International Holdings Ltd. (CCTG) Paused due to volatility
CCTG,DJ-N,2025-10-10 13:39:00,,DJ-N$1c5cc126,CCSC Technology International Holdings Ltd. (CCTG) Resumed Trading
CCTG,DJ-N,2025-10-10 13:34:00,,DJ-N$1c5cbf16,CCSC Technology International Holdings Ltd. (CCTG) Paused due to volatility
CCTG,DJ-N,2025-10-09 15:55:00,,DJ-N$1c5a9975,CCSC Technology International Holdings Ltd. (CCTG) Resumed Trading
CCTG,DJ-N,2025-10-09 15:50:00,,DJ-N$1c5a9556,CCSC Technology International Holdings Ltd. (CCTG) Paused due to volatility
CCTG,DJ-N,2025-10-09 15:48:00,,DJ-N$1c5a9333,CCSC Technology International Holdings Ltd. (CCTG) Resumed Trading
CCTG,DJ-N,2025-10-09 15:38:00,,DJ-N$1c5a8754,CCSC Technology International Holdings Ltd. (CCTG) Paused due to volatility
CCTG,DJ-N,2025-10-09 15:38:00,,DJ-N$1c5a874c,CCSC Technology International Holdings Ltd. (CCTG) Resumed Trading
CCTG,DJ-N,2025-10-09 15:28:00,,DJ-N$1c5a7c7e,CCSC Technology International Holdings Ltd. (CCTG) Paused due to volatility
CCTG,DJ-N,2025-10-09 15:27:00,,DJ-N$1c5a7c6e,CCSC Technology International Holdings Ltd. (CCTG) Resumed Trading
CCTG,DJ-N,2025-10-09 15:22:00,,DJ-N$1c5a7773,CCSC Technology International Holdings Ltd. (CCTG) Paused due to volatility
CCTG,DJ-N,2025-10-09 15:22:00,,DJ-N$1c5a7549,CCSC Technology International Holdings Ltd. (CCTG) Resumed Trading
CCTG,DJ-N,2025-10-09 15:12:00,,DJ-N$1c5a6d22,CCSC Technology International Holdings Ltd. (CCTG) Paused due to volatility
CCTG,DJ-N,2025-10-09 15:12:00,,DJ-N$1c5a6cbf,CCSC Technology International Holdings Ltd. (CCTG) Resumed Trading
CCTG,DJ-N,2025-10-09 15:07:00,,DJ-N$1c5a67ff,CCSC Technology International Holdings Ltd. (CCTG) Paused due to volatility
CCTG,DJ-N,2025-10-09 13:00:00,,DJ-N$1c59efbd,Press Release: CCSC Technology International Holdings to Advance Construction of New Supply Chain Management Center in Central Europe
CCTG,DJ-N,2025-10-09 13:00:00,,DJ-N$1c59ee6c,Press Release: CCSC Technology International Holdings to Advance Construction of New Supply Chain Management Center in Central Europe
CCTG,DJ-N,2025-10-02 20:05:00,,DJ-N$1c4c8913,Press Release: CCSC Technology International Holdings Limited Announces Closing of a $7.06 Million Public Offering
CCTG,DJ-N,2025-10-02 20:05:00,,DJ-N$1c4c88a4,Press Release: CCSC Technology International Holdings Limited Announces Closing of a $7.06 Million Public Offering
CCTG,DJ-N,2025-10-01 12:42:00,,DJ-N$1c47f809,CCSC Technology Intl Holdings Limited Announces Pricing of $7.06M Public Offering
CCTG,DJ-N,2025-10-01 12:42:00,,DJ-N$1c47f7f3,Press Release: CCSC Technology International Holdings Limited Announces Pricing of $7.06 Million Public Offering
CCTG,DJ-N,2025-10-01 12:42:00,,DJ-N$1c47f7e7,Press Release: CCSC Technology International Holdings Limited Announces Pricing of $7.06 Million Public Offering
CCTG,DJ-N,2025-07-17 20:20:00,,DJ-N$1b925a38,Press Release: CCSC Technology International -3-
CCTG,DJ-N,2025-07-17 20:20:00,,DJ-N$1b925a36,Press Release: CCSC Technology International -2-
CCTG,DJ-N,2025-07-17 20:20:00,,DJ-N$1b925a2f,"Press Release: CCSC Technology International Holdings Limited Reports Financial Results for Fiscal Year Ended March 31, 2025"
TSLA,BRFG,2026-01-02 15:04:55,,BRFG$1d23b6be,Tesla shrugs off Q4 delivery miss as investors pivot to AI and robotics future
TSLA,BRFG,2025-12-01 15:03:51,,BRFG$1cde9cfb,Tesla's registrations plunge across Europe as EV maker remains stuck in between growth cycles
TSLA,BRFG,2025-11-07 16:10:58,,BRFG$1ca558e0,"Tesla shareholders back Musk pay plan, clearing path for bold AI and robotics pivot"
TSLA,BRFG,2025-10-23 14:06:53,,BRFG$1c7b8090,"Tesla misses on EPS again as lower ASPs, tariff pressures, and higher AI spending hit profits"
TSLA,BRFG,2025-10-02 14:19:54,,BRFG$1c4c428a,"Tesla cruises past Q3 delivery estimates, but tax credit pull-forward clouds Q4 outlook"
TSLA,BRFG,2025-09-15 14:03:38,,BRFG$1c223a63,Tesla's Musk makes bold $1 bln stock bet amid EV headwinds and AI ambitions
TSLA,BRFG,2025-07-24 14:20:22,,BRFG$1ba24c02,Tesla's better-than-feared Q2 results overshadowed by Musk's cautious outlook
TSLA,BRFG,2025-07-01 14:10:42,,BRFG$1b6cdf7d,Tesla shares slide as Trump targets Musk's EV subsidies in public spat
TSLA,BRFG,2025-06-02 16:07:58,,BRFG$1b296338,"Tesla grapples with sharp European sales drop, pins hopes on Robotaxi and updated Model Y"
TSLA,BRFG,2025-05-14 14:30:44,,BRFG$1afcaf9d,"Tesla to ship Chinese parts for Cybercab and Semi, Board eyes new pay deal for Musk"
TSLA,BRFG,2025-04-23 14:39:30,,BRFG$1ac17355,"Tesla posts weak Q1 results, but shares rise on hopes for Cybercab and new vehicle launches"
TSLA,BRFG,2025-04-21 14:37:06,,BRFG$1abab206,Tesla's growth outlook dims again as rollout of low-cost Model Y slips to late 2025 or beyond
TSLA,BRFG,2025-04-02 15:42:10,,BRFG$1a8bcfa3,Tesla turns positive as weak Q1 deliveries priced in; CEO stepping away from governing roles
TSLA,BRFG,2025-03-25 14:32:23,,BRFG$1a753ca7,Tesla ticks lower as European sales plunge and rivals leap ahead; shares may be bottoming
TSLA,BRFG,2025-03-10 14:53:53,,BRFG$1a4ea1f8,Tesla running out of exits as sales slump spreads around the world
TSLA,BRFG,2025-01-30 16:04:37,,BRFG$19eba545,"Tesla's EV business shifts into reverse as its misses Q4 estimates, but focus turns to FY26"
TSLA,BRFG,2025-01-02 16:12:23,,BRFG$19a9d62e,Tesla's U-turn continues into 2025 after reporting disappointing Q4 deliveries
TSLA,BRFG,2024-11-18 15:45:21,,BRFG$19470fc9,Tesla speeds higher as incoming Trump Administration reportedly set to prioritize AVs
TSLA,BRFG,2024-10-24 14:47:42,,BRFG$19045bd5,Tesla puts a charge into its stock by delivering much improved Q3 results
TSLA,BRFG,2024-10-11 16:21:38,,BRFG$18e60bd2,Tesla endures a sell-the-news response following the unveiling of its Cybercab
TSLA,BRFG,2024-10-10 14:22:15,,BRFG$18e2b3a5,Tesla moving lower ahead of its RoboTaxi unveiling tonight; roadblocks still stand in its way
TSLA,BRFG,2024-09-03 15:15:29,,BRFG$1887220f,"Tesla's sales in China receive a needed jolt, while Robotaxi unveiling goes Hollywood"
TSLA,BRFG,2024-07-24 14:59:44,,BRFG$181c6005,Tesla skidding lower as eroding margins lead to fourth consecutive earnings miss
TSLA,BRFG,2024-07-02 15:04:04,,BRFG$17ec699f,Tesla speeding to multi-month highs as Q2 deliveries exceed expectations
TSLA,BRFG,2024-06-25 14:23:56,,BRFG$17dc0a2b,"Tesla's Cybertruck dented by another recall, but rebound in China provides stock with a spark"
TSLA,BRFG,2024-06-10 16:45:10,,BRFG$17bbeece,Tesla shares could be in for a bumpy ride this week ahead of vote on Elon Musk's pay package
TSLA,BRFG,2024-04-29 15:09:07,,BRFG$1755c865,Tesla executing sharp U-turn as growth prospects suddenly brighten
TSLA,BRFG,2024-04-24 13:59:08,,BRFG$174440fe,Tesla puts bleak Q1 results in rearview mirror by accelerating timeline for affordable EVs
TSLA,BRFG,2024-04-15 14:54:47,,BRFG$172d8877,Tesla heads in reverse after reports of sizable round of job cuts and more Cybertruck issues
TSLA,BRFG,2024-04-05 17:02:21,,BRFG$171aacb0,"Tesla falls on report that it's scrapping plans for mass market EV, but losses trimmed"
TSLA,BRFG,2024-04-02 17:02:20,,BRFG$17122784,Tesla's disappointing Q1 deliveries put growth concerns back under the spotlight
TSLA,BRFG,2024-03-04 17:08:54,,BRFG$16d0e9b4,Tesla's weak China shipments triggering significant selling pressure today
TSLA,BRFG,2024-01-25 15:29:37,,BRFG$167bcccd,Tesla shareholders turning onto the exit ramp as growth reaches major speedbump in 2024
TSLA,BRFG,2023-12-28 15:18:42,,BRFG$16451b14,Tesla stuck in neutral today after reports that the company could launch in India next month
TSLA,BRFG,2023-12-13 15:16:49,,BRFG$162a367c,"Tesla recalls two million vehicles, but losing tax credit on Model 3s has bigger implications"
TSLA,BRFG,2023-12-01 17:08:36,,BRFG$1613353d,Tesla Cybertruck launch event fails to put a charge into shares; margins remain in spotlight
TSLA,BRFG,2023-10-19 14:39:15,,BRFG$15af2ee5,Tesla's results take a wrong turn as price cuts and ramping investments cut into its profits
TSLA,BRFG,2023-10-02 17:11:31,,BRFG$158bd59a,"Tesla's Q3 production miss is shrugged off, but a possible Cybertruck delay could disappoint"
TSLA,BRFG,2023-09-11 16:34:08,,BRFG$156168b8,"Tesla receives a jolt on Morgan Stanley upgrade, putting FSD technology in the spotlight"
TSLA,BRFG,2023-08-14 16:06:07,,BRFG$152551d7,Tesla encounters a speed bump today after reportedly implementing further price cuts in China
TSLA,BRFG,2023-07-20 14:16:41,,BRFG$14ed7b71,"Tesla fails to steer around margin concerns in Q2, sending shares in reverse"
TSLA,BRFG,2023-07-17 15:01:35,,BRFG$14e570cb,Tesla receives another jolt after announcing initial Cybertruck production
TSLA,BRFG,2023-07-03 14:17:16,,BRFG$14c8b631,"Tesla's record deliveries in Q2, helped by price cuts and healthy demand, spark a nice gap up"
TSLA,BRFG,2023-06-09 14:24:11,,BRFG$149dc8bd,Tesla amped up again after General Motors partners with company to access its Superchargers
TSLA,BRFG,2023-04-20 14:30:37,,BRFG$143fc7a8,"Tesla's aggressive price cuts put major dent in margins, sending stock in reverse"
TSLA,BRFG,2023-04-03 14:13:08,,BRFG$141cfa4c,Tesla in reverse as investors lock in gains following solid Q1 production and delivery report
TSLA,BRFG,2023-03-06 15:40:25,,BRFG$13e1328a,Tesla looks to put another charge into demand with another round of price cuts
TSLA,BRFG,2023-01-26 15:19:14,,BRFG$138f5087,"Tesla's price cuts putting a charge into January orders, easing widespread demand concerns"
TSLA,BRFG,2023-01-06 15:25:08,,BRFG$136acf0d,"Tesla steps on the accelerator with its price cuts in China, sending shares in reverse"
TSLA,DJ-N,2026-01-05 07:32:00,,DJ-N$1d260e0c,Musk's Surreal Year Could Make Him Founding Member of Trillionaire Club -- WSJ
TSLA,DJ-N,2026-01-04 10:30:00,,DJ-N$1d255916,"Simulation or Not, Musk's Surreal Year Could Push Him to $1 Trillion Heights -- WSJ"
TSLA,DJ-N,2026-01-03 02:30:00,,DJ-N$1d24643c,Review -- Barron's
TSLA,DJ-N,2026-01-03 02:30:00,,DJ-N$1d2463a2,Cathie Wood's ARK Funds Outrun the Market -- Barron's
TSLA,DJ-N,2026-01-03 02:30:00,,DJ-N$1d246398,The Trader: This Could Be the Calm Before the January Storm -- Barron's
TSLA,DJ-N,2026-01-03 02:00:00,,DJ-N$1d244b69,Inside Elon Musk's Optimus Robot Project -- WSJ
TSLA,DJ-N,2026-01-02 22:20:00,,DJ-N$1d2436f5,"The Score: Lululemon, Tesla, Delta, Nike and More Stocks That Defined the Week -- WSJ"
TSLA,DJ-N,2026-01-02 22:13:00,,DJ-N$1d243426,Tesla Seen As Quiet on Artificial-Intelligence Efforts -- Market Talk
TSLA,DJ-N,2026-01-02 21:54:00,,DJ-N$1d2420de,Tesla Sales Drop for Second Year in a Row -- 6th Update
TSLA,DJ-N,2026-01-02 21:51:00,,DJ-N$1d241e56,"Holder JRM REVOC TR James Murdoch Ttee Registers 60,000 Of Tesla Inc >TSLA"
TSLA,DJ-N,2026-01-02 21:20:00,,DJ-N$1d23fb7c,"These Stocks Moved the Most Today: Tesla, Baidu, Western Digital, Micron, RH, Vertiv, Sable Offshore, AppLovin, and More -- Barrons.com"
TSLA,DJ-N,2026-01-02 21:19:00,,DJ-N$1d23fb5a,Rivian Stock Falls After Drop in Deliveries. 2026 Is What Really Matters. -- Barrons.com
TSLA,DJ-N,2026-01-02 21:07:00,,DJ-N$1d23eda8,Tesla Stock Pops and Drops After Fourth-Quarter Deliveries. -- Barrons.com
TSLA,DJ-N,2026-01-02 19:35:00,,DJ-N$1d23d1c9,"These Stocks Are Moving the Most Today: Tesla, Baidu, Western Digital, Micron, RH, Vertiv, Sable Offshore, AppLovin, and More -- Barrons.com"
TSLA,DJ-N,2026-01-02 19:32:00,,DJ-N$1d23d0ff,"Tesla Currently Down Seven Consecutive Days, On Pace for Longest Losing Streak Since April 2024 -- Data Talk"
TSLA,DJ-N,2026-01-02 18:28:00,,DJ-N$1d23c7dc,Tesla Sales Drop for Second Year in a Row -- 5th Update
TSLA,DJ-N,2026-01-02 18:19:00,,DJ-N$1d23c535,The Market Was Calm to End 2025. January Will Bring a Rude Awakening. -- Barrons.com
TSLA,DJ-N,2026-01-02 17:44:00,,DJ-N$1d23bec5,Tesla Sales Drop for Second Year in a Row -- 4th Update
TSLA,DJ-N,2026-01-02 17:42:00,,DJ-N$1d23be86,Tesla Price Target Cut to $439.00/Share From $444.00 by Truist Securities
TSLA,DJ-N,2026-01-02 17:42:00,,DJ-N$1d23be81,Tesla Is Maintained at Hold by Truist Securities
TSLA,DJ-N,2026-01-02 17:37:00,,DJ-N$1d23bdaa,"These Stocks Are Moving the Most Today: Tesla, Baidu, Western Digital, Micron, RH, Vertiv, Sable Offshore, AppLovin, and More -- Barrons.com"
TSLA,DJ-N,2026-01-02 17:35:00,,DJ-N$1d23bce2,Rivian Stock Falls After Drop in Deliveries. 2026 Is What Really Matters. -- Barrons.com
TSLA,DJ-N,2026-01-02 17:07:00,,DJ-N$1d23b6f6,"These Stocks Are Moving the Most Today: Tesla, Baidu, Western Digital, Micron, RH, Vertiv, Sable Offshore, AppLovin, and More -- Barrons.com"
TSLA,DJ-N,2026-01-02 16:18:00,,DJ-N$1d239580,Tesla Dethroned as World's Largest EV Maker -- Market Talk
TSLA,DJ-N,2026-01-02 16:16:00,,DJ-N$1d239500,Tesla Stock Pops and Drops After Fourth-Quarter Deliveries. -- Barrons.com
TSLA,DJ-N,2026-01-02 15:17:00,,DJ-N$1d235815,"Tesla Expected to Make Its Switch to Robotics, AI in 2026 -- Market Talk"
TSLA,DJ-N,2026-01-02 15:03:00,,DJ-N$1d2349c5,"These Stocks Are Moving the Most Today: Tesla, Baidu, Western Digital, Micron, RH, Vertiv, Sable Offshore, and More -- Barrons.com"
TSLA,DJ-N,2026-01-02 14:56:00,,DJ-N$1d23472c,Tesla's Sales Drop Was Better Than Feared -- Market Talk
TSLA,DJ-N,2026-01-02 14:54:00,,DJ-N$1d2346e5,Tesla Sales Drop for Second Year in a Row -- 3rd Update
TSLA,DJ-N,2026-01-02 14:46:00,,DJ-N$1d234540,Tesla Stock Rises. Fourth-Quarter Deliveries Drop. -- Barrons.com
TSLA,DJ-N,2026-01-02 14:34:00,,DJ-N$1d234096,Tesla Sales Drop for Second Year in a Row -- 2nd Update
TSLA,DJ-N,2026-01-02 14:21:00,,DJ-N$1d233caa,Tesla Sales Drop for Second Year in a Row -- Update
TSLA,DJ-N,2026-01-02 14:21:00,,DJ-N$1d233caf,"Press Release: Tesla Fourth Quarter 2025 Production, Deliveries & Deployments"
TSLA,DJ-N,2026-01-02 14:20:00,,DJ-N$1d233b63,Tesla Files 8K - Operations And Financial Condition >TSLA
TSLA,DJ-N,2026-01-02 14:17:00,,DJ-N$1d2338ee,Tesla's 4Q Sales Fall
TSLA,DJ-N,2026-01-02 14:12:00,,DJ-N$1d2332fc,Tesla Sales Drop for Second Year in a Row -- WSJ
TSLA,DJ-N,2026-01-02 14:11:00,,DJ-N$1d233245,BYD Takes EV Crown From Tesla. What It Means for the Stock. -- Barrons.com
TSLA,DJ-N,2026-01-02 14:10:00,,DJ-N$1d233195,Tesla Stock Rises. Fourth-Quarter Deliveries Drop. -- Barrons.com
TSLA,DJ-N,2026-01-02 14:05:00,,DJ-N$1d232b3a,"!* Tesla: Produced 1,600,767 Model 3/Y in 2025 >TSLA"
TSLA,DJ-N,2026-01-02 14:04:00,,DJ-N$1d232af2,"!* Tesla: Delivered 1,585,279 Model 3/Y in 2025 >TSLA"
TSLA,DJ-N,2026-01-02 14:04:00,,DJ-N$1d232a89,"!* Tesla Produced 422,652 Model 3/Y in 4Q >TSLA"
TSLA,DJ-N,2026-01-02 14:04:00,,DJ-N$1d232a82,"!* Tesla Delivered 406,585 Model 3/Y in 4Q >TSLA"
TSLA,DJ-N,2026-01-02 14:03:00,,DJ-N$1d232a5f,!* Tesla Deployed 14.2 GWh of Energy Storage Products in 4Q >TSLA
TSLA,DJ-N,2026-01-02 14:03:00,,DJ-N$1d232a5e,"!* Tesla Delivered More Than 418,000 Vehicles in 4Q >TSLA"
TSLA,DJ-N,2026-01-02 14:03:00,,DJ-N$1d232a55,"!* Tesla: Produced More Than 434,000 Vehicles in 4Q >TSLA"
TSLA,DJ-N,2026-01-02 13:06:00,,DJ-N$1d231d65,BYD Set to Dethrone Tesla as World's Biggest EV Maker -- WSJ
TSLA,DJ-N,2026-01-02 12:52:00,,DJ-N$1d231624,Tesla Stock Rises. Fourth-Quarter Deliveries Are Expected to Drop. -- Barrons.com
TSLA,DJ-N,2026-01-02 11:14:00,,DJ-N$1d22f776,"These Stocks Are Moving the Most Today: Tesla, NIO, Baidu, Western Digital, Micron, Newmont, RH, and More -- Barrons.com"
TSLA,DJ-N,2026-01-02 11:07:00,,DJ-N$1d22f553,Tesla Gains Premarket ahead of Sales Release -- Market Talk
TSLA,DJ-N,2026-01-02 10:27:00,,DJ-N$1d22eb6a,"These Stocks Are Moving the Most Today: Tesla, NIO, Baidu, Western Digital, Newmont, RH, and More -- Barrons.com"
AVGO,BRFG,2025-12-12 15:33:30,,BRFG$1cfb78de,"Broadcom Breaks the Signal: Strong AI Numbers, but the Stock Loses Connection"
AVGO,BRFG,2025-09-05 14:23:46,,BRFG$1c0e79a7,"Broadcom Crushes Q3 on AI Strength, Adds Fourth Major Customer, Bullish on FY26 AI Demand"
AVGO,BRFG,2025-06-06 14:04:48,,BRFG$1b34d56e,"Broadcom seeing some profit taking following Q2 report, not quite as strong as NVDA last week"
AVGO,BRFG,2025-03-07 14:58:21,,BRFG$1a4a8719,Broadcom's surging AI revs in Q1 fuels top and bottom-line beats; sees sustained demand in Q2
AVGO,BRFG,2025-02-18 16:19:51,,BRFG$1a1aff16,Intel jumps on report that Broadcom
AVGO,BRFG,2024-12-13 15:08:22,,BRFG$19824f84,Broadcom surges to new all-time high on Q4 beat and bullish AI comments
AVGO,BRFG,2024-09-06 14:02:30,,BRFG$18919e8e,Broadcom down on a soft Q4 sales forecast; AI revs still buoyant while non-AI demand recovers
AVGO,BRFG,2024-06-24 14:40:29,,BRFG$17d8f02d,Broadcom's fast growing AI business to receive another boost with reported ByteDance deal
AVGO,BRFG,2024-06-13 14:34:56,,BRFG$17c3d0c3,Broadcom at all-time highs after AI lifts Q2 results; expects bottoms in certain markets
AVGO,BRFG,2024-03-08 15:00:36,,BRFG$16dc7e0e,Broadcom slips following Q1 results as deteriorating non-AI demand sparks mild profit-taking
AVGO,BRFG,2024-02-26 15:52:11,,BRFG$16bfafdd,Broadcom divests former VMware business as it looks to focus on core virtualization products
AVGO,BRFG,2023-12-08 15:09:42,,BRFG$16218f8b,Broadcom trades sideways as mild FY24 revenue guidance overshadows solid OctQ results
AVGO,BRFG,2023-09-01 14:22:28,,BRFG$154f9fc7,Broadcom's mild JulQ results and OctQ sales estimate struggle to keep shares at 52-week highs
AVGO,BRFG,2023-07-19 14:26:38,,BRFG$14eada02,Broadcom's acquisition of VMware clears another regulatory hurdle as FTC decision looms
AVGO,BRFG,2023-06-02 14:13:09,,BRFG$1491ed4b,Broadcom adds to its recent rally following solid Q2 earnings and potential AI-related growth
AVGO,BRFG,2023-03-03 15:51:58,,BRFG$13dd6912,"Broadcom edges higher after delivering consistent growth in Q1, leans in on AI trends"
AVGO,BRFG,2023-02-28 15:58:42,,BRFG$13d4c6d3,Broadcom's deal to buy VMware looks less likely after EU Commission issues antitrust warning
AVGO,DJ-N,2026-01-03 02:30:00,,DJ-N$1d24638f,2026 Looks Sunny to This Money Pro -- Barron's
AVGO,DJ-N,2026-01-03 02:30:00,,DJ-N$1d246375,Up & Down Wall Street: Your Exuberance Is Irrational. The Market Is Headed Down. -- Barron's
AVGO,DJ-N,2026-01-02 15:05:00,,DJ-N$1d234bf2,"Nvidia, AMD, and Broadcom Are Facing Off. How the 2026 AI Chips Battle Is Shaping Up. -- Barrons.com"
AVGO,DJ-N,2026-01-02 12:14:00,,DJ-N$1d2307f0,"Nvidia, AMD and Broadcom Are Facing Off. How the 2026 AI Chips Battle Is Shaping Up. -- Barrons.com"
AVGO,DJ-N,2026-01-02 06:30:00,,DJ-N$1d2297ed,The Stock Market Won't Be Worth Celebrating in 2026 -- Barrons.com
AVGO,DJ-N,2025-12-31 20:57:00,,DJ-N$1d21332d,"CFO Spears Registers 30,000 Of Broadcom Inc >AVGO"
AVGO,DJ-N,2025-12-31 13:44:00,,DJ-N$1d2067f4,Substantial Insider Sales: Morning Report
AVGO,DJ-N,2025-12-31 10:30:00,,DJ-N$1d20240f,Nvidia Stock Is in a Rut. This Could Get It Going Again. -- Barrons.com
AVGO,DJ-N,2025-12-31 07:33:00,,DJ-N$1d1fe478,Stocks Defy Tariff Jitters in '25 -- WSJ
AVGO,DJ-N,2025-12-31 07:15:00,,DJ-N$1d1fe127,This Money Pro Sees Higher Stock Prices and More Rate Cuts in 2026 -- Barrons.com
AVGO,DJ-N,2025-12-31 06:00:00,,DJ-N$1d1fb49c,Even Permabears Have Portfolios. Where Jeremy Grantham Sees Value Now. -- Barrons.com
AVGO,DJ-N,2025-12-31 00:00:00,,DJ-N$1d1f36a3,"Officer Brazeal Sells 25,921 Of Broadcom Inc >AVGO"
AVGO,DJ-N,2025-12-30 21:54:00,,DJ-N$1d1f0a7f,U.S. Stocks Defy 'Sell America' Warnings and Is Ending 2025 Near Record High -- WSJ
AVGO,DJ-N,2025-12-29 22:32:00,,DJ-N$1d1c678e,"CEO Tan Surrenders 100,000 Of Broadcom Inc >AVGO"
AVGO,DJ-N,2025-12-29 15:33:00,,DJ-N$1d1b64a4,"Officer Brazeal Registers 25,921 Of Broadcom Inc >AVGO"
AVGO,DJ-N,2025-12-29 12:12:00,,DJ-N$1d1af470,CFA Technology:Insider Review For Week Ended 26-Dec -2-
AVGO,DJ-N,2025-12-29 12:12:00,,DJ-N$1d1af453,CFA Technology:Insider Review For Week Ended 26-Dec
AVGO,DJ-N,2025-12-27 02:30:00,,DJ-N$1d190db9,The Trader: A Priced-for-Perfection Market Can Still Have a Strong Year -- Barron's
AVGO,DJ-N,2025-12-27 02:30:00,,DJ-N$1d190db0,"Bloom Energy, Broadcom, and More AI Bargains -- Barron's"
AVGO,DJ-N,2025-12-26 17:50:00,,DJ-N$1d1869da,A Stock Market Priced for Perfection Can Still Have a Very Good Year -- Barrons.com
AVGO,DJ-N,2025-12-26 14:32:00,,DJ-N$1d181407,"Nvidia Licenses Groq's AI Chip Tech, Grabs Top Execs In Not-Quite Takeover -- IBD"
AVGO,DJ-N,2025-12-26 12:59:00,,DJ-N$1d18012a,"Nvidia Licenses Groq's AI Chip Tech, Grabs Top Execs In Not-Quite Takeover -- IBD"
AVGO,DJ-N,2025-12-26 11:30:00,,DJ-N$1d17e6d3,"Nvidia Licenses Groq's AI Chip Tech, Grabs Top Execs In Not-Quite Takeover -- IBD"
AVGO,DJ-N,2025-12-26 02:36:00,,DJ-N$1d176daf,"Nvidia Licenses Groq's AI Chip Tech, Grabs Top Execs In Not-Quite Takeover -- IBD"
AVGO,DJ-N,2025-12-26 01:09:00,,DJ-N$1d176593,"Nvidia Licenses Groq's AI Chip Tech, Grabs Top Execs In Not-Quite Takeover -- IBD"
AVGO,DJ-N,2025-12-25 16:48:00,,DJ-N$1d16fc90,"Nvidia Licenses Groq's AI Chip Tech, Grabs Top Execs -- IBD"
AVGO,DJ-N,2025-12-25 13:45:00,,DJ-N$1d16eeec,"Nvidia Licenses Groq's AI Chip Tech, Grabs Top Execs -- IBD"
AVGO,DJ-N,2025-12-24 23:01:00,,DJ-N$1d162e7b,"Nvidia Licenses Groq's AI Chip Tech, Grabs Top Execs, But Not A Takeover -- IBD"
AVGO,DJ-N,2025-12-24 22:40:00,,DJ-N$1d162cf2,"Nvidia Licenses Groq's AI Chip Tech, Grabs Top Execs, But Not A Takeover -- IBD"
AVGO,DJ-N,2025-12-24 22:10:00,,DJ-N$1d1629d6,"Nvidia Licenses Groq's AI Chip Tech, Grabs Top Execs, But Not A Takeover -- IBD"
AVGO,DJ-N,2025-12-24 22:07:00,,DJ-N$1d1629c4,"Nvidia Licenses Groq's AI Chip Tech, Grabs Top Execs, But Not A Takeover -- IBD"
AVGO,DJ-N,2025-12-24 19:36:00,,DJ-N$1d15e8e7,"This Tech Investor Likes Broadcom, Bloom Energy, and Other AI Bargains -- Barrons.com"
AVGO,DJ-N,2025-12-24 15:05:00,,DJ-N$1d1557ff,Intel Stock Drops. Blame Nvidia. -- Barrons.com
AVGO,DJ-N,2025-12-24 12:18:00,,DJ-N$1d152240,Intel Stock Drops. Blame Nvidia. -- Barrons.com
AVGO,DJ-N,2025-12-24 07:32:00,,DJ-N$1d14c78e,GDP Lifts S&P 500 to a Record -- WSJ
AVGO,DJ-N,2025-12-23 21:35:00,,DJ-N$1d13d191,"Broadcom Inc. Stock Advances 2.3%, Outperforms Market"
AVGO,DJ-N,2025-12-23 15:09:00,,DJ-N$1d12de4d,"Holder Tan Hock E Trust Registers 100,000 Of Broadcom Inc >AVGO"
AVGO,DJ-N,2025-12-23 13:44:00,,DJ-N$1d12b37e,Substantial Insider Sales: Morning Report
AVGO,DJ-N,2025-12-23 13:44:00,,DJ-N$1d12b379,Substantial Insider Purchases: Morning Report
AVGO,DJ-N,2025-12-22 22:35:00,,DJ-N$1d1133a7,"Dir You Buys 1,000 Of Broadcom Inc >AVGO"
AVGO,DJ-N,2025-12-22 22:29:00,,DJ-N$1d112c8f,"CEO Tan Sells 130,000 Of Broadcom Inc >AVGO"
AVGO,DJ-N,2025-12-22 19:20:00,,DJ-N$1d10c858,"Broadcom, Circle, and 8 More Stocks That Look Overvalued for 2026 -- Barrons.com"
AVGO,DJ-N,2025-12-22 12:14:00,,DJ-N$1d0f591e,CFA Technology:Insider Review For Week Ended 19-Dec -4-
AVGO,DJ-N,2025-12-22 12:14:00,,DJ-N$1d0f5903,CFA Technology:Insider Review For Week Ended 19-Dec -3-
AVGO,DJ-N,2025-12-22 12:13:00,,DJ-N$1d0f58b4,CFA Technology:Insider Review For Week Ended 19-Dec -2-
AVGO,DJ-N,2025-12-22 12:13:00,,DJ-N$1d0f58a2,CFA Technology:Insider Review For Week Ended 19-Dec
AVGO,DJ-N,2025-12-20 02:30:00,,DJ-N$1d0d2648,Review -- Barron's
AVGO,DJ-N,2025-12-20 02:30:00,,DJ-N$1d0d2647,Review & Preview: Netflix Goes Immersive -- Barron's
AVGO,DJ-N,2025-12-20 01:26:00,,DJ-N$1d0d09be,Netflix Goes Immersive -- Barrons.com
AVGO,DJ-N,2025-12-19 23:09:00,,DJ-N$1d0ceb88,"Officer Brazeal Surrenders 38,281 Of Broadcom Inc >AVGO"
NFLX,BRFG,2025-12-05 15:01:13,,BRFG$1ceb1dc9,"Netflix snaps up HBO, creating streaming powerhouse, but deal clouded by antitrust scrutiny"
NFLX,BRFG,2025-10-22 14:06:50,,BRFG$1c7869fe,"Netflix Misses the Mark on EPS, But Ads Business and KPop Hit Provides Some Punch"
NFLX,BRFG,2025-07-18 14:29:31,,BRFG$1b94e46c,Netflix streams lower despite upside Q2 report; sentiment was running high
NFLX,BRFG,2025-04-21 14:14:21,,BRFG$1abab204,Netflix streaming a bit higher; was able to implement price increases despite macro pressures
NFLX,BRFG,2025-04-15 16:03:55,,BRFG$1aae71f2,Netflix heads higher today as it eyes $1 trillion market cap and doubling of revenue by 2030
NFLX,BRFG,2025-01-22 15:19:31,,BRFG$19d86955,Netflix streams to new all-time high following robust Q4 results
NFLX,BRFG,2024-10-18 14:21:43,,BRFG$18f658ce,Netflix streams to a new all-time high on beat-and-raise; ads tier is gaining scale
NFLX,BRFG,2024-07-19 14:09:15,,BRFG$18110439,Netflix trades flat on Q2 results; EPS and margins were good but Q3 rev guidance light
NFLX,BRFG,2024-04-19 14:10:59,,BRFG$1739c5b8,Netflix streams lower despite EPS beat; decision to stop reporting net adds hurting
NFLX,BRFG,2024-01-24 16:06:22,,BRFG$1678fe26,Netflix streams sharply higher on huge Q4 net add number and margin upside
NFLX,BRFG,2024-01-05 17:17:55,,BRFG$16546ec5,Netflix mulling monetization of its gaming portfolio; could drive significant upside
NFLX,BRFG,2023-10-19 14:09:31,,BRFG$15af2ee4,Netflix streams back above $400 on Q3 results; huge net add number and price hikes
NFLX,BRFG,2023-07-20 14:13:18,,BRFG$14ed7b6f,Netflix streams sharply lower as revenue miss overshadows good net add number
NFLX,BRFG,2023-07-05 14:25:30,,BRFG$14cd46ef,"Netflix on radar ahead of pivotal Q2 report, password sharing crackdown"
NFLX,BRFG,2023-04-19 14:13:56,,BRFG$143d14ab,Netflix streams lower on downside Q2 guidance as paid sharing roll out gets bumped into Q2
NFLX,BRFG,2023-01-20 15:17:43,,BRFG$13856a4f,Netflix shares binge on gains following numerous highlights in Q4
NFLX,DJ-N,2026-01-02 21:43:00,,DJ-N$1d241664,Netflix Stock Sinks Into The Upside Down Despite 'Stranger Things' Success -- IBD
NFLX,DJ-N,2026-01-02 21:18:00,,DJ-N$1d23fa63,"Chmn Hastings Registers 426,290 Of Netflix Inc >NFLX"
NFLX,DJ-N,2026-01-02 17:31:00,,DJ-N$1d23bb6b,Netflix Stock Sinks Into The Upside Down Despite 'Stranger Things' Success -- IBD
NFLX,DJ-N,2026-01-02 14:14:00,,DJ-N$1d233483,AMC Entertainment: Company Excited About Prospect of Taking More Netflix Content to Theater Goers >AMC
NFLX,DJ-N,2026-01-02 14:14:00,,DJ-N$1d23345a,AMC Entertainment: Had Slightly More Than One-Third of Total Theater Count Showing Stranger Things Series Finale >AMC
NFLX,DJ-N,2026-01-02 14:13:00,,DJ-N$1d2333c5,"AMC Entertainment: In Just Two Days, More Than 753,000 Stranger Things Fans Flocked to an AMC Theater to Watch Series Finale >AMC"
NFLX,DJ-N,2026-01-02 07:33:00,,DJ-N$1d22b210,Bankers Primed for New Round of Monster Deals -- WSJ
NFLX,DJ-N,2026-01-02 07:00:00,,DJ-N$1d229f15,"This Media Stock Is Too Cheap, One Analyst Says -- Barrons.com"
NFLX,DJ-N,2025-12-31 07:33:00,,DJ-N$1d1fe43c,"Theme Parks Have a New Strategy: Get Smaller, Cheaper and Shorter -- WSJ"
NFLX,DJ-N,2025-12-31 07:00:00,,DJ-N$1d1fd851,"Netflix vs. TikTok, Disney Soars, and 3 More Not-So-Wild Media Predictions for 2026 -- Barrons.com"
NFLX,DJ-N,2025-12-31 01:30:00,,DJ-N$1d1f4612,Bankers Are Gearing Up for Another Onslaught of Monster Deals in 2026 -- WSJ
NFLX,DJ-N,2025-12-29 07:33:00,,DJ-N$1d1a98d8,Heard on the Street: No Happy Ending for Movie Theaters -- WSJ
NFLX,DJ-N,2025-12-28 17:00:00,,DJ-N$1d1a28f2,"Theme Parks' New Strategy: Smaller, Cheaper and Shorter -- WSJ"
NFLX,DJ-N,2025-12-28 10:30:00,,DJ-N$1d1a0d5f,"There's No Happy Ending for Movie Theaters, No Matter Who Wins Warner -- Heard on the Street -- WSJ"
NFLX,DJ-N,2025-12-27 02:30:00,,DJ-N$1d190e55,Tech Trader: Oracle's Topsy-Turvy Year Won't Get Any Easier in 2026 -- Barron's
NFLX,DJ-N,2025-12-24 19:26:00,,DJ-N$1d15e771,Oracle's Topsy-Turvy Year Won't Get Any Easier in 2026 -- Barrons.com
NFLX,DJ-N,2025-12-24 12:51:00,,DJ-N$1d153073,Disney Could Be the Real Winner from the Warner Takeover Battle. Here's Why. -- Barrons.com
NFLX,DJ-N,2025-12-24 11:55:00,,DJ-N$1d151ade,S&P 500 Record Sets Up a Santa Rally. This Could -2-
NFLX,DJ-N,2025-12-24 11:55:00,,DJ-N$1d151add,S&P 500 Record Sets Up a Santa Rally. This Could Be the Stock Market's Scrooge and 4 Other Things to Know Today. -- Barrons.com
NFLX,DJ-N,2025-12-24 07:32:00,,DJ-N$1d14c765,Ex-Trust Buster Is Working for Paramount -- WSJ
NFLX,DJ-N,2025-12-24 07:30:00,,DJ-N$1d14c67d,2025 Changed the Media Business. Next Year Could Be Even More Turbulent. -- Barrons.com
NFLX,DJ-N,2025-12-23 12:37:00,,DJ-N$1d129465,"Paramount's Amended Bid for Warner Won't Beat Netflix, Say This Top Investor -- Barrons.com"
NFLX,DJ-N,2025-12-23 12:37:00,,DJ-N$1d129473,"Paramount's Amended Bid for Warner Won't Beat Netflix, Says This Top Investor -- Barrons.com"
NFLX,DJ-N,2025-12-23 11:46:00,,DJ-N$1d127dce,"Gold Has Shone Through Tariffs, AI Fears, Global Risk. Why 2026 Looks Bright. -- Barrons.com"
NFLX,DJ-N,2025-12-23 11:41:00,,DJ-N$1d127cb5,"Larry Ellison's Guarantee Won't Move the Needle for Paramount, Says This Investor -- Barrons.com"
NFLX,DJ-N,2025-12-23 07:33:00,,DJ-N$1d122771,Netflix Secures Bank Financing Of $25 Billion -- WSJ
NFLX,DJ-N,2025-12-23 07:33:00,,DJ-N$1d1226f0,Already-Struggling Theater Owners Fret as Movie Makers Look to Merge -- WSJ
NFLX,DJ-N,2025-12-23 03:00:00,,DJ-N$1d119828,Trump's First-Term Trust Buster Is Now Working to Get Paramount Its Deal -- WSJ
NFLX,DJ-N,2025-12-22 23:34:00,,DJ-N$1d1144e5,Larry Ellison Provides Personal Guarantee for Paramount's Bid for Warner -- 3rd Update
NFLX,DJ-N,2025-12-22 23:14:00,,DJ-N$1d113c2c,Warner Bros. Discovery: Bd. Will Review and Consider Paramount Skydance's Amended Offer
NFLX,DJ-N,2025-12-22 23:13:00,,DJ-N$1d113beb,"Warner Bros. Discovery Confirms Receipt of Amended, Unsolicited Tender Offer From Paramount Skydance"
NFLX,DJ-N,2025-12-22 23:12:00,,DJ-N$1d113bdf,Press Release: Warner Bros. Discovery Confirms -2-
NFLX,DJ-N,2025-12-22 23:12:00,,DJ-N$1d113bdd,"Press Release: Warner Bros. Discovery Confirms Receipt of Amended, Unsolicited Tender Offer from Paramount Skydance"
NFLX,DJ-N,2025-12-22 19:49:00,,DJ-N$1d10d192,A Topsy-Turvy Year for Oracle and the Ellisons Will Bleed into 2026 -- Barrons.com
NFLX,DJ-N,2025-12-22 18:23:00,,DJ-N$1d108bd0,What Yogi Berra Would Say About the Talks to Take Over Warner Bros. Discovery -- Barrons.com
NFLX,DJ-N,2025-12-22 17:30:00,,DJ-N$1d105396,Larry Ellison Provides Personal Guarantee for Paramount's Bid for Warner -- 2nd Update
NFLX,DJ-N,2025-12-22 15:14:00,,DJ-N$1d0fc001,Paramount Boosts Termination Fee on Warner Bros. Discovery Bid -- Market Talk
NFLX,DJ-N,2025-12-22 14:36:00,,DJ-N$1d0fabe6,Warner Stock Jumps After Larry Ellison Guarantees Paramount Bid Funding -- WSJ
NFLX,DJ-N,2025-12-22 13:57:00,,DJ-N$1d0f9120,Larry Ellison Provides Personal Guarantee for Paramount's Bid for Warner -- Update
NFLX,DJ-N,2025-12-22 13:44:00,,DJ-N$1d0f8cff,Larry Ellison Provides Personal Guarantee for Paramount's Bid for Warner -- WSJ
NFLX,DJ-N,2025-12-22 13:43:00,,DJ-N$1d0f8cbe,Paramount Amends Offer for Warner Bros. Discovery -- Market Talk
NFLX,DJ-N,2025-12-22 13:37:00,,DJ-N$1d0f8af2,Paramount Amends Bid for Warner Discovery With New Ellison Guarantee -- 2nd Update
NFLX,DJ-N,2025-12-22 13:30:00,,DJ-N$1d0f8721,Netflix Prepares $25 Billion in Bank Financing for Warner Deal -- WSJ
NFLX,DJ-N,2025-12-22 13:28:00,,DJ-N$1d0f8594,"Paramount, Warner Bros. Shares Climb Following Amended Bid"
NFLX,DJ-N,2025-12-22 13:18:00,,DJ-N$1d0f80e0,Paramount Amends Bid for Warner Discovery With New Ellison Guarantee -- Update
NFLX,DJ-N,2025-12-22 13:12:00,,DJ-N$1d0f7ec8,Paramount Amends Bid for Warner Discovery With New Ellison Guarantee -- WSJ
NFLX,DJ-N,2025-12-22 13:12:00,,DJ-N$1d0f7e7c,Paramount Amends Hostile Bid for Warner After Co. Rejected Deal
NFLX,DJ-N,2025-12-22 13:06:00,,DJ-N$1d0f7c45,"!* Paramount: Larry Ellison Agrees Not to Revoke Ellison Family Trust, Adversely Transfer Its Assets During Pendency of Warner Transaction >PSKY"
NFLX,DJ-N,2025-12-22 13:05:00,,DJ-N$1d0f7bbf,!* Paramount Skydance: Will Increase Regulatory Reverse Termination Fee to $5.8B From $5B >PSKY
NFLX,DJ-N,2025-12-22 13:04:00,,DJ-N$1d0f7b0a,!* Paramount Skydance: Larry Ellison Agrees to Provide Irrevocable Personal Guarantee of $40.4 Billion of Equity Financing for Warner Offer >PSKY
FLY,BRFG,2025-09-23 14:51:44,,BRFG$1c347bc4,"Firefly Aerospace plummets below IPO price after large Q2 loss, disappointing revenue guidance"
FLY,DJ-N,2026-01-02 19:10:00,,DJ-N$1d23cd1f,"Press Release: Firefly Aerospace Inc. Investors: January 12, 2026 Filing Deadline in Securities Class Action - Contact Kessler Topaz Meltzer & Check, LLP"
FLY,DJ-N,2025-12-29 14:00:00,,DJ-N$1d1b28b3,Press Release: The Gross Law Firm Notifies Firefly Aerospace Inc. Investors of a Class Action Lawsuit and Upcoming Deadline - FLY
FLY,DJ-N,2025-12-29 08:53:00,,DJ-N$1d1ab08b,Press Release: FLY Investors Have Opportunity to Lead Firefly Aerospace Inc. Securities Fraud Lawsuit with the Schall Law Firm
FLY,DJ-N,2025-12-29 07:42:00,,DJ-N$1d1a9b2a,Press Release: Firefly Aerospace Inc. Sued for Securities Law Violations - Contact the DJS Law Group to Discuss Your Rights - FLY
FLY,DJ-N,2025-12-23 18:29:00,,DJ-N$1d1386bf,"Press Release: FLY Class Action Reminder: Kessler Topaz Meltzer & Check, LLP Reminds Firefly Aerospace Inc. (FLY) Investors of Securities Fraud Class Action Lawsuit Deadline"
FLY,DJ-N,2025-12-22 14:00:00,,DJ-N$1d0f933c,Firefly Aerospace Joins the Russell 2000 and Russell 3000 Indexes
FLY,DJ-N,2025-12-22 14:00:00,,DJ-N$1d0f931a,Press Release: Firefly Aerospace Joins the Russell 2000(R) and Russell 3000(R) Indexes
FLY,DJ-N,2025-12-22 09:00:00,,DJ-N$1d0f142e,Press Release: The Gross Law Firm Notifies Shareholders of Firefly Aerospace Inc.(FLY) of a Class Action Lawsuit and an Upcoming Deadline
FLY,DJ-N,2025-12-19 12:05:00,,DJ-N$1d0b2c38,Firefly Aerospace Initiated at Sector Weight by Keybanc
FLY,DJ-N,2025-12-18 21:50:00,,DJ-N$1d09a7dd,"Press Release: Firefly Aerospace Inc. (FLY) Investors: January 12, 2026 Filing Deadline in Securities Class Action - Contact Kessler Topaz Meltzer & Check, LLP"
FLY,DJ-N,2025-12-18 14:00:00,,DJ-N$1d086a6b,Press Release: Firefly Aerospace Inc. Sued for Securities Law Violations - Investors Should Contact The Gross Law Firm for More Information - FLY
FLY,DJ-N,2025-12-17 21:22:00,,DJ-N$1d0690a4,Rocket Lab Schedules 20th Launch of 2025 -- Barrons.com
FLY,DJ-N,2025-12-17 17:25:00,,DJ-N$1d062b79,Rocket Lab Schedules 20th Launch of 2025 -- Barrons.com
FLY,DJ-N,2025-12-16 20:30:00,,DJ-N$1d03631f,Press Release: Firefly Aerospace Inc. (NASDAQ: FLY) Securities Class Action: Johnson Fistel Reminds Investors of January 12 Deadline to Seek Lead Plaintiff Appointment
FLY,DJ-N,2025-12-15 14:00:00,,DJ-N$1cff0fe5,"Press Release: Firefly Aerospace Inc. Securities Fraud Class Action Lawsuit Pending: Contact The Gross Law Firm Before January 12, 2026 to Discuss Your Rights - FLY"
FLY,DJ-N,2025-12-12 19:45:00,,DJ-N$1cfba48d,"Press Release: FLY Class Action Alert: Kessler Topaz Meltzer & Check, LLP Reminds Firefly Aerospace Inc. (FLY) Shareholders of Securities Fraud Class Action Lawsuit Deadline"
FLY,DJ-N,2025-12-11 22:25:00,,DJ-N$1cf9192e,Firefly Aerospace Names Ramon Sanchez as Operating Chief
FLY,DJ-N,2025-12-11 21:17:00,,DJ-N$1cf8d5a4,Firefly Aerospace Files 8K - Regulation FD >FLY
FLY,DJ-N,2025-12-11 21:17:00,,DJ-N$1cf8d5a1,"Firefly Aerospace Files 8K - Director, Officer or Compensation Filing >FLY"
FLY,DJ-N,2025-12-11 21:05:00,,DJ-N$1cf8c34f,Firefly Aerospace Names Ramon Sanchez COO
FLY,DJ-N,2025-12-11 21:03:00,,DJ-N$1cf8be03,Press Release: Ramon Sanchez Joins Firefly Aerospace as Chief Operating Officer
FLY,DJ-N,2025-12-11 14:00:00,,DJ-N$1cf7d2ee,Press Release: Shareholders that lost money on Firefly Aerospace Inc.(FLY) Urged to Join Class Action - Contact The Gross Law Firm to Learn More
FLY,DJ-N,2025-12-11 12:49:00,,DJ-N$1cf7a670,Press Release: Firefly Aerospace Inc. Sued for Securities Law Violations - Contact the DJS Law Group to Discuss Your Rights - FLY
FLY,DJ-N,2025-12-11 12:49:00,,DJ-N$1cf7a63e,Press Release: FLY Investors Have Opportunity to Lead Firefly Aerospace Inc. Securities Fraud Lawsuit with the Schall Law Firm
FLY,DJ-N,2025-12-10 14:01:00,,DJ-N$1cf4f11a,Press Release: Firefly Aerospace Adds Volta's Wireless Power Receiver to Blue Ghost Mission on Far Side of the Moon
FLY,DJ-N,2025-12-08 14:00:00,,DJ-N$1cee9880,"Press Release: The Gross Law Firm Reminds Firefly Aerospace Inc. Investors of the Pending Class Action Lawsuit with a Lead Plaintiff Deadline of January 12, 2026 - FLY"
FLY,DJ-N,2025-12-08 08:11:00,,DJ-N$1cedf0a7,Press Release: Firefly Aerospace Inc. Sued for Securities Law Violations - Contact the DJS Law Group to Discuss Your Rights - FLY
FLY,DJ-N,2025-12-08 06:27:00,,DJ-N$1cedc973,Press Release: FLY Investors Have Opportunity to Lead Firefly Aerospace Inc. Securities Fraud Lawsuit with the Schall Law Firm
FLY,DJ-N,2025-12-06 15:41:00,,DJ-N$1cece2b9,"Press Release: FLY Deadline Alert: Kessler Topaz Meltzer & Check, LLP Reminds Investors of January 12, 2026 Deadline in Securities Fraud Class Action Lawsuit Against Firefly Aerospace Inc. (FLY)"
FLY,DJ-N,2025-12-04 22:10:00,,DJ-N$1ce8d755,Press Release: Firefly Aerospace Inc. (NASDAQ: FLY) Securities Class Action: Johnson Fistel Reminds Investors of January 12 Deadline to Seek Lead Plaintiff Appointment
FLY,DJ-N,2025-12-04 14:00:00,,DJ-N$1ce7917b,"Press Release: The Gross Law Firm Reminds Firefly Aerospace Inc. Investors of the Pending Class Action Lawsuit with a Lead Plaintiff Deadline of January 12, 2026 - FLY"
FLY,DJ-N,2025-12-04 12:45:00,,DJ-N$1ce76581,Press Release: Firefly Aerospace Inc. Sued for Securities Law Violations - Contact the DJS Law Group to Discuss Your Rights - FLY
FLY,DJ-N,2025-12-04 08:06:00,,DJ-N$1ce6e7c3,Press Release: FLY Investors Have Opportunity to Lead Firefly Aerospace Inc. Securities Fraud Lawsuit with the Schall Law Firm
FLY,DJ-N,2025-12-02 15:42:00,,DJ-N$1ce1e85c,SpaceX Launched Monday. It Goes Again Tuesday. -- Barrons.com
FLY,DJ-N,2025-12-01 22:37:00,,DJ-N$1cdfa8d0,"Press Release: Kessler Topaz Meltzer & Check, LLP Reminds FLY Investors of January 12, 2026 Deadline in Securities Fraud Class Action and Urges Investors with Losses to Contact the Firm"
FLY,DJ-N,2025-12-01 20:43:00,,DJ-N$1cdf7975,Press Release: FLY Investors are Encouraged to Contact Robbins LLP for Information About the Lead Plaintiff Deadline in the Securities Class Action Against Firefly Aerospace Inc.
FLY,DJ-N,2025-12-01 13:45:00,,DJ-N$1cdde59a,"Press Release: The Gross Law Firm Reminds Shareholders of a Lead Plaintiff Deadline of January 12, 2026 in Firefly Aerospace Inc. Lawsuit - FLY"
FLY,DJ-N,2025-12-01 07:53:00,,DJ-N$1cdcecae,Press Release: FLY Investors Have Opportunity to Lead Firefly Aerospace Inc. Securities Fraud Lawsuit with the Schall Law Firm
FLY,DJ-N,2025-12-01 07:51:00,,DJ-N$1cdcec16,Press Release: Firefly Aerospace Inc. Sued for Securities Law Violations - Contact the DJS Law Group to Discuss Your Rights - FLY
FLY,DJ-N,2025-11-26 18:25:00,,DJ-N$1cd57fea,Press Release: FLY Investor Alert: A Securities Fraud Class Action Lawsuit Has Been Filed Against Firefly Aerospace Inc. (FLY)
FLY,DJ-N,2025-11-25 15:39:00,,DJ-N$1cd1e661,Firefly Aerospace Price Target Cut to $28.00/Share From $55.00 by JP Morgan
FLY,DJ-N,2025-11-25 15:39:00,,DJ-N$1cd1e65f,Firefly Aerospace Is Maintained at Overweight by JP Morgan
FLY,DJ-N,2025-11-24 13:45:00,,DJ-N$1cce35aa,"Press Release: The Gross Law Firm Reminds Firefly Aerospace Inc. Investors of the Pending Class Action Lawsuit with a Lead Plaintiff Deadline of January 12, 2026 - FLY"
FLY,DJ-N,2025-11-24 06:24:00,,DJ-N$1ccd84dd,Press Release: FLY Investors Have Opportunity to Lead Firefly Aerospace Inc. Securities Fraud Lawsuit with the Schall Law Firm
FLY,DJ-N,2025-11-21 15:07:00,,DJ-N$1cca064b,"Press Release: FLY Investor Alert: Kessler Topaz Meltzer & Check, LLP Urges FLY Investors with Losses to Contact the Firm"
FLY,DJ-N,2025-11-21 08:33:00,,DJ-N$1cc83150,Press Release: FLY Investors Have Opportunity to Lead Firefly Aerospace Inc. Securities Fraud Lawsuit with the Schall Law Firm
FLY,DJ-N,2025-11-21 00:23:00,,DJ-N$1cc7025d,Press Release: Rosen Law Firm Encourages Firefly Aerospace Inc. Investors to Inquire About Securities Class Action Investigation - FLY
FLY,DJ-N,2025-11-20 13:45:00,,DJ-N$1cc59ab3,"Press Release: Investors in Firefly Aerospace Inc. Should Contact The Gross Law Firm Before January 12, 2026 to Discuss Your Rights - FLY"
FLY,DJ-N,2025-11-20 12:51:00,,DJ-N$1cc57734,Firefly Aerospace Price Target Announced at $29.00/Share by Goldman Sachs
FLY,DJ-N,2025-11-19 08:13:00,,DJ-N$1cc1e828,"FIREFLY AEROSPACE INC  COM, Inst Holders, 3Q 2025 (FLY)"
TSM,BRFG,2025-04-17 16:16:33,,BRFG$1ab4be76,Taiwan Semiconductor Manufacturing tries to hold onto gains following upbeat Q1 results
TSM,BRFG,2025-01-16 17:25:07,,BRFG$19cbc14f,"Taiwan Semiconductor Manufacturing rises on upbeat Q4 results, underpinned by robust AI demand"
TSM,BRFG,2024-11-11 17:00:43,,BRFG$19343a87,Taiwan Semiconductor Manufacturing dips on reports it must halt AI chip shipments to China
TSM,BRFG,2024-10-17 14:11:41,,BRFG$18f2fbe8,"Taiwan Semi seeing extremely robust AI-related demand, Q3 report fueling chip space today"
TSM,BRFG,2024-09-10 15:46:12,,BRFG$18995667,Taiwan Semiconductor Manufacturing inches lower despite posting healthy August revenue growth
TSM,BRFG,2024-07-18 15:42:12,,BRFG$180d8d12,Taiwan Semiconductor Manufacturing's initial pop fades today amid geopolitical concerns
TSM,BRFG,2024-06-17 14:03:26,,BRFG$17caa50f,Taiwan Semiconductor Manufacturing heads back to record highs on reports of price hikes
TSM,BRFG,2024-04-18 13:59:15,,BRFG$1736af1a,Taiwan Semiconductor Manufacturing drops despite upbeat Q1 numbers; warns of slow recovery
TSM,BRFG,2024-01-18 16:08:00,,BRFG$166d2243,"Taiwan Semi sees chip recovery accelerating in 2024, fueling rally for semiconductor stocks"
TSM,BRFG,2023-04-17 14:12:22,,BRFG$1437a6d5,Taiwan Semi trades flat as an analyst upgrade is measured against a FY23 CapEx cut
TSM,BRFG,2023-04-10 14:21:36,,BRFG$14294f0f,Taiwan Semi gets chipped lower on weak Q1 guidance; makes us a bit nervous for tech
TSM,DJ-N,2026-01-05 09:16:00,,DJ-N$1d26569d,Asian Equities Shrug Off U.S. Intervention in Venezuela
TSM,DJ-N,2026-01-05 01:26:00,,DJ-N$1d25afdc,TSMC Shares Rise 4.1% to NT$1650.00
TSM,DJ-N,2026-01-02 15:31:00,,DJ-N$1d236712,Asian Stocks Rally to Start 2026 on AI Fervor -- WSJ
TSM,DJ-N,2025-12-31 10:30:00,,DJ-N$1d20240f,Nvidia Stock Is in a Rut. This Could Get It Going Again. -- Barrons.com
TSM,DJ-N,2025-12-19 15:04:00,,DJ-N$1d0b9450,Nvidia Stock Rises. The Road to Sales in China Opens Up. -- Barrons.com
TSM,DJ-N,2025-12-19 14:44:00,,DJ-N$1d0b8c6c,Nvidia Stock Rises. The Road to Sales in China Opens Up. -- Barrons.com
TSM,DJ-N,2025-12-19 12:37:00,,DJ-N$1d0b3d7c,Nvidia Stock Rises. The Road to Sales in China Opens Up. -- Barrons.com
TSM,DJ-N,2025-12-18 03:37:00,,DJ-N$1d074e6d,"Tech Stocks Could Continue to Rally in 2026, Daiwa Says -- Market Talk"
TSM,DJ-N,2025-12-10 06:20:00,,DJ-N$1cf3fcf3,Taiwan Semiconductor Mfg Nov Rev NT$343.61B Vs NT$276.06B
TSM,DJ-N,2025-12-10 06:20:00,,DJ-N$1cf3fcf1,Table: Taiwan Semiconductor Mfg Nov Rev NT$343.61B Vs NT$276.06B
TSM,DJ-N,2025-12-10 05:49:00,,DJ-N$1cf3c84b,TSMC January-November Revenue Rose 33% on Year to NT$3.474T
TSM,DJ-N,2025-12-10 05:47:00,,DJ-N$1cf3c70c,TSMC November Revenue Fell 6.5% on Month
TSM,DJ-N,2025-12-10 05:46:00,,DJ-N$1cf3c6f2,TSMC November Revenue Rose 24.5% on Year to NT$343.61B
TSM,DJ-N,2025-12-09 03:59:00,,DJ-N$1cf0b665,Chinese Chip Stocks Risk Profit-Taking After Nvidia's China Approval -- Market Talk
TSM,DJ-N,2025-12-08 13:37:00,,DJ-N$1cee8e58,Taiwan Semiconductor Price Target Raised to $330.00/Share From $290.00 by Bernstein
TSM,DJ-N,2025-12-08 13:37:00,,DJ-N$1cee8e54,Taiwan Semiconductor Is Maintained at Outperform by Bernstein
TSM,DJ-N,2025-11-29 02:31:00,,DJ-N$1cdb2ecb,"Al Gore's Investment Firm Unloads Nike and Toast, Tries Salesforce -- Barron's"
TSM,DJ-N,2025-11-28 07:33:00,,DJ-N$1cd8e0cd,Intel Executive's Residences Raided in Probe Over Secrets -- WSJ
TSM,DJ-N,2025-11-27 11:53:00,,DJ-N$1cd7423d,Intel Executive's Home Raided in Taiwan Criminal Probe Over National Secrets -- Update
TSM,DJ-N,2025-11-27 09:53:00,,DJ-N$1cd71bd5,Intel Defends Its Star Executive Hire in Legal Clash With TSMC -- WSJ
TSM,DJ-N,2025-11-27 06:13:00,,DJ-N$1cd6a92e,Demand for Consumer AI Devices Could Take off in 2026 -- Market Talk
TSM,DJ-N,2025-11-27 04:19:00,,DJ-N$1cd67770,Intel Sees No Merit to Allegations of Suspected Trade Secret Leaks by Ex-TSMC Exec
TSM,DJ-N,2025-11-26 18:33:00,,DJ-N$1cd581c8,"TSMC Sues Ex-Executive, Now at Intel. Trade Secrets Are Why. -- Barrons.com"
TSM,DJ-N,2025-11-25 16:34:00,,DJ-N$1cd22338,"TSMC Sues Ex-Executive, Now at Intel. Trade Secrets Are Why. -- Barrons.com"
TSM,DJ-N,2025-11-25 16:19:00,,DJ-N$1cd2117e,"TSMC Sues Ex-Executive, Now at Intel. Trade Secrets Are Why. -- Barrons.com"
TSM,DJ-N,2025-11-25 11:52:00,,DJ-N$1cd14a8c,"The Fed Is Driving the Market, Not AI. Why That's -2-"
TSM,DJ-N,2025-11-25 11:52:00,,DJ-N$1cd14a8b,"The Fed Is Driving the Market, Not AI. Why That's Suddenly a Problem and 4 Other Things to Know Today. -- Barrons.com"
TSM,DJ-N,2025-11-25 11:40:00,,DJ-N$1cd14674,TSMC Sues Former Exec Over Allegations Tied to Suspected Leak of Trade Secrets
TSM,DJ-N,2025-11-24 20:37:00,,DJ-N$1ccfa7a8,Trump and Xi Talk Taiwan as Japan Ratchets Up Tensions -- Barrons.com
TSM,DJ-N,2025-11-24 17:25:00,,DJ-N$1cceff42,Trump and Xi Talk Taiwan as Japan Ratchets Up Tensions -- Barrons.com
TSM,DJ-N,2025-11-24 16:16:00,,DJ-N$1cceb1aa,"Trump and Xi Talked by Phone, China Says -- Barrons.com"
TSM,DJ-N,2025-11-21 16:35:00,,DJ-N$1cca6622,What Stocks Al Gore's Investment Firm Bought and Sold This Quarter -- Barrons.com
TSM,DJ-N,2025-11-21 10:06:00,,DJ-N$1cc950b3,Chip Stocks Drop Globally on Renewed AI Bubble Fears -- WSJ
TSM,DJ-N,2025-11-21 01:24:00,,DJ-N$1cc7102d,TSMC Falls 4.1%; Foxconn Technology Sheds 3.2%
TSM,DJ-N,2025-11-20 01:49:00,,DJ-N$1cc4393a,TSMC Rises 3.9%; Foxconn Technology Gains 2.8%
TSM,DJ-N,2025-11-19 22:10:00,,DJ-N$1cc3fa67,Chip Stocks Rise After Nvidia Results -- WSJ
TSM,DJ-N,2025-11-14 05:32:00,,DJ-N$1cb62c1c,Taiwan Semiconductor Mfg 3Q Net Profit NT$452.30B Vs NT$325.26B
TSM,DJ-N,2025-11-14 05:32:00,,DJ-N$1cb62c18,Table: Taiwan Semiconductor Mfg 3Q Net Profit NT$452.30B Vs NT$325.26B
TSM,DJ-N,2025-11-12 21:09:00,,DJ-N$1cb19f96,This $70 Billion Hedge Fund Was Early to AI's Big Winners. What It Sees Next for the AI Trade. -- Barrons.com
TSM,DJ-N,2025-11-12 11:00:00,,DJ-N$1caff7e6,"Asia Critical to Global AI Ecosystem, Saxo Says -- Market Talk"
TSM,DJ-N,2025-11-11 07:33:00,,DJ-N$1cac56e3,TSMC Sales Softened in October -- WSJ
TSM,DJ-N,2025-11-10 16:58:00,,DJ-N$1ca9ea1f,AI Stocks Rally As Shutdown Deal Renews Appetite for Risk -- Barrons.com
TSM,DJ-N,2025-11-10 15:05:00,,DJ-N$1ca96423,TSMC Stock Rises Despite Sales Growth Slowdown. Why the AI Trade Is Alive and Well. -- Barrons.com
TSM,DJ-N,2025-11-10 11:45:00,,DJ-N$1ca8cdcb,"Nvidia Stock Rebounds. How Shutdown Hopes, TSMC Are Boosting the AI Chip Maker. -- Barrons.com"
TSM,DJ-N,2025-11-10 11:45:00,,DJ-N$1ca8cdb4,Stock Markets Boosted With Shutdown End in Sight. -2-
TSM,DJ-N,2025-11-10 11:45:00,,DJ-N$1ca8cdb2,Stock Markets Boosted With Shutdown End in Sight. Why Volatility Is Just Beginning. -- Barrons.com
TSM,DJ-N,2025-11-10 11:24:00,,DJ-N$1ca8c52e,TSMC Stock Rises. Why Slowing Sales Growth Is No Reason to Panic About AI. -- Barrons.com
TSM,DJ-N,2025-11-10 10:18:00,,DJ-N$1ca8aa96,TSMC Sales Growth Slows. What That Means for the AI Trade. -- Barrons.com
TSM,DJ-N,2025-11-10 09:39:00,,DJ-N$1ca897ec,Taiwan Semiconductor Mfg Oct Rev NT$367.47B Vs NT$314.24B
TSM,DJ-N,2025-11-10 09:39:00,,DJ-N$1ca897fb,Table: Taiwan Semiconductor Mfg Oct Rev NT$367.47B Vs NT$314.24B
APH,DJ-N,2025-12-19 21:35:00,,DJ-N$1d0c8dcf,"Amphenol Corp. Cl A Stock Rises 4.4%, Outperforms Peers"
APH,DJ-N,2025-12-19 13:30:00,,DJ-N$1d0b5c3e,Amphenol Price Target Raised to $180.00/Share From $147.00 by Truist Securities
APH,DJ-N,2025-12-19 13:30:00,,DJ-N$1d0b5c3c,Amphenol Is Maintained at Buy by Truist Securities
APH,DJ-N,2025-12-12 21:33:00,,DJ-N$1cfbddcc,"Amphenol Corp. Cl A Stock Sheds 7.1%, Underperforms Peers"
APH,DJ-N,2025-12-11 21:02:00,,DJ-N$1cf8bd90,"Chmn Loeffler Gifts 3,228 Of Amphenol Corp >APH"
APH,DJ-N,2025-12-10 21:04:00,,DJ-N$1cf5dfe1,"CEO Norwitt Gifts 75,000 Of Amphenol Corp >APH"
APH,DJ-N,2025-12-08 12:14:00,,DJ-N$1cee53c0,CFA Technology:Insider Review For Week Ended 5-Dec -4-
APH,DJ-N,2025-12-08 12:13:00,,DJ-N$1cee53b6,CFA Technology:Insider Review For Week Ended 5-Dec -3-
APH,DJ-N,2025-12-08 12:13:00,,DJ-N$1cee5377,CFA Technology:Insider Review For Week Ended 5-Dec -2-
APH,DJ-N,2025-12-08 12:13:00,,DJ-N$1cee5373,CFA Technology:Insider Review For Week Ended 5-Dec
APH,DJ-N,2025-12-02 21:44:00,,DJ-N$1ce2dbd0,Substantial Insider Sales: Afternoon Report
APH,DJ-N,2025-12-02 21:21:00,,DJ-N$1ce2c09b,"Officer Straub Registers 132,000 Of Amphenol Corp >APH"
APH,DJ-N,2025-12-02 21:21:00,,DJ-N$1ce2c092,"Officer Doherty Registers 80,000 Of Amphenol Corp >APH"
APH,DJ-N,2025-12-02 21:05:00,,DJ-N$1ce2ab5a,"Officer Straub Sells 132,000 Of Amphenol Corp >APH"
APH,DJ-N,2025-12-02 21:04:00,,DJ-N$1ce2a820,"Officer Doherty Sells 80,000 Of Amphenol Corp >APH"
APH,DJ-N,2025-12-01 21:04:00,,DJ-N$1cdf85a4,"CFO Lampo Gifts 40,000 Of Amphenol Corp >APH"
APH,DJ-N,2025-11-24 21:34:00,,DJ-N$1ccfc1ed,"Amphenol Corp. Cl A Stock Climbs 4.8%, Outperforms Peers"
APH,DJ-N,2025-11-19 08:01:00,,DJ-N$1cc1e0ed,"Amphenol Corporation Class A, Inst Holders, 3Q 2025 (APH)"
APH,DJ-N,2025-11-18 11:21:00,,DJ-N$1cbf1074,EU Approves Amphenol's Bid For CommScope Technologies
APH,DJ-N,2025-11-17 12:14:00,,DJ-N$1cbbd571,CFA Technology:Insider Review For Week Ended 14-Nov -4-
APH,DJ-N,2025-11-17 12:14:00,,DJ-N$1cbbd568,CFA Technology:Insider Review For Week Ended 14-Nov -3-
APH,DJ-N,2025-11-17 12:13:00,,DJ-N$1cbbd55d,CFA Technology:Insider Review For Week Ended 14-Nov -2-
APH,DJ-N,2025-11-17 12:13:00,,DJ-N$1cbbd54e,CFA Technology:Insider Review For Week Ended 14-Nov
APH,DJ-N,2025-11-13 21:44:00,,DJ-N$1cb55a49,Substantial Insider Sales: Afternoon Report
APH,DJ-N,2025-11-13 21:02:00,,DJ-N$1cb518f1,"CFO Lampo Sells 298,076 Of Amphenol Corp >APH"
APH,DJ-N,2025-11-13 20:27:00,,DJ-N$1cb50725,Amphenol Price Target Raised to $143.00/Share From $120.00 by Barclays
APH,DJ-N,2025-11-13 20:27:00,,DJ-N$1cb50722,Amphenol Is Maintained at Equal-Weight by Barclays
APH,DJ-N,2025-11-12 14:15:00,,DJ-N$1cb0884b,"CFO Lampo Registers 258,000 Of Amphenol Corp >APH"
APH,DJ-N,2025-11-12 14:09:00,,DJ-N$1cb0814a,"Holder Lampo Family Trust Registers 40,076 Of Amphenol Corp >APH"
APH,DJ-N,2025-11-10 21:39:00,,DJ-N$1caae670,Amphenol Files 8K - Direct Or Off-Balance Sheet Financial Obligation >APH
APH,DJ-N,2025-11-10 21:39:00,,DJ-N$1caae66f,Amphenol Files 8K - Entry Into Definitive -2-
APH,DJ-N,2025-11-10 21:39:00,,DJ-N$1caae66e,Amphenol Files 8K - Entry Into Definitive Agreement >APH
APH,DJ-N,2025-11-10 12:13:00,,DJ-N$1ca8e365,CFA Technology:Insider Review For Week Ended 7-Nov -4-
APH,DJ-N,2025-11-10 12:13:00,,DJ-N$1ca8e354,CFA Technology:Insider Review For Week Ended 7-Nov -3-
APH,DJ-N,2025-11-10 12:13:00,,DJ-N$1ca8e33a,CFA Technology:Insider Review For Week Ended 7-Nov -2-
APH,DJ-N,2025-11-10 12:13:00,,DJ-N$1ca8e327,CFA Technology:Insider Review For Week Ended 7-Nov
APH,DJ-N,2025-11-06 21:44:00,,DJ-N$1ca25d17,Substantial Insider Sales: Afternoon Report
APH,DJ-N,2025-11-06 21:02:00,,DJ-N$1ca20253,"VP Ivas Sells 120,000 Of Amphenol Corp >APH"
APH,DJ-N,2025-11-06 13:00:00,,DJ-N$1ca0b0f9,Press Release: Amphenol Corporation Closes Trexon Acquisition
APH,DJ-N,2025-11-05 21:21:00,,DJ-N$1c9e92fa,"VP Ivas Registers 120,000 Of Amphenol Corp >APH"
APH,DJ-N,2025-11-03 21:44:00,,DJ-N$1c97aa34,Substantial Insider Sales: Afternoon Report
APH,DJ-N,2025-11-03 21:21:00,,DJ-N$1c9791cf,"VP Silverman Registers 120,000 Of Amphenol Corp >APH"
APH,DJ-N,2025-11-03 21:04:00,,DJ-N$1c977bff,"VP Silverman Sells 120,000 Of Amphenol Corp >APH"
APH,DJ-N,2025-11-03 21:02:00,,DJ-N$1c977a77,"VP Ivas Sells 120,000 Of Amphenol Corp >APH"
APH,DJ-N,2025-11-03 12:13:00,,DJ-N$1c95c9a8,CFA Technology:Insider Review For Week Ended 31-Oct -2-
APH,DJ-N,2025-11-03 12:12:00,,DJ-N$1c95c99c,CFA Technology:Insider Review For Week Ended 31-Oct
APH,DJ-N,2025-10-31 21:30:00,,DJ-N$1c92d800,"VP Ivas Registers 120,000 Of Amphenol Corp >APH"
APH,DJ-N,2025-10-31 18:53:00,,DJ-N$1c925ba0,Wesco International Stock Earns 87 RS Rating -- IBD
APH,DJ-N,2025-10-30 20:44:00,,DJ-N$1c8f1a2e,Substantial Insider Sales: Afternoon Report
APH,DJ-N,2025-10-30 20:03:00,,DJ-N$1c8ed0d9,"Officer Doherty Sells 80,000 Of Amphenol Corp >APH"
ASST,DJ-N,2025-12-16 21:44:00,,DJ-N$1d03a519,Substantial Insider Purchases: Afternoon Report
ASST,DJ-N,2025-12-16 14:06:00,,DJ-N$1d027b31,"CEO Cole Buys 515,195 Of Strive Inc >ASST"
ASST,DJ-N,2025-12-15 13:30:00,,DJ-N$1cff0113,Strive Files 8K - Other Events >ASST -2-
ASST,DJ-N,2025-12-15 13:30:00,,DJ-N$1cff0111,Strive Files 8K - Other Events >ASST
ASST,DJ-N,2025-12-15 13:30:00,,DJ-N$1cff00d7,Press Release: Strive Increases SATA Perpetual -2-
ASST,DJ-N,2025-12-15 13:30:00,,DJ-N$1cff00d3,Press Release: Strive Increases SATA Perpetual Preferred Stock Dividend to 12.25%
ASST,DJ-N,2025-12-10 19:18:00,,DJ-N$1cf5bf4d,Asset Entities Price Target Announced at $1.50/Share by Maxim Group
ASST,DJ-N,2025-12-10 19:18:00,,DJ-N$1cf5bf4b,Asset Entities Initiated at Buy by Maxim Group
ASST,DJ-N,2025-12-09 23:29:00,,DJ-N$1cf33ec8,Strive Inc. May Sell Up to $500M of Series A Perpetual Preferred Stock
ASST,DJ-N,2025-12-09 23:27:00,,DJ-N$1cf33dbf,"Press Release: Strive Announces $500,000,000 SATA -2-"
ASST,DJ-N,2025-12-09 23:27:00,,DJ-N$1cf33dba,"Press Release: Strive Announces $500,000,000 SATA At-The-Market Program"
ASST,DJ-N,2025-12-09 22:30:00,,DJ-N$1cf32dc5,Strive Files 8K - Other Events >ASST -2-
ASST,DJ-N,2025-12-09 22:30:00,,DJ-N$1cf32dc3,Strive Files 8K - Other Events >ASST
ASST,DJ-N,2025-12-09 22:30:00,,DJ-N$1cf32dc1,Strive Files 8K - Changes To Articles >ASST
ASST,DJ-N,2025-12-09 22:30:00,,DJ-N$1cf32dba,Strive Files 8K - Changes To Hldr Rights >ASST
ASST,DJ-N,2025-12-09 22:30:00,,DJ-N$1cf32db7,Strive Files 8K - Entry Into Definitive Agreement >ASST
ASST,DJ-N,2025-11-23 08:09:00,,DJ-N$1cccf233,"STRIVE INC  CL A, Inst Holders, 3Q 2025 (ASST)"
ASST,DJ-N,2025-11-17 12:01:00,,DJ-N$1cbbcd8a,Strive Files 8K - Other Events >ASST -2-
ASST,DJ-N,2025-11-17 12:01:00,,DJ-N$1cbbcd7d,Strive Files 8K - Other Events >ASST
ASST,DJ-N,2025-11-14 21:30:00,,DJ-N$1cb8d362,Strive Files 8K - Other Events >ASST -2-
ASST,DJ-N,2025-11-14 21:30:00,,DJ-N$1cb8d35e,Strive Files 8K - Other Events >ASST
ASST,DJ-N,2025-11-14 21:08:00,,DJ-N$1cb8b73e,Strive 3Q Loss/Shr 22c >ASST
ASST,DJ-N,2025-11-14 21:08:00,,DJ-N$1cb8b70f,"Strive 3Q Rev $255,000 >ASST"
ASST,DJ-N,2025-11-14 21:06:00,,DJ-N$1cb8b4fa,Strive Files 8K - Operations And Financial Condition >ASST
ASST,DJ-N,2025-11-14 21:05:00,,DJ-N$1cb8b26f,"Press Release: Strive, Inc. Announces Third -4-"
ASST,DJ-N,2025-11-14 21:05:00,,DJ-N$1cb8b26c,"Press Release: Strive, Inc. Announces Third -3-"
ASST,DJ-N,2025-11-14 21:05:00,,DJ-N$1cb8b26b,"Press Release: Strive, Inc. Announces Third -2-"
ASST,DJ-N,2025-11-14 21:05:00,,DJ-N$1cb8b26a,"Press Release: Strive, Inc. Announces Third Quarter 2025 Financial Results"
ASST,DJ-N,2025-11-10 14:43:00,,DJ-N$1ca957a6,"Strive: The Perpetual Preferred Stock Is Expected to Begin Trading on Nasdaq Global Market on or Around Nov 10 Under Ticker Symbol ""SATA"" >ASST"
ASST,DJ-N,2025-11-10 14:42:00,,DJ-N$1ca956b0,Strive Closes IPO of 2M Shrs of Variable Rate Series A Perpetual Preferred Stk at $80 Per Shr >ASST
ASST,DJ-N,2025-11-10 14:40:00,,DJ-N$1ca95649,Press Release: Strive Announces Nasdaq Listing of -2-
ASST,DJ-N,2025-11-10 14:40:00,,DJ-N$1ca95648,Press Release: Strive Announces Nasdaq Listing of SATA and Closing of Oversubscribed & Upsized IPO
ASST,DJ-N,2025-11-10 14:39:00,,DJ-N$1ca955f8,Strive Files 8K - Other Events >ASST -2-
ASST,DJ-N,2025-11-10 14:39:00,,DJ-N$1ca955f7,Strive Files 8K - Other Events >ASST
ASST,DJ-N,2025-11-10 14:28:00,,DJ-N$1ca95004,Strive Files 8K - Other Events >ASST -2-
ASST,DJ-N,2025-11-10 14:28:00,,DJ-N$1ca95003,Strive Files 8K - Other Events >ASST
ASST,DJ-N,2025-11-10 14:28:00,,DJ-N$1ca95001,Strive Files 8K - Changes To Articles >ASST
ASST,DJ-N,2025-11-10 14:28:00,,DJ-N$1ca94fff,Strive Files 8K - Changes To Hldr Rights >ASST -2-
ASST,DJ-N,2025-11-10 14:28:00,,DJ-N$1ca94ffc,Strive Files 8K - Changes To Hldr Rights >ASST
ASST,DJ-N,2025-11-10 14:28:00,,DJ-N$1ca94ff8,Strive Files 8K - Entry Into Definitive Agreement >ASST
ASST,DJ-N,2025-11-10 13:44:00,,DJ-N$1ca92bbd,Substantial Insider Purchases: Morning Report
ASST,DJ-N,2025-11-10 07:32:00,,DJ-N$1ca86362,Hot Crypto Trade Is Crumbling -- WSJ
ASST,DJ-N,2025-11-09 18:37:00,,DJ-N$1ca7ce21,The Year's Hottest Crypto Trade Is Crumbling -- Update
ASST,DJ-N,2025-11-09 10:30:00,,DJ-N$1ca7abbd,The Year's Hottest Crypto Trade Is Crumbling -- WSJ
ASST,DJ-N,2025-11-07 23:59:00,,DJ-N$1ca65571,"Holder Ramaswamy Buys 15,625 Of Strive Inc"
ASST,DJ-N,2025-11-05 22:40:00,,DJ-N$1c9ef054,Press Release: Strive Announces Pricing of -3-
ASST,DJ-N,2025-11-05 22:40:00,,DJ-N$1c9ef052,Press Release: Strive Announces Pricing of -2-
ASST,DJ-N,2025-11-05 22:40:00,,DJ-N$1c9ef04f,Press Release: Strive Announces Pricing of Upsized Initial Public Offering of SATA Stock
ASST,DJ-N,2025-11-03 13:45:00,,DJ-N$1c96053e,Strive Files 8K - Other Events >ASST
ASST,DJ-N,2025-11-03 13:35:00,,DJ-N$1c95fff2,Strive Intends to Conduct an Initial Public Offering of 1.25M Shrs of Variable Rate Series A Perpetual Preferred Stk >ASST
IREN,BRFG,2025-11-03 15:51:59,,BRFG$1c96c869,IREN soars to record highs on $9.7 bln Microsoft AI cloud deal; Stock now up 630% YTD
IREN,DJ-N,2025-12-22 12:31:00,,DJ-N$1d0f61ef,"S&P 500 Futures Up In Premarket Trading; Clearwater Analytics, IREN Lead"
IREN,DJ-N,2025-12-18 11:27:00,,DJ-N$1d081160,IREN Price Target Announced at $39.00/Share by Goldman Sachs
IREN,DJ-N,2025-12-18 11:27:00,,DJ-N$1d081157,IREN Initiated at Neutral by Goldman Sachs
IREN,DJ-N,2025-12-09 15:05:00,,DJ-N$1cf20f97,CoreWeave Stock Has Slumped on Debt Concerns. Buyers Scooped Up Its New Issue Anyway. -- Barrons.com
IREN,DJ-N,2025-12-09 12:25:00,,DJ-N$1cf1ab03,CoreWeave Has Slumped on Debt Concerns. Investors Are Still Keen on Its Convertible Bonds. -- Barrons.com
IREN,DJ-N,2025-12-08 22:51:00,,DJ-N$1cf032fe,CoreWeave Has Slumped on Debt Concerns. It Is Issuing More Convertible Bonds. -- Barrons.com
IREN,DJ-N,2025-12-08 22:14:00,,DJ-N$1cf02867,IREN Files 8K - Other Events >IREN
IREN,DJ-N,2025-12-08 22:14:00,,DJ-N$1cf02860,IREN Files 8K - Unregistered Equity Sales >IREN
IREN,DJ-N,2025-12-08 22:14:00,,DJ-N$1cf0285d,IREN Files 8K - Direct Or Off-Balance Sheet Financial Obligation >IREN
IREN,DJ-N,2025-12-08 22:14:00,,DJ-N$1cf02858,IREN Files 8K - Entry Into Definitive Agreement -2-
IREN,DJ-N,2025-12-08 22:14:00,,DJ-N$1cf02855,IREN Files 8K - Entry Into Definitive Agreement >IREN
IREN,DJ-N,2025-12-08 22:02:00,,DJ-N$1cf01b14,Press Release: IREN Closes $2.3 Billion -2-
IREN,DJ-N,2025-12-08 22:02:00,,DJ-N$1cf01b10,Press Release: IREN Closes $2.3 Billion Convertible Notes Offering and the Repurchase of Existing Convertible Notes
IREN,DJ-N,2025-12-08 18:49:00,,DJ-N$1cefab98,AI Finance Revs Up With Convertible Bonds -- WSJ
IREN,DJ-N,2025-12-03 19:18:00,,DJ-N$1ce57e45,The 'Neocloud' Crash Might Be a Buying Opportunity. How CoreWeave Stacks Up. -- Barrons.com
IREN,DJ-N,2025-12-03 11:06:00,,DJ-N$1ce44818,IREN Files 8K - Other Events >IREN
IREN,DJ-N,2025-12-03 11:02:00,,DJ-N$1ce44572,IREN Announces Pricing of Ordinary Shrs Offering to Fund the Repurchase of Convertible Notes
IREN,DJ-N,2025-12-03 11:02:00,,DJ-N$1ce445b1,IREN Prices Offering of $1B of 0.25% Convertible Senior Notes Due 2032 and $1B of 1.00% Convertible Senior Notes Due 2033 >IREN
IREN,DJ-N,2025-12-03 11:02:00,,DJ-N$1ce4456a,IREN Prices $2B Convertible Notes Offering
IREN,DJ-N,2025-12-03 11:01:00,,DJ-N$1ce4444b,Press Release: IREN Announces Pricing of Ordinary Shares Offering to Fund the Repurchase of Convertible Notes
IREN,DJ-N,2025-12-03 11:00:00,,DJ-N$1ce44413,Press Release: IREN Prices $2 Billion Convertible -2-
IREN,DJ-N,2025-12-03 11:00:00,,DJ-N$1ce44410,Press Release: IREN Prices $2 Billion Convertible Notes Offering
IREN,DJ-N,2025-12-02 12:31:00,,DJ-N$1ce15b84,"S&P 500 Futures Up In Premarket Trading; MongoDB, Credo Tech Group Lead"
IREN,DJ-N,2025-12-01 23:04:00,,DJ-N$1cdfae8f,IREN Plans to Offer $1B of Convertible Senior Notes Due 2032 and $1B of Convertible Senior Notes Due 2033
IREN,DJ-N,2025-12-01 23:03:00,,DJ-N$1cdfae6c,IREN Announces Proposed Offering of Ordinary Shrs to Fund the Repurchase of Convertible Notes
IREN,DJ-N,2025-12-01 21:48:00,,DJ-N$1cdf9bb5,IREN Files 8K - Other Events >IREN
IREN,DJ-N,2025-12-01 21:23:00,,DJ-N$1cdf91be,Press Release: IREN Announces Proposed Offering of Ordinary Shares to Fund the Repurchase of Convertible Notes
IREN,DJ-N,2025-12-01 21:23:00,,DJ-N$1cdf91e2,Press Release: IREN Announces Proposed -2-
IREN,DJ-N,2025-12-01 21:23:00,,DJ-N$1cdf91de,Press Release: IREN Announces Proposed Convertible Notes Offering
IREN,DJ-N,2025-11-24 21:27:00,,DJ-N$1ccfbda8,"IREN Files 8K - Director, Officer or Compensation Filing >IREN"
IREN,DJ-N,2025-11-24 21:27:00,,DJ-N$1ccfbda6,IREN Files 8K - Changes To Hldr Rights >IREN
IREN,DJ-N,2025-11-24 21:09:00,,DJ-N$1ccfb71f,"Bitcoin Tries To Find Footing; JPMorgan Upgrades These 2 Miners, Cuts Targets For Others -- IBD"
IREN,DJ-N,2025-11-24 15:23:00,,DJ-N$1cce7701,IREN Price Target Raised to $39.00/Share From $28.00 by JP Morgan
IREN,DJ-N,2025-11-24 15:23:00,,DJ-N$1cce76ff,IREN Is Maintained at Underweight by JP Morgan
IREN,DJ-N,2025-11-24 14:51:00,,DJ-N$1cce5b09,"Bitcoin Tries To Find Footing; JPMorgan Upgrades These 2 Miners, Cuts Targets For Others -- IBD"
IREN,DJ-N,2025-11-24 13:44:00,,DJ-N$1cce3529,"Bitcoin Tries To Find Footing; JPMorgan Upgrades These 2 Miners, Cuts Targets For Others -- IBD"
IREN,DJ-N,2025-11-19 21:27:00,,DJ-N$1cc3c674,"Bitcoin Miner Prospects Up On AI, Power Shortage -- IBD"
IREN,DJ-N,2025-11-19 16:12:00,,DJ-N$1cc2fdc1,"Bitcoin Miners Look To Buck Crypto Slide On AI Prospects, Power Supply Shortage -- IBD"
IREN,DJ-N,2025-11-19 10:48:00,,DJ-N$1cc22986,IREN Price Target Announced at $80.00/Share by Citizens
IREN,DJ-N,2025-11-19 10:48:00,,DJ-N$1cc22982,IREN Initiated at Market Outperform by Citizens
IREN,DJ-N,2025-11-14 17:34:00,,DJ-N$1cb8719e,Bitcoin Slides To 6-Month Low Amid Hawkish Fed Turn -- IBD
IREN,DJ-N,2025-11-13 18:09:00,,DJ-N$1cb4eb30,CoreWeave Stock Drops Again. Insuring Against an AI Slowdown Is Getting Expensive. -- Barrons.com
IREN,DJ-N,2025-11-12 13:12:00,,DJ-N$1cb05259,"CoreWeave, Nebius, IREN Stocks Steady After AI Bubble Fears. They're Still High Risk. -- Barrons.com"
IREN,DJ-N,2025-11-10 12:26:00,,DJ-N$1ca8e9b9,IREN Price Target Raised to $70.00/Share From $42.00 by Canaccord Genuity
IREN,DJ-N,2025-11-10 12:26:00,,DJ-N$1ca8e9b6,IREN Is Maintained at Buy by Canaccord Genuity
IREN,DJ-N,2025-11-07 19:51:00,,DJ-N$1ca5a324,IREN Price Target Raised to $56.00/Share From $45.00 by HC Wainwright & Co.
IREN,DJ-N,2025-11-07 19:51:00,,DJ-N$1ca5a322,IREN Is Maintained at Sell by HC Wainwright & Co.
IREN,DJ-N,2025-11-07 16:05:00,,DJ-N$1ca50b35,IREN Price Target Cut to $136.00/Share From $142.00 by Cantor Fitzgerald
IREN,DJ-N,2025-11-07 16:05:00,,DJ-N$1ca50b2d,IREN Is Maintained at Overweight by Cantor Fitzgerald
IREN,DJ-N,2025-11-07 13:01:00,,DJ-N$1ca46b92,"Dow Jones Futures Fall As Stock Market, Palantir Break Key Levels; Tesla Shareholders OK Elon Musk Pay -- IBD"
UNG,DJ-N,2025-12-29 12:02:00,,DJ-N$1d1af00f,US NatGas Files 8K - Regulation FD >UNG
UNG,DJ-N,2025-12-01 11:10:00,,DJ-N$1cdd8e00,US NatGas Files 8K - Regulation FD >UNG
UNG,DJ-N,2025-10-28 13:02:00,,DJ-N$1c861ec0,US NatGas Files 8K - Regulation FD >UNG
UNG,DJ-N,2025-09-29 12:53:00,,DJ-N$1c40e04d,US NatGas Files 8K - Regulation FD >UNG
UNG,DJ-N,2025-08-28 19:18:00,,DJ-N$1bfbaca2,US NatGas Files 8K - Regulation FD >UNG
UNG,DJ-N,2025-07-29 13:47:00,,DJ-N$1bac0602,US NatGas Files 8K - Regulation FD >UNG
EQNR,DJ-N,2026-01-02 21:01:00,,DJ-N$1d23e4fa,"Orsted, Equinor File Legal Challenges to Trump's Offshore Wind Suspension -- 2nd Update"
EQNR,DJ-N,2026-01-02 17:01:00,,DJ-N$1d23b53c,"Equinor ASA Stock Rises Friday, Outperforms Market"
EQNR,DJ-N,2025-12-30 17:01:00,,DJ-N$1d1e7673,"Equinor ASA Stock Rises Tuesday, Outperforms Market"
EQNR,DJ-N,2025-12-30 07:00:00,,DJ-N$1d1d34a3,Press Release: Statoil: Equinor ASA: Share buy-back -- fourth tranche for 2025
EQNR,DJ-N,2025-12-30 07:00:00,,DJ-N$1d1d34a0,Statoil: Equinor ASA: Share buy-back -- fourth tranche for 2025
EQNR,DJ-N,2025-12-29 17:01:00,,DJ-N$1d1bbcac,"Equinor ASA Stock Rises Monday, Outperforms Market"
EQNR,DJ-N,2025-12-23 17:01:00,,DJ-N$1d1353b2,"Equinor ASA Stock Rises Tuesday, Underperforms Market"
EQNR,DJ-N,2025-12-23 07:00:00,,DJ-N$1d12114a,Press Release: Statoil: Equinor ASA: Share buy-back -- fourth tranche for 2025
EQNR,DJ-N,2025-12-23 07:00:00,,DJ-N$1d121148,Statoil: Equinor ASA: Share buy-back -- fourth tranche for 2025
EQNR,DJ-N,2025-12-22 23:12:00,,DJ-N$1d113bc0,Dominion Energy Stock Drops as Trump Administration Pauses Work at Offshore Wind Farms -- Barrons.com
EQNR,DJ-N,2025-12-22 17:01:00,,DJ-N$1d103463,"Equinor ASA Stock Falls Monday, Underperforms Market"
EQNR,DJ-N,2025-12-19 17:01:00,,DJ-N$1d0c11d2,"Equinor ASA Stock Rises Friday, Underperforms Market"
EQNR,DJ-N,2025-12-19 11:33:00,,DJ-N$1d0b1fd4,"Subsea 7: Contract Extension is Sizeable, Beween $50 Mln-$150 Mln"
EQNR,DJ-N,2025-12-19 11:33:00,,DJ-N$1d0b1f88,Subsea 7: Seven Viking Will Continue to Carry Out Services at Equinor Wells Across Norwegian Continental Shelf
EQNR,DJ-N,2025-12-19 11:32:00,,DJ-N$1d0b1ef4,"Subsea 7: Contract Initially Signed in 2018, Extended to End-2027"
EQNR,DJ-N,2025-12-19 11:31:00,,DJ-N$1d0b1ebd,Subsea 7: Contract Is for Services at Vessel Seven Viking
EQNR,DJ-N,2025-12-19 11:31:00,,DJ-N$1d0b1eb2,Subsea 7 Gets Equinor Contract Extension
EQNR,DJ-N,2025-12-18 17:01:00,,DJ-N$1d0916c5,"Equinor ASA Stock Falls Thursday, Underperforms Market"
EQNR,DJ-N,2025-12-17 17:01:00,,DJ-N$1d061023,"Equinor ASA Stock Rises Wednesday, Outperforms Market"
EQNR,DJ-N,2025-12-16 17:01:00,,DJ-N$1d031c27,"Equinor ASA Stock Falls Tuesday, Underperforms Market"
EQNR,DJ-N,2025-12-16 09:22:00,,DJ-N$1d01efd5,Europe's Energy Stocks Slide as Oil Extends Losses -- Market Talk
EQNR,DJ-N,2025-12-16 07:00:00,,DJ-N$1d019644,Press Release: Statoil: Equinor ASA: Share buy-back -- fourth tranche for 2025
EQNR,DJ-N,2025-12-16 07:00:00,,DJ-N$1d019643,Statoil: Equinor ASA: Share buy-back -- fourth tranche for 2025
EQNR,DJ-N,2025-12-15 17:01:00,,DJ-N$1cffb733,"Equinor ASA Stock Falls Monday, Outperforms Market"
EQNR,DJ-N,2025-12-12 11:49:00,,DJ-N$1cfa8445,Press Release: Statoil: Equinor ASA: Buy-back of shares to share programmes for employees
EQNR,DJ-N,2025-12-12 11:49:00,,DJ-N$1cfa8442,Statoil: Equinor ASA: Buy-back of shares to share programmes for employees
EQNR,DJ-N,2025-12-11 17:01:00,,DJ-N$1cf87972,"Equinor ASA Stock Rises Thursday, Underperforms Market"
EQNR,DJ-N,2025-12-10 17:01:00,,DJ-N$1cf596b5,"Equinor ASA Stock Falls Wednesday, Underperforms Market"
EQNR,DJ-N,2025-12-09 17:01:00,,DJ-N$1cf2947c,"Equinor ASA Stock Falls Tuesday, Underperforms Market"
EQNR,DJ-N,2025-12-09 07:00:00,,DJ-N$1cf108b7,Press Release: Statoil: Equinor ASA: Share buy-back -- fourth tranche for 2025
EQNR,DJ-N,2025-12-09 07:00:00,,DJ-N$1cf108b4,Statoil: Equinor ASA: Share buy-back -- fourth tranche for 2025
EQNR,DJ-N,2025-12-08 17:01:00,,DJ-N$1cef39d5,"Equinor ASA Stock Falls Monday, Outperforms Market"
EQNR,DJ-N,2025-12-05 17:01:00,,DJ-N$1ceb15f5,"Equinor ASA Stock Rises Friday, Underperforms Market"
EQNR,DJ-N,2025-12-05 08:19:00,,DJ-N$1ce9e078,Equinor Makes North Sea Gas Discoveries
EQNR,DJ-N,2025-12-05 07:44:00,,DJ-N$1ce9ce2f,Equinor: Estimates Indicate Reservoirs May Contain 30M to 110M Barrels of Recoverable Oil Equivalents
EQNR,DJ-N,2025-12-05 07:42:00,,DJ-N$1ce9cd6d,Equinor: Discoveries Are Company's Largest So Far This Year
EQNR,DJ-N,2025-12-05 07:41:00,,DJ-N$1ce9cc48,Equinor Makes Two New Discoveries of Gas and Condensate in Sleipner Area of North Sea
EQNR,DJ-N,2025-12-04 17:01:00,,DJ-N$1ce83818,"Equinor ASA Stock Rises Thursday, Underperforms Market"
EQNR,DJ-N,2025-12-03 17:01:00,,DJ-N$1ce54cdc,"Equinor ASA Stock Rises Wednesday, Outperforms Market"
EQNR,DJ-N,2025-12-02 17:01:00,,DJ-N$1ce241e4,"Equinor ASA Stock Falls Tuesday, Underperforms Market"
EQNR,DJ-N,2025-12-02 07:00:00,,DJ-N$1ce0c3de,Press Release: Statoil: Equinor ASA: Share buy-back -- fourth tranche for 2025
EQNR,DJ-N,2025-12-02 07:00:00,,DJ-N$1ce0c3db,Statoil: Equinor ASA: Share buy-back -- fourth tranche for 2025
EQNR,DJ-N,2025-12-01 17:01:00,,DJ-N$1cde967b,"Equinor ASA Stock Falls Monday, Underperforms Market"
EQNR,DJ-N,2025-12-01 07:16:00,,DJ-N$1cdcda26,Shell: Adura Will Be Largest Independent Producer in the U.K. North Sea
EQNR,DJ-N,2025-12-01 07:15:00,,DJ-N$1cdcd9ca,"Shell, Equinor Complete Deal to Combine U.K. Offshore Oil, Gas Operations"
EQNR,DJ-N,2025-12-01 07:14:00,,DJ-N$1cdcd92d,Shell and Equinor Complete Formation of Adura
EQNR,DJ-N,2025-11-29 02:31:00,,DJ-N$1cdb2e9e,Dominion Energy Is a Utility Play With AI Upside -- Barron's
EQNR,DJ-N,2025-11-28 17:01:00,,DJ-N$1cda36eb,"Equinor ASA Stock Rises Friday, Outperforms Market"
EQNR,DJ-N,2025-11-27 17:01:00,,DJ-N$1cd7a37a,"Equinor ASA Stock Rises Thursday, Underperforms Market"
EQNR,DJ-N,2025-11-26 17:01:00,,DJ-N$1cd54822,"Equinor ASA Stock Rises Wednesday, Underperforms Market"
SOC,DJ-N,2026-01-02 18:54:00,,DJ-N$1d23cb3b,Sable Offshore Stock Surges 29% as Ruling Brings California Pipeline Closer to Restart -- Barrons.com
SOC,DJ-N,2026-01-02 15:42:00,,DJ-N$1d2372bb,Sable Offshore Stock Surges as Ruling Brings California Pipeline Closer to Restart -- Barrons.com
SOC,DJ-N,2026-01-02 15:01:00,,DJ-N$1d23497d,Sable Seen Nearing Production Relaunch After Court Ruling -- Market Talk
SOC,DJ-N,2026-01-02 14:36:00,,DJ-N$1d23419a,Sable Offshore Stock Surges After Court Ruling Brings California Pipeline Closer to Restart -- Barrons.com
SOC,DJ-N,2026-01-02 14:18:00,,DJ-N$1d2339bc,Sable Offshore Price Target Maintained With a $20.00/Share by Benchmark
SOC,DJ-N,2025-12-29 11:16:00,,DJ-N$1d1ae0c7,Sable Offshore Files 8K - Regulation FD >SOC
SOC,DJ-N,2025-12-26 20:20:00,,DJ-N$1d187efd,Sable Offshore Stock Tumbles. Its California Pipeline Faces More Questions. -- Barrons.com
SOC,DJ-N,2025-12-24 16:54:00,,DJ-N$1d15c089,Sable Offshore Corp. Cl A (SOC) Resumed Trading
SOC,DJ-N,2025-12-24 16:39:00,,DJ-N$1d15b2eb,Sable Offshore Gets Emergency Special Permit From PHMSA for Santa Ynez Pipeline System Segments
SOC,DJ-N,2025-12-24 16:31:00,,DJ-N$1d15aaca,Sable Offshore Corp. Cl A (SOC) Halted due to news pending
SOC,DJ-N,2025-12-23 14:43:00,,DJ-N$1d12d165,Sable Offshore Surges On Pipeline Permit; Phil Mickelson Still Under Water -- IBD
SOC,DJ-N,2025-12-23 12:59:00,,DJ-N$1d129eb5,Sable Offshore Shares Rise After DOT Approves Restart Plan for Dormant Oil Platforms
SOC,DJ-N,2025-12-23 11:34:00,,DJ-N$1d127a92,Sable Offshore Files 8K - Regulation FD >SOC
SOC,DJ-N,2025-12-18 17:10:00,,DJ-N$1d0920d4,Sable Offshore Stock Soars as Trump Administration Boosts Oil Project's Prospects -- WSJ
SOC,DJ-N,2025-12-17 22:26:00,,DJ-N$1d06c9ab,Sable Offshore Files 8K - Regulation FD >SOC
SOC,DJ-N,2025-12-01 11:13:00,,DJ-N$1cdd8f43,Sable Offshore Files 8K - Regulation FD >SOC
SOC,DJ-N,2025-11-27 17:00:00,,DJ-N$1cd7a263,The Texas Oil Mogul at War With California Over an Offshore Bounty -- WSJ
SOC,DJ-N,2025-11-26 12:15:00,,DJ-N$1cd46637,Sable Offshore Files 8K - Regulation FD >SOC
SOC,DJ-N,2025-11-26 12:15:00,,DJ-N$1cd46633,"Sable Offshore Files 8K - Director, Officer or Compensation Filing >SOC"
SOC,DJ-N,2025-11-20 08:14:00,,DJ-N$1cc4ff6c,"SABLE OFFSHORE CORP  COM, Inst Holders, 3Q 2025 (SOC)"
SOC,DJ-N,2025-11-14 21:10:00,,DJ-N$1cb8baa6,Sable Offshore Corp. Cl A (SOC) Resumed Trading
SOC,DJ-N,2025-11-14 21:04:00,,DJ-N$1cb8afe9,"Press Release: Sable Offshore Corp. Responds to the November 14, 2025 Hunterbrook Media LLC Report"
SOC,DJ-N,2025-11-14 20:24:00,,DJ-N$1cb89c05,Sable Offshore Corp. Cl A (SOC) Halted due to news pending
SOC,DJ-N,2025-11-13 21:24:00,,DJ-N$1cb54480,Sable Offshore Ended 3Q With Cash and Cash Equivalents Balance of $41.6 M >SOC
SOC,DJ-N,2025-11-13 21:24:00,,DJ-N$1cb54479,Sable Offshore Ended 3Q With 99.5M Shrs of Common Stk Outstanding >SOC
SOC,DJ-N,2025-11-13 21:24:00,,DJ-N$1cb54460,Sable Offshore Files 8K - Operations And Financial Condition >SOC
SOC,DJ-N,2025-11-13 21:24:00,,DJ-N$1cb543a8,Sable Offshore 3Q Loss $110.4M >SOC
SOC,DJ-N,2025-11-13 21:08:00,,DJ-N$1cb52770,Press Release: Sable Offshore Corp. Reports Third Quarter 2025 Financial Results
SOC,DJ-N,2025-11-11 19:42:00,,DJ-N$1cae1830,Sable Offshore Price Target Cut to $20.00/Share From $38.00 by Jefferies
SOC,DJ-N,2025-11-11 19:42:00,,DJ-N$1cae182d,Sable Offshore Is Maintained at Buy by Jefferies
SOC,DJ-N,2025-11-11 14:56:00,,DJ-N$1cad38b4,Sable Offshore Price Target Announced at $22.00/Share by Roth Capital
SOC,DJ-N,2025-11-10 16:02:00,,DJ-N$1ca9a88e,Sable Offshore Shares Rise After $250M Private Placement
SOC,DJ-N,2025-11-10 13:19:00,,DJ-N$1ca9183d,Sable Offshore Files 8K - Regulation FD >SOC
SOC,DJ-N,2025-11-10 13:16:00,,DJ-N$1ca9175e,Sable Offshore Announces $250M Private Placement of Shares
SOC,DJ-N,2025-11-10 13:16:00,,DJ-N$1ca916bc,Press Release: Sable Offshore Corp. Announces $250 Million Private Placement of Shares
SOC,DJ-N,2025-11-04 16:17:00,,DJ-N$1c9a45d5,Sable Offshore Price Target Cut to $20.00/Share From $47.00 by Benchmark
SOC,DJ-N,2025-11-04 16:17:00,,DJ-N$1c9a45cb,Sable Offshore Is Maintained at Buy by Benchmark
SOC,DJ-N,2025-11-03 14:17:00,,DJ-N$1c961d85,Sable Offshore Files 8K - Regulation FD >SOC
SOC,DJ-N,2025-11-03 14:17:00,,DJ-N$1c961d7b,Sable Offshore Files 8K - Entry Into Definitive Agreement >SOC
SOC,DJ-N,2025-11-03 13:57:00,,DJ-N$1c96096e,Press Release: Sable Offshore Corp. Provides Strategic Update to Investors
SOC,DJ-N,2025-11-03 13:32:00,,DJ-N$1c95fe92,Press Release: Sable Offshore Corp. Provides Strategic Update to Investors
SOC,DJ-N,2025-11-03 04:41:00,,DJ-N$1c950e51,Press Release: Sable Offshore Corp. to Host Conference Call to Provide a Strategic Update to Investors
SOC,DJ-N,2025-10-24 11:30:00,,DJ-N$1c7da849,Sable Offshore Files 8K - Regulation FD >SOC
SOC,DJ-N,2025-10-20 12:44:00,,DJ-N$1c71c1ff,Substantial Insider Purchases: Morning Report
SOC,DJ-N,2025-10-17 22:55:00,,DJ-N$1c6f2a2c,"Holder Pilgrim Global ICAV Buys 982,645 Of Sable Offshore Corp >SOC"
SOC,DJ-N,2025-10-15 11:43:00,,DJ-N$1c6756d5,Sable Offshore Shares Sink as Court Plans to Reject Damage Claims Over Pipeline
SOC,DJ-N,2025-10-15 10:29:00,,DJ-N$1c672e2d,Press Release: Sable Offshore Corp. Statement on California Coastal Commission Litigation
SOC,DJ-N,2025-10-15 10:21:00,,DJ-N$1c672b54,Sable Offshore Continues to Work With the State of California to Safely and Responsibly Resume Petroleum Transportation Through the Las Flores Pipeline System >SOC
SOC,DJ-N,2025-10-15 10:18:00,,DJ-N$1c672a1d,Sable Offshore Files 8K - Regulation FD >SOC
SOC,DJ-N,2025-10-15 10:17:00,,DJ-N$1c6729a2,Sable Offshore Suing Coastal Commission for Damages It Has Caused Sable by Issuing Cease and Desist Orders During Sable's Anomaly Repair Program on the Las Flores Pipeline System >SOC
SKYT,BRFG,2024-12-26 15:10:09,,BRFG$199dd0b8,SkyWater Tech is a play on the trend toward moving chip manufacturing back into the US
SKYT,DJ-N,2025-12-10 21:27:00,,DJ-N$1cf601c9,Officer Hilberg Surrenders 867 Of SkyWater Technology Inc >SKYT
SKYT,DJ-N,2025-12-08 12:14:00,,DJ-N$1cee53c0,CFA Technology:Insider Review For Week Ended 5-Dec -4-
SKYT,DJ-N,2025-12-08 12:13:00,,DJ-N$1cee53b6,CFA Technology:Insider Review For Week Ended 5-Dec -3-
SKYT,DJ-N,2025-12-08 12:13:00,,DJ-N$1cee5377,CFA Technology:Insider Review For Week Ended 5-Dec -2-
SKYT,DJ-N,2025-12-08 12:13:00,,DJ-N$1cee5373,CFA Technology:Insider Review For Week Ended 5-Dec
SKYT,DJ-N,2025-12-02 13:44:00,,DJ-N$1ce18b84,Substantial Insider Sales: Morning Report -2-
SKYT,DJ-N,2025-12-02 13:44:00,,DJ-N$1ce18b82,Substantial Insider Sales: Morning Report
SKYT,DJ-N,2025-12-01 23:34:00,,DJ-N$1cdfb6b5,"Dir Unterseher Sells 100,000 Of SkyWater Technology Inc >SKYT"
SKYT,DJ-N,2025-12-01 23:32:00,,DJ-N$1cdfb5d6,"Dir Unterseher Sells 200,000 Of SkyWater Technology Inc >SKYT-Amended"
SKYT,DJ-N,2025-12-01 12:13:00,,DJ-N$1cdda979,CFA Technology:Insider Review For Week Ended 28-Nov -3-
SKYT,DJ-N,2025-12-01 12:13:00,,DJ-N$1cdda96f,CFA Technology:Insider Review For Week Ended 28-Nov -2-
SKYT,DJ-N,2025-12-01 12:13:00,,DJ-N$1cdda95e,CFA Technology:Insider Review For Week Ended 28-Nov
SKYT,DJ-N,2025-12-01 12:06:00,,DJ-N$1cdda5c7,Press Release: SkyWater Technology Announces Participation in 14th Annual NYC Summit
SKYT,DJ-N,2025-11-26 13:44:00,,DJ-N$1cd49820,Substantial Insider Sales: Morning Report -2-
SKYT,DJ-N,2025-11-26 13:44:00,,DJ-N$1cd49810,Substantial Insider Sales: Morning Report
SKYT,DJ-N,2025-11-26 02:24:00,,DJ-N$1cd354d3,"Holder Unterseher Sells 200,000 Of SkyWater Technology Inc >SKYT"
SKYT,DJ-N,2025-11-25 21:37:00,,DJ-N$1cd2dacf,"CEO Sonderman Sells 5,210 Of SkyWater Technology Inc >SKYT"
SKYT,DJ-N,2025-11-24 12:14:00,,DJ-N$1cce02eb,CFA Technology:Insider Review For Week Ended 21-Nov -4-
SKYT,DJ-N,2025-11-24 12:14:00,,DJ-N$1cce02c7,CFA Technology:Insider Review For Week Ended 21-Nov -3-
SKYT,DJ-N,2025-11-24 12:13:00,,DJ-N$1cce02a8,CFA Technology:Insider Review For Week Ended 21-Nov -2-
SKYT,DJ-N,2025-11-24 12:13:00,,DJ-N$1cce027e,CFA Technology:Insider Review For Week Ended 21-Nov
SKYT,DJ-N,2025-11-21 20:42:00,,DJ-N$1ccab12f,"CEO Sonderman Registers 5,210 Of SkyWater Technology Inc >SKYT"
SKYT,DJ-N,2025-11-21 08:01:00,,DJ-N$1cc8120e,"SKYWATER TECHNOLOGY INC  COM, Inst Holders, 3Q 2025 (SKYT)"
SKYT,DJ-N,2025-11-20 21:16:00,,DJ-N$1cc699ae,"Holder Unterseher Sells 9,662 Of SkyWater Technology Inc >SKYT"
SKYT,DJ-N,2025-11-20 12:05:00,,DJ-N$1cc56288,Press Release: SkyWater Technology and Silicon Quantum Computing Team to Advance Hybrid Quantum-Classical Computing
SKYT,DJ-N,2025-11-18 21:44:00,,DJ-N$1cc0a595,Substantial Insider Sales: Afternoon Report
SKYT,DJ-N,2025-11-18 21:28:00,,DJ-N$1cc09136,"CFO Manko Sells 50,000 Of SkyWater Technology Inc >SKYT"
SKYT,DJ-N,2025-11-18 21:28:00,,DJ-N$1cc09092,"CEO Sonderman Sells 5,207 Of SkyWater Technology Inc >SKYT"
SKYT,DJ-N,2025-11-18 13:44:00,,DJ-N$1cbf5be3,Substantial Insider Sales: Morning Report
SKYT,DJ-N,2025-11-18 00:44:00,,DJ-N$1cbde662,"Dir Unterseher Sells 14,200 Of SkyWater Technology Inc >SKYT"
SKYT,DJ-N,2025-11-14 21:52:00,,DJ-N$1cb8edd2,"CFO Manko Registers 50,000 Of SkyWater Technology Inc >SKYT"
SKYT,DJ-N,2025-11-14 21:30:00,,DJ-N$1cb8d418,"CEO Sonderman Registers 5,207 Of SkyWater Technology Inc >SKYT"
SKYT,DJ-N,2025-11-13 20:33:00,,DJ-N$1cb509bb,"Holder CMI Oxbow Partners LLC Registers 1,000,000 Of SkyWater TECH Inc >SKYT"
SKYT,DJ-N,2025-11-10 15:50:00,,DJ-N$1ca99a96,SkyWater Technology Shares Rise on Quantum Computing Collaboration with QuamCore
SKYT,DJ-N,2025-11-06 18:21:00,,DJ-N$1ca1ca23,SkyWater Technology Price Target Raised to $24.00/Share From $22.00 by TD Cowen
SKYT,DJ-N,2025-11-06 18:21:00,,DJ-N$1ca1ca22,SkyWater Technology Is Maintained at Buy by TD Cowen
SKYT,DJ-N,2025-11-06 15:58:00,,DJ-N$1ca15800,SkyWater Technology Price Target Raised to $17.00/Share From $12.00 by Piper Sandler
SKYT,DJ-N,2025-11-06 15:58:00,,DJ-N$1ca157fd,SkyWater Technology Is Maintained at Overweight by Piper Sandler
SKYT,DJ-N,2025-11-06 12:52:00,,DJ-N$1ca0a9f3,SkyWater Technology Price Target Raised to $20.00/Share From $15.00 by Needham
SKYT,DJ-N,2025-11-06 12:52:00,,DJ-N$1ca0a9f0,SkyWater Technology Is Maintained at Buy by Needham
SKYT,DJ-N,2025-11-06 12:14:00,,DJ-N$1ca08e30,"SkyWater Technology, QuamCore Announce Collaborating to Fabricate Digital Superconducting Controller for Scalable Quantum Computing>SKYT"
SKYT,DJ-N,2025-11-06 12:05:00,,DJ-N$1ca0861e,Press Release: SkyWater Technology and QuamCore Announce Collaboration to Fabricate Digital Superconducting Controller for Scalable Quantum Computing
SKYT,DJ-N,2025-11-05 21:15:00,,DJ-N$1c9e82b5,SkyWater Technology Files 8K - Operations And Financial Condition >SKYT
SKYT,DJ-N,2025-10-22 12:59:00,,DJ-N$1c77ad02,SkyWater Technology Price Target Announced at $25.00/Share by Stifel
SKYT,DJ-N,2025-10-22 12:59:00,,DJ-N$1c77acff,SkyWater Technology Initiated at Buy by Stifel
SKYT,DJ-N,2025-10-17 21:00:00,,DJ-N$1c6ec2b7,"Pres Sakamoto Surrenders 11,028 Of SkyWater Technology Inc >SKYT"
SKYT,DJ-N,2025-10-15 11:09:00,,DJ-N$1c674353,"Press Release: SkyWater Technology to Announce Third Quarter Financial Results on November 5, 2025"
SKYT,DJ-N,2025-10-06 11:13:00,,DJ-N$1c5189e2,CFA Technology:Insider Review For Week Ended 3-Oct -3-
SKYT,DJ-N,2025-10-06 11:13:00,,DJ-N$1c5189a2,CFA Technology:Insider Review For Week Ended 3-Oct -2-
SKYT,DJ-N,2025-10-06 11:12:00,,DJ-N$1c518984,CFA Technology:Insider Review For Week Ended 3-Oct
BTOG,DJ-N,2025-09-30 13:02:00,,DJ-N$1c44603e,"Bit Origin: Partnership to Secure, Expand Digital Asset Treasury Holdings >BTOG"
BTOG,DJ-N,2025-09-30 13:01:00,,DJ-N$1c445fe2,Bit Origin and Bit Origin Agree Partnership >BTOG
BTOG,DJ-N,2025-09-30 13:00:00,,DJ-N$1c445db6,Press Release: BitGo and Bit Origin Announce Partnership to Secure and Expand Digital Asset Treasury Holdings
BTOG,DJ-N,2025-08-29 13:01:00,,DJ-N$1bfdf0bd,Bit Origin Receives 180-Day Extension From Nasdaq to Regain Compliance With Minimum Bid Price Requirement
BTOG,DJ-N,2025-08-29 13:00:00,,DJ-N$1bfdef8f,Press Release: Bit Origin Receives 180-Day Extension from Nasdaq to Regain Compliance with Minimum Bid Price Requirement
BTOG,DJ-N,2025-08-12 13:03:00,,DJ-N$1bd2e0df,Bit Origin Closes Private Placement for Purchase and Sale of 20 M Class A Ordinary Shrs for Proceeds of 30 M DOGE >BTOG
BTOG,DJ-N,2025-08-12 13:00:00,,DJ-N$1bd2de98,Bit Origin Surpasses 70 M Dogecoin Holdings Following Private Placement
BTOG,DJ-N,2025-08-12 13:00:00,,DJ-N$1bd2dc00,Press Release: Bit Origin Surpasses 70 Million Dogecoin (DOGE) Holdings Following Private Placement
BTOG,DJ-N,2025-08-04 20:30:00,,DJ-N$1bbd7575,Press Release: Bit Origin Announces Completion of Share Capital Reduction
BTOG,DJ-N,2025-07-21 12:30:00,,DJ-N$1b9820ae,Press Release: Bit Origin Acquires Over 40 Million Dogecoin (DOGE) to Advance Treasury Strategy
BTOG,DJ-N,2025-07-21 12:30:00,,DJ-N$1b982054,Bit Origin Acquires Over 40 Million Dogecoin (DOGE) To Advance Treasury Strategy >BTOG
BTOG,DJ-N,2025-07-17 13:15:00,,DJ-N$1b914b1f,Bit Origin Secures $500M Equity and Debt Facilities to Launch Dogecoin Treasury
BTOG,DJ-N,2025-07-17 13:15:00,,DJ-N$1b914aba,Press Release: Bit Origin Secures $500 Million Equity and Debt Facilities to Launch Dogecoin Treasury
RIVN,BRFG,2025-02-21 17:41:44,,BRFG$1a25eac0,Rivian in reverse after issuing disappointing FY25 deliveries guidance
RIVN,BRFG,2025-01-03 17:08:00,,BRFG$19ad3f62,Rivian Automotive floors it today following upbeat Q4 production and delivery numbers
RIVN,BRFG,2024-10-04 14:15:12,,BRFG$18d4e303,Rivian Automotive slices its FY24 production goal following worsening supplier-related issues
RIVN,BRFG,2024-08-16 16:19:09,,BRFG$185edc1f,Rivian Automotive loses some charge on production headwinds related to Amazon delivery vans
RIVN,BRFG,2024-02-22 19:25:39,,BRFG$16b9261a,"Rivian Automotive stalls out, hits all-time lows following bleak FY24 guidance"
RIVN,BRFG,2023-11-08 14:56:12,,BRFG$15e44a7c,Rivian revving up production and narrowing its losses amid a tough EV market
RIVN,BRFG,2023-10-02 15:10:34,,BRFG$158b4660,Rivian  stuck in neutral despite topping Q3 production estimates
RIVN,BRFG,2023-07-05 14:17:42,,BRFG$14cd46e7,Rivian runs out of range after charging higher on its first rollout for AMZN in Europe
RIVN,BRFG,2023-05-10 14:40:36,,BRFG$146b7e37,"Rivian Automotive receives jolt after upside earnings report, reaffirm of production outlook"
RIVN,BRFG,2023-03-01 17:19:42,,BRFG$13d7c02a,Rivian crashes as lingering supply chain issues and cooling demand hit production outlook
RIVN,DJ-N,2026-01-02 21:39:00,,DJ-N$1d2411c1,"Holder Rivian Foundation Registers 33,334 Of Rivian Automotive Inc/DE >RIVN"
RIVN,DJ-N,2026-01-02 21:19:00,,DJ-N$1d23fb5a,Rivian Stock Falls After Drop in Deliveries. 2026 Is What Really Matters. -- Barrons.com
RIVN,DJ-N,2026-01-02 17:35:00,,DJ-N$1d23bce2,Rivian Stock Falls After Drop in Deliveries. 2026 Is What Really Matters. -- Barrons.com
RIVN,DJ-N,2026-01-02 16:25:00,,DJ-N$1d239dd8,Rivian Stock Jumps Despite Drop in Deliveries. 2026 Is What Really Matters. -- Barrons.com
RIVN,DJ-N,2026-01-02 14:57:00,,DJ-N$1d2347a9,Rivian 4Q Deliveries Decline Following Expiration of Tax EV Credit -- Update
RIVN,DJ-N,2026-01-02 13:41:00,,DJ-N$1d232451,Rivian 4Q Deliveries Decline In Line With Expectations
RIVN,DJ-N,2026-01-02 13:32:00,,DJ-N$1d232282,Rivian Automotive: Both 4Q and Annual Figures Are in Line With Co's Expectations >RIVN
RIVN,DJ-N,2026-01-02 13:32:00,,DJ-N$1d23227c,"Rivian Automotive: Produced 42,284 Vehicles and Delivered 42,247 Vehicles for Full Year 2025 >RIVN"
RIVN,DJ-N,2026-01-02 13:31:00,,DJ-N$1d232276,Press Release: Rivian Releases Q4 2025 Production and Delivery Figures and Sets Date for Fourth Quarter and Full Year 2025 Financial Results
RIVN,DJ-N,2026-01-02 13:31:00,,DJ-N$1d23224f,"Rivian Automotive Delivered 9,745 Vehicles in 4Q >RIVN"
RIVN,DJ-N,2026-01-02 13:31:00,,DJ-N$1d23224b,"Rivian Automotive Produced 10,974 Vehicles at Manufacturing Facility in Normal, Illinois, in 4Q >RIVN"
RIVN,DJ-N,2026-01-02 13:30:00,,DJ-N$1d23222e,Rivian Releases Q4 2025 Production and Delivery Figures
RIVN,DJ-N,2026-01-02 13:29:00,,DJ-N$1d232160,Rivian Automotive Files 8K - Regulation FD >RIVN
RIVN,DJ-N,2025-12-29 21:44:00,,DJ-N$1d1c44cc,Substantial Insider Sales: Afternoon Report
RIVN,DJ-N,2025-12-29 21:11:00,,DJ-N$1d1c1fce,"Chmn Scaringe Sells 17,450 Of Rivian Automotive Inc/DE >RIVN"
RIVN,DJ-N,2025-12-23 21:12:00,,DJ-N$1d13b713,"Chmn Scaringe Registers 17,450 Of Rivian Automotive Inc/DE >RIVN"
RIVN,DJ-N,2025-12-19 21:46:00,,DJ-N$1d0c9923,"Rivian Automotive, Inc.: Rose Marcario Resigns From Bd. >RIVN"
RIVN,DJ-N,2025-12-19 21:23:00,,DJ-N$1d0c7f79,"Rivian Automotive Files 8K - Director, Officer or Compensation Filing >RIVN"
RIVN,DJ-N,2025-12-19 14:46:00,,DJ-N$1d0b8cc6,Tesla Bull Calls 2026 An 'Inflection Year' For Rivian With The Stock At Its Highest Since Jan. 2024 -- IBD
RIVN,DJ-N,2025-12-19 13:50:00,,DJ-N$1d0b6529,Rivian Automotive Price Target Raised to $25.00/Share From $16.00 by Wedbush
RIVN,DJ-N,2025-12-19 13:50:00,,DJ-N$1d0b651f,Rivian Automotive Is Maintained at Outperform by Wedbush
RIVN,DJ-N,2025-12-18 21:27:00,,DJ-N$1d098cef,Rivian Is Entering Its R2 Era. The Stock Is a Buy for Baird. -- Barrons.com
RIVN,DJ-N,2025-12-18 21:13:00,,DJ-N$1d097b3e,"These Stocks Moved the Most Today: Micron, DJT, Accenture, Tilray, Lululemon, Medline, Rivian, and More -- Barrons.com"
RIVN,DJ-N,2025-12-18 15:36:00,,DJ-N$1d08b67d,Rivian Is Entering Its R2 Era. The Stock Is a Buy for Baird. -- Barrons.com
RIVN,DJ-N,2025-12-18 13:04:00,,DJ-N$1d084d22,Rivian Is Entering Its R2 Era. Baird Says Buy the Stock. -- Barrons.com
RIVN,DJ-N,2025-12-18 12:13:00,,DJ-N$1d0827fe,"These Stocks Are Moving the Most Today: Micron, Sandisk, DJT, Lululemon, Insmed, Coinbase, Rivian, CarMax, and More -- Barrons.com"
RIVN,DJ-N,2025-12-18 11:24:00,,DJ-N$1d081059,"These Stocks Are Moving the Most Today: Micron, Sandisk, Lululemon, Insmed, Coinbase, Rivian, PayPal, and More -- Barrons.com"
RIVN,DJ-N,2025-12-18 11:10:00,,DJ-N$1d080bab,"These Stocks Are Moving the Most Today: Micron, Sandisk, Lululemon, Insmed, Rivian, PayPal, and More -- Barrons.com"
RIVN,DJ-N,2025-12-18 11:02:00,,DJ-N$1d0808fa,Rivian Automotive Price Target Raised to $25.00/Share From $14.00 by Baird
RIVN,DJ-N,2025-12-18 11:02:00,,DJ-N$1d0808f8,Rivian Automotive Raised to Outperform From Neutral by Baird
RIVN,DJ-N,2025-12-18 10:46:00,,DJ-N$1d0801dd,Medline Stock Soars 41% After Biggest IPO Since 2021 -- Barrons.com
RIVN,DJ-N,2025-12-18 01:14:00,,DJ-N$1d07027d,"Dir Krawiec Sells 3,655 Of Rivian Automotive Inc/DE >RIVN"
RIVN,DJ-N,2025-12-18 00:55:00,,DJ-N$1d06fe0e,Review Preview: Reining in Risk -- Barrons.com
RIVN,DJ-N,2025-12-17 21:07:00,,DJ-N$1d067d67,Medline Stock Soars 41% After Biggest IPO Since 2021 -- Barrons.com
RIVN,DJ-N,2025-12-16 21:53:00,,DJ-N$1d03ae4e,What Ford's Massive Charge Means for GM and Toyota -- Barrons.com
RIVN,DJ-N,2025-12-15 19:24:00,,DJ-N$1d0052f1,"Holder Krawiec 2025 TR Registers 5,572 Of Rivian Automotive Inc/DE"
RIVN,DJ-N,2025-12-12 18:08:00,,DJ-N$1cfb8c86,Rivian Automotive Price Target Raised to $16.00/Share From $13.00 by Goldman Sachs
RIVN,DJ-N,2025-12-12 18:08:00,,DJ-N$1cfb8c84,Rivian Automotive Is Maintained at Neutral by Goldman Sachs
RIVN,DJ-N,2025-12-12 16:24:00,,DJ-N$1cfb4433,Rivian Automotive Shares Gain on Plans for AI Autonomous Driving Features
RIVN,DJ-N,2025-12-12 15:49:00,,DJ-N$1cfb1d99,Tesla Stock Teases Early Entry Amid Bets Elon Musk Can Hit This Deadline -- IBD
RIVN,DJ-N,2025-12-12 13:44:00,,DJ-N$1cfac74d,Substantial Insider Sales: Morning Report
RIVN,DJ-N,2025-12-12 11:34:00,,DJ-N$1cfa7eea,S&P 500 Hits Record High Without AI Help. Why -2-
RIVN,DJ-N,2025-12-12 11:34:00,,DJ-N$1cfa7ee9,S&P 500 Hits Record High Without AI Help. Why That's a Good Thing. -- Barrons.com
RIVN,DJ-N,2025-12-12 11:09:00,,DJ-N$1cfa75b4,Rivian Automotive Price Target Raised to $23.00/Share From $14.00 by Needham
RIVN,DJ-N,2025-12-12 11:09:00,,DJ-N$1cfa75b2,Rivian Automotive Is Maintained at Buy by Needham
RIVN,DJ-N,2025-12-12 07:32:00,,DJ-N$1cfa075c,Rivian Expands Hands-Free Driving -- WSJ
RIVN,DJ-N,2025-12-11 23:44:00,,DJ-N$1cf93563,Rivian Expands Hands-Free Driving in AI Push -- Update
RIVN,DJ-N,2025-12-11 22:34:00,,DJ-N$1cf91c1f,"Chmn Scaringe Sells 17,450 Of Rivian Automotive Inc/DE >RIVN"
RIVN,DJ-N,2025-12-11 22:11:00,,DJ-N$1cf915be,Rivian Expands Hands-Free Driving in AI Push -- WSJ
RIVN,DJ-N,2025-12-11 22:08:00,,DJ-N$1cf9125d,"Rivian Went Full Tesla, With One Exception. The Stock Dropped. -- Barrons.com"
DAL,BRFG,2025-10-09 14:12:32,,BRFG$1c5aa446,Delta Air Lines climbs higher as premium and loyalty growth fuel another strong quarter
DAL,BRFG,2025-09-11 14:50:24,,BRFG$1c1b7f24,Delta Air Lines raises Q3 revenue outlook on strong travel demand and capacity discipline
DAL,BRFG,2025-07-10 18:17:41,,BRFG$1b81e084,Delta Air Lines soars on strong quarter and dividend hike; leads to rally in airline stocks
DAL,BRFG,2025-04-09 14:32:36,,BRFG$1a9f22a2,Delta Air Lines' revenue diversification drives better-than-expected Q1 results and Q2 outlook
DAL,BRFG,2025-03-11 15:03:30,,BRFG$1a522bb3,Delta Air Lines and competitors encounter strengthening leisure travel demand headwinds
DAL,BRFG,2025-01-10 15:43:08,,BRFG$19bd8e22,"Delta Air Lines flies by Q4 estimates and issues upbeat outlook, lifting stock to record highs"
DAL,BRFG,2024-11-20 17:47:31,,BRFG$194d674e,Delta Air Lines remains grounded after issuing slate of guidance
DAL,BRFG,2024-10-10 14:54:34,,BRFG$18e2b3ac,Delta Air Lines on bumpy ride this morning after issuing mixed Q3 earnings report
DAL,BRFG,2024-07-11 14:59:49,,BRFG$1800adcc,Delta Air Lines' weak Q2 report creates turbulence for peers as rising capacity hits EPS
DAL,BRFG,2024-04-10 14:31:10,,BRFG$1723cbfe,Delta Air Lines flying higher as strong Q1 report eases concerns of slowing travel demand
DAL,BRFG,2024-01-12 16:12:46,,BRFG$16629782,"Delta Air Lines' upside Q4 results overshadowed by tepid guidance, rising oil prices"
DAL,BRFG,2023-10-12 14:40:59,,BRFG$15a09560,Delta Air Lines encounters some turbulence as total unit revenue trends weaken
DAL,BRFG,2023-07-13 14:00:09,,BRFG$14deadc3,Delta Air Lines flies past high Q2 expectations on red-hot travel demand and normalizing costs
DAL,BRFG,2023-06-27 14:34:01,,BRFG$14bcfe28,Delta Air Lines cleared for take-off as strengthening demand enables company to lift guidance
DAL,BRFG,2023-04-13 14:18:14,,BRFG$1430e82c,Delta Air Lines descends after mixed Q1 report as rising costs continue to act as headwind
DAL,BRFG,2023-01-13 15:23:31,,BRFG$13788e03,"Delta Air Lines soft Q1 EPS guidance keeps shares grounded, but overall outlook remains bright"
DAL,DJ-N,2026-01-02 22:20:00,,DJ-N$1d2436f5,"The Score: Lululemon, Tesla, Delta, Nike and More Stocks That Defined the Week -- WSJ"
DAL,DJ-N,2026-01-01 05:30:00,,DJ-N$1d21bcbe,Airline Stocks Overcame a Turbulent Year. Why They Can Fly Higher in 2026. -- Barrons.com
DAL,DJ-N,2025-12-26 22:58:00,,DJ-N$1d18ec0d,Airline Delays and Cancellations Pile Up Ahead of New York-Area Snowstorm -- Update
DAL,DJ-N,2025-12-20 02:30:00,,DJ-N$1d0d25a3,Companies Are Using AI to Set Prices. Watch Your -2-
DAL,DJ-N,2025-12-20 02:30:00,,DJ-N$1d0d25a0,Companies Are Using AI to Set Prices. Watch Your Wallet. -- Barron's
DAL,DJ-N,2025-12-19 13:30:00,,DJ-N$1d0b5c2f,Press Release: Delta Air Lines Announces Webcast of December Quarter and Full Year 2025 Financial Results
DAL,DJ-N,2025-12-18 15:46:00,,DJ-N$1d08c040,Delta President to Retire After 20 Years. How He Transformed the Airline -- and the Stock. -- Barrons.com
DAL,DJ-N,2025-12-18 14:40:00,,DJ-N$1d088807,Delta Air Price Target Announced at $87.00/Share by Wells Fargo
DAL,DJ-N,2025-12-18 14:40:00,,DJ-N$1d088806,Delta Air Initiated at Overweight by Wells Fargo
DAL,DJ-N,2025-12-18 13:00:00,,DJ-N$1d08462c,"Press Release: SAVE THE DATE FOR AIRLINE DISTRIBUTION(R) 2026 - REGISTRATION OPEN, SPEAKER AND SPONSORSHIP OPPORTUNITIES AVAILABLE"
DAL,DJ-N,2025-12-17 21:20:00,,DJ-N$1d068f72,Delta's President to Retire After 20 Years
DAL,DJ-N,2025-12-17 21:19:00,,DJ-N$1d068da3,"Delta Air Files 8K - Director, Officer or Compensation Filing >DAL"
DAL,DJ-N,2025-12-17 14:49:00,,DJ-N$1d058550,Delta Air Lines Status No Help on Waller's Big Day -- Market Talk
DAL,DJ-N,2025-12-17 14:49:00,,DJ-N$1d05854f,Delta Air Lines Status No Help on Waller's Big Day -- Market Talk
DAL,DJ-N,2025-12-17 13:00:00,,DJ-N$1d054766,Press Release: UATP Appoints David Newington to Lead Asia-Pacific Commercial Team
DAL,DJ-N,2025-12-17 06:00:00,,DJ-N$1d0473db,How Companies Are Using AI to Squeeze More From -2-
DAL,DJ-N,2025-12-17 06:00:00,,DJ-N$1d0473da,How Companies Are Using AI to Squeeze More From Your Wallet -- Barrons.com
DAL,DJ-N,2025-12-16 22:04:00,,DJ-N$1d03ba7f,"American, Southwest Lead Rally Of Airline Stocks -- IBD"
DAL,DJ-N,2025-12-12 16:30:00,,DJ-N$1cfb4aba,Delta Air Price Target Raised to $90.00/Share From $75.00 by UBS
DAL,DJ-N,2025-12-12 16:30:00,,DJ-N$1cfb4ab3,Delta Air Coverage Assumed by UBS at Buy
DAL,DJ-N,2025-12-12 10:49:00,,DJ-N$1cfa6c96,Law Professor Sues Boeing After Alleged Exposure to Toxic Fumes on Flight -- WSJ
DAL,DJ-N,2025-12-09 12:04:00,,DJ-N$1cf1a244,Delta Air Price Target Announced at $80.00/Share by BMO Capital
DAL,DJ-N,2025-12-09 12:04:00,,DJ-N$1cf1a242,Delta Air Initiated at Outperform by BMO Capital
DAL,DJ-N,2025-12-04 21:15:00,,DJ-N$1ce89c90,"Citi Initiates Airline Stocks As A Buy, But Says Sell This One -- IBD"
DAL,DJ-N,2025-12-04 15:06:00,,DJ-N$1ce7b644,Delta Air Price Target Announced at $77.00/Share by Citigroup
DAL,DJ-N,2025-12-04 15:05:00,,DJ-N$1ce7b638,Delta Air Initiated at Buy by Citigroup
DAL,DJ-N,2025-12-04 14:48:00,,DJ-N$1ce7ae05,"Citi Initiates Airline Stocks As A Buy, But Says Sell This One -- IBD"
DAL,DJ-N,2025-12-04 07:33:00,,DJ-N$1ce6d1db,Federal Shutdown Costs Delta Air $200 Million -- WSJ
DAL,DJ-N,2025-12-03 22:51:00,,DJ-N$1ce5f17c,Delta Expects Government Shutdown to Ding Fourth-Quarter Earnings -- 3rd Update
DAL,DJ-N,2025-12-03 18:16:00,,DJ-N$1ce56e26,Delta Expects Government Shutdown to Ding Fourth-Quarter Earnings -- 2nd Update
DAL,DJ-N,2025-12-03 15:12:00,,DJ-N$1ce4d51d,Delta Air Lines Warns of Profit Hit From Shutdown. Why the Stock Is Flying. -- Barrons.com
DAL,DJ-N,2025-12-03 13:38:00,,DJ-N$1ce49dd1,"Delta Air Lines: Government Shutdown Expected to Impact Pre-Tax Profitability By $200M, or 25c a Share >DAL"
DAL,DJ-N,2025-12-03 13:37:00,,DJ-N$1ce49d43,"Delta Air Lines: Demand Remains Healthy for December Quarter, Trends Are Strong for Early 2026 >DAL"
DAL,DJ-N,2025-12-03 13:30:00,,DJ-N$1ce49964,Delta Air Files 8K - Regulation FD >DAL
DAL,DJ-N,2025-12-02 06:00:00,,DJ-N$1ce094a2,CrowdStrike Heads Into Earnings With High Expectations and a High Valuation -- Barrons.com
DAL,DJ-N,2025-12-01 16:10:00,,DJ-N$1cde5d6b,Thanksgiving Sunday Sets New U.S. Air Travel Record. Why Airline Stocks Are Falling. -- Barrons.com
DAL,DJ-N,2025-12-01 13:37:00,,DJ-N$1cdde2dd,Airline Stocks Are Falling. Thanksgiving Didn't Go to Plan -- the Delays and Cancellations. -- Barrons.com
DAL,DJ-N,2025-12-01 12:04:00,,DJ-N$1cdda50b,December Is Great for the S&P 500. Why History -2-
DAL,DJ-N,2025-12-01 12:04:00,,DJ-N$1cdda508,December Is Great for the S&P 500. Why History Repeating Is at Risk and 5 More Things to Know Today. -- Barrons.com
DAL,DJ-N,2025-11-30 21:31:00,,DJ-N$1cdc6a14,Thanksgiving Travelers Hit With Wintry Disruptions -- Barrons.com
DAL,DJ-N,2025-11-30 19:15:00,,DJ-N$1cdc5f75,Thanksgiving Travelers Hit With Wintry Disruptions -- Barrons.com
DAL,DJ-N,2025-11-29 15:20:00,,DJ-N$1cdbc7f8,Airbus Grounds 'Significant Number' of A320 Planes -- 6th Update
DAL,DJ-N,2025-11-29 04:47:00,,DJ-N$1cdb84d0,Airbus Grounds 'Significant Number' of A320 Planes -- 5th Update
DAL,DJ-N,2025-11-28 21:00:00,,DJ-N$1cda89bf,Airbus Grounds 'Significant Number' of A320 Planes -- 3rd Update
DAL,DJ-N,2025-11-27 14:22:00,,DJ-N$1cd77e5c,Airline Stocks Face Turbulence. Why a Holiday Travel Boost Is Vital to Save 2025 Gains. -- Barrons.com
DAL,DJ-N,2025-11-26 21:35:00,,DJ-N$1cd5c994,"Delta Air Lines Inc. Stock Rises 3.4%, Outperforms Peers"
DAL,DJ-N,2025-11-26 21:15:00,,DJ-N$1cd5b2ba,"Thanksgiving Travelers, Hurry Up and Wait. Expect Crowds and Bad Weather. -- Barrons.com"
DAL,DJ-N,2025-11-26 18:59:00,,DJ-N$1cd5875a,"Thanksgiving Travelers, Hurry Up and Wait. Expect Crowds and Bad Weather. -- Barrons.com"
DAL,DJ-N,2025-11-26 15:25:00,,DJ-N$1cd4d789,"Thanksgiving Travelers, Hurry Up and Wait. Expect Crowds and Bad Weather. -- Barrons.com"
DAL,DJ-N,2025-11-25 22:04:00,,DJ-N$1cd2f701,"Thanksgiving Travelers, Hurry Up and Wait. Expect Crowds and Bad Weather. -- Barrons.com"
