symbol,provider,time,time_utc,articleId,headline
GPUS,DJ-N,2026-01-02 13:44:00,,DJ-N$1d2324fe,Substantial Insider Purchases: Morning Report
GPUS,DJ-N,2026-01-02 12:50:00,,DJ-N$1d2315a4,"Chmn Ault III Buys 1,608,800 Of Hyperscale Data Inc >GPUS"
GPUS,DJ-N,2025-12-30 22:29:00,,DJ-N$1d1f1c2e,"Chmn Ault III Buys 184,450 Of Hyperscale Data Inc >GPUS"
GPUS,DJ-N,2025-12-30 11:01:00,,DJ-N$1d1d999d,Hyperscale Data Bitcoin Treasury at 519.8687 Bitcoin and Held About $47M of Cash as of Dec 26
GPUS,DJ-N,2025-12-30 11:00:00,,DJ-N$1d1d97f3,"Press Release: Hyperscale Data Bitcoin Treasury at 519.8687 Bitcoin and Held Approximately $47 Million of Cash as of December 26, 2025"
GPUS,DJ-N,2025-12-29 12:12:00,,DJ-N$1d1af470,CFA Technology:Insider Review For Week Ended 26-Dec -2-
GPUS,DJ-N,2025-12-29 12:12:00,,DJ-N$1d1af453,CFA Technology:Insider Review For Week Ended 26-Dec
GPUS,DJ-N,2025-12-29 11:01:00,,DJ-N$1d1adba7,"Press Release: Hyperscale Data Establishes 2026 Disclosure Schedule for Bitcoin Treasury, Michigan AI Data Center Progress and Monthly Estimated Asset Updates"
GPUS,DJ-N,2025-12-24 13:44:00,,DJ-N$1d153d96,Substantial Insider Purchases: Morning Report
GPUS,DJ-N,2025-12-23 21:32:00,,DJ-N$1d13cda9,"Chmn Ault III Buys 315,000 Of Hyperscale Data Inc >GPUS"
GPUS,DJ-N,2025-12-23 11:00:00,,DJ-N$1d126ed2,"Hyperscale Data Bitcoin Treasury at 514.9655 Bitcoin, Exceeds 100% of Market Capitalization"
GPUS,DJ-N,2025-12-23 11:00:00,,DJ-N$1d126e8e,Press Release: Hyperscale Data Bitcoin Treasury at 514.9655 Bitcoin and Exceeds 100% of Market Capitalization
GPUS,DJ-N,2025-12-22 12:14:00,,DJ-N$1d0f591e,CFA Technology:Insider Review For Week Ended 19-Dec -4-
GPUS,DJ-N,2025-12-22 12:14:00,,DJ-N$1d0f5903,CFA Technology:Insider Review For Week Ended 19-Dec -3-
GPUS,DJ-N,2025-12-22 12:13:00,,DJ-N$1d0f58b4,CFA Technology:Insider Review For Week Ended 19-Dec -2-
GPUS,DJ-N,2025-12-22 12:13:00,,DJ-N$1d0f58a2,CFA Technology:Insider Review For Week Ended 19-Dec
GPUS,DJ-N,2025-12-19 21:47:00,,DJ-N$1d0c99fe,Hyperscale Data Files 8K - Regulation FD >GPUS
GPUS,DJ-N,2025-12-19 21:47:00,,DJ-N$1d0c99fa,Hyperscale Data Files 8K - Entry Into Definitive Agreement >GPUS
GPUS,DJ-N,2025-12-19 21:30:00,,DJ-N$1d0c86a4,"Press Release: Hyperscale Data Announces ""At-the-Market"" Offering of Common Stock"
GPUS,DJ-N,2025-12-18 21:34:00,,DJ-N$1d0995ff,"Chmn Ault III Buys 10,000 Of Hyperscale Data Inc >GPUS"
GPUS,DJ-N,2025-12-17 21:31:00,,DJ-N$1d069d64,Hyperscale Data Files 8K - Regulation FD >GPUS
GPUS,DJ-N,2025-12-17 11:00:00,,DJ-N$1d050c4f,Press Release: Hyperscale Data Declares Monthly Cash Dividend of $0.2708333 per Share of 13.00% Series D Cumulative Redeemable Perpetual Preferred Stock
GPUS,DJ-N,2025-12-16 21:37:00,,DJ-N$1d039d31,"Chmn Ault III Buys 140,100 Of Hyperscale Data Inc >GPUS"
GPUS,DJ-N,2025-12-16 11:00:00,,DJ-N$1d021722,Press Release: Hyperscale Data Bitcoin Treasury at 97.5% of Market Capitalization at Approximately $75.5 Million
GPUS,DJ-N,2025-12-15 12:14:00,,DJ-N$1cfecc3e,CFA Technology:Insider Review For Week Ended 12-Dec -4-
GPUS,DJ-N,2025-12-15 12:13:00,,DJ-N$1cfecc11,CFA Technology:Insider Review For Week Ended 12-Dec -3-
GPUS,DJ-N,2025-12-15 12:13:00,,DJ-N$1cfecbea,CFA Technology:Insider Review For Week Ended 12-Dec -2-
GPUS,DJ-N,2025-12-15 12:13:00,,DJ-N$1cfecba2,CFA Technology:Insider Review For Week Ended 12-Dec
GPUS,DJ-N,2025-12-15 11:00:00,,DJ-N$1cfeaa64,"Press Release: Hyperscale Data Announces Estimated Total Assets and Net Assets per Share of $1.17 and $0.52, Respectively, as of November 30, 2025"
GPUS,DJ-N,2025-12-12 21:35:00,,DJ-N$1cfbe112,"Chmn Ault III Buys 10,000 Of Hyperscale Data Inc >GPUS"
GPUS,DJ-N,2025-12-09 11:00:00,,DJ-N$1cf17f1e,Press Release: Hyperscale Data Bitcoin Treasury at Approximately $75 Million
GPUS,DJ-N,2025-12-08 12:14:00,,DJ-N$1cee53c0,CFA Technology:Insider Review For Week Ended 5-Dec -4-
GPUS,DJ-N,2025-12-08 12:13:00,,DJ-N$1cee53b6,CFA Technology:Insider Review For Week Ended 5-Dec -3-
GPUS,DJ-N,2025-12-08 12:13:00,,DJ-N$1cee5377,CFA Technology:Insider Review For Week Ended 5-Dec -2-
GPUS,DJ-N,2025-12-08 12:13:00,,DJ-N$1cee5373,CFA Technology:Insider Review For Week Ended 5-Dec
GPUS,DJ-N,2025-12-05 22:01:00,,DJ-N$1ceb9d0a,"Chmn Ault III Buys 100,000 Of Hyperscale Data Inc >GPUS"
GPUS,DJ-N,2025-12-03 21:32:00,,DJ-N$1ce5c23b,"Chmn Ault III Buys 101,000 Of Hyperscale Data Inc >GPUS"
GPUS,DJ-N,2025-12-02 22:16:00,,DJ-N$1ce2f46c,Hyperscale Data Files 8K - Unregistered Equity Sales >GPUS
GPUS,DJ-N,2025-12-02 22:16:00,,DJ-N$1ce2f46a,Hyperscale Data Files 8K - Direct Or Off-Balance Sheet Financial Obligation >GPUS
GPUS,DJ-N,2025-12-02 22:16:00,,DJ-N$1ce2f468,Hyperscale Data Files 8K - Entry Into Definitive Agreement >GPUS
GPUS,DJ-N,2025-12-02 11:02:00,,DJ-N$1ce13503,Hyperscale Data Bitcoin Treasury at About $72.25M
GPUS,DJ-N,2025-12-02 11:00:00,,DJ-N$1ce132a3,Press Release: Hyperscale Data Bitcoin Treasury at Approximately $72.25 Million
GPUS,DJ-N,2025-11-25 11:00:00,,DJ-N$1cd1381e,Press Release: Hyperscale Data Bitcoin Treasury at Approximately $70.5 Million
GPUS,DJ-N,2025-11-24 12:14:00,,DJ-N$1cce02eb,CFA Technology:Insider Review For Week Ended 21-Nov -4-
GPUS,DJ-N,2025-11-24 12:14:00,,DJ-N$1cce02c7,CFA Technology:Insider Review For Week Ended 21-Nov -3-
GPUS,DJ-N,2025-11-24 12:13:00,,DJ-N$1cce02a8,CFA Technology:Insider Review For Week Ended 21-Nov -2-
GPUS,DJ-N,2025-11-24 12:13:00,,DJ-N$1cce027e,CFA Technology:Insider Review For Week Ended 21-Nov
GPUS,DJ-N,2025-11-24 11:00:00,,DJ-N$1ccde5f5,Press Release: Hyperscale Data Joins the Global Top 100 Public Bitcoin Treasury Companies with Current Holdings of Approximately 382 Bitcoin
GPUS,DJ-N,2025-11-23 08:14:00,,DJ-N$1cccf504,"HYPERSCALE DATA INC  COM, Inst Holders, 3Q 2025 (GPUS)"
GPUS,DJ-N,2025-11-21 13:44:00,,DJ-N$1cc9d129,Substantial Insider Purchases: Morning Report
MKDW,DJ-N,2026-01-02 22:00:00,,DJ-N$1d242786,MKDWELL Tech Repurchased About $7M Worth of Outstanding Ordinary Shares
MKDW,DJ-N,2026-01-02 22:00:00,,DJ-N$1d2426e9,Press Release: MKDW repurchased approximately $7 million worth of its outstanding ordinary shares.
MKDW,DJ-N,2026-01-02 22:00:00,,DJ-N$1d2426b9,Press Release: MKDW repurchased approximately $7 million worth of its outstanding ordinary shares.
MKDW,DJ-N,2025-12-29 21:37:00,,DJ-N$1d1c3e7e,MKDWELL Tech May Seek to Issue Equity or Debt Securities or Obtain Credit Facilities if Cash Resources Insufficient to Meet Requirements >MKDW
MKDW,DJ-N,2025-12-29 21:36:00,,DJ-N$1d1c3d44,MKDWELL Tech: Unaudited Condensed Consolidated Fincl Statements Prepared on Going Concern Basis >MKDW
MKDW,DJ-N,2025-12-29 21:34:00,,DJ-N$1d1c3b69,"MKDWELL Tech Believes Cash and Cash Equivalents, Time Deposits and Anticipated Cash Flow Will Be Sufficient to Meet Cash Needs, Commitments for at Least Next 12 Mos >MKDW"
MKDW,DJ-N,2025-12-29 21:33:00,,DJ-N$1d1c39d9,MKDWELL Tech 1H Rev $1.37M >MKDW
MKDW,DJ-N,2025-12-29 21:33:00,,DJ-N$1d1c39d4,MKDWELL Tech 1H Loss $1.7M >MKDW
MKDW,DJ-N,2025-12-29 21:30:00,,DJ-N$1d1c347a,Press Release: MKDWELL Tech Inc. Reports First -2-
MKDW,DJ-N,2025-12-29 21:30:00,,DJ-N$1d1c3479,Press Release: MKDWELL Tech Inc. Reports First Half of Fiscal Year 2025 Unaudited Financial Results
MKDW,DJ-N,2025-12-29 21:30:00,,DJ-N$1d1c340a,Press Release: MKDWELL Tech Inc. Reports First -2-
MKDW,DJ-N,2025-12-29 21:30:00,,DJ-N$1d1c3405,Press Release: MKDWELL Tech Inc. Reports First Half of Fiscal Year 2025 Unaudited Financial Results
DVLT,DJ-N,2025-12-31 21:44:00,,DJ-N$1d215e0a,Substantial Insider Sales: Afternoon Report
DVLT,DJ-N,2025-12-31 13:55:00,,DJ-N$1d206a86,"Holder Scilex Holding Co Sells 20,657,300 Of Datavault AI Inc >DVLT-Amended"
DVLT,DJ-N,2025-12-30 22:37:00,,DJ-N$1d1f1dbc,"VP Mbugua Surrenders 14,720 Of Datavault AI Inc >DVLT"
DVLT,DJ-N,2025-12-30 22:37:00,,DJ-N$1d1f1d9f,"CEO Bradley Surrenders 43,018 Of Datavault AI Inc >DVLT"
DVLT,DJ-N,2025-12-30 22:35:00,,DJ-N$1d1f1d55,"Chmn Moyer Surrenders 49,016 Of Datavault AI Inc >DVLT"
DVLT,DJ-N,2025-12-30 12:05:00,,DJ-N$1d1daebf,Press Release: Datavault AI Announces it will -2-
DVLT,DJ-N,2025-12-30 12:05:00,,DJ-N$1d1daebc,Press Release: Datavault AI Announces it will Exhibit at CES 2026 and Update Investors on Acoustics Division
DVLT,DJ-N,2025-12-29 12:56:00,,DJ-N$1d1b09dd,Datavault AI: Warrants Are Expected to Have a Striking Price of $5.00 Per Shr of Datavault AI Common Stk >DVLT
DVLT,DJ-N,2025-12-29 12:56:00,,DJ-N$1d1b09d8,Datavault AI Inc. Announces Proposed Div of Warrants
DVLT,DJ-N,2025-12-29 12:55:00,,DJ-N$1d1b093a,Press Release: Datavault AI Inc. Announces -2-
DVLT,DJ-N,2025-12-29 12:55:00,,DJ-N$1d1b0939,Press Release: Datavault AI Inc. Announces Proposed Dividend of Warrants
DVLT,DJ-N,2025-12-29 12:55:00,,DJ-N$1d1b0959,Datavault AI Intends to Declare Special Div Distribution of Warrants to Holders of Datavault AI Common Stk and Holders of Certain Other Datavault AI Equity Securities >DVLT
DVLT,DJ-N,2025-12-29 12:55:00,,DJ-N$1d1b092f,Press Release: Datavault AI Inc. Announces -2-
DVLT,DJ-N,2025-12-29 12:55:00,,DJ-N$1d1b092d,Press Release: Datavault AI Inc. Announces Proposed Dividend of Warrants
DVLT,DJ-N,2025-12-29 10:57:00,,DJ-N$1d1ad955,Press Release: Datavault AI Inc. Announces Board -2-
DVLT,DJ-N,2025-12-29 10:57:00,,DJ-N$1d1ad953,Press Release: Datavault AI Inc. Announces Board Approval of Dividend of Dream Bowl Meme Coin II to All Eligible Record Equity Holders of Datavault AI
DVLT,DJ-N,2025-12-22 20:06:00,,DJ-N$1d10d3c1,Press Release: Datavault AI and The Dream Bowl Announce National Broadcast Partnership for Dream Bowl XIV and Confirm Dream Bowl 2026 Meme Coin Claim Process for Dec. 24 Drop
DVLT,DJ-N,2025-12-22 09:53:00,,DJ-N$1d0f25f6,Datavault AI Announces Issuance of Two U.S. Patents Advancing Blockchain-Driven Content Licensing and Tokenized Monetization
DVLT,DJ-N,2025-12-22 09:00:00,,DJ-N$1d0f1425,Press Release: Datavault AI Inc. Announces -2-
DVLT,DJ-N,2025-12-22 09:00:00,,DJ-N$1d0f1423,Press Release: Datavault AI Inc. Announces Issuance of Two Foundational U.S. Patents Advancing Blockchain-Driven Content Licensing and Tokenized Monetization
DVLT,DJ-N,2025-12-22 09:00:00,,DJ-N$1d0f13f6,Press Release: Datavault AI Inc. Announces -2-
DVLT,DJ-N,2025-12-22 09:00:00,,DJ-N$1d0f13f3,Press Release: Datavault AI Inc. Announces Issuance of Two Foundational U.S. Patents Advancing Blockchain-Driven Content Licensing and Tokenized Monetization
DVLT,DJ-N,2025-12-15 12:55:00,,DJ-N$1cfee7e3,Press Release: Datavault AI Announces Hockey Hall -2-
DVLT,DJ-N,2025-12-15 12:55:00,,DJ-N$1cfee7e1,Press Release: Datavault AI Announces Hockey Hall of Famer Jeremy Roenick Joins to Monetize Sports Data and Lead Pioneering International NIL Exchange
DVLT,DJ-N,2025-12-12 11:03:00,,DJ-N$1cfa7332,Datavault AI Files 8K - Other Events >DVLT
DVLT,DJ-N,2025-12-12 11:03:00,,DJ-N$1cfa7331,Datavault AI Files 8K - Regulation FD >DVLT
DVLT,DJ-N,2025-12-11 21:05:00,,DJ-N$1cf8c37e,Press Release: Datavault AI Inc. (NASDAQ: DVLT) -2-
DVLT,DJ-N,2025-12-11 21:05:00,,DJ-N$1cf8c37a,"Press Release: Datavault AI Inc. (NASDAQ: DVLT) Announces a Distribution Date of Dec. 24, 2025, for the Dream Bowl Meme Coin Tokens to All Eligible Record Equity Holders of Datavault AI and Holders of Common Stock of Scilex Holding Company"
DVLT,DJ-N,2025-12-11 21:05:00,,DJ-N$1cf8c36d,Press Release: Datavault AI Inc. (NASDAQ: DVLT) -2-
DVLT,DJ-N,2025-12-11 21:05:00,,DJ-N$1cf8c36b,"Press Release: Datavault AI Inc. (NASDAQ: DVLT) Announces a Distribution Date of Dec. 24, 2025, for the Dream Bowl Meme Coin Tokens to All Eligible Record Equity Holders of Datavault AI and Holders of Common Stock of Scilex Holding Company"
DVLT,DJ-N,2025-12-11 21:05:00,,DJ-N$1cf8c208,Press Release: Datavault AI Inc. (NASDAQ: DVLT) -2-
DVLT,DJ-N,2025-12-11 21:05:00,,DJ-N$1cf8c200,"Press Release: Datavault AI Inc. (NASDAQ: DVLT) Announces a Distribution Date of Dec. 24, 2025, for the Dream Bowl Meme Coin Tokens to All Eligible Record Equity Holders of Datavault AI and Holders of Common Stock of Scilex Holding Company"
DVLT,DJ-N,2025-12-09 01:28:00,,DJ-N$1cf05e64,"Dir Howitt Sells 19,656 Of Datavault AI Inc >DVLT"
DVLT,DJ-N,2025-12-01 13:44:00,,DJ-N$1cdde4ba,Substantial Insider Sales: Morning Report
DVLT,DJ-N,2025-12-01 11:31:00,,DJ-N$1cdd9592,Scilex Holding Company Reports 47.99% Stake In Datavault AI >DVLT
DVLT,DJ-N,2025-11-29 02:45:00,,DJ-N$1cdb3afb,"Holder Scilex Holding Co Sells 422,299 Of Datavault AI Inc >DVLT"
DVLT,DJ-N,2025-11-26 21:42:00,,DJ-N$1cd5d179,Datavault AI Files 8K - Changes To Articles >DVLT
DVLT,DJ-N,2025-11-26 21:42:00,,DJ-N$1cd5d177,Datavault AI Files 8K - Asset Acquisition Or Disposition >DVLT
DVLT,DJ-N,2025-11-26 21:42:00,,DJ-N$1cd5d176,Datavault AI Files 8K - Entry Into Definitive Agreement >DVLT
DVLT,DJ-N,2025-11-26 14:09:00,,DJ-N$1cd4a490,Press Release: Datavault AI Signs Agreement with -2-
DVLT,DJ-N,2025-11-26 14:09:00,,DJ-N$1cd4a48f,"Press Release: Datavault AI Signs Agreement with the World Boxing Council, Unlocks Global Event-Driven Monetization at Scale"
DVLT,DJ-N,2025-11-26 13:05:00,,DJ-N$1cd48604,"Datavault AI Signs Agreement With the World Boxing Council, Unlocks Global Event-Driven Monetization at Scale"
DVLT,DJ-N,2025-11-26 13:05:00,,DJ-N$1cd485ff,Press Release: Datavault AI Signs Agreement with -2-
DVLT,DJ-N,2025-11-26 13:05:00,,DJ-N$1cd485fc,"Press Release: Datavault AI Signs Agreement with the World Boxing Council, Unlocks Global Event-Driven Monetization at Scale"
DVLT,DJ-N,2025-11-26 11:00:00,,DJ-N$1cd44998,Press Release: Datavault AI Announces Closing of -2-
DVLT,DJ-N,2025-11-26 11:00:00,,DJ-N$1cd44997,Press Release: Datavault AI Announces Closing of the Second Tranche of Scilex Holding Company's Previously Announced Equity Financing
DVLT,DJ-N,2025-11-26 11:00:00,,DJ-N$1cd44924,Press Release: Datavault AI Announces Closing of -2-
DVLT,DJ-N,2025-11-26 11:00:00,,DJ-N$1cd44922,Press Release: Datavault AI Announces Closing of the Second Tranche of Scilex Holding Company's Previously Announced Equity Financing
DVLT,DJ-N,2025-11-25 23:58:00,,DJ-N$1cd321f8,"Chmn Moyer Surrenders 28,594 Of Datavault AI Inc >DVLT"
DVLT,DJ-N,2025-11-25 23:57:00,,DJ-N$1cd321de,"CEO Bradley Surrenders 27,808 Of Datavault AI Inc >DVLT"
SIDU,DJ-N,2025-12-29 21:10:00,,DJ-N$1d1c1e8b,Press Release: Sidus Space Announces Closing of Public Offering
SIDU,DJ-N,2025-12-29 13:46:00,,DJ-N$1d1b2436,Sidus Space Files 8K - Other Events >SIDU
SIDU,DJ-N,2025-12-29 13:46:00,,DJ-N$1d1b2432,Sidus Space Files 8K - Entry Into Definitive Agreement >SIDU
SIDU,DJ-N,2025-12-26 23:10:00,,DJ-N$1d18ecf0,"Stocks to Watch: Sidus Space, WF Holding"
SIDU,DJ-N,2025-12-26 20:37:00,,DJ-N$1d188162,Sidus Space to Raise $16.2M in Stock Offering
SIDU,DJ-N,2025-12-26 20:25:00,,DJ-N$1d187fa6,Sidus Space Sells 10.8M Shrs for $1.50 Each
SIDU,DJ-N,2025-12-26 20:24:00,,DJ-N$1d187f8e,Sidus Space Announces Pricing of Offering
SIDU,DJ-N,2025-12-26 19:45:00,,DJ-N$1d187a1d,Press Release: Sidus Space Announces Pricing of Offering
SIDU,DJ-N,2025-12-24 18:18:00,,DJ-N$1d15deec,Press Release: Sidus Space Announces Closing of Public Offering
SIDU,DJ-N,2025-12-23 21:31:00,,DJ-N$1d13cbd8,Sidus Space Files 8K - Other Events >SIDU
SIDU,DJ-N,2025-12-23 21:31:00,,DJ-N$1d13cbd5,Sidus Space Files 8K - Entry Into Definitive Agreement >SIDU
SIDU,DJ-N,2025-12-23 02:30:00,,DJ-N$1d117eb6,Sidus Space: Offering Expected to Close Dec. 24>SIDU
SIDU,DJ-N,2025-12-23 02:30:00,,DJ-N$1d117eb4,Sidus Space: Total Gross Proceeds Expected to Be Approximately $25M >SIDU
SIDU,DJ-N,2025-12-23 02:30:00,,DJ-N$1d117eb2,Sidus Space Prices Public Offering of 19.23M Shares at $1.30 Per Share>SIDU
SIDU,DJ-N,2025-12-23 02:30:00,,DJ-N$1d117eb0,Sidus Space Announces Pricing of Public Offering
SIDU,DJ-N,2025-12-23 02:19:00,,DJ-N$1d117590,Press Release: Sidus Space Announces Pricing of Public Offering
SIDU,DJ-N,2025-12-23 00:03:00,,DJ-N$1d115191,Sidus Space Gets Contract From Missile Defense Agency
SIDU,DJ-N,2025-12-22 23:27:00,,DJ-N$1d1141d7,"Stocks to Watch: Paranovus, Parsons, Sidus Space, Zim"
SIDU,DJ-N,2025-12-22 22:37:00,,DJ-N$1d113521,Sidus Space Shares Fall on Proposed Public Offering
SIDU,DJ-N,2025-12-22 21:47:00,,DJ-N$1d110277,Sidus Space Announces Proposed Public Offering
SIDU,DJ-N,2025-12-22 21:43:00,,DJ-N$1d10fea3,Press Release: Sidus Space Announces Proposed Public Offering
SIDU,DJ-N,2025-12-22 13:32:00,,DJ-N$1d0f887c,Sidus Space Awarded Contract Under Missile Defense Agency's SHIELD IDIQ Program
SIDU,DJ-N,2025-12-22 13:32:00,,DJ-N$1d0f8874,Press Release: Sidus Space Awarded Contract Under Missile Defense Agency's SHIELD IDIQ Program
SIDU,DJ-N,2025-12-12 13:30:00,,DJ-N$1cfac06a,Press Release: Sidus Space CEO Carol Craig Appointed to Canaveral Port Authority Board of Commissioners
SIDU,DJ-N,2025-12-12 13:30:00,,DJ-N$1cfac03b,Sidus Space CEO Carol Craig Appointed To Canaveral Port Authority Board Of Commissioners >SIDU
SIDU,DJ-N,2025-12-10 13:30:00,,DJ-N$1cf4e173,"Press Release: Sidus Space Announces Successful Bus-Level Commissioning of Hybrid 3D Printed, AI Enhanced LizzieSat-3"
SIDU,DJ-N,2025-12-04 13:30:00,,DJ-N$1ce7838b,Sidus Space Secures Subcontractor Role With MobLobSpace on NASA SBIR Radar Initiative With LizzieSat Hosting
SIDU,DJ-N,2025-12-04 13:30:00,,DJ-N$1ce782d7,Press Release: Sidus Space Secures Subcontractor Role with MobLobSpace on NASA SBIR Radar Initiative with LizzieSat Hosting
SIDU,DJ-N,2025-11-22 08:14:00,,DJ-N$1ccc67b0,"SIDUS SPACE INC  CL A, Inst Holders, 3Q 2025 (SIDU)"
SIDU,DJ-N,2025-11-20 13:31:00,,DJ-N$1cc5919e,"Sidus Space Delivers Hardware, Software, and Final Report to Xiomas Technologies Under NASA Phase II Sequential Award"
SIDU,DJ-N,2025-11-20 13:30:00,,DJ-N$1cc59066,"Press Release: Sidus Space Delivers Hardware, Software, and Final Report to Xiomas Technologies Under NASA Phase II Sequential Award"
SIDU,DJ-N,2025-11-18 13:30:00,,DJ-N$1cbf5505,"Press Release: Sidus Space and Lonestar Data Holdings, LLC Drive Rapid Progress on Commercial Pathfinder Mission with Completion of Kickoff Meeting and System Requirements Review"
SIDU,DJ-N,2025-11-14 22:16:00,,DJ-N$1cb907fc,Sidus Space Files 8K - Operations And Financial Condition >SIDU
SIDU,DJ-N,2025-11-14 21:46:00,,DJ-N$1cb8e759,Sidus Space 3Q Loss/Shr 24c >SIDU
SIDU,DJ-N,2025-11-14 21:46:00,,DJ-N$1cb8e737,Sidus Space 3Q Rev $1.3M >SIDU
SIDU,DJ-N,2025-11-14 21:45:00,,DJ-N$1cb8e61f,Press Release: Sidus Space Reports Third Quarter -3-
SIDU,DJ-N,2025-11-14 21:45:00,,DJ-N$1cb8e61b,Press Release: Sidus Space Reports Third Quarter -2-
SIDU,DJ-N,2025-11-14 21:45:00,,DJ-N$1cb8e618,Press Release: Sidus Space Reports Third Quarter 2025 Financial Results and Provides Business Update
SIDU,DJ-N,2025-11-07 13:30:00,,DJ-N$1ca47a74,Press Release: Sidus Space to Host Third Quarter Financial Results Conference Call on November 14 at 5:00 p.m. ET
SIDU,DJ-N,2025-11-04 13:31:00,,DJ-N$1c99ac4a,Sidus Space Completes Design for FeatherEdge 248Vi: Advancing AI/ML Processing for Space and Defense Applications
SIDU,DJ-N,2025-11-04 13:30:00,,DJ-N$1c99ab7f,Press Release: Sidus Space Completes Design for FeatherEdge(TM) 248Vi: Advancing AI/ML Processing for Space and Defense Applications
SIDU,DJ-N,2025-10-27 12:30:00,,DJ-N$1c821e06,Press Release: Sidus Space Finalizes Commercial Pathfinder Mission Agreement with Lonestar for LizzieSat(R)-5 Mission
SIDU,DJ-N,2025-09-29 12:32:00,,DJ-N$1c40d1ce,"Sidus Space: Contract Carries Ceiling Value of $21 M Over 5 Years With Individual Task Orders Capped at $750,000 >SIDU"
SIDU,DJ-N,2025-09-29 12:31:00,,DJ-N$1c40d19c,Sidus Space to Provide Fabrication and On-Call Services for Critical Components Used in TYAD's Ops >SIDU
SIDU,DJ-N,2025-09-29 12:31:00,,DJ-N$1c40d140,Sidus Space Awarded 5-Yr IDIQ Contract to Support Tobyhanna Army Depot
SIDU,DJ-N,2025-09-29 12:30:00,,DJ-N$1c40cf57,Press Release: Sidus Space Awarded Five-Year IDIQ Contract to Support Tobyhanna Army Depot
SIDU,DJ-N,2025-09-16 20:05:00,,DJ-N$1c257e45,Press Release: Sidus Space Announces Closing of Public Offering
SIDU,DJ-N,2025-09-16 10:05:00,,DJ-N$1c2437f2,Sidus Space Files 8K - Other Events >SIDU
SIDU,DJ-N,2025-09-16 10:05:00,,DJ-N$1c2437ee,Sidus Space Files 8K - Entry Into Definitive Agreement >SIDU
SIDU,DJ-N,2025-09-15 12:34:00,,DJ-N$1c217b3e,Press Release: Sidus Space Appoints Lawrence Hollister as Chief Business Officer to Drive Strategic Growth and Market Expansion
BURU,DJ-N,2025-12-30 12:00:00,,DJ-N$1d1dac3b,Press Release: NUBURU Provides Year-End Update -2-
BURU,DJ-N,2025-12-30 12:00:00,,DJ-N$1d1dac3a,Press Release: NUBURU Provides Year-End Update Regarding Strategic Milestones
BURU,DJ-N,2025-12-18 22:16:00,,DJ-N$1d09bd14,Nuburu Files 8K - Unregistered Equity Sales >BURU
BURU,DJ-N,2025-12-18 22:16:00,,DJ-N$1d09bd11,Nuburu Files 8K - Direct Or Off-Balance Sheet Financial Obligation >BURU
BURU,DJ-N,2025-12-18 22:16:00,,DJ-N$1d09bd0d,Nuburu Files 8K - Entry Into Definitive Agreement >BURU
BURU,DJ-N,2025-12-15 12:30:00,,DJ-N$1cfed5e4,Press Release: NUBURU Secures $25 Million -2-
BURU,DJ-N,2025-12-15 12:30:00,,DJ-N$1cfed5e2,"Press Release: NUBURU Secures $25 Million Financing, Advancing Integrated Defense & Security Platform"
BURU,DJ-N,2025-12-04 22:10:00,,DJ-N$1ce8d783,Nuburu Files 8K - Entry Into Definitive Agreement >BURU
BURU,DJ-N,2025-12-01 12:30:00,,DJ-N$1cddb2f9,Press Release: NUBURU Advances Tekne-Aligned Defense Transformation with Binding Agreement to Acquire Italian Laser Specialist LYOCON
BURU,DJ-N,2025-12-01 12:30:00,,DJ-N$1cddb24c,NUBURU Advances Tekne-Aligned Defense Transformation With Binding Agreement To Acquire Italian Laser Specialist LYOCON >BURU
BURU,DJ-N,2025-11-21 08:00:00,,DJ-N$1cc811d7,"NUBURU INC  COM, Inst Holders, 3Q 2025 (BURU)"
BURU,DJ-N,2025-11-19 12:33:00,,DJ-N$1cc25da1,Nuburu Announces Execution of First EUR2 M in Fincl Support to Tekne S.p.A.
BURU,DJ-N,2025-11-19 12:33:00,,DJ-N$1cc25d55,Nuburu: Initial Capital Execution Marks First Phase of EUR15 M Support Package >BURU
BURU,DJ-N,2025-11-19 12:30:00,,DJ-N$1cc25a82,"NUBURU Executes First Tranche of Tekne Fincl Program, Bolstering Strategic Partnership and Defense Expansion"
BURU,DJ-N,2025-11-19 12:30:00,,DJ-N$1cc25a1f,"Press Release: NUBURU Executes First Tranche of Tekne Financial Program, Bolstering Strategic Partnership and Defense Expansion"
BURU,DJ-N,2025-11-12 12:46:00,,DJ-N$1cb03828,Press Release: NUBURU and Tekne Forge Renewed Partnership Driving Industrial Innovation and Global Defense Cooperation
BURU,DJ-N,2025-11-06 22:10:00,,DJ-N$1ca27c26,Nuburu Files 8K - Asset Acquisition Or Disposition >BURU
BURU,DJ-N,2025-11-06 22:10:00,,DJ-N$1ca27c24,Nuburu Files 8K - Entry Into Definitive Agreement >BURU
BURU,DJ-N,2025-11-06 12:30:00,,DJ-N$1ca09c3a,"Press Release: NUBURU Strengthens Balance Sheet, Advances Defense-Tech Acquisition Program and Revamps Blue-Laser Business"
BURU,DJ-N,2025-10-31 11:01:00,,DJ-N$1c9106cd,Nuburu: Further Injection of $3.5M Remains Planned -- Targeted for Accelerated Completion >BURU
BURU,DJ-N,2025-10-31 11:01:00,,DJ-N$1c91066e,"Nuburu: Nuburu Defense Made an Initial Cap Infusion of $1.5M Into Orbit Through Subscribed Cap Increase, Securing 10.7% Equity Position >BURU"
BURU,DJ-N,2025-10-31 11:00:00,,DJ-N$1c910628,Nuburu Announces Completion of First Phase of Planned Acquisition of Orbit S.r.l. >BURU
BURU,DJ-N,2025-10-31 11:00:00,,DJ-N$1c910561,"Press Release: NUBURU Completes First Phase of Orbit Acquisition, Advancing Software-Driven Defense & Security Platform Into Multi-Billion-Dollar Market"
BURU,DJ-N,2025-10-29 10:00:00,,DJ-N$1c892223,Nuburu Files 8K - Regulation FD >BURU
BURU,DJ-N,2025-10-22 11:00:00,,DJ-N$1c7774e4,NUBURU Announces Strategic Alliance With Maddox Defense for Controlling-Interest JV to Advance Next-Gen Drone Technologies
BURU,DJ-N,2025-10-22 11:00:00,,DJ-N$1c7773e7,Press Release: NUBURU Announces Strategic Alliance with Maddox Defense for Controlling-Interest JV to Advance Next-Gen Drone Technologies
BURU,DJ-N,2025-10-16 11:02:00,,DJ-N$1c6a4ccc,Nuburu Restores NYSE Compliance and Strengthens Defense Transformation With Its Acquisition Plan Underway
BURU,DJ-N,2025-10-16 11:00:00,,DJ-N$1c6a4b45,Press Release: NUBURU Restores NYSE Compliance and Strengthens Defense Transformation With Its Acquisition Plan Underway
BURU,DJ-N,2025-10-13 21:03:00,,DJ-N$1c627171,Nuburu: Company Acknowledges Exchange's Concerns and Is Taking Steps to Enhance Its Procedures for Disseminating Material Information
BURU,DJ-N,2025-10-13 21:03:00,,DJ-N$1c627167,Nuburu: Exchange Determined Company Didn't Provide Required Advance Notification to Exchange Prior to Issuance of This Release
BURU,DJ-N,2025-10-13 21:02:00,,DJ-N$1c627148,Nuburu: Letter Relates to Oct. 1 Press Release Announcing the Implementation of a Dual-CEO Structure
BURU,DJ-N,2025-10-13 21:01:00,,DJ-N$1c627121,Nuburu Inc. Announces Receipt of Warning Letter From NYSE American
BURU,DJ-N,2025-10-13 20:54:00,,DJ-N$1c626f97,Press Release: Nuburu Inc. Announces Receipt of Warning Letter from NYSE American
BURU,DJ-N,2025-10-07 21:10:00,,DJ-N$1c55c036,"Nuburu Files 8K - Director, Officer or Compensation Filing >BURU"
BURU,DJ-N,2025-10-07 21:10:00,,DJ-N$1c55c035,Nuburu Files 8K - Listing Notice >BURU
BURU,DJ-N,2025-10-07 21:10:00,,DJ-N$1c55c034,Nuburu Files 8K - Entry Into Definitive Agreement >BURU
BURU,DJ-N,2025-10-07 13:37:00,,DJ-N$1c54c09a,Nuburu: Total Consideration of $12.5 M Includes $2.4 M Net Cash Advance to Orbit's Owner >BURU
BURU,DJ-N,2025-10-07 13:37:00,,DJ-N$1c54c095,Nuburu Defense Receives Exclusive Global Distribution Rights for Orbit's Platform in Defense and Mission-Critical Sectors Effective Immediately >BURU
BURU,DJ-N,2025-10-07 13:37:00,,DJ-N$1c54c08b,"Nuburu Will Acquire Remaining Equity of Orbit at $12.5 M Pre-Money Valuation by Dec 31, 2026 >BURU"
BURU,DJ-N,2025-10-07 13:37:00,,DJ-N$1c54c079,"Nuburu Will Subscribe Up to $5M in Orbit's Cap Within 36 Mos, Starting With $1.5 M Advance for 10.7% Stake >BURU"
BURU,DJ-N,2025-10-07 13:36:00,,DJ-N$1c54c053,Nuburu: Orbit Sees Revenue Acceleration of $10.75M by 2027 and $19.29M by 2028 >BURU
BURU,DJ-N,2025-10-07 13:35:00,,DJ-N$1c54c02d,Nuburu: Orbit Projects Strong Rev Acceleration of $3.22 M by 2026 >BURU
BURU,DJ-N,2025-10-07 13:34:00,,DJ-N$1c54bfda,NUBURU to Acquire 100% of Orbit S.r.l. >BURU
BURU,DJ-N,2025-10-07 13:33:00,,DJ-N$1c54becf,"Press Release: NUBURU to Acquire Orbit, Expanding Defense & Security Hub with Cutting-Edge Operational Resilience Solutions"
BURU,DJ-N,2025-10-07 13:33:00,,DJ-N$1c54bec5,"NUBURU To Acquire Orbit, Expanding Defense & Security Hub With Cutting-Edge Operational Resilience Solutions >BURU"
BURU,DJ-N,2025-10-07 12:38:00,,DJ-N$1c5498f5,"NUBURU To Acquire Orbit, Expanding Defense & Security Hub With Cutting-Edge Operational Resilience Solutions >BURU"
BURU,DJ-N,2025-10-07 12:38:00,,DJ-N$1c549907,"Press Release: NUBURU to Acquire Orbit, Expanding Defense & Security Hub with Cutting-Edge Operational Resilience Solutions"
BURU,DJ-N,2025-10-01 14:14:00,,DJ-N$1c485149,"NUBURU, Inc. Announces Implementation of Dual-CEO Structure to Drive Transformation Plan"
BURU,DJ-N,2025-10-01 14:14:00,,DJ-N$1c4850ac,"Press Release: NUBURU, Inc. Announces Implementation of Dual-CEO Structure to Drive Transformation Plan"
BURU,DJ-N,2025-09-29 12:53:00,,DJ-N$1c40e0c1,Press Release: Nuburu Quarterly Strategic Update: Poised for Growth in Defense and Security
SLV,DJ-N,2025-12-29 21:38:00,,DJ-N$1d1c3f9f,iShares Silver Trust Suffers One of Worst Days in Years -- WSJ
SLV,DJ-N,2025-12-29 18:48:00,,DJ-N$1d1bf8a3,"Silver Prices Suffer Biggest One-Day Fall Since 2021, Gold Also Drops -- WSJ"
SLV,DJ-N,2025-12-29 17:03:00,,DJ-N$1d1bbdc1,Big Silver ETF on Track for Worst Day in Five Years -- WSJ
SLV,DJ-N,2025-09-29 08:00:00,,DJ-N$1c404363,'Silver Lining' Emerges as Precious Metal Gains Momentum. 3 Stocks With Bullish Technicals. -- Barrons.com
OTLK,DJ-N,2026-01-02 14:37:00,,DJ-N$1d23425c,Outlook Therapeutics Price Target Cut to $0.50/Share From $1.00 by HC Wainwright & Co.
OTLK,DJ-N,2026-01-02 14:37:00,,DJ-N$1d234259,Outlook Therapeutics Is Maintained at Neutral by HC Wainwright & Co.
OTLK,DJ-N,2026-01-02 12:31:00,,DJ-N$1d230e5b,Outlook Therapeutics Files 8K - Other Events >OTLK
OTLK,DJ-N,2025-12-31 22:51:00,,DJ-N$1d2165ee,"Stocks to Watch: Nuvve, Outlook Therapeutics, Rubico"
OTLK,DJ-N,2025-12-31 22:05:00,,DJ-N$1d216069,Outlook Therapeutics Shares Fall After Another FDA Rejection of Macular Degeneration Drug
OTLK,DJ-N,2025-12-31 21:35:00,,DJ-N$1d215a44,Outlook Therapeutics Inc. (OTLK) Resumed Trading
OTLK,DJ-N,2025-12-31 21:33:00,,DJ-N$1d21590b,Outlook Therapeutics Says FDA Didn't Approve Macular Degeneration Drug Application
OTLK,DJ-N,2025-12-31 21:19:00,,DJ-N$1d2149de,Outlook Therapeutics Plans to Expand Its Comml Presence in Select Countries in Europe >OTLK
OTLK,DJ-N,2025-12-31 21:19:00,,DJ-N$1d2149b2,"Outlook Therapeutics Continues to Speak With and Explore Collaborations With Potential Comml and Distribution Partners in Additional European Countries, as Well as Outside of Europe >OTLK"
OTLK,DJ-N,2025-12-31 21:18:00,,DJ-N$1d21490f,Outlook Therapeutics: ONS-5010 BLA Resubmission Was Based on Complete Data Set From NORSE Clinical Trial Program >OTLK
OTLK,DJ-N,2025-12-31 21:18:00,,DJ-N$1d2148ae,Outlook Therapeutics: Fully Committed to Taking All Necessary Steps to Receive Approval in U.S.
OTLK,DJ-N,2025-12-31 21:18:00,,DJ-N$1d214876,Outlook Therapeutics: 'We Are Disappointed and Disagree With This Decision' >OTLK
OTLK,DJ-N,2025-12-31 21:17:00,,DJ-N$1d214800,Outlook Therapeutics: FDA Noted Additional Mechanistic and Natural History Data Info Provided in BLA Resubmission Doesn't Alter Previous Review Conclusion >OTLK
OTLK,DJ-N,2025-12-31 21:17:00,,DJ-N$1d2147d7,Outlook Therapeutics: FDA Has Not Indicated What Type of Confirmatory Evidence Would Be Acceptable >OTLK
OTLK,DJ-N,2025-12-31 21:17:00,,DJ-N$1d2147b6,Outlook Therapeutics: FDA Has Again Recommended Confirmatory Evidence of Efficacy Be Submitted to Support Application >OTLK
OTLK,DJ-N,2025-12-31 21:16:00,,DJ-N$1d2146a7,Outlook Therapeutics: FDA Cannot Approve Application in Present Form for Treatment of Wet AMD >OTLK
OTLK,DJ-N,2025-12-31 21:15:00,,DJ-N$1d2145f2,Outlook Therapeutics: FDA Issued Complete Response Letter to ONS-5010/LYTENAVA BLA Resubmission >OTLK
OTLK,DJ-N,2025-12-31 21:15:00,,DJ-N$1d214593,Outlook Therapeutics Provides Regulatory Update on FDA Review of ONS-5010/LYTENAVA for Treatment of Wet AMD >OTLK
OTLK,DJ-N,2025-12-31 21:15:00,,DJ-N$1d21452e,Press Release: Outlook Therapeutics Provides -2-
OTLK,DJ-N,2025-12-31 21:15:00,,DJ-N$1d21452d,Press Release: Outlook Therapeutics Provides Regulatory Update on U.S. Food and Drug Administration Review of ONS-5010/LYTENAVA(TM) (bevacizumab-vikg) for the Treatment of Wet AMD
OTLK,DJ-N,2025-12-31 21:10:00,,DJ-N$1d213fad,Outlook Therapeutics Inc. (OTLK) Halted due to pending news
OTLK,DJ-N,2025-12-26 22:00:00,,DJ-N$1d18c1a3,Press Release: Outlook Therapeutics Announces New Employment Inducement Grants
OTLK,DJ-N,2025-12-22 10:50:00,,DJ-N$1d0f3968,Outlook Therapeutics Price Target Raised to $10.00/Share From $8.00 by Ascendiant Capital
OTLK,DJ-N,2025-12-22 10:50:00,,DJ-N$1d0f3966,Outlook Therapeutics Is Maintained at Buy by Ascendiant Capital
OTLK,DJ-N,2025-12-19 13:31:00,,DJ-N$1d0b5c7e,Outlook Therapeutics Files 8K - Operations And Financial Condition >OTLK
OTLK,DJ-N,2025-12-19 13:07:00,,DJ-N$1d0b5223,Outlook Therapeutics FY25 Loss/Shr $1.79 >OTLK
OTLK,DJ-N,2025-12-19 13:06:00,,DJ-N$1d0b51f2,Outlook Therapeutics FY25 Rev $1.4M >OTLK
OTLK,DJ-N,2025-12-19 13:05:00,,DJ-N$1d0b5100,Press Release: Outlook Therapeutics Reports -2-
OTLK,DJ-N,2025-12-19 13:05:00,,DJ-N$1d0b50fd,Press Release: Outlook Therapeutics Reports Financial Results for Fiscal Year 2025
OTLK,DJ-N,2025-11-22 08:15:00,,DJ-N$1ccc6965,"OUTLOOK THERAPEUTICS INC  COM, Inst Holders, 3Q 2025 (OTLK)"
OTLK,DJ-N,2025-11-13 21:16:00,,DJ-N$1cb5373d,Outlook Therapeutics Files 8K - Other Events >OTLK
OTLK,DJ-N,2025-11-13 13:33:00,,DJ-N$1cb3f2e4,"Outlook Therapeutics: ONS-5010, if Approved, Will Be Branded as LYTENAVA for Treatment of Wet AMD >OTLK"
OTLK,DJ-N,2025-11-13 13:32:00,,DJ-N$1cb3f1ca,Outlook Therapeutics: Prescription Drug User Fee Act Goal Date of Dec 31 >OTLK
OTLK,DJ-N,2025-11-13 13:32:00,,DJ-N$1cb3f1b1,Outlook Therapeutics Announces Acceptance of Biologics License Application by FDA for ONS-5010 as Treatment for Wet AMD >OTLK
OTLK,DJ-N,2025-11-13 13:30:00,,DJ-N$1cb3efaf,Press Release: Outlook Therapeutics Announces Acceptance of Biologics License Application by U.S. FDA for ONS-5010 as a Treatment for Wet AMD
OTLK,DJ-N,2025-11-03 22:01:00,,DJ-N$1c97bddc,Outlook Therapeutics Files 8K - Other Events >OTLK
OTLK,DJ-N,2025-11-03 13:37:00,,DJ-N$1c9601c6,Outlook Therapeutics Believes Resubmission Will Resolve Outstanding Issue Highlighted in Complete Response Letter >OTLK
OTLK,DJ-N,2025-11-03 13:36:00,,DJ-N$1c9601a8,"Outlook Therapeutics: ONS-5010 Is an Investigational Ophthalmic Formulation of Bevacizumab Which, if Approved, Will Be Branded as LYTENAVA for Wet AMD"
OTLK,DJ-N,2025-11-03 13:35:00,,DJ-N$1c960138,Outlook Therapeutics Re-submitted BLA for ONS-5010 After Receiving Minutes From FDA Type A Meeting in Sept
OTLK,DJ-N,2025-11-03 13:35:00,,DJ-N$1c96001f,Outlook Therapeutics Re-Submits Biologics License Application for ONS-5010
OTLK,DJ-N,2025-11-03 13:35:00,,DJ-N$1c95ffe8,Press Release: Outlook Therapeutics Re-Submits Biologics License Application for ONS-5010
OTLK,DJ-N,2025-09-30 11:51:00,,DJ-N$1c442c49,Outlook Therapeutics Price Target Maintained With a $1.00/Share by HC Wainwright & Co.
OTLK,DJ-N,2025-09-29 21:00:00,,DJ-N$1c4291ee,Outlook Therapeutics Files 8K - Other Events >OTLK
OTLK,DJ-N,2025-09-29 12:48:00,,DJ-N$1c40dca4,Outlook Therapeutics: ONS-5010 Is an Investigational Ophthalmic Formulation of Bevacizumab Under Development to Treat Wet AMD >OTLK
OTLK,DJ-N,2025-09-29 12:48:00,,DJ-N$1c40dc85,Outlook Therapeutics Expects to Resubmit BLA Before End of 2025 Based on Discussion With FDA >OTLK
OTLK,DJ-N,2025-09-29 12:48:00,,DJ-N$1c40dc83,Outlook Therapeutics Completed FDA Meeting to Discuss CRL Regarding BLA Resubmission for ONS-5010 >OTLK
OTLK,DJ-N,2025-09-29 12:46:00,,DJ-N$1c40dc2a,Outlook Therapeutics Provides Update on Type A Meeting With FDA >OTLK
OTLK,DJ-N,2025-09-29 12:45:00,,DJ-N$1c40dab9,Press Release: Outlook Therapeutics Provides Update on Type A Meeting with FDA
OTLK,DJ-N,2025-09-22 09:41:00,,DJ-N$1c3066f7,Outlook Therapeutics Price Target Cut to $8.00/Share From $21.00 by Ascendiant Capital
OTLK,DJ-N,2025-09-22 09:41:00,,DJ-N$1c3066f4,Outlook Therapeutics Is Maintained at Buy by Ascendiant Capital
MREO,DJ-N,2025-12-30 17:39:00,,DJ-N$1d1e9f5f,Why Ultragenyx Stock Dropped 42% and What Comes Next -- Barrons.com
MREO,DJ-N,2025-12-30 12:51:00,,DJ-N$1d1dc4e1,Mereo BioPharma Group Price Target Cut to $0.50/Share From $7.00 by Jefferies
MREO,DJ-N,2025-12-30 12:51:00,,DJ-N$1d1dc4e0,Mereo BioPharma Group Cut to Hold From Buy by Jefferies
MREO,DJ-N,2025-12-29 18:34:00,,DJ-N$1d1bf4a5,Mereo BioPharma Group Price Target Cut to $1.00/Share From $6.00 by BTIG
MREO,DJ-N,2025-12-29 18:34:00,,DJ-N$1d1bf4a2,Mereo BioPharma Group Is Maintained at Buy by BTIG
MREO,DJ-N,2025-12-29 18:31:00,,DJ-N$1d1bf38c,Mereo BioPharma Group Cut to Market Perform From Outperform by LifeSci Capital
MREO,DJ-N,2025-12-29 15:40:00,,DJ-N$1d1b69da,Ultragenyx Shares Slide as Bone Disorder Drug Misses Trial Endpoints
MREO,DJ-N,2025-12-29 13:55:00,,DJ-N$1d1b2641,Mereo BioPharma Group PLC ADR (MREO) Resumed Trading
MREO,DJ-N,2025-12-29 13:54:00,,DJ-N$1d1b2640,Mereo BioPharma Group Files 8K - Other Events >MREO
MREO,DJ-N,2025-12-29 13:54:00,,DJ-N$1d1b263c,Mereo BioPharma Group Files 8K - Regulation FD >MREO
MREO,DJ-N,2025-12-29 13:52:00,,DJ-N$1d1b25ef,"Ultragenyx Pharmaceutical, Mereo BioPharma Bone Disorder Treatment Doesn't Meet Trial Endpoints"
MREO,DJ-N,2025-12-29 13:36:00,,DJ-N$1d1b213e,Mereo BioPharma Continuing to Advance Partnering Discussions for Alvelestat >MREO
MREO,DJ-N,2025-12-29 13:36:00,,DJ-N$1d1b213d,Mereo BioPharma Carefully Managing Cash Resources With Immediate Reductions in Pre-Comml and Manufacturing Activities >MREO
MREO,DJ-N,2025-12-29 13:35:00,,DJ-N$1d1b20fe,Mereo BioPharma Will Be Conducting Additional Analyses on Data to Assess Next Steps >MREO
MREO,DJ-N,2025-12-29 13:35:00,,DJ-N$1d1b20e0,Mereo BioPharma: No Change in the Safety Profile Observed >MREO
MREO,DJ-N,2025-12-29 13:34:00,,DJ-N$1d1b20a5,Mereo BioPharma: Both Studies Achieved Secondary Endpoint of Improvements in Bone Mineral Density With Strong Statistical Significance >MREO
MREO,DJ-N,2025-12-29 13:34:00,,DJ-N$1d1b2099,Mereo BioPharma: Neither Study Achieved Primary Endpoint of Reduction in Annualized Clinical Fracture Rate Vs. Placebo or Bisphosphonates >MREO
MREO,DJ-N,2025-12-29 13:34:00,,DJ-N$1d1b2045,Mereo BioPharma Announces Phase 3 ORBIT and COSMIC Results for Setrusumab (UX143) in Osteogenesis Imperfecta
MREO,DJ-N,2025-12-29 13:31:00,,DJ-N$1d1b1ea6,Press Release: Mereo BioPharma Announces Phase 3 -2-
MREO,DJ-N,2025-12-29 13:31:00,,DJ-N$1d1b1ea5,Press Release: Mereo BioPharma Announces Phase 3 ORBIT and COSMIC Results for Setrusumab (UX143) in Osteogenesis Imperfecta
MREO,DJ-N,2025-12-29 13:25:00,,DJ-N$1d1b1bc2,Mereo BioPharma Group PLC ADR (MREO) Halted due to pending news
MREO,DJ-N,2025-12-22 11:24:00,,DJ-N$1d0f448e,Mereo BioPharma Group Price Target Maintained With a $5.00/Share by Needham
MREO,DJ-N,2025-12-18 10:17:00,,DJ-N$1d07f8f0,Mereo BioPharma Group Price Target Maintained With a $6.00/Share by BTIG
MREO,DJ-N,2025-11-10 21:21:00,,DJ-N$1caad96e,Mereo BioPharma Group Files 8K - Operations And Financial Condition >MREO
MREO,DJ-N,2025-11-10 21:03:00,,DJ-N$1caac449,Mereo BioPharma Group 3Q Rev $0.00 >MREO
MREO,DJ-N,2025-11-10 21:03:00,,DJ-N$1caac447,Mereo BioPharma Group 3Q Loss/Shr 1c >MREO
MREO,DJ-N,2025-11-10 21:01:00,,DJ-N$1caac2e0,Press Release: Mereo BioPharma Reports Third -2-
MREO,DJ-N,2025-11-10 21:01:00,,DJ-N$1caac2dd,Press Release: Mereo BioPharma Reports Third Quarter 2025 Financial Results and Provides Corporate Highlights
MREO,DJ-N,2025-08-25 14:20:00,,DJ-N$1bf112df,Mereo BioPharma Group Price Target Raised to $8.00/Share From $7.00 by JP Morgan
MREO,DJ-N,2025-08-25 14:20:00,,DJ-N$1bf112de,Mereo BioPharma Group Is Maintained at Overweight by JP Morgan
MREO,DJ-N,2025-08-12 11:41:00,,DJ-N$1bd2b000,Mereo BioPharma Group Files 8K - Operations And Financial Condition >MREO
MREO,DJ-N,2025-08-12 11:36:00,,DJ-N$1bd2aedc,Mereo BioPharma Group: Runway To Support Operations Into 2027 >MREO
MREO,DJ-N,2025-08-12 11:36:00,,DJ-N$1bd2ae9d,"Mereo BioPharma Group 2Q Rev $500,000 >MREO"
MREO,DJ-N,2025-08-12 11:36:00,,DJ-N$1bd2ae93,Mereo BioPharma Group 2Q Loss $14.6M >MREO
MREO,DJ-N,2025-08-12 11:36:00,,DJ-N$1bd2ae8d,Mereo BioPharma Group 2Q Loss/Shr 2c >MREO
MREO,DJ-N,2025-08-12 11:35:00,,DJ-N$1bd2ae4e,Press Release: Mereo BioPharma Reports Second -2-
MREO,DJ-N,2025-08-12 11:35:00,,DJ-N$1bd2ae4c,Press Release: Mereo BioPharma Reports Second Quarter 2025 Financial Results and Provides Corporate Highlights
MREO,DJ-N,2025-07-10 20:17:00,,DJ-N$1b81f5e4,"Ultragenyx, Mereo Hammered For Their Surprise Miss In Brittle Bone Disease -- IBD"
MREO,DJ-N,2025-07-10 18:40:00,,DJ-N$1b81cb1c,"Ultragenyx, Mereo Sell-Off Seen as Overreaction -- Market Talk"
MREO,DJ-N,2025-07-10 14:37:00,,DJ-N$1b813fa7,Biotech Stock Ultragenyx Is Falling on Unsatisfying Trial Update -- Barrons.com
MREO,DJ-N,2025-07-10 14:31:00,,DJ-N$1b813871,"Ultragenyx, Mereo Hammered For Their Surprise Miss In Brittle Bone Disease -- IBD"
MREO,DJ-N,2025-07-10 10:49:00,,DJ-N$1b80ad43,Mereo BioPharma Group Files 8K - Other Events >MREO
MREO,DJ-N,2025-07-10 10:29:00,,DJ-N$1b80a43b,Mereo BioPharma Group Price Target Cut to $5.00/Share From $7.00 by Needham
MREO,DJ-N,2025-07-10 10:29:00,,DJ-N$1b80a437,Mereo BioPharma Group Is Maintained at Buy by Needham
MREO,DJ-N,2025-07-09 22:48:00,,DJ-N$1b7f75df,"Ultragenyx, Mereo Slide as Drug Study Progresses to Final Analysis"
MREO,DJ-N,2025-07-09 20:11:00,,DJ-N$1b7f2b1c,"Ultragenyx, Mereo BioPharma: DMC Said UX143 Demonstrates Acceptable Safety Profile and Co Should Continue Study to Final Analysis"
MREO,DJ-N,2025-07-09 20:10:00,,DJ-N$1b7f29b4,"Ultragenyx, Mereo BioPharma Study Evaluating UX143 Progressing Toward Final Analysis Around End of Yr"
MREO,DJ-N,2025-07-09 20:05:00,,DJ-N$1b7f244c,Ultragenyx and Mereo BioPharma Announce UX143 Phase 3 Orbit Study for Osteogenesis Imperfecta Progressing to Final Analysis
MREO,DJ-N,2025-07-09 20:05:00,,DJ-N$1b7f2237,Press Release: Ultragenyx and Mereo BioPharma -2-
MREO,DJ-N,2025-07-09 20:05:00,,DJ-N$1b7f2233,Press Release: Ultragenyx and Mereo BioPharma Announce UX143 Phase 3 Orbit Study for Osteogenesis Imperfecta Progressing to Final Analysis
TQQQ,DJ-N,2025-11-04 21:05:00,,DJ-N$1c9ad70c,Press Release: ProShares Announces ETF Share Splits
TQQQ,DJ-N,2025-11-04 21:05:00,,DJ-N$1c9ad529,ProShares Announces ETF Share Splits >TQQQ
CNTX,DJ-N,2025-12-22 12:35:00,,DJ-N$1d0f651c,Context Therapeutics Price Target Announced at $7.00/Share by Jones Trading
CNTX,DJ-N,2025-12-22 12:35:00,,DJ-N$1d0f651a,Context Therapeutics Initiated at Buy by Jones Trading
CNTX,DJ-N,2025-11-22 08:01:00,,DJ-N$1ccc4a34,"CONTEXT THERAPEUTICS INC  COM, Inst Holders, 3Q 2025 (CNTX)"
CNTX,DJ-N,2025-11-06 13:32:00,,DJ-N$1ca0cec1,Context Therapeutics Price Target Maintained With a $9.00/Share by D. Boral Capital
CNTX,DJ-N,2025-11-06 13:32:00,,DJ-N$1ca0cec0,Context Therapeutics Is Maintained at Buy by D. Boral Capital
CNTX,DJ-N,2025-11-06 12:00:00,,DJ-N$1ca0830c,Context Therapeutics Price Target Raised to $5.00/Share From $4.00 by HC Wainwright & Co.
CNTX,DJ-N,2025-11-06 12:00:00,,DJ-N$1ca0830a,Context Therapeutics Is Maintained at Buy by HC Wainwright & Co.
CNTX,DJ-N,2025-11-05 22:48:00,,DJ-N$1c9ef3a9,Context Therapeutics 3Q Loss/Shr 10c >CNTX
CNTX,DJ-N,2025-11-05 21:21:00,,DJ-N$1c9e92e9,Context Therapeutics Files 8K - Other Events >CNTX
CNTX,DJ-N,2025-11-05 21:21:00,,DJ-N$1c9e92e8,Context Therapeutics Files 8K - Regulation FD >CNTX
CNTX,DJ-N,2025-11-05 21:16:00,,DJ-N$1c9e836d,Press Release: Context Therapeutics Reports Third -2-
CNTX,DJ-N,2025-11-05 21:16:00,,DJ-N$1c9e836c,Press Release: Context Therapeutics Reports Third Quarter 2025 Operating and Financial Results
CNTX,DJ-N,2025-10-24 20:02:00,,DJ-N$1c7ee5e0,Context Therapeutics Files 8K - Other Events >CNTX
CNTX,DJ-N,2025-10-24 20:02:00,,DJ-N$1c7ee5df,Context Therapeutics Files 8K - Entry Into Definitive Agreement >CNTX
CNTX,DJ-N,2025-10-20 22:49:00,,DJ-N$1c732e3a,Context Therapeutics Files 8K - Other Events >CNTX
CNTX,DJ-N,2025-10-16 12:50:00,,DJ-N$1c6a84de,Context Therapeutics Price Target Maintained With a $9.00/Share by D. Boral Capital
CNTX,DJ-N,2025-10-16 12:50:00,,DJ-N$1c6a84dc,Context Therapeutics Is Maintained at Buy by D. Boral Capital
CNTX,DJ-N,2025-10-06 11:30:00,,DJ-N$1c5190e1,Press Release: Context Therapeutics Announces Poster Presentations at the Society for Immunotherapy of Cancer's (SITC) 40th Annual Meeting
CNTX,DJ-N,2025-10-03 20:15:00,,DJ-N$1c4eef3b,Press Release: Context Therapeutics Announces Inducement Grant Under Nasdaq Listing Rule 5635(c)(4)
CNTX,DJ-N,2025-10-02 12:50:00,,DJ-N$1c4b9153,Context Therapeutics Initiated at Overweight by Cantor Fitzgerald
CNTX,DJ-N,2025-09-18 13:12:00,,DJ-N$1c2a0275,Context Therapeutics Price Target Announced at $5.00/Share by Guggenheim
CNTX,DJ-N,2025-09-18 13:12:00,,DJ-N$1c2a026f,Context Therapeutics Initiated at Buy by Guggenheim
CNTX,DJ-N,2025-09-02 11:32:00,,DJ-N$1c0424f7,Context Therapeutics Files 8K - Listing Notice >CNTX
CNTX,DJ-N,2025-08-22 07:01:00,,DJ-N$1bec3a9c,"CONTEXT THERAPEUTICS INC  COM, Inst Holders, 2Q 2025 (CNTX)"
CNTX,DJ-N,2025-08-07 11:49:00,,DJ-N$1bc6e78b,Context Therapeutics Price Target Maintained With a $9.00/Share by D. Boral Capital
CNTX,DJ-N,2025-08-07 11:49:00,,DJ-N$1bc6e788,Context Therapeutics Is Maintained at Buy by D. Boral Capital
CNTX,DJ-N,2025-08-07 11:07:00,,DJ-N$1bc6c620,Context Therapeutics Price Target Cut to $4.00/Share From $5.00 by HC Wainwright & Co.
CNTX,DJ-N,2025-08-07 11:07:00,,DJ-N$1bc6c61f,Context Therapeutics Is Maintained at Buy by HC Wainwright & Co.
CNTX,DJ-N,2025-08-06 21:21:00,,DJ-N$1bc4f3a1,Context Therapeutics Sees Funding Sufficient Into 2027 >CNTX
CNTX,DJ-N,2025-08-06 21:20:00,,DJ-N$1bc4f364,Context Therapeutics 2Q Loss/Shr 9c >CNTX
CNTX,DJ-N,2025-08-06 20:11:00,,DJ-N$1bc48e53,Press Release: Context Therapeutics Reports Second Quarter 2025 Operating and Financial Results
ASST,DJ-N,2025-12-16 21:44:00,,DJ-N$1d03a519,Substantial Insider Purchases: Afternoon Report
ASST,DJ-N,2025-12-16 14:06:00,,DJ-N$1d027b31,"CEO Cole Buys 515,195 Of Strive Inc >ASST"
ASST,DJ-N,2025-12-15 13:30:00,,DJ-N$1cff0113,Strive Files 8K - Other Events >ASST -2-
ASST,DJ-N,2025-12-15 13:30:00,,DJ-N$1cff0111,Strive Files 8K - Other Events >ASST
ASST,DJ-N,2025-12-15 13:30:00,,DJ-N$1cff00d7,Press Release: Strive Increases SATA Perpetual -2-
ASST,DJ-N,2025-12-15 13:30:00,,DJ-N$1cff00d3,Press Release: Strive Increases SATA Perpetual Preferred Stock Dividend to 12.25%
ASST,DJ-N,2025-12-10 19:18:00,,DJ-N$1cf5bf4d,Asset Entities Price Target Announced at $1.50/Share by Maxim Group
ASST,DJ-N,2025-12-10 19:18:00,,DJ-N$1cf5bf4b,Asset Entities Initiated at Buy by Maxim Group
ASST,DJ-N,2025-12-09 23:29:00,,DJ-N$1cf33ec8,Strive Inc. May Sell Up to $500M of Series A Perpetual Preferred Stock
ASST,DJ-N,2025-12-09 23:27:00,,DJ-N$1cf33dbf,"Press Release: Strive Announces $500,000,000 SATA -2-"
ASST,DJ-N,2025-12-09 23:27:00,,DJ-N$1cf33dba,"Press Release: Strive Announces $500,000,000 SATA At-The-Market Program"
ASST,DJ-N,2025-12-09 22:30:00,,DJ-N$1cf32dc5,Strive Files 8K - Other Events >ASST -2-
ASST,DJ-N,2025-12-09 22:30:00,,DJ-N$1cf32dc3,Strive Files 8K - Other Events >ASST
ASST,DJ-N,2025-12-09 22:30:00,,DJ-N$1cf32dc1,Strive Files 8K - Changes To Articles >ASST
ASST,DJ-N,2025-12-09 22:30:00,,DJ-N$1cf32dba,Strive Files 8K - Changes To Hldr Rights >ASST
ASST,DJ-N,2025-12-09 22:30:00,,DJ-N$1cf32db7,Strive Files 8K - Entry Into Definitive Agreement >ASST
ASST,DJ-N,2025-11-23 08:09:00,,DJ-N$1cccf233,"STRIVE INC  CL A, Inst Holders, 3Q 2025 (ASST)"
ASST,DJ-N,2025-11-17 12:01:00,,DJ-N$1cbbcd8a,Strive Files 8K - Other Events >ASST -2-
ASST,DJ-N,2025-11-17 12:01:00,,DJ-N$1cbbcd7d,Strive Files 8K - Other Events >ASST
ASST,DJ-N,2025-11-14 21:30:00,,DJ-N$1cb8d362,Strive Files 8K - Other Events >ASST -2-
ASST,DJ-N,2025-11-14 21:30:00,,DJ-N$1cb8d35e,Strive Files 8K - Other Events >ASST
ASST,DJ-N,2025-11-14 21:08:00,,DJ-N$1cb8b73e,Strive 3Q Loss/Shr 22c >ASST
ASST,DJ-N,2025-11-14 21:08:00,,DJ-N$1cb8b70f,"Strive 3Q Rev $255,000 >ASST"
ASST,DJ-N,2025-11-14 21:06:00,,DJ-N$1cb8b4fa,Strive Files 8K - Operations And Financial Condition >ASST
ASST,DJ-N,2025-11-14 21:05:00,,DJ-N$1cb8b26f,"Press Release: Strive, Inc. Announces Third -4-"
ASST,DJ-N,2025-11-14 21:05:00,,DJ-N$1cb8b26c,"Press Release: Strive, Inc. Announces Third -3-"
ASST,DJ-N,2025-11-14 21:05:00,,DJ-N$1cb8b26b,"Press Release: Strive, Inc. Announces Third -2-"
ASST,DJ-N,2025-11-14 21:05:00,,DJ-N$1cb8b26a,"Press Release: Strive, Inc. Announces Third Quarter 2025 Financial Results"
ASST,DJ-N,2025-11-10 14:43:00,,DJ-N$1ca957a6,"Strive: The Perpetual Preferred Stock Is Expected to Begin Trading on Nasdaq Global Market on or Around Nov 10 Under Ticker Symbol ""SATA"" >ASST"
ASST,DJ-N,2025-11-10 14:42:00,,DJ-N$1ca956b0,Strive Closes IPO of 2M Shrs of Variable Rate Series A Perpetual Preferred Stk at $80 Per Shr >ASST
ASST,DJ-N,2025-11-10 14:40:00,,DJ-N$1ca95649,Press Release: Strive Announces Nasdaq Listing of -2-
ASST,DJ-N,2025-11-10 14:40:00,,DJ-N$1ca95648,Press Release: Strive Announces Nasdaq Listing of SATA and Closing of Oversubscribed & Upsized IPO
ASST,DJ-N,2025-11-10 14:39:00,,DJ-N$1ca955f8,Strive Files 8K - Other Events >ASST -2-
ASST,DJ-N,2025-11-10 14:39:00,,DJ-N$1ca955f7,Strive Files 8K - Other Events >ASST
ASST,DJ-N,2025-11-10 14:28:00,,DJ-N$1ca95004,Strive Files 8K - Other Events >ASST -2-
ASST,DJ-N,2025-11-10 14:28:00,,DJ-N$1ca95003,Strive Files 8K - Other Events >ASST
ASST,DJ-N,2025-11-10 14:28:00,,DJ-N$1ca95001,Strive Files 8K - Changes To Articles >ASST
ASST,DJ-N,2025-11-10 14:28:00,,DJ-N$1ca94fff,Strive Files 8K - Changes To Hldr Rights >ASST -2-
ASST,DJ-N,2025-11-10 14:28:00,,DJ-N$1ca94ffc,Strive Files 8K - Changes To Hldr Rights >ASST
ASST,DJ-N,2025-11-10 14:28:00,,DJ-N$1ca94ff8,Strive Files 8K - Entry Into Definitive Agreement >ASST
ASST,DJ-N,2025-11-10 13:44:00,,DJ-N$1ca92bbd,Substantial Insider Purchases: Morning Report
ASST,DJ-N,2025-11-10 07:32:00,,DJ-N$1ca86362,Hot Crypto Trade Is Crumbling -- WSJ
ASST,DJ-N,2025-11-09 18:37:00,,DJ-N$1ca7ce21,The Year's Hottest Crypto Trade Is Crumbling -- Update
ASST,DJ-N,2025-11-09 10:30:00,,DJ-N$1ca7abbd,The Year's Hottest Crypto Trade Is Crumbling -- WSJ
ASST,DJ-N,2025-11-07 23:59:00,,DJ-N$1ca65571,"Holder Ramaswamy Buys 15,625 Of Strive Inc"
ASST,DJ-N,2025-11-05 22:40:00,,DJ-N$1c9ef054,Press Release: Strive Announces Pricing of -3-
ASST,DJ-N,2025-11-05 22:40:00,,DJ-N$1c9ef052,Press Release: Strive Announces Pricing of -2-
ASST,DJ-N,2025-11-05 22:40:00,,DJ-N$1c9ef04f,Press Release: Strive Announces Pricing of Upsized Initial Public Offering of SATA Stock
ASST,DJ-N,2025-11-03 13:45:00,,DJ-N$1c96053e,Strive Files 8K - Other Events >ASST
ASST,DJ-N,2025-11-03 13:35:00,,DJ-N$1c95fff2,Strive Intends to Conduct an Initial Public Offering of 1.25M Shrs of Variable Rate Series A Perpetual Preferred Stk >ASST
IVP,DJ-N,2025-12-30 11:01:00,,DJ-N$1d1d99d4,Inspire Veterinary Ptrs Files 8K - Unregistered Equity Sales >IVP
IVP,DJ-N,2025-12-30 11:01:00,,DJ-N$1d1d99d2,Inspire Veterinary Ptrs Files 8K - Entry Into Definitive Agreement >IVP
IVP,DJ-N,2025-12-17 22:27:00,,DJ-N$1d06ca0f,Inspire Veterinary Ptrs Files 8K - Entry Into Definitive Agreement >IVP
IVP,DJ-N,2025-12-05 21:16:00,,DJ-N$1ceb6d36,Inspire Veterinary Ptrs Files 8K - Entry Into Definitive Agreement >IVP
IVP,DJ-N,2025-11-24 21:15:00,,DJ-N$1ccfba08,Inspire Veterinary Ptrs Files 8K - Listing Notice >IVP
IVP,DJ-N,2025-11-20 08:03:00,,DJ-N$1cc4f8bc,"INSPIRE VETERINARY PARTNERS  CL A, Inst Holders, 3Q 2025 (IVP)"
IVP,DJ-N,2025-11-17 13:00:00,,DJ-N$1cbbf13e,Inspire Veterinary Ptrs Files 8K - Listing Notice >IVP
IVP,DJ-N,2025-11-10 21:16:00,,DJ-N$1caad682,Inspire Veterinary Ptrs Files 8K - Unregistered Equity Sales >IVP
IVP,DJ-N,2025-11-10 21:16:00,,DJ-N$1caad680,Inspire Veterinary Ptrs Files 8K - Direct Or Off-Balance Sheet Financial Obligation >IVP
IVP,DJ-N,2025-11-10 21:16:00,,DJ-N$1caad67f,Inspire Veterinary Ptrs Files 8K - Entry Into Definitive Agreement >IVP
IVP,DJ-N,2025-09-15 20:16:00,,DJ-N$1c22e1f0,Inspire Veterinary Ptrs Files 8K - Unregistered Equity Sales >IVP
IVP,DJ-N,2025-09-15 20:16:00,,DJ-N$1c22e1ef,Inspire Veterinary Ptrs Files 8K - Entry Into Definitive Agreement >IVP
IVP,DJ-N,2025-09-02 13:33:00,,DJ-N$1c0477af,Press Release: Inspire Veterinary Partners Regains Compliance with Nasdaq Listing Requirements
IVP,DJ-N,2025-09-02 13:24:00,,DJ-N$1c046db4,Inspire Veterinary Ptrs Files 8K - Other Events >IVP
IVP,DJ-N,2025-08-20 19:41:00,,DJ-N$1be8121f,Inspire Veterinary Ptrs Files 8K - Other Events >IVP
IVP,DJ-N,2025-08-20 07:03:00,,DJ-N$1be67517,"INSPIRE VETERINARY PARTNERS  CL A, Inst Holders, 2Q 2025 (IVP)"
IVP,DJ-N,2025-08-04 13:44:00,,DJ-N$1bbbc225,Inspire Veterinary Ptrs Files 8K - Changes To Articles >IVP
IVP,DJ-N,2025-08-04 13:44:00,,DJ-N$1bbbc222,Inspire Veterinary Ptrs Files 8K - Unregistered Equity Sales >IVP
IVP,DJ-N,2025-08-04 13:44:00,,DJ-N$1bbbc21e,Inspire Veterinary Ptrs Files 8K - Entry Into -2-
IVP,DJ-N,2025-08-04 13:44:00,,DJ-N$1bbbc21d,Inspire Veterinary Ptrs Files 8K - Entry Into Definitive Agreement >IVP
IVP,DJ-N,2025-07-30 19:14:00,,DJ-N$1bb06d47,Inspire Veterinary Partners Withdraws Filing for Securities Offering
UAVS,DJ-N,2026-01-02 20:05:00,,DJ-N$1d23d667,AgEagle Aerial Systems Climbs After U.S. Army Buys Drones
UAVS,DJ-N,2026-01-02 13:02:00,,DJ-N$1d231a65,EagleNXT Announces Successful Drone and Sensor Sale to U.S. Army
UAVS,DJ-N,2026-01-02 13:00:00,,DJ-N$1d2318e2,Press Release: EagleNXT Announces Successful Drone and Sensor Sale to U.S. Army
UAVS,DJ-N,2026-01-02 13:00:00,,DJ-N$1d231872,Press Release: EagleNXT Announces Successful Drone and Sensor Sale to U.S. Army
UAVS,DJ-N,2025-12-22 13:00:00,,DJ-N$1d0f75dd,Press Release: EagleNXT Appoints Falcon UAV as Master Distributor for Asia Pacific Region
UAVS,DJ-N,2025-12-22 13:00:00,,DJ-N$1d0f74b8,Press Release: EagleNXT Appoints Falcon UAV as Master Distributor for Asia Pacific Region
UAVS,DJ-N,2025-12-18 16:28:00,,DJ-N$1d08ee8e,Press Release: Drones as a Service (DaaS) -2-
UAVS,DJ-N,2025-12-18 16:28:00,,DJ-N$1d08ee88,Press Release: Drones as a Service (DaaS) Delivering Future-Ready Drone Operations for Today's Military and Defense Services
UAVS,DJ-N,2025-12-16 13:00:00,,DJ-N$1d025453,"Press Release: EagleNXT Highlights Key 2025 Achievements Across Defense, Innovation, Global Expansion, and Capital Flexibility, Provides 2026 Growth Outlook"
UAVS,DJ-N,2025-12-16 13:00:00,,DJ-N$1d0251a4,Press Release: EagleNXT Highlights Key 2025 -2-
UAVS,DJ-N,2025-12-16 13:00:00,,DJ-N$1d02519f,"Press Release: EagleNXT Highlights Key 2025 Achievements Across Defense, Innovation, Global Expansion, and Capital Flexibility, Provides 2026 Growth Outlook"
UAVS,DJ-N,2025-12-10 13:00:00,,DJ-N$1cf4c9e1,"Press Release: EagleNXT MicaSense Cameras Now Compatible with Inspired Flight Technologies (IFT) new ""Dovetail"" Mount"
UAVS,DJ-N,2025-12-10 13:00:00,,DJ-N$1cf4c861,"Press Release: EagleNXT MicaSense Cameras Now Compatible with Inspired Flight Technologies (IFT) new ""Dovetail"" Mount"
UAVS,DJ-N,2025-11-23 08:13:00,,DJ-N$1cccf450,"AGEAGLE AERIAL SYSTEMS INC  COM, Inst Holders, 3Q 2025 (UAVS)"
UAVS,DJ-N,2025-11-19 22:02:00,,DJ-N$1cc3f208,"Chmn Begley Buys 10,000 Of AgEagle Aerial Systems Inc >UAVS"
UAVS,DJ-N,2025-11-18 13:00:00,,DJ-N$1cbf3ec2,Press Release: EagleNXT Commences Deliveries with Vyom Drones to Serve India's Growing Unmanned Vehicle Demands
UAVS,DJ-N,2025-11-18 13:00:00,,DJ-N$1cbf3c39,Press Release: EagleNXT Commences Deliveries with Vyom Drones to Serve India's Growing Unmanned Vehicle Demands
UAVS,DJ-N,2025-11-17 13:50:00,,DJ-N$1cbc1319,AgEagle Aerial Systems Files 8K - Operations And Financial Condition >UAVS
UAVS,DJ-N,2025-11-17 13:48:00,,DJ-N$1cbc1261,Press Release: EagleNXT Reports Third Quarter -2-
UAVS,DJ-N,2025-11-17 13:48:00,,DJ-N$1cbc125e,Press Release: EagleNXT Reports Third Quarter Fiscal Year 2025 Financial Results and Highlights Key Operational Developments
UAVS,DJ-N,2025-11-17 13:48:00,,DJ-N$1cbc1257,Press Release: EagleNXT Reports Third Quarter Fiscal Year 2025 Financial Results and Highlights Key Operational Developments
UAVS,DJ-N,2025-11-12 13:01:00,,DJ-N$1cb04738,Press Release: EagleNXT Achieves ANATEL Certification Renewal for eBee X Drone Operations in Brazil
UAVS,DJ-N,2025-11-12 13:00:00,,DJ-N$1cb043e7,Press Release: EagleNXT Achieves ANATEL Certification Renewal for eBee X Drone Operations in Brazil
UAVS,DJ-N,2025-11-10 22:10:00,,DJ-N$1cab0a31,AgEagle Aerial Systems Files 8K - Other Events >UAVS
UAVS,DJ-N,2025-11-10 22:10:00,,DJ-N$1cab0a2f,AgEagle Aerial Systems Files 8K - Changes To Articles >UAVS
UAVS,DJ-N,2025-11-10 22:10:00,,DJ-N$1cab0a06,AgEagle Aerial Systems Files 8K - Changes To Hldr Rights >UAVS
UAVS,DJ-N,2025-11-10 22:10:00,,DJ-N$1cab0a05,AgEagle Aerial Systems Files 8K - Entry Into Definitive Agreement >UAVS
UAVS,DJ-N,2025-11-06 19:42:00,,DJ-N$1ca1e52d,AgEagle Aerial Systems Files 8K - Regulation FD >UAVS
UAVS,DJ-N,2025-11-06 19:42:00,,DJ-N$1ca1e52b,AgEagle Aerial Systems Files 8K - Changes To Hldr Rights >UAVS
UAVS,DJ-N,2025-11-06 19:42:00,,DJ-N$1ca1e522,AgEagle Aerial Systems Files 8K - Entry Into Definitive Agreement >UAVS
UAVS,DJ-N,2025-11-06 14:55:00,,DJ-N$1ca10d61,AgEagle Aerial Systems Inc. (UAVS) Resumed Trading
UAVS,DJ-N,2025-11-06 14:45:00,,DJ-N$1ca10892,AgEagle Aerial Systems Inc. (UAVS) Halted due to news pending
UAVS,DJ-N,2025-11-06 14:40:00,,DJ-N$1ca10692,AgEagle Aerial Systems Inc Announces Entry to Purchases Sales Agreement Up to $100M Series G
UAVS,DJ-N,2025-11-06 14:40:00,,DJ-N$1ca1066b,"Press Release: AgEagle Aerial Systems Inc Announces Entry to Purchases Sales Agreement up to $100,000,000 Series G"
UAVS,DJ-N,2025-11-06 14:40:00,,DJ-N$1ca1065c,"Press Release: AgEagle Aerial Systems Inc Announces Entry to Purchases Sales Agreement up to $100,000,000 Series G"
UAVS,DJ-N,2025-11-06 14:27:00,,DJ-N$1ca0fad8,AgEagle Aerial Systems Inc. (UAVS) Halted due to news pending
UAVS,DJ-N,2025-10-30 12:00:00,,DJ-N$1c8d583d,"Press Release: EagleNXT Announces Sale of eBee VISION Drones to U.S. Army's 1st Battalion, 4th Infantry Regiment in Germany"
UAVS,DJ-N,2025-10-30 12:00:00,,DJ-N$1c8d54f2,"Press Release: EagleNXT Announces Sale of eBee VISION Drones to U.S. Army's 1st Battalion, 4th Infantry Regiment in Germany"
UAVS,DJ-N,2025-10-29 12:07:00,,DJ-N$1c899721,"AgEagle: Makville Business Consultation, Based in Cairo, Egypt, to Be Authorized Distributor for EagleNXT senseFly Drones"
UAVS,DJ-N,2025-10-29 12:01:00,,DJ-N$1c899249,EagleNXT Partners With Makville to Bring Cutting-Edge Drones to Egypt
UAVS,DJ-N,2025-10-29 12:00:00,,DJ-N$1c89917e,Press Release: EagleNXT Partners with Makville to Bring Cutting-Edge Drones to Egypt
UAVS,DJ-N,2025-10-29 12:00:00,,DJ-N$1c898f7e,Press Release: EagleNXT Partners with Makville to Bring Cutting-Edge Drones to Egypt
UAVS,DJ-N,2025-10-23 12:02:00,,DJ-N$1c7a9a37,EagleNXT Announces Sale of Advanced eBee TAC Drones to Defense Logistics Agency
UAVS,DJ-N,2025-10-23 12:00:00,,DJ-N$1c7a974e,Press Release: EagleNXT Announces Sale of Advanced eBee TAC Drones to Defense Logistics Agency
UAVS,DJ-N,2025-10-23 12:00:00,,DJ-N$1c7a9540,Press Release: EagleNXT Announces Sale of Advanced eBee TAC Drones to Defense Logistics Agency
UAVS,DJ-N,2025-10-21 12:00:00,,DJ-N$1c74aeda,Press Release: EagleNXT Debuts MicaSense RedEdge-P Triple: A Game-Changer for Precision Drone Imaging
UAVS,DJ-N,2025-10-21 12:00:00,,DJ-N$1c74ad10,Press Release: EagleNXT Debuts MicaSense RedEdge-P Triple: A Game-Changer for Precision Drone Imaging
UAVS,DJ-N,2025-10-16 12:00:00,,DJ-N$1c6a6943,Press Release: EagleNXT and Tough Stump Technologies Announce Expanded Strategic Partnership and Introduce New HELIOS(TM) Kit
UAVS,DJ-N,2025-10-16 12:00:00,,DJ-N$1c6a677b,Press Release: EagleNXT and Tough Stump Technologies Announce Expanded Strategic Partnership and Introduce New HELIOS(TM) Kit
UAVS,DJ-N,2025-10-01 12:01:00,,DJ-N$1c47d72e,Press Release: EagleNXT Partners with UAVSICS to Expand Drone Solutions in Chile
NCL,DJ-N,2026-01-02 21:31:00,,DJ-N$1d2408dd,Northann Files 8K - Other Events >NCL
NCL,DJ-N,2026-01-02 21:05:00,,DJ-N$1d23e96f,"Press Release: NCL Founder and CEO Lin Li Provides Letter to Stockholders, Highlighting North American Retail"
NCL,DJ-N,2025-12-23 16:40:00,,DJ-N$1d133da6,Northann Corp. (NCL) Resumed Trading
NCL,DJ-N,2025-12-23 16:31:00,,DJ-N$1d1333ce,Northann Corp. (NCL) Halted due to news pending
NCL,DJ-N,2025-12-23 16:24:00,,DJ-N$1d132d82,Northann Files 8K - Unregistered Equity Sales >NCL
NCL,DJ-N,2025-12-23 16:24:00,,DJ-N$1d132d7b,Northann Files 8K - Entry Into Definitive Agreement >NCL
NCL,DJ-N,2025-12-23 15:44:00,,DJ-N$1d130252,Northann Corp. (NCL) Halted due to news pending
NCL,DJ-N,2025-12-11 22:26:00,,DJ-N$1cf919ad,Northann Files 8K - Other Events >NCL
NCL,DJ-N,2025-12-11 22:26:00,,DJ-N$1cf919ac,Northann Files 8K - Listing Notice >NCL
NCL,DJ-N,2025-12-11 21:12:00,,DJ-N$1cf8cdeb,Northann Out of Compliance With Section 1003(A)(I) Related to $2M Hldr Equity Requirement Under Certain Conditions
NCL,DJ-N,2025-12-11 21:10:00,,DJ-N$1cf8cb76,Northann Corp. Receives Non-Compliance Notice From NYSE American
NCL,DJ-N,2025-12-11 21:05:00,,DJ-N$1cf8c1d4,Press Release: Northann Corp. Receives Non-Compliance Notice from NYSE American
NCL,DJ-N,2025-11-24 22:21:00,,DJ-N$1ccfe20d,Northann Files 8K - Unregistered Equity Sales >NCL
NCL,DJ-N,2025-11-24 22:21:00,,DJ-N$1ccfe208,Northann Files 8K - Entry Into Definitive Agreement >NCL
NCL,DJ-N,2025-11-23 08:14:00,,DJ-N$1cccf50a,"NORTHANN CORP  COM, Inst Holders, 3Q 2025 (NCL)"
NCL,DJ-N,2025-11-20 12:54:00,,DJ-N$1cc57818,"Dir Zhang Sells 63,740 Of Northann Corp >NCL"
NCL,DJ-N,2025-10-08 13:00:00,,DJ-N$1c572e65,Northann Corp. (NCL) Resumed Trading
NCL,DJ-N,2025-10-08 12:47:00,,DJ-N$1c5728ca,Northann Corp. (NCL) Halted due to corporate action
NCL,DJ-N,2025-10-08 10:11:00,,DJ-N$1c56e1e6,Northann Corp. (NCL) Halted due to corporate action
RGC,DJ-N,2025-12-30 12:31:00,,DJ-N$1d1dba6e,"S&P 500 Futures Flat In Premarket Trading; Regencell Bioscience, AngloGold Ashanti Lead"
RGC,DJ-N,2025-12-29 12:31:00,,DJ-N$1d1afcdc,"S&P 500 Futures Decline In Premarket Trading; Cheniere Energy Ptnr, UMB Financial Lead"
RGC,DJ-N,2025-12-24 12:31:00,,DJ-N$1d152780,"S&P 500 Futures Flat In Premarket Trading; United Therapeutics, Intel Lag"
RGC,DJ-N,2025-12-22 12:31:00,,DJ-N$1d0f61ef,"S&P 500 Futures Up In Premarket Trading; Clearwater Analytics, IREN Lead"
RGC,DJ-N,2025-07-17 11:31:00,,DJ-N$1b910de3,"S&P 500 Futures Steady In Premarket Trading; Regencell Bioscience, CSX Lead"
RGC,DJ-N,2025-07-14 11:31:00,,DJ-N$1b879a96,"S&P 500 Futures Drop In Premarket Trading; Regencell Bioscience, PTC Lag"
CVX,BRFG,2024-10-07 15:18:51,,BRFG$18d908ee,Chevron takes step forward in Guyana-Permian strategy with sale of two Canadian shale plays
CVX,BRFG,2023-10-23 15:18:43,,BRFG$15b5e482,"Chevron makes its own M&A splash with acquisition of Hess Corporation, matching Exxon Mobil"
CVX,BRFG,2023-07-24 14:44:44,,BRFG$14f3f443,Chevron pumps out some gains as record production in Permian Basis leads to upside EPS
CVX,DJ-N,2026-01-05 09:09:00,,DJ-N$1d264d12,Chevron Shares Jump Premarket After Venezuela Intervention -- Market Talk
CVX,DJ-N,2026-01-05 07:32:00,,DJ-N$1d260e5b,Energy Companies To Face a Challenge Mining Nation's Oil -- WSJ
CVX,DJ-N,2026-01-04 20:29:00,,DJ-N$1d25902a,Venezuela's New Power Players Emerge After Maduro's Ouster -- WSJ
CVX,DJ-N,2026-01-03 22:47:00,,DJ-N$1d251f9a,Trump Wants to Unlock Venezuela's Oil Reserves. A Huge Challenge Awaits. -- WSJ
CVX,DJ-N,2026-01-03 18:23:00,,DJ-N$1d250d6a,Chevron Charts a New Path in Venezuela to Unlock Vast Oil Reserves -- WSJ
CVX,DJ-N,2026-01-03 17:42:00,,DJ-N$1d250a31,The Oil Sector's Biggest Winners and Losers From Venezuela Regime Change -- Barrons.com
CVX,DJ-N,2026-01-03 16:10:00,,DJ-N$1d25033a,What Maduro's Capture Means for Chevron Stock -- Barrons.com
CVX,DJ-N,2026-01-02 19:30:00,,DJ-N$1d23d09a,"Caterpillar, Boeing Share Gains Contribute To Dow's 286-Point Climb"
CVX,DJ-N,2025-12-29 13:26:00,,DJ-N$1d1b1ca1,Oil and Energy Stocks Rise After Ukraine Talks End Without Peace Deal. -- Barrons.com
CVX,DJ-N,2025-12-29 13:15:00,,DJ-N$1d1b189e,Frontera Energy Strikes $120M Financing and Oil Deliveries Agreement With Chevron -- Update
CVX,DJ-N,2025-12-29 13:12:00,,DJ-N$1d1b17ac,Frontera Energy Strikes Financing and Oil Deliveries Agreement With Chevron
CVX,DJ-N,2025-12-27 02:30:00,,DJ-N$1d190dad,Quality Stocks Are READY TO MAKE A COMEBACK -- -2-
CVX,DJ-N,2025-12-27 02:30:00,,DJ-N$1d190dac,Quality Stocks Are READY TO MAKE A COMEBACK -- Barron's
CVX,DJ-N,2025-12-26 06:00:00,,DJ-N$1d17899b,These 'Quality' Stocks Are Trading at a 40% -2-
CVX,DJ-N,2025-12-26 06:00:00,,DJ-N$1d178999,These 'Quality' Stocks Are Trading at a 40% Discount to the Market. Act Now. -- Barrons.com
CVX,DJ-N,2025-12-24 18:09:00,,DJ-N$1d15db95,Oil Prices Crashed This Year. Why the Stocks Have Held Up. -- Barrons.com
CVX,DJ-N,2025-12-23 18:21:00,,DJ-N$1d138476,"Dow Rallies 150 Points On Gains In NVIDIA Corp., JPMorgan Chase Stocks"
CVX,DJ-N,2025-12-22 20:19:00,,DJ-N$1d10d5ad,Trump's Venezuela 'Armada' Is Lifting Oil Prices. How Investors Can Play the Chaos. -- Barrons.com
CVX,DJ-N,2025-12-22 16:13:00,,DJ-N$1d10003f,"Dow Rallies Nearly 250 Points On Gains For Merck, Chevron Stocks"
CVX,DJ-N,2025-12-22 14:45:00,,DJ-N$1d0faf3f,"Dow's Nearly 125-Point Rally Led By Gains In Chevron, Merck Shares"
CVX,DJ-N,2025-12-22 07:33:00,,DJ-N$1d0ef7fd,Chevron Remains in Position As Largest Foreign Investor -- WSJ
CVX,DJ-N,2025-12-20 10:30:00,,DJ-N$1d0de1f4,How Chevron Secured Its Place as Venezuela's Largest Foreign Investor -- WSJ
CVX,DJ-N,2025-12-20 00:13:00,,DJ-N$1d0d003b,Chmn Wirth Acquires 836 Of Chevron Corp >CVX
CVX,DJ-N,2025-12-20 00:10:00,,DJ-N$1d0cff89,VP Pate Acquires 190 Of Chevron Corp >CVX
CVX,DJ-N,2025-12-20 00:07:00,,DJ-N$1d0cff1d,Officer/Dir Nelson Acquires 269 Of Chevron Corp >CVX
CVX,DJ-N,2025-12-20 00:04:00,,DJ-N$1d0cfec4,VP Booth Acquires 122 Of Chevron Corp >CVX
CVX,DJ-N,2025-12-20 00:04:00,,DJ-N$1d0cfeb8,Officer Walz Acquires 72 Of Chevron Corp >CVX
CVX,DJ-N,2025-12-20 00:03:00,,DJ-N$1d0cfeae,Officer Neff Jr Acquires 143 Of Chevron Corp >CVX
CVX,DJ-N,2025-12-20 00:02:00,,DJ-N$1d0cfe90,VP Knowles Acquires 86 Of Chevron Corp >CVX
CVX,DJ-N,2025-12-19 23:59:00,,DJ-N$1d0cfe1e,VP Gustavson Acquires 46 Of Chevron Corp >CVX
CVX,DJ-N,2025-12-19 23:55:00,,DJ-N$1d0cfdcb,CFO Bonner Acquires 102 Of Chevron Corp >CVX
CVX,DJ-N,2025-12-18 16:44:00,,DJ-N$1d090188,"Nuclear Power CEO Says Cash, Not Trump Ties, Drove Fusion Deal -- Barrons.com"
CVX,DJ-N,2025-12-17 15:48:00,,DJ-N$1d05bb0c,Trump's Venezuela Blockade Lifts Oil. Exxon and Chevron Rise. -- Barrons.com
CVX,DJ-N,2025-12-17 15:19:00,,DJ-N$1d059b07,"Oil Climbs Above Multi-Year Lows on Trump's Venezuela Blockade. Chevron, Other Stocks Rise. -- Barrons.com"
CVX,DJ-N,2025-12-17 14:50:00,,DJ-N$1d0585cc,"Dow Up 216 Points On Gains For Shares Of Salesforce, Procter & Gamble"
CVX,DJ-N,2025-12-17 12:21:00,,DJ-N$1d053053,"Oil Prices Jump Off Multi-Year Lows as Trump Orders Venezuela Blockade. Shell, BP Stocks Rise. -- Barrons.com"
CVX,DJ-N,2025-12-17 02:08:00,,DJ-N$1d04074e,Correction to U.S. Tanker Seizure Article -- WSJ
CVX,DJ-N,2025-12-17 01:00:00,,DJ-N$1d03f78a,U.S. Tanker Seizure Has Paralyzed Venezuela's Oil Business -- Except Chevron's -- WSJ
CVX,DJ-N,2025-12-16 20:31:00,,DJ-N$1d036383,"Dow Falls Nearly 250 Points On Losses In Shares Of UnitedHealth, Johnson & Johnson"
CVX,DJ-N,2025-12-16 17:44:00,,DJ-N$1d034127,"Dow's 370-Point Fall Led By Losses In Shares Of IBM, Merck"
CVX,DJ-N,2025-12-16 15:22:00,,DJ-N$1d02b077,"Merck, IBM Share Losses Lead Dow's Nearly 250-Point Drop"
CVX,DJ-N,2025-12-12 20:45:00,,DJ-N$1cfbae8c,The Best Dividend ETF for Right Now -- and 2026 -- Barrons.com
CVX,DJ-N,2025-12-12 12:50:00,,DJ-N$1cfaa54d,Chevron Price Target Raised to $206.00/Share From $204.00 by Mizuho
CVX,DJ-N,2025-12-12 12:50:00,,DJ-N$1cfaa54b,Chevron Is Maintained at Outperform by Mizuho
CVX,DJ-N,2025-12-11 21:21:00,,DJ-N$1cf8dabe,TechnipFMC Say A `Significant' Contract Is Between $75 M and $250 M. >FTI
CVX,DJ-N,2025-12-11 21:20:00,,DJ-N$1cf8d9d7,TechnipFMC Contract for Gorgon Stage 3 Brownfield Project >FTI
CVX,DJ-N,2025-12-11 21:20:00,,DJ-N$1cf8d9bc,TechnipFMC Awarded a Significant(1) Contract for Subsea 2.0(R) Production Systems by Chevron >FTI
CVX,DJ-N,2025-12-11 21:15:00,,DJ-N$1cf8d216,Press Release: TechnipFMC Awarded Significant Contract for Subsea 2.0(R) Production Systems for Chevron's Gorgon Stage 3 Project
CVX,DJ-N,2025-12-11 12:10:00,,DJ-N$1cf79370,Chevron Price Target Cut to $180.00/Share From $183.00 by B of A Securities
CVX,DJ-N,2025-12-11 12:10:00,,DJ-N$1cf7936e,Chevron Is Maintained at Buy by B of A Securities
IBIT,DJ-N,2025-12-02 23:05:00,,DJ-N$1ce2ff24,Harvard's Big Wager on Bitcoin Came Right Before the Bust -- WSJ
IBIT,DJ-N,2025-12-02 17:17:00,,DJ-N$1ce25296,Vanguard Finally Allows Crypto ETFs and Mutual Funds. You Can Invest Right Now. -- Barrons.com
IBIT,DJ-N,2025-12-02 15:49:00,,DJ-N$1ce1ed4c,Vanguard Finally Allows Crypto ETFs and Mutual Funds. You Can Invest Right Now. -- Barrons.com
IBIT,DJ-N,2025-11-24 16:06:00,,DJ-N$1ccea69c,The Largest Bitcoin ETF Is Posting Record Outflows -- WSJ
IBIT,DJ-N,2025-11-20 12:44:00,,DJ-N$1cc57452,Spencer Jakab   Will Newer Bitcoin Owners Hold On? -- WSJ
IBIT,DJ-N,2025-11-19 17:00:00,,DJ-N$1cc32278,Bitcoin Drops Below $90K -- WSJ
IBIT,DJ-N,2025-11-04 15:45:00,,DJ-N$1c9a19a7,Bitcoin Slides to Lowest Level Since June -- WSJ
IBIT,DJ-N,2025-10-07 20:18:00,,DJ-N$1c55ac51,Bitcoin Is 'Almost' Ready to Join the Big Leagues as a Central-Bank Reserve Asset -- Barrons.com
IBIT,DJ-N,2025-08-01 22:31:00,,DJ-N$1bb8e269,MicroStrategy Stock Drops 9%. New Equity Guidelines Could Be the Reason. -- Barrons.com
SLB,DJ-N,2026-01-02 21:35:00,,DJ-N$1d240d57,"SLB Ltd. Stock Rises 4.7%, Outperforms Peers"
SLB,DJ-N,2025-12-30 21:35:00,,DJ-N$1d1ef813,"SLB Ltd. Stock Climbs 1.7%, Outperforms Peers"
SLB,DJ-N,2025-12-23 13:59:00,,DJ-N$1d12b78b,Press Release: Aramco Awards SLB Long-Term Contract to Support Kingdom's Unconventional Gas Production Growth
SLB,DJ-N,2025-12-23 13:58:00,,DJ-N$1d12b75f,Aramco Awards SLB Long-Term Contract to Support Kingdom's Unconventional Gas Production Growth >SLB
SLB,DJ-N,2025-12-18 12:36:00,,DJ-N$1d08369a,Schlumberger Price Target Raised to $45.00/Share From $42.00 by Piper Sandler
SLB,DJ-N,2025-12-18 12:36:00,,DJ-N$1d083697,Schlumberger Is Maintained at Overweight by Piper Sandler
SLB,DJ-N,2025-12-17 18:06:00,,DJ-N$1d063dfa,Schlumberger Price Target Cut to $47.00/Share From $48.00 by Barclays
SLB,DJ-N,2025-12-17 18:06:00,,DJ-N$1d063df6,Schlumberger Is Maintained at Overweight by Barclays
SLB,DJ-N,2025-12-16 21:35:00,,DJ-N$1d039b77,"SLB Ltd. Stock Falls 3.3%, Outperforms Peers"
SLB,DJ-N,2025-12-12 21:59:00,,DJ-N$1cfbf9d2,Schlumberger Price Target Raised to $50.00/Share From $44.00 by UBS
SLB,DJ-N,2025-12-12 21:59:00,,DJ-N$1cfbf9cc,Schlumberger Is Maintained at Buy by UBS
SLB,DJ-N,2025-12-11 21:42:00,,DJ-N$1cf8f65b,Schlumberger Price Target Raised to $53.00/Share From $47.00 by Citigroup
SLB,DJ-N,2025-12-11 21:42:00,,DJ-N$1cf8f655,Schlumberger Is Maintained at Buy by Citigroup
SLB,DJ-N,2025-12-11 17:04:00,,DJ-N$1cf87e59,Schlumberger Price Target Raised to $57.00/Share From $56.00 by TD Cowen
SLB,DJ-N,2025-12-11 17:04:00,,DJ-N$1cf87e56,Schlumberger Is Maintained at Buy by TD Cowen
SLB,DJ-N,2025-12-11 13:34:00,,DJ-N$1cf7c4b7,Press Release: SLB Enters Collaboration Agreement to Accelerate New Digital Solutions
SLB,DJ-N,2025-12-11 13:32:00,,DJ-N$1cf7c3d7,Schlumberger Price Target Raised to $52.30/Share From $47.60 by Bernstein
SLB,DJ-N,2025-12-11 13:32:00,,DJ-N$1cf7c3d6,Schlumberger Is Maintained at Outperform by Bernstein
SLB,DJ-N,2025-12-11 13:28:00,,DJ-N$1cf7c130,SLB Enters Collaboration Agreement With Shell to Accelerate New Digital Solutions >SLB
SLB,DJ-N,2025-12-02 18:03:00,,DJ-N$1ce27584,Press Release: SLB Announces Dates for Fourth-Quarter and Full-Year 2025 Results Conference Call
SLB,DJ-N,2025-12-02 15:05:00,,DJ-N$1ce1bce9,"Dir Coleman Sells 5,500 Of SLB Ltd >SLB"
SLB,DJ-N,2025-11-19 08:05:00,,DJ-N$1cc1e34a,"Schlumberger NV, Inst Holders, 3Q 2025 (SLB)"
SLB,DJ-N,2025-11-17 16:16:00,,DJ-N$1cbc8736,Can Energy's Strength Continue Into Year End? What the Charts Say About 3 Stocks. -- Barrons.com
SLB,DJ-N,2025-11-17 13:44:00,,DJ-N$1cbc1099,Substantial Insider Sales: Morning Report
SLB,DJ-N,2025-11-14 22:38:00,,DJ-N$1cb91df5,"CFO Biguet Sells 38,447 Of SLB Ltd >SLB"
SLB,DJ-N,2025-11-13 19:09:00,,DJ-N$1cb4f8d9,"CFO Biguet Registers 38,447 Of SLB Ltd >SLB"
SLB,DJ-N,2025-11-13 13:44:00,,DJ-N$1cb3f8f4,Substantial Insider Sales: Morning Report -2-
SLB,DJ-N,2025-11-13 13:44:00,,DJ-N$1cb3f8f2,Substantial Insider Sales: Morning Report
SLB,DJ-N,2025-11-12 22:07:00,,DJ-N$1cb1f272,"VP Merad Sells 60,000 Of SLB Ltd >SLB"
SLB,DJ-N,2025-11-12 21:34:00,,DJ-N$1cb1c6ee,"SLB Ltd. Stock Sheds 4.1%, Underperforms Peers"
SLB,DJ-N,2025-11-12 13:39:00,,DJ-N$1cb066f8,"VP Merad Registers 60,000 Of SLB Ltd >SLB"
SLB,DJ-N,2025-11-03 16:24:00,,DJ-N$1c969226,Schlumberger Price Target Announced at $48.00/Share by Rothschild & Co
SLB,DJ-N,2025-11-03 16:24:00,,DJ-N$1c969224,Schlumberger Initiated at Buy by Rothschild & Co
SLB,DJ-N,2025-11-03 10:34:00,,DJ-N$1c959994,Press Release: SLB Unveils Groundbreaking New Agentic AI Technology for the Energy Industry
SLB,DJ-N,2025-10-30 12:33:00,,DJ-N$1c8d7073,Press Release: SLB OneSubsea Secures EPC Contracts from PTTEP for Two Deepwater Projects Offshore Malaysia
SLB,DJ-N,2025-10-27 13:12:00,,DJ-N$1c8240b0,Press Release: SLB and Ormat Partner to Accelerate Integrated Geothermal Asset Development and Enhanced Geothermal Systems
SLB,DJ-N,2025-10-27 13:01:00,,DJ-N$1c823257,SLB and Ormat Partner to Accelerate Integrated Geothermal Asset Development and Enhanced Geothermal Systems
SLB,DJ-N,2025-10-27 13:00:00,,DJ-N$1c82311f,Press Release: SLB and Ormat Partner to Accelerate Integrated Geothermal Asset Development and Enhanced Geothermal Systems
SLB,DJ-N,2025-10-27 13:00:00,,DJ-N$1c82317d,"SLB, Ormat Partner to Accelerate Integrated Geothermal Asset Development, Enhanced Geothermal Systems >SLB ORA"
SLB,DJ-N,2025-10-22 20:35:00,,DJ-N$1c78ef81,"SLB Ltd. Stock Climbs 4.1%, Outperforms Market"
SLB,DJ-N,2025-10-21 16:06:00,,DJ-N$1c7585d2,Schlumberger Price Target Raised to $47.00/Share From $46.00 by Citigroup
SLB,DJ-N,2025-10-21 16:06:00,,DJ-N$1c7585d1,Schlumberger Is Maintained at Buy by Citigroup
SLB,DJ-N,2025-10-21 12:58:00,,DJ-N$1c74ca5b,Schlumberger Price Target Raised to $48.00/Share From $46.00 by Barclays
SLB,DJ-N,2025-10-21 12:58:00,,DJ-N$1c74ca58,Schlumberger Is Maintained at Overweight by Barclays
SLB,DJ-N,2025-10-20 21:29:00,,DJ-N$1c731de4,Schlumberger Price Target Cut to $43.00/Share From $44.00 by JP Morgan
SLB,DJ-N,2025-10-20 21:29:00,,DJ-N$1c731de2,Schlumberger Is Maintained at Overweight by JP Morgan
SLB,DJ-N,2025-10-20 21:16:00,,DJ-N$1c731c29,Oil Companies Want In on the Data-Center Boom. One Stock Has Jumped. -- Barrons.com
SLB,DJ-N,2025-10-20 18:00:00,,DJ-N$1c72db20,"Officer Rennick Registers 9,250 Of SLB Ltd >SLB"
SLB,DJ-N,2025-10-17 21:42:00,,DJ-N$1c6eeb47,"Holder Kasibhatla Registers 29,000 Of SLB Ltd >SLB"
SLB,DJ-N,2025-10-17 14:52:00,,DJ-N$1c6dec66,SLB Was the Nvidia of the 1970s -- WSJ
SRXH,DJ-N,2025-12-30 13:31:00,,DJ-N$1d1dd938,SRx Health Solutions Deploys Initial $10 M Into Several Digital Assets Predominantly Bitcoin and Ethereum
SRXH,DJ-N,2025-12-30 13:30:00,,DJ-N$1d1dd891,Press Release: SRx Health Solutions Deploys Initial $10 Million into Several Digital Assets Predominantly Bitcoin and Ethereum
SRXH,DJ-N,2025-12-23 13:31:00,,DJ-N$1d12ae7d,Press Release: EMJX Expands Risk-Intelligence Framework with Prediction-Market Probability Data to Enhance Treasury Stress Detection
SRXH,DJ-N,2025-12-19 14:15:00,,DJ-N$1d0b79f9,Health Solutions: EMJX Enhances Gen2 Digital Asset Treasury Operating System on OpenAI's Large Language Models for Research and Risk Decision Support
SRXH,DJ-N,2025-12-19 14:10:00,,DJ-N$1d0b7495,Press Release: EMJX Enhances Gen2 Digital Asset Treasury Operating System On OpenAI's Large Language Models (LLMs) for Research and Risk Decision Support
SRXH,DJ-N,2025-12-16 13:48:00,,DJ-N$1d026dd2,SRx Health Solutions Files 8K - Regulation FD >SRXH
SRXH,DJ-N,2025-12-16 13:48:00,,DJ-N$1d026dce,SRx Health Solutions Files 8K - Entry Into Definitive Agreement >SRXH
SRXH,DJ-N,2025-12-16 13:36:00,,DJ-N$1d026960,SRx Health: Combined Co. Will Operate Under EMJX Name
SRXH,DJ-N,2025-12-16 13:35:00,,DJ-N$1d0268db,SRx Health to Buy Digital Asset Treasury Platform EMJX
SRXH,DJ-N,2025-12-16 13:35:00,,DJ-N$1d0268b1,SRx Health Enters Into Definitive Agreement to Acquire EMJX
SRXH,DJ-N,2025-12-16 13:30:00,,DJ-N$1d026497,Press Release: SRx Health Enters into Definitive Agreement to Acquire EMJX to Establish Next-Generation Digital Asset Treasury Operating System and Platform Led by Eric M. Jackson
SRXH,DJ-N,2025-12-03 16:12:00,,DJ-N$1ce513ad,"Holder Conacher Registers 37,007 Of SRx Health Solutions Inc >SRXH"
SRXH,DJ-N,2025-11-21 08:04:00,,DJ-N$1cc81529,"SRX HEALTH SOLUTIONS INC  COM, Inst Holders, 3Q 2025 (SRXH)"
SRXH,DJ-N,2025-11-20 19:51:00,,DJ-N$1cc67688,SRx Health Solutions Files 8K - Changes To Articles >SRXH
SRXH,DJ-N,2025-11-10 18:14:00,,DJ-N$1caa466a,"SRx Health Solutions Files 8K - Director, Officer or Compensation Filing >SRXH"
SRXH,DJ-N,2025-11-10 13:03:00,,DJ-N$1ca909c8,SRx Health Solutions Appoints Sammy Dorf to Board of Directors
SRXH,DJ-N,2025-11-10 13:00:00,,DJ-N$1ca90666,Press Release: SRx Health Solutions Appoints Sammy Dorf to Board of Directors
SRXH,DJ-N,2025-11-06 23:07:00,,DJ-N$1ca29092,SRx Health: Company Not Aware of Any Material Developments in Business or Affairs Beyond Those That Have Been Publicly Disclosed
SRXH,DJ-N,2025-11-06 23:07:00,,DJ-N$1ca2906c,SRx Health Solutions Provides Response Related to Unusual Market Trading Activity
SRXH,DJ-N,2025-11-06 21:15:00,,DJ-N$1ca22764,Press Release: SRx Health Solutions Provides Response Related to Unusual Market Trading Activity Received by the NYSE American Exchange
SRXH,DJ-N,2025-10-31 21:20:00,,DJ-N$1c92cf0b,"SRx Health Solutions Files 8K - Director, Officer or Compensation Filing >SRXH"
SRXH,DJ-N,2025-10-31 21:20:00,,DJ-N$1c92cf0a,SRx Health Solutions Files 8K - Changes To Articles >SRXH
SRXH,DJ-N,2025-10-31 21:20:00,,DJ-N$1c92cf08,SRx Health Solutions Files 8K - Unregistered Equity Sales >SRXH
SRXH,DJ-N,2025-10-31 21:20:00,,DJ-N$1c92cf06,SRx Health Solutions Files 8K - Direct Or Off-Balance Sheet Financial Obligation >SRXH
SRXH,DJ-N,2025-10-31 21:20:00,,DJ-N$1c92cf05,SRx Health Solutions Files 8K - Entry Into -2-
SRXH,DJ-N,2025-10-31 21:20:00,,DJ-N$1c92cf04,SRx Health Solutions Files 8K - Entry Into Definitive Agreement >SRXH
SRXH,DJ-N,2025-10-17 19:37:00,,DJ-N$1c6e785b,SRx Health Solutions Files 8K - Listing Notice >SRXH
SRXH,DJ-N,2025-10-17 12:02:00,,DJ-N$1c6d6138,SRx Health Solutions Received NYSE Amer Notification Letter Regarding Stockholders' Equity Deficiency
SRXH,DJ-N,2025-10-17 12:00:00,,DJ-N$1c6d5f23,Press Release: SRx Health Solutions Received NYSE American Notification Letter Regarding Stockholders' Equity Deficiency
SRXH,DJ-N,2025-10-06 18:03:00,,DJ-N$1c522a99,"SRx Health Solutions Files 8K - Director, Officer or Compensation Filing >SRXH"
SRXH,DJ-N,2025-10-01 12:02:00,,DJ-N$1c47d782,SRx Health Solutions Appoints Joshua Epstein to Bd of Directors and Compensation Committee
SRXH,DJ-N,2025-10-01 12:00:00,,DJ-N$1c47d57a,Press Release: SRx Health Solutions Appoints Joshua Epstein to Board of Directors and Compensation Committee
SRXH,DJ-N,2025-09-19 21:08:00,,DJ-N$1c2de52f,SRx Health Solutions Files 8K - Other Events >SRXH
SRXH,DJ-N,2025-08-29 11:05:00,,DJ-N$1bfdaf46,"Press Release: SRx Health Solutions Cancels an Additional 350,000 Shares, Increasing the Total Number of Shares Canceled to Over 19 Million"
SRXH,DJ-N,2025-08-26 20:15:00,,DJ-N$1bf55241,Press Release: SRx Health Solutions Announces Receipt of Late Filing Notification Letter from NYSE American
SRXH,DJ-N,2025-08-21 07:05:00,,DJ-N$1be9607a,"SRX HEALTH SOLUTIONS INC  COM, Inst Holders, 2Q 2025 (SRXH)"
SRXH,DJ-N,2025-08-18 11:04:00,,DJ-N$1be0c4ea,SRx Health Solutions to Acquire Royal Uranium Assets >SRXH
SRXH,DJ-N,2025-08-18 11:00:00,,DJ-N$1be0c0f4,Press Release: SRx Health Solutions Signed a Letter of Intent to Acquire the Assets of Royal Uranium
SRXH,DJ-N,2025-08-14 18:03:00,,DJ-N$1bdadf8e,"SRx Health Solutions Files 8K - Director, Officer or Compensation Filing >SRXH"
SRXH,DJ-N,2025-08-14 18:03:00,,DJ-N$1bdadf8d,SRx Health Solutions Files 8K - Entry Into Definitive Agreement >SRXH
SRXH,DJ-N,2025-08-14 11:06:00,,DJ-N$1bd984e1,SRx Health Solutions Cancels About 18.8M Shrs of Cap Stk>SRXH
SRXH,DJ-N,2025-08-14 11:00:00,,DJ-N$1bd98186,Press Release: SRx Health Solutions Announces the Cancellation of Approximately 18.8 Million Shares of its Capital Stock
SRXH,DJ-N,2025-08-12 21:30:00,,DJ-N$1bd4659f,SRx Health Solutions Files 8K - Other Events >SRXH
SRXH,DJ-N,2025-08-12 11:03:00,,DJ-N$1bd29ad3,SRx Health Solutions: No U.S. Bankruptcy Proceedings Will Be Commenced >SRXH
SRXH,DJ-N,2025-08-12 11:02:00,,DJ-N$1bd29ab7,SRx Health Solutions: Canadian Subsidiary Seeks Creditor Protection >SRXH
SRXH,DJ-N,2025-08-12 11:00:00,,DJ-N$1bd296bd,Press Release: SRx Health Solutions Initiates Restructuring Proceedings under CCAA for its Canadian Subsidiary
SRXH,DJ-N,2025-07-16 17:22:00,,DJ-N$1b8f217e,"SRx Health Solutions Files 8K - Director, Officer or Compensation Filing >SRXH"
SRXH,DJ-N,2025-07-15 14:36:00,,DJ-N$1b8b800c,SRx Health Solutions Files 8K - Unregistered Equity Sales >SRXH
SRXH,DJ-N,2025-07-15 14:36:00,,DJ-N$1b8b8003,SRx Health Solutions Files 8K - Entry Into -2-
SRXH,DJ-N,2025-07-15 14:36:00,,DJ-N$1b8b8001,SRx Health Solutions Files 8K - Entry Into Definitive Agreement >SRXH
NVDA,BRFG,2025-11-20 15:15:31,,BRFG$1cc64fe9,NVIDIA Shocks the System: Q3 Results Prove AI Demand Is Still Compute-ing Higher
NVDA,BRFG,2025-09-17 14:16:59,,BRFG$1c27e5ab,"NVIDIA faces China chip ban amid antitrust probe, but AI demand remains robust"
NVDA,BRFG,2025-08-28 15:55:48,,BRFG$1bfb7a28,NVIDIA Q2 Earnings: Data Center Miss Overshadowed Strong Underlying AI Growth
NVDA,BRFG,2025-08-22 14:53:47,,BRFG$1beda213,"NVIDIA halts H20 production amid China's security concerns, eyes B30A launch to recover sales"
NVDA,BRFG,2025-07-15 15:19:30,,BRFG$1b8be930,"NVIDIA's H20 chip sales to China set to resume, clearing major stock overhang"
NVDA,BRFG,2025-05-29 14:22:08,,BRFG$1b21676d,NVIDIA charges higher on Q1 beat; robust Data Center growth eases fears about H20 market
NVDA,BRFG,2025-04-21 14:17:02,,BRFG$1abab203,NVIDIA breaks below $100 as China-based rival Huawei preps updated AI chip for mass shipment
NVDA,BRFG,2025-04-16 14:26:36,,BRFG$1ab17b8c,NVIDIA sinks after disclosing a $5.5 billion charge related to China export restrictions
NVDA,BRFG,2025-02-27 15:35:52,,BRFG$1a34a78e,NVIDIA runs into selling pressure as outperformance in Q4 fails to meet sky-high expectations
NVDA,BRFG,2025-01-27 15:11:21,,BRFG$19e302f3,NVIDIA and other AI-related stocks suffering heavy losses today on DeepSeek R1 performance
NVDA,BRFG,2024-12-30 19:25:14,,BRFG$19a49e2f,NVIDIA advances higher today; robotics to potentially act as next growth lever
NVDA,BRFG,2024-12-04 15:47:07,,BRFG$196bbb88,Marvell steals the spotlight from NVIDIA
NVDA,BRFG,2024-11-21 14:59:30,,BRFG$194feda5,NVIDIA bounces off initial lows on Q3 results as staggering AI demand takes the spotlight
NVDA,BRFG,2024-11-18 17:11:33,,BRFG$1947d1f0,NVIDIA slips on reports of overheating issues tied to its Blackwell GPU
NVDA,BRFG,2024-08-29 13:57:30,,BRFG$187cfbe5,NVIDIA encounters moderate profit-taking as upside in Q2
NVDA,BRFG,2024-05-23 13:58:08,,BRFG$17927de9,"NVIDIA breaches $1,000 a share after crushing Q1 expectations on unwavering demand for AI"
NVDA,BRFG,2024-03-19 15:00:11,,BRFG$16f3184f,"NVIDIA succumbs to profit-taking in wake of GPU conference, but outlook as bright as ever"
NVDA,BRFG,2024-02-22 14:46:31,,BRFG$16b86708,NVIDIA surges to all-time highs on superb JanQ results supported by sustained AI demand
NVDA,BRFG,2023-12-29 15:05:02,,BRFG$1647d24e,NVIDIA looking to close an excellent year on a high note after introducing China-focused GPU
NVDA,BRFG,2023-11-24 15:21:06,,BRFG$1604c0b0,NVIDIA slips after Reuters reports it is delaying launching U.S.-compliant AI chips to China
NVDA,BRFG,2023-11-22 15:00:08,,BRFG$16006e32,NVIDIA trades lower despite another huge beat-and-raise; seeing sell-the-news reaction
NVDA,BRFG,2023-09-26 16:25:56,,BRFG$15804b0f,NVIDIA's AI-related tailwinds set to accelerate as it eyes advertising agencies
NVDA,BRFG,2023-08-24 14:04:31,,BRFG$153ceae9,NVIDIA's blowout Q2 results showcase sustained demand for AI
NVDA,BRFG,2023-07-12 14:21:43,,BRFG$14dc27bb,NVIDIA looks to turbocharge its AI exposure by becoming anchor investor in Arm's IPO
NVDA,BRFG,2023-06-28 16:38:16,,BRFG$14bf99a2,NVIDIA and Advanced Micro investors mostly shrug off reports of AI chip restrictions in China
NVDA,BRFG,2023-05-30 14:34:21,,BRFG$148a3d32,NVIDIA shares stay red-hot following series of AI-centric announcements
NVDA,BRFG,2023-05-25 14:12:33,,BRFG$14839a0a,NVIDIA's awe-inspiring guidance puts company at center of the AI universe
NVDA,BRFG,2023-03-17 16:56:18,,BRFG$13fb65a5,NVIDIA gaps up toward April 2022 levels on an upgrade at Morgan Stanley
NVDA,BRFG,2023-02-23 15:44:33,,BRFG$13caf30d,NVIDIA powers chip space with beat-and-raise report as its AI investments begin to pay off
NVDA,DJ-N,2026-01-05 07:32:00,,DJ-N$1d260e15,Stock Funds Rose 14.6% in 2025 -- WSJ
NVDA,DJ-N,2026-01-04 19:46:00,,DJ-N$1d258dd6,"Dow Jones Futures: Markets To React To Trump's Venezuela Action; Nvidia, AMD, Taiwan Semi Due -- IBD"
NVDA,DJ-N,2026-01-04 17:30:00,,DJ-N$1d257da3,"Dow Jones Futures: Markets To React To Trump's Venezuela Action; Nvidia, AMD, Taiwan Semi Due -- IBD"
NVDA,DJ-N,2026-01-04 13:45:00,,DJ-N$1d256d4a,"Dow Jones Futures: How Will Markets React To Trump's Venezuela Action? Nvidia, AMD, Taiwan Semi Due -- IBD"
NVDA,DJ-N,2026-01-04 12:54:00,,DJ-N$1d2568f2,"Dow Jones Futures: How Will Markets React To Trump's Venezuela Action? Nvidia, AMD, Taiwan Semi Due -- IBD"
NVDA,DJ-N,2026-01-04 12:06:00,,DJ-N$1d2562f6,"How Will Dow Jones Futures React To Trump's Venezuela Action? Nvidia, AMD, Taiwan Semi Due -- IBD"
NVDA,DJ-N,2026-01-04 03:57:00,,DJ-N$1d252ea2,"Dow Jones Futures Set To React To Trump's Venezuela Action; Nvidia, AMD, Taiwan Semi Due -- IBD"
NVDA,DJ-N,2026-01-04 02:39:00,,DJ-N$1d252bb2,"Dow Jones Futures: How Will Markets React To Trump's Venezuela Action? Nvidia, AMD, Taiwan Semi Due -- IBD"
NVDA,DJ-N,2026-01-03 20:49:00,,DJ-N$1d251823,"Dow Jones Futures: Trump Says U.S. To 'Run' Venezuela After Capturing Maduro; Nvidia, AMD, Taiwan Semi Due -- IBD"
NVDA,DJ-N,2026-01-03 19:15:00,,DJ-N$1d2510e4,"Dow Jones Futures: Trump Says U.S. To 'Run' Venezuela After Capturing Maduro; Nvidia, AMD, Taiwan Semi Due -- IBD"
NVDA,DJ-N,2026-01-03 19:14:00,,DJ-N$1d2510d8,"Dow Jones Futures: Trump Says U.S. To 'Run' Venezuela After Capturing Maduro; Nvidia, AMD, Taiwan Semi Due -- IBD"
NVDA,DJ-N,2026-01-03 19:05:00,,DJ-N$1d251010,"Dow Jones Futures: Trump Says U.S. To 'Run' Venezuela After Capturing Maduro; Nvidia, AMD, Taiwan Semi Due -- IBD"
NVDA,DJ-N,2026-01-03 18:04:00,,DJ-N$1d250bca,"Dow Jones Futures: Trump Says U.S. To 'Run' Venezuela After Capturing Maduro; Nvidia, AMD, Taiwan Semi Due -- IBD"
NVDA,DJ-N,2026-01-03 17:00:00,,DJ-N$1d2506a8,"Dow Jones Futures: Trump Says U.S. To 'Run' Venezuela After Capturing Maduro; Nvidia, AMD, Taiwan Semi Due -- IBD"
NVDA,DJ-N,2026-01-03 16:30:00,,DJ-N$1d250494,"Dow Jones Futures: Trump Says U.S. Seizes Venezuela's Maduro; Nvidia, AMD, Taiwan Semi Due -- IBD"
NVDA,DJ-N,2026-01-03 15:00:00,,DJ-N$1d24fd94,Stock Funds Rose 14.6% in 2025 -- Journal Report
NVDA,DJ-N,2026-01-03 14:26:00,,DJ-N$1d24faea,"Dow Jones Futures: Trump Says U.S. Seizes Venezuela's Maduro; Nvidia, AMD, Taiwan Semi Due -- IBD"
NVDA,DJ-N,2026-01-03 14:13:00,,DJ-N$1d24f6d0,"Dow Jones Futures: Trump Says U.S. Seizes Venezuela's Maduro; Nvidia, AMD, Taiwan Semi Due -- IBD"
NVDA,DJ-N,2026-01-03 13:20:00,,DJ-N$1d24f382,"Dow Jones Futures: Trump Says U.S. Seizes Venezuela's Maduro; Nvidia, AMD, Taiwan Semi Due -- IBD"
NVDA,DJ-N,2026-01-03 13:14:00,,DJ-N$1d24f2fb,"Dow Jones Futures: Trump Says U.S. Seizes Venezuela's Maduro; Nvidia, AMD, Taiwan Semi Due -- IBD"
NVDA,DJ-N,2026-01-03 13:12:00,,DJ-N$1d24f2da,"Dow Jones Futures: Nvidia, AMD, Taiwan Semi Due After Tesla, Palantir, AppLovin Trigger Sell Signals -- IBD"
NVDA,DJ-N,2026-01-03 12:37:00,,DJ-N$1d24ef62,"Dow Jones Futures: Nvidia, AMD, Taiwan Semi Due After Tesla, Palantir, AppLovin Trigger Sell Signals -- IBD"
NVDA,DJ-N,2026-01-03 03:55:00,,DJ-N$1d248f4d,"Dow Jones Futures: Nvidia, AMD, Taiwan Semi Due After Tesla, Palantir, AppLovin Trigger Sell Signals -- IBD"
NVDA,DJ-N,2026-01-03 02:30:00,,DJ-N$1d246447,"Tech Trader: For the AI Trade, 2026 Is a Make-or-Break Year -- Barron's"
NVDA,DJ-N,2026-01-03 02:30:00,,DJ-N$1d24643c,Review -- Barron's
NVDA,DJ-N,2026-01-03 02:30:00,,DJ-N$1d246375,Up & Down Wall Street: Your Exuberance Is Irrational. The Market Is Headed Down. -- Barron's
NVDA,DJ-N,2026-01-02 23:05:00,,DJ-N$1d243d04,"Dow Jones Futures: Nvidia, AMD, Taiwan Semi Due After Tesla, Palantir, AppLovin Trigger Sell Signals -- IBD"
NVDA,DJ-N,2026-01-02 21:36:00,,DJ-N$1d240ecf,"Dow Jones Futures: Nvidia, AMD, Taiwan Semi Due After Tesla, Palantir, AppLovin Trigger Sell Signals -- IBD"
NVDA,DJ-N,2026-01-02 21:33:00,,DJ-N$1d240b9c,"VP Robertson Jr Registers 80,000 Of NVIDIA Corp >NVDA"
NVDA,DJ-N,2026-01-02 16:15:00,,DJ-N$1d2394aa,"Dow Rallies 150 Points On Gains For Shares Of Caterpillar, Boeing"
NVDA,DJ-N,2026-01-02 15:05:00,,DJ-N$1d234bf2,"Nvidia, AMD, and Broadcom Are Facing Off. How the 2026 AI Chips Battle Is Shaping Up. -- Barrons.com"
NVDA,DJ-N,2026-01-02 13:12:00,,DJ-N$1d231f14,Dow Jones Futures Rise As Santa Joins Rally In 2026; Big Tesla News Due -- IBD
NVDA,DJ-N,2026-01-02 13:10:00,,DJ-N$1d231e63,Dow Jones Futures Rise As Santa Joins Rally In 2026; Big Tesla News Due -- IBD
NVDA,DJ-N,2026-01-02 13:01:00,,DJ-N$1d231a28,Dow Jones Futures Rise As Santa Joins Rally In 2026; Big Tesla News Due -- IBD
NVDA,DJ-N,2026-01-02 12:14:00,,DJ-N$1d2307f0,"Nvidia, AMD and Broadcom Are Facing Off. How the 2026 AI Chips Battle Is Shaping Up. -- Barrons.com"
NVDA,DJ-N,2026-01-02 12:02:00,,DJ-N$1d23038d,Dow Jones Futures Rise As Santa Joins Rally In 2026; Big Tesla News Due -- IBD
NVDA,DJ-N,2026-01-02 11:53:00,,DJ-N$1d22ffed,China's AI Frenzy Kickstarts 2026. What It Means for U.S. Tech Stocks. -- Barrons.com
NVDA,DJ-N,2026-01-02 11:37:00,,DJ-N$1d22fd4e,Baidu Stock Surges as Chip Unit Files for Hong Kong IPO. China's AI Boom Is Coming. -- Barrons.com
NVDA,DJ-N,2026-01-02 11:29:00,,DJ-N$1d22fabd,"Dow Jones Futures Rise, Techs Jump To Kick Off 2026; Big Tesla News Due -- IBD"
NVDA,DJ-N,2026-01-02 11:05:00,,DJ-N$1d22f4ef,Baidu Stock Surges. Chinese AI Takes Center Stage. -- Barrons.com
NVDA,DJ-N,2026-01-02 07:33:00,,DJ-N$1d22b239,Heard on the Street: Nvidia Gets Creative With Cash Flood -- WSJ
NVDA,DJ-N,2026-01-02 07:33:00,,DJ-N$1d22b232,Hong Kong Stocks Log Best Year Since '17 -- WSJ
NVDA,DJ-N,2026-01-02 06:30:00,,DJ-N$1d2297ed,The Stock Market Won't Be Worth Celebrating in 2026 -- Barrons.com
NVDA,DJ-N,2026-01-02 06:00:00,,DJ-N$1d229002,Visa Stock Has a Long Runway for Growth as the World Moves From Cash to Plastic -- Barrons.com
NVDA,DJ-N,2026-01-02 03:46:00,,DJ-N$1d2275d6,Dow Jones Futures Rise To Kick Off 2026; Big Tesla News Due -- IBD
NVDA,DJ-N,2026-01-02 03:00:00,,DJ-N$1d2270d2,"Dow Jones Futures Rise; Market Starts 2026 With Key Test, Big Tesla News -- IBD"
NVDA,DJ-N,2026-01-02 01:07:00,,DJ-N$1d2245fe,"Dow Jones Futures Rise; Market Starts 2026 With Key Test, Big Tesla News -- IBD"
NVDA,DJ-N,2026-01-01 23:38:00,,DJ-N$1d223b10,"Dow Jones Futures Rise; Market Starts 2026 With Key Test, Big Tesla News -- IBD"
NVDA,DJ-N,2026-01-01 23:03:00,,DJ-N$1d22366d,"Dow Jones Futures Rise; Market Starts 2026 With Key Test, Big Tesla News -- IBD"
NVDA,DJ-N,2026-01-01 20:41:00,,DJ-N$1d222ddc,"Dow Jones Futures Loom; Market Starts 2026 With Key Test, Tesla Deliveries -- IBD"
XLE,DJ-N,2025-10-23 21:05:00,,DJ-N$1c7c2d85,Valero Earnings Show Why Refiners Are Energy's Big Winners This Year -- Barrons.com
XLE,DJ-N,2025-09-02 17:22:00,,DJ-N$1c0560c9,Everyone Expects Oil to Fall. 3 Reasons Why It Hasn't. -- Barrons.com
XLE,DJ-N,2025-08-14 21:16:00,,DJ-N$1bdb7036,"Trump-Putin Summit Could Swing Oil Market. Prices Could Slide, or Hit $90. -- Barrons.com"
XLE,DJ-N,2025-08-04 19:32:00,,DJ-N$1bbd334b,The Numbers Look Bad for Oil Prices. Traders Don't Seem to Believe Them. -- Barrons.com
SMR,DJ-N,2025-12-30 18:29:00,,DJ-N$1d1eb058,Press Release: Zero-Carbon Nuclear Power Emerging -2-
SMR,DJ-N,2025-12-30 18:29:00,,DJ-N$1d1eb057,Press Release: Zero-Carbon Nuclear Power Emerging as a Critical Pillar of the Clean Electricity Market Delivering a Scalable Growth Gateway
SMR,DJ-N,2025-12-22 18:25:00,,DJ-N$1d108f4b,NuScale Power Price Target Cut to $24.00/Share From $38.00 by B. Riley Securities
SMR,DJ-N,2025-12-22 18:25:00,,DJ-N$1d108f49,NuScale Power Is Maintained at Buy by B. Riley Securities
SMR,DJ-N,2025-12-17 21:02:00,,DJ-N$1d0672de,NuScale Power Files 8K - Changes To Articles >SMR
SMR,DJ-N,2025-12-12 18:02:00,,DJ-N$1cfb8b46,NuScale Power Price Target Cut to $23.00/Share From $27.00 by Goldman Sachs
SMR,DJ-N,2025-12-12 18:02:00,,DJ-N$1cfb8b44,NuScale Power Is Maintained at Neutral by Goldman Sachs
SMR,DJ-N,2025-12-11 13:44:00,,DJ-N$1cf7cb4d,Substantial Insider Sales: Morning Report -2-
SMR,DJ-N,2025-12-11 13:44:00,,DJ-N$1cf7cb43,Substantial Insider Sales: Morning Report
SMR,DJ-N,2025-12-10 22:04:00,,DJ-N$1cf626d7,"CFO Hamady Sells 40,000 Of NuScale Power Corp >SMR"
SMR,DJ-N,2025-12-08 18:12:00,,DJ-N$1cef830a,"CFO Hamady Registers 40,000 Of NuScale Power Corp >SMR"
SMR,DJ-N,2025-12-05 17:41:00,,DJ-N$1ceb2e9b,Oklo Unveils $1.5 Billion Public Offering. The Nuclear Stock Sinks. -- Barrons.com
SMR,DJ-N,2025-11-25 16:22:00,,DJ-N$1cd21381,NuScale Power Price Target Cut to $20.00/Share From $38.00 by UBS
SMR,DJ-N,2025-11-25 16:22:00,,DJ-N$1cd21375,NuScale Power Is Maintained at Neutral by UBS
SMR,DJ-N,2025-11-21 08:00:00,,DJ-N$1cc811bd,"NUSCALE POWER CORP  CL A, Inst Holders, 3Q 2025 (SMR)"
SMR,DJ-N,2025-11-17 22:11:00,,DJ-N$1cbda382,NuScale Power Files 8K - Other Events >SMR
SMR,DJ-N,2025-11-17 22:11:00,,DJ-N$1cbda380,NuScale Power Files 8K - Changes To Articles >SMR
SMR,DJ-N,2025-11-17 22:11:00,,DJ-N$1cbda37c,"NuScale Power Files 8K - Director, Officer or Compensation Filing >SMR"
SMR,DJ-N,2025-11-11 23:12:00,,DJ-N$1cae7d18,"Blue Chips, Value-Oriented Firms Reign Over Market Gains; Is Leadership's Complexion Changing? -- IBD"
SMR,DJ-N,2025-11-11 21:52:00,,DJ-N$1cae6499,The White House's Nuclear 'Hold Name' Just Reported Earnings As Shares Fall -- IBD
SMR,DJ-N,2025-11-10 16:10:00,,DJ-N$1ca9b1ff,NuScale Power Price Target Cut to $32.00/Share From $35.00 by RBC Capital
SMR,DJ-N,2025-11-10 16:10:00,,DJ-N$1ca9b1f8,NuScale Power Is Maintained at Sector Perform by RBC Capital
SMR,DJ-N,2025-11-07 20:18:00,,DJ-N$1ca5a804,"Holder Fluor Corp Registers 110,936,472 Of NuScale Power Corp >SMR"
SMR,DJ-N,2025-11-07 14:10:00,,DJ-N$1ca4950e,NuScale Power Files 8K - Termination Of Definitive Agreement >SMR
SMR,DJ-N,2025-11-07 14:10:00,,DJ-N$1ca49501,NuScale Power Files 8K - Entry Into Definitive Agreement >SMR
SMR,DJ-N,2025-11-07 12:04:00,,DJ-N$1ca44a6a,"Fluor Shares Rise on NuScale Monetization Plan, Raised Guidance"
SMR,DJ-N,2025-11-06 23:23:00,,DJ-N$1ca2974c,NuScale Power 3Q Rev $8.24M
SMR,DJ-N,2025-11-06 23:23:00,,DJ-N$1ca296b2,Press Release: Fluor and NuScale Announce Agreement Regarding Stake Monetization
SMR,DJ-N,2025-11-06 23:21:00,,DJ-N$1ca2950b,NuScale Power 3Q Loss/Shr $1.85 >SMR
SMR,DJ-N,2025-11-06 23:19:00,,DJ-N$1ca293c3,Parties Also Agreed to Certain Limitations on NuScale's Equity Issuances Through Feb. 2026
SMR,DJ-N,2025-11-06 23:19:00,,DJ-N$1ca293b2,"Fluor to Vote in Favor of NuScale's Anticipated Authorized Shr Count Increase, Reduce Fluor's Economic Rights Under Tax Receivable Agreement and Waive Certain Claims Relating to Commercial Arrangements"
SMR,DJ-N,2025-11-06 23:18:00,,DJ-N$1ca29374,Fluor Will Convert Remaining Class B Units of NuScale Power Into Class A Shrs and Promptly Begin a Structured Monetization
SMR,DJ-N,2025-11-06 23:17:00,,DJ-N$1ca2935f,Fluor and NuScale Announce Agreement Regarding Stake Monetization
SMR,DJ-N,2025-11-06 21:35:00,,DJ-N$1ca2511f,NuScale Power Files 8K - Regulation FD >SMR
SMR,DJ-N,2025-11-06 21:35:00,,DJ-N$1ca2511d,NuScale Power Files 8K - Operations And Financial Condition >SMR
SMR,DJ-N,2025-11-06 21:15:00,,DJ-N$1ca225a6,Press Release: NuScale Power Reports Third -3-
SMR,DJ-N,2025-11-06 21:15:00,,DJ-N$1ca225a5,Press Release: NuScale Power Reports Third -2-
SMR,DJ-N,2025-11-06 21:15:00,,DJ-N$1ca225a3,Press Release: NuScale Power Reports Third Quarter 2025 Results
SMR,DJ-N,2025-10-29 23:35:00,,DJ-N$1c8b7a90,Press Release: NuScale Power Proudly Supports ENTRA1 Energy's $25 Billion Agreement to Deploy Large-Scale Power Infrastructure Assets Across the United States
SMR,DJ-N,2025-10-22 19:22:00,,DJ-N$1c78aa50,Oklo Stock Is Having Its Worst Week Since May 2024. What's Burdening the Nuclear Start-Up. -- Barrons.com
SMR,DJ-N,2025-10-21 21:40:00,,DJ-N$1c764365,Nuclear-Reactor Stocks Are Under the Hammer. Why There's Hope for NuScale Power. -- Barrons.com
SMR,DJ-N,2025-10-21 15:29:00,,DJ-N$1c755f19,This Construction Stock Jumps On Activist Investor's Stake -- IBD
SMR,DJ-N,2025-10-21 11:31:00,,DJ-N$1c74a32f,NuScale Power Price Target Announced at $55.00/Share by Cantor Fitzgerald
SMR,DJ-N,2025-10-21 11:31:00,,DJ-N$1c74a32d,NuScale Power Initiated at Overweight by Cantor Fitzgerald
SMR,DJ-N,2025-10-21 10:45:00,,DJ-N$1c748a7d,NuScale Power Price Target Cut to $37.50/Share From $46.00 by Citigroup
SMR,DJ-N,2025-10-21 10:45:00,,DJ-N$1c748a78,NuScale Power Cut to Sell From Neutral by Citigroup
SMR,DJ-N,2025-10-21 10:24:00,,DJ-N$1c747eef,Fluor Rises 7% Premarket After Starboard Investment
SMR,DJ-N,2025-10-21 06:32:00,,DJ-N$1c73ee21,Activist Starboard Takes Big Stake In Fluor -- WSJ
SMR,DJ-N,2025-10-20 22:52:00,,DJ-N$1c732ed3,NuScale Power Files 8K - Regulation FD >SMR
SMR,DJ-N,2025-10-20 22:00:00,,DJ-N$1c732370,Activist Starboard Takes Big Stake in Construction Firm Fluor -- WSJ
BITF,DJ-N,2026-01-02 16:13:00,,DJ-N$1d23925a,Bitfarms Gains on Deal to Sell Paraguay Power Site
BITF,DJ-N,2026-01-02 12:14:00,,DJ-N$1d2307ab,Bitfarms Agrees to Sell Paraguay Power Site for Up to $30M As Part of Asset Rebalance
BITF,DJ-N,2026-01-02 12:00:00,,DJ-N$1d230200,Bitfarms To Reinvest Cap in North Amer HPC/AI Energy Infrastructure >BITF.T
BITF,DJ-N,2026-01-02 12:00:00,,DJ-N$1d2301d7,Bitfarms Announces Complete Exit From Latam With Sale of Its Paso Pe Site for Up to $30M
BITF,DJ-N,2025-12-05 22:15:00,,DJ-N$1cebabe5,Press Release: S&P Dow Jones Indices Announces Changes to the S&P/TSX Composite Index and S&P/TSX 60 Index
BITF,DJ-N,2025-11-14 15:00:00,,DJ-N$1cb7bbdb,Bitfarms Price Target Raised to $5.00/Share From $2.20 by Cantor Fitzgerald
BITF,DJ-N,2025-11-14 15:00:00,,DJ-N$1cb7bbd6,Bitfarms Is Maintained at Overweight by Cantor Fitzgerald
BITF,DJ-N,2025-11-14 12:13:00,,DJ-N$1cb74095,Bitfarms Price Target Cut to $4.00/Share From $5.50 by HC Wainwright & Co.
BITF,DJ-N,2025-11-13 12:05:00,,DJ-N$1cb3b796,Bitfarms 3Q Loss $80.8M >BITF.T
BITF,DJ-N,2025-11-13 12:04:00,,DJ-N$1cb3b787,Bitfarms 3Q Rev $69.2M >BITF.T
BITF,DJ-N,2025-10-17 02:15:00,,DJ-N$1c6c4d7a,Bitfarms to Use Net Proceeds From Offering for General Purposes >BITF.T
BITF,DJ-N,2025-10-17 02:14:00,,DJ-N$1c6c4c77,Bitfarms Expects Offering to Close on or About Oct. 21 >BITF.T
BITF,DJ-N,2025-10-17 02:14:00,,DJ-N$1c6c4c1d,Bitfarms Note Offering Upsized From $300M Announced Previously >BITF.T
BITF,DJ-N,2025-10-17 02:13:00,,DJ-N$1c6c4b34,Bitfarms Grants Initial Purchasers Option to Purchase Additional $88M of Convertible Notes >BITF.T
BITF,DJ-N,2025-10-17 02:12:00,,DJ-N$1c6c4a09,Bitfarms Prices $500M Offering of 1.375% Convertible Senior Notes Due 2031 >BITF.T
BITF,DJ-N,2025-10-16 16:18:00,,DJ-N$1c6b5399,"Bitfarms Down Over 15%, On Pace for Largest Percent Decrease Since May 2022 -- Data Talk"
BITF,DJ-N,2025-10-14 16:17:00,,DJ-N$1c65352f,"Bitfarms Up Over 35%, On Pace for Highest Close Since December 2021 -- Data Talk"
BITF,DJ-N,2025-10-14 11:20:00,,DJ-N$1c642dff,Bitfarms Appoints Jonathan Mir as CFO
BITF,DJ-N,2025-10-14 11:01:00,,DJ-N$1c6422f1,"Bitfarms Announces Retirement of CFO Jeff Lucas, Appointment of Jonathan Mir as Successor >BITF.T"
BITF,DJ-N,2025-10-10 14:27:00,,DJ-N$1c5ce08b,Bitfarms Shares Jump on $300M Debt Conversion to Advance Pennsylvania Data Center Construction
BITF,DJ-N,2025-10-10 13:26:00,,DJ-N$1c5cb9fc,Bitfarms Converts Macquarie Debt Facility to $300M Project Financing and Draws Additional $50M to Accelerate HPC/AI Development at Panther Creek Campus
BITF,DJ-N,2025-08-26 16:43:00,,DJ-N$1bf508fa,"Press Release: Bitcoin Shatters $124,000 Record -2-"
BITF,DJ-N,2025-08-26 16:43:00,,DJ-N$1bf508f5,"Press Release: Bitcoin Shatters $124,000 Record as $15 Billion Digital Treasury Wave Transforms Corporate America"
BITF,DJ-N,2025-08-26 16:43:00,,DJ-N$1bf508ea,"Press Release: Bitcoin Shatters $124,000 Record -2-"
BITF,DJ-N,2025-08-26 16:43:00,,DJ-N$1bf508e9,"Press Release: Bitcoin Shatters $124,000 Record as $15 Billion Digital Treasury Wave Transforms Corporate America"
BITF,DJ-N,2025-08-18 11:01:00,,DJ-N$1be0c266,Bitfarms: Duso's Appointment Effective Immediately >BITF.T
BITF,DJ-N,2025-08-18 11:00:00,,DJ-N$1be0c1ea,Bitfarms: Duso is a Former AWS Executive >BITF.T
BITF,DJ-N,2025-08-18 11:00:00,,DJ-N$1be0c1c7,Bitfarms Appoints Wayne Duso to Bd of Directors >BITF.T
BITF,DJ-N,2025-08-12 11:07:00,,DJ-N$1bd29fac,Bitfarms 2Q Loss/Shr 5c >BITF.T
BITF,DJ-N,2025-08-12 11:07:00,,DJ-N$1bd29fa6,Bitfarms 2Q Loss $28.8M >BITF.T
BITF,DJ-N,2025-08-12 11:07:00,,DJ-N$1bd29fa0,Bitfarms 2Q Rev $77.8M >BITF.T
BITF,DJ-N,2025-08-05 11:05:00,,DJ-N$1bbf6e9a,Bitfarms Announces Partnership With T5 Data Centers to Advance HPC/AI Development at Panther Creek Campus
BITF,DJ-N,2025-08-02 01:31:00,,DJ-N$1bb90e68,13D Filings -- Barron's
BITF,DJ-N,2025-08-01 21:17:00,,DJ-N$1bb8a670,"Appian, Resideo, Bitfarms, and More Stocks See Action From Activist Investors -- Barrons.com"
BITF,DJ-N,2025-07-28 11:04:00,,DJ-N$1ba82eb3,"Bitfarms to Prepare Fincl Statements Under U.S. GAAP, Transitioning From IFRS Acctg Standards, Beginning With Annual Consolidated Fincl Statements for FY Ending Dec 31, 2025 >BITF.T"
BITF,DJ-N,2025-07-28 11:03:00,,DJ-N$1ba82dd3,Bitfarms Announces Second Principal Executive Office in New York City
BITF,DJ-N,2025-07-26 01:30:00,,DJ-N$1ba65dcd,13D Filings -- Barron's
BITF,DJ-N,2025-07-25 20:44:00,,DJ-N$1ba5db08,"Dell, Bitfarms, Bloom Energy, and More Stocks See Action From Activist Investors -- Barrons.com"
BITF,DJ-N,2025-07-22 14:15:00,,DJ-N$1b9b9be1,Bitfarms Shares Rally With Share-Buyback Plans
BITF,DJ-N,2025-07-22 11:02:00,,DJ-N$1b9b2297,Bitfarms Is Authorized to Purchase Up to 49.9M of Its Common Shrs >BITF.T
BITF,DJ-N,2025-07-22 11:01:00,,DJ-N$1b9b228f,Bitfarms Announces Corporate Shr Buyback Program
BITF,DJ-N,2025-07-21 15:20:00,,DJ-N$1b98b4ed,Bitfarms Price Target Announced at $2.00/Share by Jones Trading
BITF,DJ-N,2025-07-21 15:20:00,,DJ-N$1b98b4e5,Bitfarms Initiated at Buy by Jones Trading
BITF,DJ-N,2025-07-14 23:12:00,,DJ-N$1b8997a9,Riot Platforms Reports Beneficial Ownership of 10.29% in Bitfarms >RIOT
BITF,DJ-N,2025-07-14 23:05:00,,DJ-N$1b89964b,"Press Release: RIOT PLATFORMS, INC. REPORTS BENEFICIAL OWNERSHIP OF 10.29% IN BITFARMS LTD."
LVRO,DJ-N,2026-01-02 16:14:00,,DJ-N$1d239455,Lavoro Ltd. (LVRO) Resumed Trading
LVRO,DJ-N,2026-01-02 16:09:00,,DJ-N$1d238eb8,Lavoro Ltd. (LVRO) Paused due to volatility
LVRO,DJ-N,2026-01-02 15:48:00,,DJ-N$1d2378a4,Lavoro Ltd. (LVRO) Resumed Trading
LVRO,DJ-N,2026-01-02 15:43:00,,DJ-N$1d23737e,Lavoro Ltd. (LVRO) Paused due to volatility
LVRO,DJ-N,2026-01-02 15:38:00,,DJ-N$1d236e50,Lavoro Ltd. (LVRO) Resumed Trading
LVRO,DJ-N,2026-01-02 15:33:00,,DJ-N$1d236942,Lavoro Ltd. (LVRO) Paused due to volatility
LVRO,DJ-N,2026-01-02 15:15:00,,DJ-N$1d2356b3,Lavoro Ltd. (LVRO) Resumed Trading
LVRO,DJ-N,2026-01-02 15:10:00,,DJ-N$1d23513c,Lavoro Ltd. (LVRO) Paused due to volatility
LVRO,DJ-N,2026-01-02 14:58:00,,DJ-N$1d2347b1,Lavoro Ltd. (LVRO) Resumed Trading
LVRO,DJ-N,2026-01-02 14:53:00,,DJ-N$1d23469d,Lavoro Ltd. (LVRO) Paused due to volatility
LVRO,DJ-N,2026-01-02 14:51:00,,DJ-N$1d234681,Lavoro Ltd. (LVRO) Resumed Trading
LVRO,DJ-N,2026-01-02 14:46:00,,DJ-N$1d234542,Lavoro Ltd. (LVRO) Paused due to volatility
LVRO,DJ-N,2026-01-02 14:43:00,,DJ-N$1d234433,Lavoro Ltd. (LVRO) Resumed Trading
LVRO,DJ-N,2026-01-02 14:38:00,,DJ-N$1d234264,Lavoro Ltd. (LVRO) Paused due to volatility
LVRO,DJ-N,2026-01-02 14:35:00,,DJ-N$1d234173,Lavoro Ltd. (LVRO) Resumed Trading
LVRO,DJ-N,2026-01-02 14:30:00,,DJ-N$1d233fef,Lavoro Ltd. (LVRO) Paused due to volatility
LVRO,DJ-N,2025-12-10 15:40:00,,DJ-N$1cf53df9,Lavoro Ltd. (LVRO) Resumed Trading
LVRO,DJ-N,2025-12-10 15:35:00,,DJ-N$1cf53739,Lavoro Ltd. (LVRO) Paused due to volatility
LVRO,DJ-N,2025-11-24 21:05:00,,DJ-N$1ccfb387,Press Release: Lavoro Announces Receipt of Non-Compliance Notice from Nasdaq Regarding Delayed Filing of Form 20-F
LVRO,DJ-N,2025-07-14 20:07:00,,DJ-N$1b893245,Lavoro Expects to Submit Its Plan to Nasdaq by Sept 8 Deadline >LVRO
LVRO,DJ-N,2025-07-14 20:06:00,,DJ-N$1b893227,Lavoro Must Submit Plan to Nasdaq by Sept 8 >LVRO
LVRO,DJ-N,2025-07-14 20:05:00,,DJ-N$1b89307d,Lavoro Announces Receipt of Non-Compliance Notice From Nasdaq Regarding Delayed Filing of Form 6-K Interim Fincl Info
LVRO,DJ-N,2025-07-14 20:05:00,,DJ-N$1b892f5e,Press Release: Lavoro Announces Receipt of Non-Compliance Notice from Nasdaq Regarding Delayed Filing of Form 6-K Interim Financial Information
MARA,DJ-N,2025-12-22 13:44:00,,DJ-N$1d0f8cd9,Substantial Insider Sales: Morning Report
MARA,DJ-N,2025-12-22 12:14:00,,DJ-N$1d0f591e,CFA Technology:Insider Review For Week Ended 19-Dec -4-
MARA,DJ-N,2025-12-22 12:14:00,,DJ-N$1d0f5903,CFA Technology:Insider Review For Week Ended 19-Dec -3-
MARA,DJ-N,2025-12-22 12:13:00,,DJ-N$1d0f58b4,CFA Technology:Insider Review For Week Ended 19-Dec -2-
MARA,DJ-N,2025-12-22 12:13:00,,DJ-N$1d0f58a2,CFA Technology:Insider Review For Week Ended 19-Dec
MARA,DJ-N,2025-12-20 00:02:00,,DJ-N$1d0cfe7c,"Chmn Thiel Sells 27,505 Of Mara Holdings Inc >MARA"
MARA,DJ-N,2025-12-18 13:44:00,,DJ-N$1d08628d,Substantial Insider Sales: Morning Report
MARA,DJ-N,2025-12-18 13:44:00,,DJ-N$1d086275,Substantial Insider Sales: Morning Report -2-
MARA,DJ-N,2025-12-18 00:01:00,,DJ-N$1d06ef76,"CFO Khan Sells 34,732 Of Mara Holdings Inc >MARA"
MARA,DJ-N,2025-12-17 14:54:00,,DJ-N$1d0586ff,"Holder Thiel Living TR Registers 27,505 Of Mara HLDGS Inc >MARA"
MARA,DJ-N,2025-12-15 15:36:00,,DJ-N$1cff57e4,"Holder Khan S& FAMILY TR Registers 34,732 Of Mara HLDGS Inc >MARA"
MARA,DJ-N,2025-12-01 21:33:00,,DJ-N$1cdf96d2,"Bitcoin Skids On These Factors. Will Uncertainty Prevail, Or Is It Priced In? -- IBD"
MARA,DJ-N,2025-12-01 15:19:00,,DJ-N$1cde22b7,"Bitcoin Skids On These Factors. Will Uncertainty Prevail, Or Is It Priced In? -- IBD"
MARA,DJ-N,2025-12-01 14:29:00,,DJ-N$1cde020e,"Bitcoin Tumbles On These Factors. Will Uncertainty Prevail, Or Is It Priced In? -- IBD"
MARA,DJ-N,2025-11-24 21:09:00,,DJ-N$1ccfb71f,"Bitcoin Tries To Find Footing; JPMorgan Upgrades These 2 Miners, Cuts Targets For Others -- IBD"
MARA,DJ-N,2025-11-24 17:56:00,,DJ-N$1ccf2186,MARA Holdings Price Target Announced at $30.00/Share by Compass Point
MARA,DJ-N,2025-11-24 17:56:00,,DJ-N$1ccf2184,MARA Holdings Raised to Buy From Neutral by Compass Point
MARA,DJ-N,2025-11-24 15:32:00,,DJ-N$1cce8152,MARA Holdings Price Target Cut to $13.00/Share From $20.00 by JP Morgan
MARA,DJ-N,2025-11-24 15:32:00,,DJ-N$1cce8150,MARA Holdings Is Maintained at Overweight by JP Morgan
MARA,DJ-N,2025-11-24 14:51:00,,DJ-N$1cce5b09,"Bitcoin Tries To Find Footing; JPMorgan Upgrades These 2 Miners, Cuts Targets For Others -- IBD"
MARA,DJ-N,2025-11-24 13:44:00,,DJ-N$1cce3529,"Bitcoin Tries To Find Footing; JPMorgan Upgrades These 2 Miners, Cuts Targets For Others -- IBD"
MARA,DJ-N,2025-11-24 12:14:00,,DJ-N$1cce02eb,CFA Technology:Insider Review For Week Ended 21-Nov -4-
MARA,DJ-N,2025-11-24 12:14:00,,DJ-N$1cce02c7,CFA Technology:Insider Review For Week Ended 21-Nov -3-
MARA,DJ-N,2025-11-24 12:13:00,,DJ-N$1cce02a8,CFA Technology:Insider Review For Week Ended 21-Nov -2-
MARA,DJ-N,2025-11-24 12:13:00,,DJ-N$1cce027e,CFA Technology:Insider Review For Week Ended 21-Nov
MARA,DJ-N,2025-11-20 13:44:00,,DJ-N$1cc59986,Substantial Insider Sales: Morning Report -2-
MARA,DJ-N,2025-11-20 13:44:00,,DJ-N$1cc59979,Substantial Insider Sales: Morning Report
MARA,DJ-N,2025-11-20 00:01:00,,DJ-N$1cc42459,"Chmn Thiel Sells 27,505 Of Mara Holdings Inc >MARA"
MARA,DJ-N,2025-11-20 00:01:00,,DJ-N$1cc42402,"CFO Khan Sells 34,732 Of Mara Holdings Inc >MARA"
MARA,DJ-N,2025-11-17 15:36:00,,DJ-N$1cbc5c0e,"Holder Khan S& FAMILY TR Registers 34,732 Of Mara HLDGS Inc >MARA"
MARA,DJ-N,2025-11-17 15:00:00,,DJ-N$1cbc365f,"Holder Thiel Living TR Registers 27,505 Of Mara HLDGS Inc >MARA"
MARA,DJ-N,2025-11-17 12:14:00,,DJ-N$1cbbd571,CFA Technology:Insider Review For Week Ended 14-Nov -4-
MARA,DJ-N,2025-11-17 12:14:00,,DJ-N$1cbbd568,CFA Technology:Insider Review For Week Ended 14-Nov -3-
MARA,DJ-N,2025-11-17 12:13:00,,DJ-N$1cbbd55d,CFA Technology:Insider Review For Week Ended 14-Nov -2-
MARA,DJ-N,2025-11-17 12:13:00,,DJ-N$1cbbd54e,CFA Technology:Insider Review For Week Ended 14-Nov
MARA,DJ-N,2025-11-13 00:00:00,,DJ-N$1cb21e47,"Dir Mellinger Sells 1,000 Of Mara Holdings Inc >MARA"
MARA,DJ-N,2025-11-11 00:39:00,,DJ-N$1cab5d6a,"Chmn Thiel Surrenders 27,316 Of Mara Holdings Inc >MARA"
MARA,DJ-N,2025-11-11 00:38:00,,DJ-N$1cab5d45,"Officer Nowaid Surrenders 34,240 Of Mara Holdings Inc >MARA"
MARA,DJ-N,2025-11-10 21:24:00,,DJ-N$1caadb17,"Officer Nowaid Registers 25,113 Of Mara Holdings Inc >MARA"
MARA,DJ-N,2025-11-10 15:24:00,,DJ-N$1ca97823,"Dir Mellinger Registers 1,000 Of Mara Holdings Inc >MARA"
MARA,DJ-N,2025-11-06 21:45:00,,DJ-N$1ca25f9b,"Officer Nowaid Registers 4,887 Of Mara Holdings Inc >MARA"
MARA,DJ-N,2025-11-05 16:14:00,,DJ-N$1c9dba97,MARA Holdings Price Target Cut to $21.00/Share From $30.00 by Cantor Fitzgerald
MARA,DJ-N,2025-11-05 16:14:00,,DJ-N$1c9dba91,MARA Holdings Is Maintained at Overweight by Cantor Fitzgerald
MARA,DJ-N,2025-11-05 13:21:00,,DJ-N$1c9d1e60,MARA Holdings Price Target Cut to $22.00/Share From $25.00 by Rosenblatt
MARA,DJ-N,2025-11-05 13:21:00,,DJ-N$1c9d1e5b,MARA Holdings Is Maintained at Buy by Rosenblatt
MARA,DJ-N,2025-11-05 00:01:00,,DJ-N$1c9b6ef9,"Chmn Thiel Surrenders 80,885 Of Mara Holdings Inc >MARA"
MARA,DJ-N,2025-11-05 00:01:00,,DJ-N$1c9b6eed,"Officer Nowaid Surrenders 23,734 Of Mara Holdings Inc >MARA"
MARA,DJ-N,2025-11-05 00:01:00,,DJ-N$1c9b6ee7,"CFO Khan Surrenders 65,328 Of Mara Holdings Inc >MARA"
MARA,DJ-N,2025-11-04 12:15:00,,DJ-N$1c997eb1,MARA Holdings 3Q EPS 27c >MARA
MARA,DJ-N,2025-11-04 12:15:00,,DJ-N$1c997e70,MARA Holdings 3Q Rev $252.4M >MARA
CHOW,DJ-N,2026-01-01 11:04:00,,DJ-N$1d21f7c2,Press Release: ChowChow Cloud International -3-
CHOW,DJ-N,2026-01-01 11:04:00,,DJ-N$1d21f7c1,Press Release: ChowChow Cloud International -2-
CHOW,DJ-N,2026-01-01 11:04:00,,DJ-N$1d21f7c0,Press Release: ChowChow Cloud International Holdings Limited Announces First Half 2025 Unaudited Financial Results
CHOW,DJ-N,2025-12-11 15:48:00,,DJ-N$1cf829e2,Press Release: ChowChow Cloud International Holdings Limited Provides Response to Unusual Market Action
CHOW,DJ-N,2025-12-10 20:49:00,,DJ-N$1cf5d347,ChowChow Cloud International Holdings Ltd. (CHOW) Resumed Trading
CHOW,DJ-N,2025-12-10 20:44:00,,DJ-N$1cf5d281,ChowChow Cloud International Holdings Ltd. (CHOW) Paused due to volatility
CHOW,DJ-N,2025-12-10 20:43:00,,DJ-N$1cf5d271,ChowChow Cloud International Holdings Ltd. (CHOW) Resumed Trading
CHOW,DJ-N,2025-12-10 20:33:00,,DJ-N$1cf5d083,ChowChow Cloud International Holdings Ltd. (CHOW) Paused due to volatility
CHOW,DJ-N,2025-12-10 20:27:00,,DJ-N$1cf5ce72,ChowChow Cloud International Holdings Ltd. (CHOW) Resumed Trading
CHOW,DJ-N,2025-12-10 20:17:00,,DJ-N$1cf5cbe2,ChowChow Cloud International Holdings Ltd. (CHOW) Paused due to volatility
CHOW,DJ-N,2025-12-10 20:16:00,,DJ-N$1cf5cbd8,ChowChow Cloud International Holdings Ltd. (CHOW) Resumed Trading
CHOW,DJ-N,2025-12-10 20:11:00,,DJ-N$1cf5cac6,ChowChow Cloud International Holdings Ltd. (CHOW) Paused due to volatility
CHOW,DJ-N,2025-12-10 20:11:00,,DJ-N$1cf5cab1,ChowChow Cloud International Holdings Ltd. (CHOW) Resumed Trading
CHOW,DJ-N,2025-12-10 20:01:00,,DJ-N$1cf5c838,ChowChow Cloud International Holdings Ltd. (CHOW) Paused due to volatility
CHOW,DJ-N,2025-12-10 20:00:00,,DJ-N$1cf5c80e,ChowChow Cloud International Holdings Ltd. (CHOW) Resumed Trading
CHOW,DJ-N,2025-12-10 19:50:00,,DJ-N$1cf5c658,ChowChow Cloud International Holdings Ltd. (CHOW) Paused due to volatility
CHOW,DJ-N,2025-12-10 19:46:00,,DJ-N$1cf5c555,ChowChow Cloud International Holdings Ltd. (CHOW) Resumed Trading
CHOW,DJ-N,2025-12-10 19:41:00,,DJ-N$1cf5c428,ChowChow Cloud International Holdings Ltd. (CHOW) Paused due to volatility
CHOW,DJ-N,2025-12-10 19:40:00,,DJ-N$1cf5c414,ChowChow Cloud International Holdings Ltd. (CHOW) Resumed Trading
CHOW,DJ-N,2025-12-10 19:35:00,,DJ-N$1cf5c332,ChowChow Cloud International Holdings Ltd. (CHOW) Paused due to volatility
CHOW,DJ-N,2025-12-10 19:22:00,,DJ-N$1cf5bfc0,ChowChow Cloud International Holdings Ltd. (CHOW) Resumed Trading
CHOW,DJ-N,2025-12-10 19:17:00,,DJ-N$1cf5bf2b,ChowChow Cloud International Holdings Ltd. (CHOW) Paused due to volatility
CHOW,DJ-N,2025-12-10 19:16:00,,DJ-N$1cf5bed5,ChowChow Cloud International Holdings Ltd. (CHOW) Resumed Trading
CHOW,DJ-N,2025-12-10 19:11:00,,DJ-N$1cf5bc50,ChowChow Cloud International Holdings Ltd. (CHOW) Paused due to volatility
CHOW,DJ-N,2025-12-10 19:10:00,,DJ-N$1cf5bb4a,ChowChow Cloud International Holdings Ltd. (CHOW) Resumed Trading
CHOW,DJ-N,2025-12-10 19:05:00,,DJ-N$1cf5bb02,ChowChow Cloud International Holdings Ltd. (CHOW) Paused due to volatility
CHOW,DJ-N,2025-12-10 18:54:00,,DJ-N$1cf5b879,ChowChow Cloud International Holdings Ltd. (CHOW) Resumed Trading
CHOW,DJ-N,2025-12-10 18:44:00,,DJ-N$1cf5b656,ChowChow Cloud International Holdings Ltd. (CHOW) Paused due to volatility
CHOW,DJ-N,2025-12-10 18:38:00,,DJ-N$1cf5b42f,ChowChow Cloud International Holdings Ltd. (CHOW) Resumed Trading
CHOW,DJ-N,2025-12-10 18:33:00,,DJ-N$1cf5b236,ChowChow Cloud International Holdings Ltd. (CHOW) Paused due to volatility
CHOW,DJ-N,2025-12-10 18:31:00,,DJ-N$1cf5b18b,ChowChow Cloud International Holdings Ltd. (CHOW) Resumed Trading
CHOW,DJ-N,2025-12-10 18:26:00,,DJ-N$1cf5af75,ChowChow Cloud International Holdings Ltd. (CHOW) Paused due to volatility
CHOW,DJ-N,2025-12-10 18:23:00,,DJ-N$1cf5adfe,ChowChow Cloud International Holdings Ltd. (CHOW) Resumed Trading
CHOW,DJ-N,2025-12-10 18:13:00,,DJ-N$1cf5ac2c,ChowChow Cloud International Holdings Ltd. (CHOW) Paused due to volatility
CHOW,DJ-N,2025-12-10 18:13:00,,DJ-N$1cf5ac1f,ChowChow Cloud International Holdings Ltd. (CHOW) Resumed Trading
CHOW,DJ-N,2025-12-10 18:08:00,,DJ-N$1cf5ab22,ChowChow Cloud International Holdings Ltd. (CHOW) Paused due to volatility
CHOW,DJ-N,2025-12-10 18:08:00,,DJ-N$1cf5aafe,ChowChow Cloud International Holdings Ltd. (CHOW) Resumed Trading
CHOW,DJ-N,2025-12-10 17:58:00,,DJ-N$1cf5a829,ChowChow Cloud International Holdings Ltd. (CHOW) Paused due to volatility
CHOW,DJ-N,2025-12-10 17:57:00,,DJ-N$1cf5a7db,ChowChow Cloud International Holdings Ltd. (CHOW) Resumed Trading
CHOW,DJ-N,2025-12-10 17:47:00,,DJ-N$1cf5a614,ChowChow Cloud International Holdings Ltd. (CHOW) Paused due to volatility
CHOW,DJ-N,2025-12-10 17:47:00,,DJ-N$1cf5a607,ChowChow Cloud International Holdings Ltd. (CHOW) Resumed Trading
CHOW,DJ-N,2025-12-10 17:37:00,,DJ-N$1cf5a40e,ChowChow Cloud International Holdings Ltd. (CHOW) Paused due to volatility
CHOW,DJ-N,2025-12-10 17:37:00,,DJ-N$1cf5a400,ChowChow Cloud International Holdings Ltd. (CHOW) Resumed Trading
CHOW,DJ-N,2025-12-10 16:07:00,,DJ-N$1cf55b50,ChowChow Cloud International Holdings Ltd. (CHOW) Paused due to volatility
CHOW,DJ-N,2025-10-15 16:26:00,,DJ-N$1c685ebe,ChowChow Cloud International Holdings Ltd. (CHOW) Resumed Trading
CHOW,DJ-N,2025-10-15 16:21:00,,DJ-N$1c685873,ChowChow Cloud International Holdings Ltd. (CHOW) Paused due to volatility
CHOW,DJ-N,2025-10-15 16:15:00,,DJ-N$1c6853a0,ChowChow Cloud International Holdings Ltd. (CHOW) Resumed Trading
CHOW,DJ-N,2025-10-15 16:10:00,,DJ-N$1c684e20,ChowChow Cloud International Holdings Ltd. (CHOW) Paused due to volatility
CHOW,DJ-N,2025-10-15 16:10:00,,DJ-N$1c684d00,ChowChow Cloud International Holdings Ltd. (CHOW) Resumed Trading
CHOW,DJ-N,2025-10-15 16:05:00,,DJ-N$1c6846a5,ChowChow Cloud International Holdings Ltd. (CHOW) Paused due to volatility
ONDS,DJ-N,2026-01-02 21:30:00,,DJ-N$1d240762,"Holder Stern Registers 100,000 Of Ondas Holdings Inc >ONDS"
ONDS,DJ-N,2026-01-02 13:42:00,,DJ-N$1d23247d,Ondas Holdings Files 8K - Other Events >ONDS
ONDS,DJ-N,2026-01-02 13:16:00,,DJ-N$1d231faa,Ondas Holdings Files 8K - Direct Or Off-Balance Sheet Financial Obligation >ONDS
ONDS,DJ-N,2026-01-02 13:16:00,,DJ-N$1d231fa9,Ondas Holdings Files 8K - Entry Into Definitive Agreement >ONDS
ONDS,DJ-N,2025-12-31 23:53:00,,DJ-N$1d216ff0,"Chmn Brock Surrenders 475,000 Of Ondas Holdings Inc >ONDS"
ONDS,DJ-N,2025-12-31 21:48:00,,DJ-N$1d215e53,"Dir Stern Registers 400,000 Of Ondas Holdings Inc >ONDS"
ONDS,DJ-N,2025-12-31 20:12:00,,DJ-N$1d212b73,"Chmn Brock Registers 475,000 Of Ondas Holdings Inc >ONDS"
ONDS,DJ-N,2025-12-24 03:01:00,,DJ-N$1d144e8e,Dir Sood Registers 947 Of Ondas Holdings Inc >ONDS
ONDS,DJ-N,2025-12-24 03:01:00,,DJ-N$1d144e86,"Dir Sood Registers 13,162 Of Ondas Holdings Inc >ONDS"
ONDS,DJ-N,2025-12-24 03:01:00,,DJ-N$1d144e7b,"Dir Sood Registers 8,004 Of Ondas Holdings Inc >ONDS"
ONDS,DJ-N,2025-12-24 03:01:00,,DJ-N$1d144e6f,"Dir Seidl Registers 5,918 Of Ondas Holdings Inc >ONDS"
ONDS,DJ-N,2025-12-24 03:00:00,,DJ-N$1d144e66,Dir Sood Registers 525 Of Ondas Holdings Inc >ONDS
ONDS,DJ-N,2025-12-24 03:00:00,,DJ-N$1d144e65,"Dir Seidl Registers 5,077 Of Ondas Holdings Inc >ONDS"
ONDS,DJ-N,2025-12-24 03:00:00,,DJ-N$1d144e5e,"Dir Sood Registers 7,060 Of Ondas Holdings Inc >ONDS"
ONDS,DJ-N,2025-12-24 03:00:00,,DJ-N$1d144e5b,Dir Seidl Registers 681 Of Ondas Holdings Inc >ONDS
ONDS,DJ-N,2025-12-24 03:00:00,,DJ-N$1d144e5a,Dir Cohen Registers 457 Of Ondas Holdings Inc >ONDS
ONDS,DJ-N,2025-12-24 03:00:00,,DJ-N$1d144e56,Dir Seidl Registers 378 Of Ondas Holdings Inc >ONDS
ONDS,DJ-N,2025-12-24 03:00:00,,DJ-N$1d144e55,"Dir Seidl Registers 9,466 Of Ondas Holdings Inc >ONDS"
ONDS,DJ-N,2025-12-24 03:00:00,,DJ-N$1d144e54,"Dir Cohen Registers 11,452 Of Ondas Holdings Inc >ONDS"
ONDS,DJ-N,2025-12-24 03:00:00,,DJ-N$1d144e4c,Dir Cohen Registers 824 Of Ondas Holdings Inc >ONDS
ONDS,DJ-N,2025-12-24 03:00:00,,DJ-N$1d144e4b,"Dir Cohen Registers 6,985 Of Ondas Holdings Inc >ONDS"
ONDS,DJ-N,2025-12-24 03:00:00,,DJ-N$1d144e4a,"Dir Cohen Registers 6,143 Of Ondas Holdings Inc >ONDS"
ONDS,DJ-N,2025-12-24 02:53:00,,DJ-N$1d144daa,"Dir Sood Acquires 55,965 Of Ondas Holdings Inc >ONDS"
ONDS,DJ-N,2025-12-24 02:52:00,,DJ-N$1d144d94,"Dir Seidl Acquires 64,143 Of Ondas Holdings Inc >ONDS"
ONDS,DJ-N,2025-12-24 02:52:00,,DJ-N$1d144d80,"Dir Cohen Acquires 59,802 Of Ondas Holdings Inc >ONDS"
ONDS,DJ-N,2025-12-24 02:50:00,,DJ-N$1d144d52,"CFO Laird Acquires 7,974 Of Ondas Holdings Inc >ONDS"
ONDS,DJ-N,2025-12-24 02:48:00,,DJ-N$1d144d2e,"CFO Laird Registers 4,526 Of Ondas Holdings Inc >ONDS"
ONDS,DJ-N,2025-12-19 21:54:00,,DJ-N$1d0ca10b,"Dir Stern Registers 750,000 Of Ondas Holdings Inc >ONDS"
ONDS,DJ-N,2025-12-18 22:19:00,,DJ-N$1d09bdea,Ondas Holdings Files 8K - Other Events >ONDS
ONDS,DJ-N,2025-12-18 22:19:00,,DJ-N$1d09bde8,"Ondas Holdings Files 8K - Director, Officer or Compensation Filing >ONDS"
ONDS,DJ-N,2025-12-17 21:50:00,,DJ-N$1d06b408,Ondas Holdings Files 8K - Other Events >ONDS
ONDS,DJ-N,2025-12-17 21:50:00,,DJ-N$1d06b402,Ondas Holdings Files 8K - Asset Acquisition Or Disposition >ONDS
ONDS,DJ-N,2025-12-17 21:37:00,,DJ-N$1d06a5fe,Ondas Holdings Files 8K - Regulation FD >ONDS
ONDS,DJ-N,2025-12-17 21:37:00,,DJ-N$1d06a5fd,Ondas Holdings Files 8K - Entry Into Definitive Agreement >ONDS
ONDS,DJ-N,2025-12-12 22:13:00,,DJ-N$1cfc0904,Ondas Holdings Files 8K - Regulation FD >ONDS
ONDS,DJ-N,2025-12-12 22:06:00,,DJ-N$1cfc0274,"Ondas Holdings Files 8K - Director, Officer or Compensation Filing >ONDS"
ONDS,DJ-N,2025-12-11 11:02:00,,DJ-N$1cf7750f,Ondas Holdings Price Target Raised to $12.00/Share From $10.00 by Needham
ONDS,DJ-N,2025-12-11 11:02:00,,DJ-N$1cf7750c,Ondas Holdings Is Maintained at Buy by Needham
ONDS,DJ-N,2025-12-10 14:53:00,,DJ-N$1cf50fe9,Three Surprising Stocks Have Outpaced All Aerospace Peers This Year -- IBD
ONDS,DJ-N,2025-12-10 12:50:00,,DJ-N$1cf4c324,Three Surprising Stocks Have Outpaced All Aerospace Peers This Year -- IBD
ONDS,DJ-N,2025-12-08 14:35:00,,DJ-N$1ceeab45,Press Release: Ondas Announces Intent to Invest up to $11 Million in Drone Fight Group to Accelerate Access to Advanced Ukrainian Drone Technology
ONDS,DJ-N,2025-12-08 14:31:00,,DJ-N$1ceeaa9e,Ondas Holdings Files 8K - Regulation FD >ONDS
ONDS,DJ-N,2025-12-01 12:14:00,,DJ-N$1cdda9b2,CFA Telecommunications:Insider Review For Week Ended 28-Nov
ONDS,DJ-N,2025-11-27 13:44:00,,DJ-N$1cd76e1e,Substantial Insider Sales: Morning Report -2-
ONDS,DJ-N,2025-11-27 13:44:00,,DJ-N$1cd76e1d,Substantial Insider Sales: Morning Report
ONDS,DJ-N,2025-11-26 22:23:00,,DJ-N$1cd5eb1c,"Dir Stern Sells 850,000 Of Ondas Holdings Inc >ONDS"
ONDS,DJ-N,2025-11-26 21:25:00,,DJ-N$1cd5be40,"Dir Stern Registers 850,000 Of Ondas Holdings Inc >ONDS"
ONDS,DJ-N,2025-11-26 18:22:00,,DJ-N$1cd57f01,Ondas Holdings Price Target Raised to $10.00/Share From $9.00 by Lake Street
ONDS,DJ-N,2025-11-26 18:22:00,,DJ-N$1cd57eff,Ondas Holdings Is Maintained at Buy by Lake Street
ONDS,DJ-N,2025-11-25 14:31:00,,DJ-N$1cd1af19,"Press Release: Ondas to Acquire Roboteam, Expanding Market Footprint and Multi-Domain Autonomy with Field-Proven Tactical Ground Robotics"
TOVX,DJ-N,2025-12-29 13:06:00,,DJ-N$1d1b1402,"Theriva: Cash Runway Until 1Q 2027 Supports Completion of Regulatory Activities, Protocol Development, and Partnering Activities >TOVX"
TOVX,DJ-N,2025-12-29 13:05:00,,DJ-N$1d1b13dc,Theriva Biologics to Schedule FDA End-of-Phase 2 Meeting in 1H 2026 to Finalize Design of Multinational Phase 3 Clinical Trial >TOVX
TOVX,DJ-N,2025-12-29 13:05:00,,DJ-N$1d1b1371,Theriva Biologics: EMA Provided Overall Agreement With Proposed Phase 3 Clinical Trial of VCN-01 in Combo With Gemcitabine/nab-paclitaxel >TOVX
TOVX,DJ-N,2025-12-29 13:01:00,,DJ-N$1d1b0eca,Theriva Biologics Files 8K - Other Events >TOVX
TOVX,DJ-N,2025-12-29 13:01:00,,DJ-N$1d1b0ec4,Theriva Biologics Files 8K - Regulation FD >TOVX
TOVX,DJ-N,2025-12-29 13:00:00,,DJ-N$1d1b0ddd,Theriva Biologics Announces Positive Scientific Advice From European Medicines Agency on Design of Phase 3 Trial of VCN-01 in Metastatic Pancreatic Ductal Adenocarcinoma
TOVX,DJ-N,2025-12-29 13:00:00,,DJ-N$1d1b0d8f,Press Release: Theriva(TM) Biologics Announces -2-
TOVX,DJ-N,2025-12-29 13:00:00,,DJ-N$1d1b0d8d,Press Release: Theriva(TM) Biologics Announces Positive Scientific Advice from the European Medicines Agency (EMA) on the Design of a Phase 3 Trial of VCN-01 in Metastatic Pancreatic Ductal Adenocarcinoma (PDAC)
TOVX,DJ-N,2025-12-29 13:00:00,,DJ-N$1d1b0cd7,Press Release: Theriva(TM) Biologics Announces -2-
TOVX,DJ-N,2025-12-29 13:00:00,,DJ-N$1d1b0cd2,Press Release: Theriva(TM) Biologics Announces Positive Scientific Advice from the European Medicines Agency (EMA) on the Design of a Phase 3 Trial of VCN-01 in Metastatic Pancreatic Ductal Adenocarcinoma (PDAC)
TOVX,DJ-N,2025-12-15 22:22:00,,DJ-N$1d00c56f,Theriva Biologics Files 8K - Other Events >TOVX
TOVX,DJ-N,2025-11-19 08:08:00,,DJ-N$1cc1e473,"THERIVA BIOLOGICS INC  COM, Inst Holders, 3Q 2025 (TOVX)"
TOVX,DJ-N,2025-11-12 13:11:00,,DJ-N$1cb05100,Theriva Biologics Files 8K - Operations And Financial Condition >TOVX
TOVX,DJ-N,2025-11-12 13:04:00,,DJ-N$1cb0481a,Theriva Biologics 3Q Loss/Shr 45c >TOVX
TOVX,DJ-N,2025-11-12 13:04:00,,DJ-N$1cb0480a,Theriva Biologics 3Q Loss $4.36M >TOVX
TOVX,DJ-N,2025-11-12 13:01:00,,DJ-N$1cb04755,Press Release: Theriva(TM) Biologics Reports -3-
TOVX,DJ-N,2025-11-12 13:01:00,,DJ-N$1cb04753,Press Release: Theriva(TM) Biologics Reports -2-
TOVX,DJ-N,2025-11-12 13:01:00,,DJ-N$1cb04751,Press Release: Theriva(TM) Biologics Reports Third Quarter 2025 Operational Highlights and Financial Results
TOVX,DJ-N,2025-11-12 13:00:00,,DJ-N$1cb04319,Press Release: Theriva(TM) Biologics Reports -3-
TOVX,DJ-N,2025-11-12 13:00:00,,DJ-N$1cb04315,Press Release: Theriva(TM) Biologics Reports -2-
TOVX,DJ-N,2025-11-12 13:00:00,,DJ-N$1cb04312,Press Release: Theriva(TM) Biologics Reports Third Quarter 2025 Operational Highlights and Financial Results
TOVX,DJ-N,2025-10-29 20:58:00,,DJ-N$1c8b4195,Theriva Biologics Files 8K - Other Events >TOVX
TOVX,DJ-N,2025-10-24 19:26:00,,DJ-N$1c7edb64,Theriva Biologics Files 8K - Other Events >TOVX
TOVX,DJ-N,2025-10-24 19:01:00,,DJ-N$1c7ed6e8,Theriva Biologics: No Material Development to Account for Stock Activity
TOVX,DJ-N,2025-10-24 18:33:00,,DJ-N$1c7ed0c7,"Theriva Biologics: No Material Development in Its Business and Affairs Not Previously Disclosed or, to Its Knowledge, Any Other Reason to Account for the Unusual Market Action >TOVX"
TOVX,DJ-N,2025-10-24 18:33:00,,DJ-N$1c7ed0c5,Theriva Biologics: Provides Response to Unusual Market Action
TOVX,DJ-N,2025-10-24 18:31:00,,DJ-N$1c7ecfa6,Press Release: Theriva Biologics Provides Response to Unusual Market Action
TOVX,DJ-N,2025-10-20 11:23:00,,DJ-N$1c71a053,Theriva Biologics Files 8K - Other Events >TOVX
TOVX,DJ-N,2025-10-17 21:19:00,,DJ-N$1c6ed4ec,Theriva Biologics Files 8K - Other Events >TOVX
TOVX,DJ-N,2025-10-17 21:19:00,,DJ-N$1c6ed4ea,Theriva Biologics Files 8K - Unregistered Equity Sales >TOVX
TOVX,DJ-N,2025-10-17 21:19:00,,DJ-N$1c6ed4e9,Theriva Biologics Files 8K - Entry Into -2-
TOVX,DJ-N,2025-10-17 21:19:00,,DJ-N$1c6ed4e8,Theriva Biologics Files 8K - Entry Into Definitive Agreement >TOVX
TOVX,DJ-N,2025-10-16 12:13:00,,DJ-N$1c6a718e,Theriva Biologics in Agreement for Immediate Exercise of Warrants to Purchase Up to 7.36M Shrs at 54c/Shr
TOVX,DJ-N,2025-10-16 12:11:00,,DJ-N$1c6a710d,Theriva Biologics Announces Warrant Inducement Transaction for $4M in Gross Proceeds
TOVX,DJ-N,2025-10-16 12:11:00,,DJ-N$1c6a70ed,Press Release: Theriva(TM) Biologics Announces a Warrant Inducement Transaction for $4.0 Million in Gross Proceeds
TOVX,DJ-N,2025-10-16 12:11:00,,DJ-N$1c6a70ea,Press Release: Theriva(TM) Biologics Announces a Warrant Inducement Transaction for $4.0 Million in Gross Proceeds
TOVX,DJ-N,2025-10-14 10:06:00,,DJ-N$1c64067c,Theriva Biologics Files 8K - Other Events >TOVX
TOVX,DJ-N,2025-10-14 10:06:00,,DJ-N$1c640679,Theriva Biologics Files 8K - Regulation FD >TOVX
TOVX,DJ-N,2025-10-13 12:00:00,,DJ-N$1c60a9bc,Press Release: Theriva(TM) Biologics Announces Upcoming Presentations at Medical Meetings
TOVX,DJ-N,2025-10-08 12:01:00,,DJ-N$1c570d8d,Theriva Biologics Files 8K - Other Events >TOVX
TOVX,DJ-N,2025-10-06 12:10:00,,DJ-N$1c51a1e9,Theriva Biologics Files 8K - Other Events >TOVX
TOVX,DJ-N,2025-10-06 12:10:00,,DJ-N$1c51a1e7,Theriva Biologics Files 8K - Regulation FD >TOVX
TOVX,DJ-N,2025-10-06 12:00:00,,DJ-N$1c519bf4,Press Release: Theriva(TM) Biologics Announces Presentation Describing Next Generation Oncolytic Adenovirus VCN-12 at the 32nd Annual Congress of the European Society of Gene & Cell Therapy (ESGCT)
TOVX,DJ-N,2025-10-06 12:00:00,,DJ-N$1c519aa8,Press Release: Theriva(TM) Biologics Announces Presentation Describing Next Generation Oncolytic Adenovirus VCN-12 at the 32nd Annual Congress of the European Society of Gene & Cell Therapy (ESGCT)
TOVX,DJ-N,2025-10-02 20:57:00,,DJ-N$1c4cb4a9,Theriva Seeks to Direct Resources Towards Business Development and Licensing Activities and Clinical Trial Plans and Preparation for VCN-01
TOVX,DJ-N,2025-10-02 20:55:00,,DJ-N$1c4cb476,"Theriva Biologics Cuts 7 Jobs, About 32% of Total Workforce"
TOVX,DJ-N,2025-10-02 20:01:00,,DJ-N$1c4c841d,Theriva Biologics Files 8K - Costs of Exits Or Disposals >TOVX
TOVX,DJ-N,2025-09-04 20:06:00,,DJ-N$1c0be876,"Theriva Biologics Files 8K - Director, Officer or Compensation Filing >TOVX"
TOVX,DJ-N,2025-08-19 07:08:00,,DJ-N$1be3a05e,"THERIVA BIOLOGICS INC  COM, Inst Holders, 2Q 2025 (TOVX)"
TOVX,DJ-N,2025-08-11 12:11:00,,DJ-N$1bcf4bee,Theriva Biologics Files 8K - Operations And Financial Condition >TOVX
BTOG,DJ-N,2025-09-30 13:02:00,,DJ-N$1c44603e,"Bit Origin: Partnership to Secure, Expand Digital Asset Treasury Holdings >BTOG"
BTOG,DJ-N,2025-09-30 13:01:00,,DJ-N$1c445fe2,Bit Origin and Bit Origin Agree Partnership >BTOG
BTOG,DJ-N,2025-09-30 13:00:00,,DJ-N$1c445db6,Press Release: BitGo and Bit Origin Announce Partnership to Secure and Expand Digital Asset Treasury Holdings
BTOG,DJ-N,2025-08-29 13:01:00,,DJ-N$1bfdf0bd,Bit Origin Receives 180-Day Extension From Nasdaq to Regain Compliance With Minimum Bid Price Requirement
BTOG,DJ-N,2025-08-29 13:00:00,,DJ-N$1bfdef8f,Press Release: Bit Origin Receives 180-Day Extension from Nasdaq to Regain Compliance with Minimum Bid Price Requirement
BTOG,DJ-N,2025-08-12 13:03:00,,DJ-N$1bd2e0df,Bit Origin Closes Private Placement for Purchase and Sale of 20 M Class A Ordinary Shrs for Proceeds of 30 M DOGE >BTOG
BTOG,DJ-N,2025-08-12 13:00:00,,DJ-N$1bd2de98,Bit Origin Surpasses 70 M Dogecoin Holdings Following Private Placement
BTOG,DJ-N,2025-08-12 13:00:00,,DJ-N$1bd2dc00,Press Release: Bit Origin Surpasses 70 Million Dogecoin (DOGE) Holdings Following Private Placement
BTOG,DJ-N,2025-08-04 20:30:00,,DJ-N$1bbd7575,Press Release: Bit Origin Announces Completion of Share Capital Reduction
BTOG,DJ-N,2025-07-21 12:30:00,,DJ-N$1b9820ae,Press Release: Bit Origin Acquires Over 40 Million Dogecoin (DOGE) to Advance Treasury Strategy
BTOG,DJ-N,2025-07-21 12:30:00,,DJ-N$1b982054,Bit Origin Acquires Over 40 Million Dogecoin (DOGE) To Advance Treasury Strategy >BTOG
BTOG,DJ-N,2025-07-17 13:15:00,,DJ-N$1b914b1f,Bit Origin Secures $500M Equity and Debt Facilities to Launch Dogecoin Treasury
BTOG,DJ-N,2025-07-17 13:15:00,,DJ-N$1b914aba,Press Release: Bit Origin Secures $500 Million Equity and Debt Facilities to Launch Dogecoin Treasury
CRCA,DJ-N,2025-08-07 12:30:00,,DJ-N$1bc701d0,Press Release: ProShares Launches First Single-Stock ETF Targeting 2x Daily Returns of Circle Internet Group
RVPH,DJ-N,2025-12-24 11:09:00,,DJ-N$1d151098,Reviva Pharm Holdings Price Target Maintained With a $4.00/Share by HC Wainwright & Co.
RVPH,DJ-N,2025-12-23 13:46:00,,DJ-N$1d12b42b,Reviva Pharm Holdings Price Target Maintained With a $2.00/Share by D. Boral Capital
RVPH,DJ-N,2025-12-23 13:46:00,,DJ-N$1d12b429,Reviva Pharm Holdings Is Maintained at Buy by D. Boral Capital
RVPH,DJ-N,2025-12-23 13:05:00,,DJ-N$1d12a401,Reviva Pharm Holdings Files 8K - Other Events -2-
RVPH,DJ-N,2025-12-23 13:05:00,,DJ-N$1d12a3ff,Reviva Pharm Holdings Files 8K - Other Events >RVPH
RVPH,DJ-N,2025-12-23 13:05:00,,DJ-N$1d12a3fc,Reviva Pharm Holdings Files 8K - Regulation FD >RVPH
RVPH,DJ-N,2025-12-23 13:05:00,,DJ-N$1d12a3fb,Reviva Pharm Holdings Files 8K - Changes To Articles >RVPH
RVPH,DJ-N,2025-12-23 13:03:00,,DJ-N$1d12a1d6,Reviva Pharm Holdings: Written Feedback From FDA pre-NDA Meeting Includes a Recommendation to Conduct a Second Phase 3 Trial to Generate Additional Efficacy and Safety Data >RVPH
RVPH,DJ-N,2025-12-23 13:03:00,,DJ-N$1d12a1c9,Reviva Announces Regulatory Update Regarding the Development of Brilaroxazine for the Treatment of Schizophrenia
RVPH,DJ-N,2025-12-23 13:00:00,,DJ-N$1d12a05f,Press Release: Reviva Announces Regulatory Update Regarding the Development of Brilaroxazine for the Treatment of Schizophrenia
RVPH,DJ-N,2025-11-23 08:04:00,,DJ-N$1ccced7b,"REVIVA PHARMACEUTICALS HLDGS  COM, Inst Holders, 3Q 2025 (RVPH)"
RVPH,DJ-N,2025-11-19 13:53:00,,DJ-N$1cc28c1e,Reviva Pharm Holdings Price Target Maintained With a $2.00/Share by D. Boral Capital
RVPH,DJ-N,2025-11-19 13:53:00,,DJ-N$1cc28c1c,Reviva Pharm Holdings Is Maintained at Buy by D. Boral Capital
RVPH,DJ-N,2025-11-13 21:20:00,,DJ-N$1cb53de8,Reviva Pharm Holdings Files 8K - Regulation FD >RVPH
RVPH,DJ-N,2025-11-13 21:20:00,,DJ-N$1cb53de6,Reviva Pharm Holdings Files 8K - Operations And Financial Condition >RVPH
RVPH,DJ-N,2025-11-13 21:12:00,,DJ-N$1cb52fd5,Reviva Pharm Holdings 3Q Loss/Shr 6c >RVPH
RVPH,DJ-N,2025-11-13 21:05:00,,DJ-N$1cb52096,Press Release: Reviva Reports Third Quarter 2025 -2-
RVPH,DJ-N,2025-11-13 21:05:00,,DJ-N$1cb52094,Press Release: Reviva Reports Third Quarter 2025 Financial Results and Recent Business Highlights
RVPH,DJ-N,2025-11-10 13:03:00,,DJ-N$1ca909e1,Reviva Announces Grant of European Patent Covering Use of Brilaroxazine for the Treatment of Pulmonary Fibrosis
RVPH,DJ-N,2025-11-10 13:00:00,,DJ-N$1ca90624,Press Release: Reviva Announces Grant of European Patent Covering Use of Brilaroxazine for the Treatment of Pulmonary Fibrosis
RVPH,DJ-N,2025-10-28 18:22:00,,DJ-N$1c87343f,Reviva Pharm Holdings Price Target Maintained With a $2.00/Share by D. Boral Capital
RVPH,DJ-N,2025-10-28 18:22:00,,DJ-N$1c87343c,Reviva Pharm Holdings Is Maintained at Buy by D. Boral Capital
RVPH,DJ-N,2025-10-28 12:00:00,,DJ-N$1c85f471,Press Release: Reviva to Present Negative Symptom Data for Brilaroxazine in Schizophrenia from the Phase 3 RECOVER Double-Blind and Open-Label Extension Trials at the CNS Summit 2025
RVPH,DJ-N,2025-10-27 10:45:00,,DJ-N$1c81e3e8,Reviva Pharm Holdings Price Target Cut to $4.00/Share From $11.00 by HC Wainwright & Co.
RVPH,DJ-N,2025-10-27 10:45:00,,DJ-N$1c81e3dc,Reviva Pharm Holdings Is Maintained at Buy by HC Wainwright & Co.
RVPH,DJ-N,2025-10-17 20:32:00,,DJ-N$1c6ea4e4,Reviva Pharm Holdings Files 8K - Listing Notice >RVPH
RVPH,DJ-N,2025-10-02 12:00:00,,DJ-N$1c4b78c7,Press Release: Reviva to Participate in the 4th Annual Roth Healthcare Opportunities Conference
RVPH,DJ-N,2025-09-29 11:31:00,,DJ-N$1c40a8db,Reviva Pharm Holdings Price Target Announced at $2.00/Share by Chardan Capital
RVPH,DJ-N,2025-09-29 11:31:00,,DJ-N$1c40a8d8,Reviva Pharm Holdings Initiated at Buy by Chardan Capital
RVPH,DJ-N,2025-09-26 21:10:00,,DJ-N$1c3dc1f1,Reviva Pharm Holdings Files 8K - Changes To Articles >RVPH
RVPH,DJ-N,2025-09-19 21:27:00,,DJ-N$1c2df8a8,Reviva Pharm Holdings Files 8K - Regulation FD >RVPH
RVPH,DJ-N,2025-09-19 21:27:00,,DJ-N$1c2df8a6,Reviva Pharm Holdings Files 8K - Entry Into Definitive Agreement >RVPH
RVPH,DJ-N,2025-09-19 11:20:00,,DJ-N$1c2c8339,Reviva Pharm Holdings Price Target Cut to $2.00/Share From $3.00 by D. Boral Capital
RVPH,DJ-N,2025-09-19 11:20:00,,DJ-N$1c2c8337,Reviva Pharm Holdings Is Maintained at Buy by D. Boral Capital
RVPH,DJ-N,2025-09-19 01:26:00,,DJ-N$1c2b780f,"Press Release: Reviva Pharmaceuticals Holdings, Inc. Announces Pricing of $9 Million Public Offering"
RVPH,DJ-N,2025-09-18 20:09:00,,DJ-N$1c2ade2b,"Reviva Pharmaceuticals Holdings Announces Proposed Public Offering of Common Stock, Warrants"
RVPH,DJ-N,2025-09-18 20:05:00,,DJ-N$1c2ad937,"Press Release: Reviva Pharmaceuticals Holdings, Inc. Announces Proposed Public Offering"
RVPH,DJ-N,2025-09-15 13:10:00,,DJ-N$1c219a35,Reviva Pharm Holdings Price Target Cut to $7.00/Share From $14.00 by Benchmark
RVPH,DJ-N,2025-09-15 13:10:00,,DJ-N$1c219a31,Reviva Pharm Holdings Is Maintained at Speculative Buy by Benchmark
RVPH,DJ-N,2025-08-18 18:02:00,,DJ-N$1be23036,Reviva Pharm Holdings Price Target Cut to $3.00/Share From $7.00 by Roth Capital
RVPH,DJ-N,2025-08-18 11:38:00,,DJ-N$1be0d367,Reviva Pharm Holdings Price Target Maintained With a $3.00/Share by D. Boral Capital
RVPH,DJ-N,2025-08-18 11:38:00,,DJ-N$1be0d356,Reviva Pharm Holdings Is Maintained at Buy by D. Boral Capital
RVPH,DJ-N,2025-08-15 20:44:00,,DJ-N$1bde4068,Reviva Pharm Holdings Price Target Cut to $2.00/Share From $5.00 by Maxim Group
RVPH,DJ-N,2025-08-15 20:44:00,,DJ-N$1bde4062,Reviva Pharm Holdings Is Maintained at Buy by Maxim Group
RVPH,DJ-N,2025-08-14 20:43:00,,DJ-N$1bdb4805,Reviva Pharm Holdings 2Q Loss/Shr 12c >RVPH
RVPH,DJ-N,2025-08-14 20:40:00,,DJ-N$1bdb436b,Reviva Pharm Holdings Files 8K - Regulation FD >RVPH
RVPH,DJ-N,2025-08-14 20:40:00,,DJ-N$1bdb4369,Reviva Pharm Holdings Files 8K - Operations And Financial Condition >RVPH
RVPH,DJ-N,2025-08-14 20:25:00,,DJ-N$1bdb2c53,Press Release: Reviva Reports Second Quarter 2025 -2-
RVPH,DJ-N,2025-08-14 20:25:00,,DJ-N$1bdb2c51,Press Release: Reviva Reports Second Quarter 2025 Financial Results and Recent Business Highlights
PLUG,BRFG,2024-01-11 15:02:24,,BRFG$165fc6f4,Plug Power sells off following another analyst downgrade today; many hurdles cloud near term
PLUG,DJ-N,2026-01-02 21:32:00,,DJ-N$1d240a4d,"Plug Power Inc. Stock Advances 13.2%, Outperforms Peers"
PLUG,DJ-N,2025-12-31 11:37:00,,DJ-N$1d2036c7,Plug Power Price Target Cut to $3.00/Share From $3.50 by Clear Street
PLUG,DJ-N,2025-12-31 11:37:00,,DJ-N$1d2036c5,Plug Power Raised to Buy From Hold by Clear Street
PLUG,DJ-N,2025-12-29 21:33:00,,DJ-N$1d1c388e,"Plug Power Inc. Stock Sheds 4.8%, Underperforms Peers"
PLUG,DJ-N,2025-12-24 21:32:00,,DJ-N$1d161339,"Plug Power Inc. Stock Rises 2.4%, Outperforms Peers"
PLUG,DJ-N,2025-12-23 21:34:00,,DJ-N$1d13d03b,"Plug Power Inc. Stock Falls 2.8%, Underperforms Peers"
PLUG,DJ-N,2025-12-22 21:34:00,,DJ-N$1d10f30e,"Plug Power Inc. Stock Falls 4.1%, Underperforms Peers"
PLUG,DJ-N,2025-12-18 21:34:00,,DJ-N$1d0995f9,"Plug Power Inc. Stock Climbs 4.6%, Outperforms Peers"
PLUG,DJ-N,2025-12-18 13:44:00,,DJ-N$1d086274,Substantial Insider Purchases: Morning Report
PLUG,DJ-N,2025-12-18 02:07:00,,DJ-N$1d070e3d,"Officer Crespo Buys 37,300 Of Plug Power Inc >PLUG"
PLUG,DJ-N,2025-12-17 21:34:00,,DJ-N$1d06a22e,"Plug Power Inc. Stock Slips 5.7%, Underperforms Peers"
PLUG,DJ-N,2025-12-17 13:47:00,,DJ-N$1d056263,Plug Power Installs 5MW GenEco Electrolyzer With Cleanergy Solutions Namibia for Africa's First Fully Integrated Green Hydrogen Facility
PLUG,DJ-N,2025-12-17 13:45:00,,DJ-N$1d0560d8,Press Release: Plug Power Installs 5MW GenEco Electrolyzer with Cleanergy Solutions Namibia for Africa's First Fully Integrated Green Hydrogen Facility
PLUG,DJ-N,2025-12-15 21:34:00,,DJ-N$1d009066,"Plug Power Inc. Stock Slides 4.3%, Underperforms Peers"
PLUG,DJ-N,2025-12-12 22:32:00,,DJ-N$1cfc1c44,"Officer Haycraft Sells 50,000 Of Plug Power Inc >PLUG"
PLUG,DJ-N,2025-12-11 21:36:00,,DJ-N$1cf8ee9b,"Dir McNamee Registers 60,000 Of Plug Power Inc >PLUG"
PLUG,DJ-N,2025-12-11 21:34:00,,DJ-N$1cf8ebd1,"Plug Power Inc. Stock Climbs 4.4%, Outperforms Peers"
PLUG,DJ-N,2025-12-10 15:24:00,,DJ-N$1cf52a9d,"Officer Haycraft Registers 40,000 Of Plug Power Inc >PLUG"
PLUG,DJ-N,2025-12-09 12:00:00,,DJ-N$1cf19e5a,Press Release: Plug to Participate in Wells Fargo Energy & Power Conference
PLUG,DJ-N,2025-12-05 12:28:00,,DJ-N$1cea44fa,Plug Power Files 8K - Other Events >PLUG
PLUG,DJ-N,2025-12-04 12:01:00,,DJ-N$1ce74f67,Plug Power Signs Letter of Intent With Hy2gen for 5MW PEM Electrolyzer Supporting France's Hydrogen Roadmap at Sunrhyse Green Hydrogen Project
PLUG,DJ-N,2025-12-04 12:00:00,,DJ-N$1ce74dcf,Press Release: Plug Power Signs Letter of Intent with Hy2gen for 5MW PEM Electrolyzer Supporting France's Hydrogen Roadmap at Sunrhyse Green Hydrogen Project
PLUG,DJ-N,2025-12-04 12:00:00,,DJ-N$1ce74cae,Press Release: Plug Power Signs Letter of Intent with Hy2gen for 5MW PEM Electrolyzer Supporting France's Hydrogen Roadmap at Sunrhyse Green Hydrogen Project
PLUG,DJ-N,2025-12-03 21:34:00,,DJ-N$1ce5c494,"Plug Power Inc. Stock Advances 5.7%, Outperforms Peers"
PLUG,DJ-N,2025-12-02 21:33:00,,DJ-N$1ce2cebd,"Plug Power Inc. Stock Rallies 9.9%, Outperforms Peers"
PLUG,DJ-N,2025-12-02 21:24:00,,DJ-N$1ce2c445,"Officer Shrestha Registers 50,000 Of Plug Power Inc >PLUG"
PLUG,DJ-N,2025-12-01 21:34:00,,DJ-N$1cdf977b,"Plug Power Inc. Stock Falls 4.5%, Underperforms Peers"
PLUG,DJ-N,2025-12-01 13:00:00,,DJ-N$1cddc921,"Press Release: Plug Begins First NASA Liquid Hydrogen Contract, Opening New Market in the Growing Space Industry"
PLUG,DJ-N,2025-11-21 21:02:00,,DJ-N$1ccab9c7,Plug Power Files 8K - Other Events >PLUG
PLUG,DJ-N,2025-11-21 21:02:00,,DJ-N$1ccab9c4,Plug Power Files 8K - Unregistered Equity Sales >PLUG
PLUG,DJ-N,2025-11-21 21:02:00,,DJ-N$1ccab9c3,Plug Power Files 8K - Direct Or Off-Balance Sheet Financial Obligation >PLUG
PLUG,DJ-N,2025-11-21 21:02:00,,DJ-N$1ccab9c1,Plug Power Files 8K - Termination Of Definitive Agreement >PLUG
PLUG,DJ-N,2025-11-21 21:02:00,,DJ-N$1ccab9b8,Plug Power Files 8K - Entry Into Definitive -2-
PLUG,DJ-N,2025-11-21 21:02:00,,DJ-N$1ccab9b7,Plug Power Files 8K - Entry Into Definitive Agreement >PLUG
PLUG,DJ-N,2025-11-21 18:01:00,,DJ-N$1cca908c,Plug Power Will Ask Stockholders to Approve an Amendment to Its Charter to Increase the Authorized Stk From 1.5B to 3B Shrs >PLUG
PLUG,DJ-N,2025-11-21 18:01:00,,DJ-N$1cca9046,Plug Power Announces Special Meeting of Stockholders on Jan.15
PLUG,DJ-N,2025-11-21 16:51:00,,DJ-N$1cca6f64,Press Release: Plug Power Nets $399 Million in Cash Following Successful Financing; Eliminates First Lien and Fully Funds Current Business Plan
PLUG,DJ-N,2025-11-21 16:51:00,,DJ-N$1cca6f92,Plug Power Nets $399M in Cash Following Successful Financing; Eliminates First Lien and Fully Funds Current Business Plan
PLUG,DJ-N,2025-11-20 16:14:00,,DJ-N$1cc61674,Plug Power Price Target Maintained With a $2.50/Share by Canaccord Genuity
PLUG,DJ-N,2025-11-20 16:14:00,,DJ-N$1cc61671,Plug Power Is Maintained at Hold by Canaccord Genuity
PLUG,DJ-N,2025-11-20 08:12:00,,DJ-N$1cc4fe47,"Plug Power Inc, Inst Holders, 3Q 2025 (PLUG)"
PLUG,DJ-N,2025-11-19 21:33:00,,DJ-N$1cc3cece,"Plug Power Inc. Stock Slides 11.2%, Underperforms Peers"
PLUG,DJ-N,2025-11-19 15:05:00,,DJ-N$1cc2b66b,"These Stocks Are Moving the Most Today: Nvidia, Lowe's, Target, Semrush, MP Materials, Plug Power, Dycom, and More -- Barrons.com"
PLUG,DJ-N,2025-11-19 13:44:00,,DJ-N$1cc2899a,"These Stocks Are Moving the Most Today: Nvidia, Lowe's, Target, Semrush, Constellation Energy, Plug Power, and More -- Barrons.com"
PLUG,DJ-N,2025-11-19 11:52:00,,DJ-N$1cc24638,"These Stocks Are Moving the Most Today: Nvidia, Lowe's, Target, Constellation Energy, Plug Power, and More -- Barrons.com"
PLUG,DJ-N,2025-11-19 11:50:00,,DJ-N$1cc24583,Plug Power Shares Drop Premarket After Convertible Notes Offering Prices
PLUG,DJ-N,2025-11-19 10:39:00,,DJ-N$1cc226e0,"These Stocks Are Moving the Most Today: Nvidia, Plug Power, Constellation Energy, Lowe's, Target, and More -- Barrons.com"
PLUG,DJ-N,2025-11-19 05:01:00,,DJ-N$1cc162de,Plug Power Expects $347.2M in Net Proceeds From Note Offering; $399.4M if Initial Purchasers Exercise Option in Full >PLUG
PLUG,DJ-N,2025-11-19 04:58:00,,DJ-N$1cc162a5,Plug Power Expects Sale of Notes to Close Nov. 21 >PLUG
PLUG,DJ-N,2025-11-19 04:58:00,,DJ-N$1cc16241,Plug Power Grants Initial Purchasers Option to Buy Additional $56.25M of Notes >PLUG
MU,BRFG,2025-12-18 15:18:37,,BRFG$1d091f94,Micron shatters Q1 expectations and delivers record-breaking outlook bolstered by HBM dominance
MU,BRFG,2025-10-17 14:34:26,,BRFG$1c6e3ca4,"Micron holds steady amid exit from China server market, placing focus on booming AI demand"
MU,BRFG,2025-09-24 13:35:36,,BRFG$1c3694b6,"Micron's blowout quarter highlights HBM momentum, but that boom was already priced in"
MU,BRFG,2025-08-11 13:56:26,,BRFG$1bd02175,Micron boosts Q4 outlook on soaring DRAM demand and HBM strength
MU,BRFG,2025-06-26 14:11:51,,BRFG$1b61e70d,"Micron crushes Q3 expectations and guides higher, but shares languish on sustainability doubts"
MU,BRFG,2025-03-21 16:07:20,,BRFG$1a6d3394,Micron sells off after Q3 guidance fails to signal a meaningful near-term recovery
MU,BRFG,2024-12-19 15:14:26,,BRFG$198fd91e,Micron tumbles on downbeat Q2
MU,BRFG,2024-09-26 14:36:15,,BRFG$18c0110d,Micron's strong beat-and-raise earnings report reminds the market that it's a leading AI play
MU,BRFG,2024-06-27 15:05:00,,BRFG$17e1c2da,"Micron's guidance fails to live up to sky-high expectations, but AI catalysts unfolding"
MU,BRFG,2024-03-21 14:36:50,,BRFG$16f8ac49,Micron's blowout Q2 report shows that it deserves a seat at the AI table
MU,BRFG,2023-12-21 15:19:24,,BRFG$163b61d4,Micron's turnaround in higher gear on improving pricing as rise of AI servers drives demand
MU,BRFG,2023-11-28 17:06:41,,BRFG$160ac8c0,Micron sees profit-taking despite hiking its Q1 guidance; higher expectations likely priced in
MU,BRFG,2023-09-28 14:28:23,,BRFG$15852f05,Micron's disappointing guidance reins in timeline expectations for full memory chip comeback
MU,BRFG,2023-06-29 14:18:07,,BRFG$14c20721,"Micron says worst of inventory glut is behind it, but immediate upturn in demand not expected"
MU,BRFG,2023-05-22 14:02:16,,BRFG$147c6d9a,Micron gaps lower following a ban on the use of its products in China; severity still unclear
MU,BRFG,2023-03-29 15:12:07,,BRFG$14129d93,"Micron posts dismal Q2 results, but possible bottoming out for chip market sparks rally"
NIO,BRFG,2024-04-01 14:40:35,,BRFG$170ed5bb,"NIO's deliveries picked up a bit in March, but Chinese EV market has lost much of its charge"
NIO,BRFG,2023-08-29 18:27:22,,BRFG$154719af,NIO heads in reverse as strong competition and macro headwinds dent Q2 results
NIO,DJ-N,2026-01-02 21:12:00,,DJ-N$1d23f31b,Li Auto Deliveries Fall. The Stock Is Up. -- Barrons.com
NIO,DJ-N,2026-01-02 13:28:00,,DJ-N$1d232153,Li Auto Deliveries Fall. The Stock Is Up. -- Barrons.com
NIO,DJ-N,2026-01-02 13:12:00,,DJ-N$1d231f14,Dow Jones Futures Rise As Santa Joins Rally In 2026; Big Tesla News Due -- IBD
NIO,DJ-N,2026-01-02 13:10:00,,DJ-N$1d231e63,Dow Jones Futures Rise As Santa Joins Rally In 2026; Big Tesla News Due -- IBD
NIO,DJ-N,2026-01-02 13:01:00,,DJ-N$1d231a28,Dow Jones Futures Rise As Santa Joins Rally In 2026; Big Tesla News Due -- IBD
NIO,DJ-N,2026-01-02 12:02:00,,DJ-N$1d23038d,Dow Jones Futures Rise As Santa Joins Rally In 2026; Big Tesla News Due -- IBD
NIO,DJ-N,2026-01-02 11:29:00,,DJ-N$1d22fabd,"Dow Jones Futures Rise, Techs Jump To Kick Off 2026; Big Tesla News Due -- IBD"
NIO,DJ-N,2026-01-02 09:53:00,,DJ-N$1d22e43f,"Stocks to Watch Friday: RH, Wayfair, Tesla Nio -- WSJ"
NIO,DJ-N,2026-01-02 06:27:00,,DJ-N$1d229785,"BYD's Sales Growth Slowed in 2025, But Still Set to Top Tesla"
NIO,DJ-N,2026-01-02 03:46:00,,DJ-N$1d2275d6,Dow Jones Futures Rise To Kick Off 2026; Big Tesla News Due -- IBD
NIO,DJ-N,2026-01-02 03:00:00,,DJ-N$1d2270d2,"Dow Jones Futures Rise; Market Starts 2026 With Key Test, Big Tesla News -- IBD"
NIO,DJ-N,2026-01-02 01:07:00,,DJ-N$1d2245fe,"Dow Jones Futures Rise; Market Starts 2026 With Key Test, Big Tesla News -- IBD"
NIO,DJ-N,2026-01-01 23:38:00,,DJ-N$1d223b10,"Dow Jones Futures Rise; Market Starts 2026 With Key Test, Big Tesla News -- IBD"
NIO,DJ-N,2026-01-01 23:03:00,,DJ-N$1d22366d,"Dow Jones Futures Rise; Market Starts 2026 With Key Test, Big Tesla News -- IBD"
NIO,DJ-N,2026-01-01 20:41:00,,DJ-N$1d222ddc,"Dow Jones Futures Loom; Market Starts 2026 With Key Test, Tesla Deliveries -- IBD"
NIO,DJ-N,2026-01-01 18:51:00,,DJ-N$1d222784,"Dow Jones Futures: Market To Start 2026 With Key Test; Tesla Deliveries, Musk Deadline In Focus -- IBD"
NIO,DJ-N,2026-01-01 15:42:00,,DJ-N$1d22149f,"Dow Jones Futures: Market Shut, Faces Test To Start 2026; Tesla Deliveries, Musk Deadline In Focus -- IBD"
NIO,DJ-N,2026-01-01 13:36:00,,DJ-N$1d2206e7,"Dow Jones Futures: Market Shut, Faces Test To Start 2026; Tesla Deliveries, Musk Deadline In Focus -- IBD"
NIO,DJ-N,2026-01-01 12:52:00,,DJ-N$1d220290,"Dow Jones, Stock Market Fall To Key Levels To End 2025; Tesla, Palantir, Nvidia Chipmaker In Focus -- IBD"
NIO,DJ-N,2026-01-01 11:01:00,,DJ-N$1d21f76e,"NIO: Delivered 48,135 Vehicles in December; Up 55% on Year"
NIO,DJ-N,2026-01-01 08:00:00,,DJ-N$1d21e5e3,"Press Release: NIO Inc. Provides December, Fourth Quarter and Full Year 2025 Delivery Update"
NIO,DJ-N,2026-01-01 02:57:00,,DJ-N$1d21a30d,"Dow Jones, Stock Market Fall To Key Levels To End 2025; Tesla, Palantir, Nvidia Chipmaker In Focus -- IBD"
NIO,DJ-N,2026-01-01 01:07:00,,DJ-N$1d2177da,"Dow Jones, Stock Market Fall To Key Levels To End 2025; Tesla, Palantir, Nvidia Chipmaker In Focus -- IBD"
NIO,DJ-N,2025-12-31 22:01:00,,DJ-N$1d216005,"Dow Jones Futures: Market Tests Key Levels To End 2025; Tesla, Palantir, Nvidia Chipmaker In Focus -- IBD"
NIO,DJ-N,2025-12-02 07:28:00,,DJ-N$1ce0d0cd,"NIO Likely to Achieve Non-GAAP Profit in 4Q, DB Says -- Market Talk"
NIO,DJ-N,2025-12-02 03:19:00,,DJ-N$1ce05ab4,Shares of Chinese Automakers Mixed After November Sales
NIO,DJ-N,2025-12-02 01:35:00,,DJ-N$1ce01bbc,NIO Shares Fall 6.1% in Singapore; ADRs Closed 5.8% Lower Overnight
NIO,DJ-N,2025-12-02 01:34:00,,DJ-N$1ce01b49,NIO Shares Fall 6.2% to HK$40.64 in Hong Kong After November Delivery Figures
NIO,DJ-N,2025-12-01 21:54:00,,DJ-N$1cdf9d34,Tesla Stock Makes a Comeback as the Market Slips -- Barrons.com
NIO,DJ-N,2025-12-01 21:16:00,,DJ-N$1cdf8dfc,XPeng and NIO Stocks Fall. December Is a Critical Month for Sales. -- Barrons.com
NIO,DJ-N,2025-12-01 21:16:00,,DJ-N$1cdf8da3,XPeng and NIO Stocks Fall. December Is a Critical Month for Sales. -- Barrons.com
NIO,DJ-N,2025-12-01 15:11:00,,DJ-N$1cde1851,XPeng and NIO Stocks Fall. December Is a Critical Month for Sales. -- Barrons.com
NIO,DJ-N,2025-12-01 14:04:00,,DJ-N$1cddefeb,XPeng and NIO Stocks Fall. December Is a Critical Month for Sales. -- Barrons.com
NIO,DJ-N,2025-12-01 13:58:00,,DJ-N$1cddea35,Tesla Stock Slips. 3 Reasons for Today's Drop. -- Barrons.com
NIO,DJ-N,2025-12-01 12:24:00,,DJ-N$1cddafae,Tesla Stock Is Down. Elon Musk Explains Why He Likes the Letter X. -- Barrons.com
NIO,DJ-N,2025-12-01 11:44:00,,DJ-N$1cdd9a20,XPeng and NIO Plan for Big Decembers to Hit Quarterly Goals. The Stocks Fall. -- Barrons.com
NIO,DJ-N,2025-12-01 09:32:00,,DJ-N$1cdd506c,"NIO: Jan-Nov Total Deliveries 949,457 Units"
NIO,DJ-N,2025-12-01 09:31:00,,DJ-N$1cdd4f9d,"NIO: Delivered 36,275 Vehicles in November 2025"
NIO,DJ-N,2025-12-01 09:30:00,,DJ-N$1cdd4e4a,Press Release: NIO Inc. Provides November 2025 Delivery Update
NIO,DJ-N,2025-11-28 18:22:00,,DJ-N$1cda6970,NIO Price Target Raised to $7.00/Share From $6.50 by Freedom Capital Markets
NIO,DJ-N,2025-11-28 18:22:00,,DJ-N$1cda696e,NIO Raised to Buy From Hold by Freedom Capital Markets
NIO,DJ-N,2025-11-28 12:39:00,,DJ-N$1cd964a2,NIO Price Target Raised to $4.00/Share From $3.00 by Barclays
NIO,DJ-N,2025-11-28 12:39:00,,DJ-N$1cd964a0,NIO Is Maintained at Underweight by Barclays
NIO,DJ-N,2025-11-26 19:00:00,,DJ-N$1cd58796,NIO Price Target Cut to $6.90/Share From $8.60 by Citigroup
NIO,DJ-N,2025-11-26 19:00:00,,DJ-N$1cd58794,NIO Is Maintained at Buy by Citigroup
NIO,DJ-N,2025-11-26 13:47:00,,DJ-N$1cd49909,NIO Price Target Cut to $5.30/Share From $6.70 by Macquarie
NIO,DJ-N,2025-11-26 13:47:00,,DJ-N$1cd49902,NIO Cut to Neutral From Outperform by Macquarie
NIO,DJ-N,2025-11-26 03:09:00,,DJ-N$1cd36b45,NIO Shares Fall Further in Hong Kong; Last Down 7.05% After Soft 4Q Guidance
NIO,DJ-N,2025-11-26 03:08:00,,DJ-N$1cd36ac0,NIO Shares Fall Sharply on Softer Fourth-Quarter Guidance
NIO,DJ-N,2025-11-26 01:32:00,,DJ-N$1cd3373d,NIO Shares Fall 5.0% to HK$44.48 in Hong Kong After Posting 3Q Loss
HAL,DJ-N,2026-01-02 21:35:00,,DJ-N$1d240d58,"Halliburton Co. Stock Climbs 4.7%, Outperforms Market"
HAL,DJ-N,2025-12-29 13:26:00,,DJ-N$1d1b1ca1,Oil and Energy Stocks Rise After Ukraine Talks End Without Peace Deal. -- Barrons.com
HAL,DJ-N,2025-12-18 12:29:00,,DJ-N$1d083090,Halliburton Price Target Raised to $29.00/Share From $27.00 by Piper Sandler
HAL,DJ-N,2025-12-18 12:29:00,,DJ-N$1d08308e,Halliburton Is Maintained at Neutral by Piper Sandler
HAL,DJ-N,2025-12-17 17:54:00,,DJ-N$1d0639e7,Halliburton Price Target Raised to $30.00/Share From $25.00 by Barclays
HAL,DJ-N,2025-12-17 17:54:00,,DJ-N$1d0639e6,Halliburton Is Maintained at Equal-Weight by Barclays
HAL,DJ-N,2025-12-16 21:34:00,,DJ-N$1d039a00,"Halliburton Co. Stock Falls 4.3%, Underperforms Peers"
HAL,DJ-N,2025-12-12 22:35:00,,DJ-N$1cfc1f7b,Press Release: Halliburton Fourth Quarter 2025 Earnings Conference Call
HAL,DJ-N,2025-12-12 21:51:00,,DJ-N$1cfbf1d6,Halliburton Price Target Raised to $32.00/Share From $24.00 by UBS
HAL,DJ-N,2025-12-12 21:51:00,,DJ-N$1cfbf1d2,Halliburton Is Maintained at Neutral by UBS
HAL,DJ-N,2025-12-11 22:00:00,,DJ-N$1cf90902,Press Release: Voltagrid and Halliburton Make 400 MW Power Commitment to Accelerate Data Center Growth in the Eastern Hemisphere
HAL,DJ-N,2025-12-11 21:37:00,,DJ-N$1cf8f07d,Halliburton Price Target Raised to $33.00/Share From $31.00 by Citigroup
HAL,DJ-N,2025-12-11 21:37:00,,DJ-N$1cf8f07a,Halliburton Is Maintained at Buy by Citigroup
HAL,DJ-N,2025-12-08 19:54:00,,DJ-N$1cefc812,"Chmn Miller Surrenders 20,966 Of Halliburton Co >HAL"
HAL,DJ-N,2025-12-08 19:52:00,,DJ-N$1cefc7f7,"Officer Richard Surrenders 7,383 Of Halliburton Co >HAL"
HAL,DJ-N,2025-12-08 19:52:00,,DJ-N$1cefc7ea,"VP Pope Surrenders 5,840 Of Halliburton Co >HAL"
HAL,DJ-N,2025-12-08 19:49:00,,DJ-N$1cefc761,Treas McKeon Surrenders 658 Of Halliburton Co >HAL
HAL,DJ-N,2025-12-08 19:47:00,,DJ-N$1cefc71e,"VP Beckwith Sells 8,854 Of Halliburton Co >HAL"
HAL,DJ-N,2025-12-08 19:45:00,,DJ-N$1cefc6e1,"CFO Carre Surrenders 5,691 Of Halliburton Co >HAL"
HAL,DJ-N,2025-12-05 15:03:00,,DJ-N$1cea9c1c,"VP Beckwith Registers 8,854 Of Halliburton Co >HAL"
HAL,DJ-N,2025-12-04 12:34:00,,DJ-N$1ce76045,Halliburton Names Shannon Slocum Chief Operating Officer
HAL,DJ-N,2025-12-04 11:32:00,,DJ-N$1ce742cf,"Halliburton Names Rami Yassine President, Eastern Hemisphere >HAL"
HAL,DJ-N,2025-12-04 11:32:00,,DJ-N$1ce742ed,Halliburton Files 8K - Regulation FD >HAL
HAL,DJ-N,2025-12-04 11:32:00,,DJ-N$1ce742eb,"Halliburton Files 8K - Director, Officer or Compensation Filing >HAL"
HAL,DJ-N,2025-12-04 11:30:00,,DJ-N$1ce74111,Press Release: Halliburton Appoints Shannon Slocum as Executive Vice President and Chief Operating Officer
HAL,DJ-N,2025-12-04 11:30:00,,DJ-N$1ce74083,Halliburton Appoints Shannon Slocum As Executive Vice President And Chief Operating Officer >HAL
HAL,DJ-N,2025-12-02 14:07:00,,DJ-N$1ce19c02,Halliburton Files 8K - Regulation FD >HAL
HAL,DJ-N,2025-12-02 14:07:00,,DJ-N$1ce19bfc,"Halliburton Files 8K - Director, Officer or Compensation Filing >HAL"
HAL,DJ-N,2025-12-02 14:05:00,,DJ-N$1ce1997f,Halliburton Names Timothy Leach to Board >HAL
HAL,DJ-N,2025-12-02 14:05:00,,DJ-N$1ce19924,Press Release: Halliburton Appoints Timothy A. Leach to Board of Directors
HAL,DJ-N,2025-11-20 08:00:00,,DJ-N$1cc4f774,"Halliburton Company, Inst Holders, 3Q 2025 (HAL)"
HAL,DJ-N,2025-11-19 22:15:00,,DJ-N$1cc3fc13,Press Release: Halliburton Announces Dividend
HAL,DJ-N,2025-11-13 21:44:00,,DJ-N$1cb55a49,Substantial Insider Sales: Afternoon Report
HAL,DJ-N,2025-11-13 19:15:00,,DJ-N$1cb4fa4d,"Officer Richard Sells 160,000 Of Halliburton Co >HAL"
HAL,DJ-N,2025-11-12 21:34:00,,DJ-N$1cb1c6fc,"Halliburton Co. Stock Slides 4.0%, Underperforms Market"
HAL,DJ-N,2025-11-12 16:06:00,,DJ-N$1cb0f96c,"Officer Richard Registers 160,000 Of Halliburton Co >HAL"
HAL,DJ-N,2025-11-03 22:58:00,,DJ-N$1c97db50,"Correct: Scion Asset Management Also Reports Pfizer Call Options, Halliburton and Molina Healthcare Common Shares"
HAL,DJ-N,2025-11-03 22:57:00,,DJ-N$1c97db07,Correct: Scion Asset Management Reports Put Options in Nvidia and Palantir in 13-F Filing for 3Q
HAL,DJ-N,2025-11-03 22:53:00,,DJ-N$1c97da1f,"Scion Asset Management Also Reports Pfizer Call Options, Halliburton and Molina Healthcare Common Shares"
HAL,DJ-N,2025-11-03 22:51:00,,DJ-N$1c97d9d1,Scion Asset Management Reports Put Options in Nvidia and Palantir in 13-F Filing for 3Q
HAL,DJ-N,2025-11-03 16:23:00,,DJ-N$1c96914c,Halliburton Price Target Announced at $35.00/Share by Rothschild & Co
HAL,DJ-N,2025-11-03 16:23:00,,DJ-N$1c969145,Halliburton Initiated at Buy by Rothschild & Co
HAL,DJ-N,2025-10-30 13:28:00,,DJ-N$1c8da366,Correction to Halliburton Earnings Article on Oct. 21
HAL,DJ-N,2025-10-27 12:00:00,,DJ-N$1c821010,Halliburton Signs Framework Agreement for Umbilical-Less Tubing Hanger Installations >HAL
HAL,DJ-N,2025-10-27 12:00:00,,DJ-N$1c820e42,Press Release: Halliburton Signs Framework Agreement for Umbilical-Less Tubing Hanger Installations
HAL,DJ-N,2025-10-25 01:31:00,,DJ-N$1c7fa290,Research Reports -- Barron's
HAL,DJ-N,2025-10-25 00:02:00,,DJ-N$1c7f81b4,Research Reports -- Barrons.com
HAL,DJ-N,2025-10-23 17:48:00,,DJ-N$1c7bb2cb,Halliburton Price Target Raised to $28.00/Share From $25.00 by Goldman Sachs
HAL,DJ-N,2025-10-23 17:48:00,,DJ-N$1c7bb2c9,Halliburton Is Maintained at Buy by Goldman Sachs
HAL,DJ-N,2025-10-23 12:29:00,,DJ-N$1c7aa4f8,Halliburton Price Target Raised to $25.00/Share From $20.00 by Barclays
PLTR,BRFG,2025-11-04 15:46:58,,BRFG$1c9a8004,Palantir Delivers Blowout Q3; Another Beat-and-Raise Yet Stock Slides on Valuation Concerns
PLTR,BRFG,2025-08-05 14:30:23,,BRFG$1bc0778f,Palantir Technologies continues its remarkable rise following Q2 upside
PLTR,BRFG,2025-02-04 15:41:54,,BRFG$19f6a0f0,Palantir Technologies surges to record highs on another quarter of impressive growth in Q4
PLTR,BRFG,2024-12-09 15:03:43,,BRFG$19755b11,Palantir Technologies pushes to record highs today on further U.S. government demand for AI
PLTR,BRFG,2024-11-05 15:11:45,,BRFG$1923fa13,Palantir Technologies spikes to new all-time highs on accelerating AI-related demand in Q3
PLTR,BRFG,2024-09-09 16:16:05,,BRFG$18969ba4,Palantir Technologies hits best levels since early 2021 following inclusion in S&P 500
PLTR,BRFG,2024-08-06 14:14:15,,BRFG$184128e2,Palantir Technologies delivers beat-and-raise in Q2 as AI demand persists
PLTR,BRFG,2024-05-07 14:29:18,,BRFG$176826a8,Palantir Technologies sinks as upbeat Q1 results fail to meet lofty expectations
PLTR,BRFG,2024-02-06 14:56:58,,BRFG$16953197,Palantir Technologies surges on robust U.S. commercial demand and bullish FY24 sales guidance
PLTR,BRFG,2023-08-08 18:26:03,,BRFG$15185cf2,Palantir Technologies pulls back on a mild Q2 report; still amid a favorable AI tailwind
PLTR,BRFG,2023-02-14 17:02:36,,BRFG$13b734a5,Palantir Technologies gaps higher after achieving GAAP profitability for the first time in Q4
PLTR,DJ-N,2026-01-04 19:46:00,,DJ-N$1d258dd6,"Dow Jones Futures: Markets To React To Trump's Venezuela Action; Nvidia, AMD, Taiwan Semi Due -- IBD"
PLTR,DJ-N,2026-01-04 17:30:00,,DJ-N$1d257da3,"Dow Jones Futures: Markets To React To Trump's Venezuela Action; Nvidia, AMD, Taiwan Semi Due -- IBD"
PLTR,DJ-N,2026-01-04 13:45:00,,DJ-N$1d256d4a,"Dow Jones Futures: How Will Markets React To Trump's Venezuela Action? Nvidia, AMD, Taiwan Semi Due -- IBD"
PLTR,DJ-N,2026-01-04 12:54:00,,DJ-N$1d2568f2,"Dow Jones Futures: How Will Markets React To Trump's Venezuela Action? Nvidia, AMD, Taiwan Semi Due -- IBD"
PLTR,DJ-N,2026-01-04 12:06:00,,DJ-N$1d2562f6,"How Will Dow Jones Futures React To Trump's Venezuela Action? Nvidia, AMD, Taiwan Semi Due -- IBD"
PLTR,DJ-N,2026-01-04 03:57:00,,DJ-N$1d252ea2,"Dow Jones Futures Set To React To Trump's Venezuela Action; Nvidia, AMD, Taiwan Semi Due -- IBD"
PLTR,DJ-N,2026-01-04 02:39:00,,DJ-N$1d252bb2,"Dow Jones Futures: How Will Markets React To Trump's Venezuela Action? Nvidia, AMD, Taiwan Semi Due -- IBD"
PLTR,DJ-N,2026-01-03 20:49:00,,DJ-N$1d251823,"Dow Jones Futures: Trump Says U.S. To 'Run' Venezuela After Capturing Maduro; Nvidia, AMD, Taiwan Semi Due -- IBD"
PLTR,DJ-N,2026-01-03 19:15:00,,DJ-N$1d2510e4,"Dow Jones Futures: Trump Says U.S. To 'Run' Venezuela After Capturing Maduro; Nvidia, AMD, Taiwan Semi Due -- IBD"
PLTR,DJ-N,2026-01-03 19:14:00,,DJ-N$1d2510d8,"Dow Jones Futures: Trump Says U.S. To 'Run' Venezuela After Capturing Maduro; Nvidia, AMD, Taiwan Semi Due -- IBD"
PLTR,DJ-N,2026-01-03 19:05:00,,DJ-N$1d251010,"Dow Jones Futures: Trump Says U.S. To 'Run' Venezuela After Capturing Maduro; Nvidia, AMD, Taiwan Semi Due -- IBD"
PLTR,DJ-N,2026-01-03 18:04:00,,DJ-N$1d250bca,"Dow Jones Futures: Trump Says U.S. To 'Run' Venezuela After Capturing Maduro; Nvidia, AMD, Taiwan Semi Due -- IBD"
PLTR,DJ-N,2026-01-03 17:00:00,,DJ-N$1d2506a8,"Dow Jones Futures: Trump Says U.S. To 'Run' Venezuela After Capturing Maduro; Nvidia, AMD, Taiwan Semi Due -- IBD"
PLTR,DJ-N,2026-01-03 16:30:00,,DJ-N$1d250494,"Dow Jones Futures: Trump Says U.S. Seizes Venezuela's Maduro; Nvidia, AMD, Taiwan Semi Due -- IBD"
PLTR,DJ-N,2026-01-03 14:26:00,,DJ-N$1d24faea,"Dow Jones Futures: Trump Says U.S. Seizes Venezuela's Maduro; Nvidia, AMD, Taiwan Semi Due -- IBD"
PLTR,DJ-N,2026-01-03 14:13:00,,DJ-N$1d24f6d0,"Dow Jones Futures: Trump Says U.S. Seizes Venezuela's Maduro; Nvidia, AMD, Taiwan Semi Due -- IBD"
PLTR,DJ-N,2026-01-03 13:20:00,,DJ-N$1d24f382,"Dow Jones Futures: Trump Says U.S. Seizes Venezuela's Maduro; Nvidia, AMD, Taiwan Semi Due -- IBD"
PLTR,DJ-N,2026-01-03 13:14:00,,DJ-N$1d24f2fb,"Dow Jones Futures: Trump Says U.S. Seizes Venezuela's Maduro; Nvidia, AMD, Taiwan Semi Due -- IBD"
PLTR,DJ-N,2026-01-03 13:12:00,,DJ-N$1d24f2da,"Dow Jones Futures: Nvidia, AMD, Taiwan Semi Due After Tesla, Palantir, AppLovin Trigger Sell Signals -- IBD"
PLTR,DJ-N,2026-01-03 12:37:00,,DJ-N$1d24ef62,"Dow Jones Futures: Nvidia, AMD, Taiwan Semi Due After Tesla, Palantir, AppLovin Trigger Sell Signals -- IBD"
PLTR,DJ-N,2026-01-03 03:55:00,,DJ-N$1d248f4d,"Dow Jones Futures: Nvidia, AMD, Taiwan Semi Due After Tesla, Palantir, AppLovin Trigger Sell Signals -- IBD"
PLTR,DJ-N,2026-01-02 23:05:00,,DJ-N$1d243d04,"Dow Jones Futures: Nvidia, AMD, Taiwan Semi Due After Tesla, Palantir, AppLovin Trigger Sell Signals -- IBD"
PLTR,DJ-N,2026-01-02 21:37:00,,DJ-N$1d240f5b,"Officer Taylor Registers 12,000 Of Palantir Technologies Inc >PLTR"
PLTR,DJ-N,2026-01-02 21:36:00,,DJ-N$1d240f14,"Dir Stat Registers 3,400 Of Palantir Technologies Inc >PLTR"
PLTR,DJ-N,2026-01-02 21:36:00,,DJ-N$1d240ecf,"Dow Jones Futures: Nvidia, AMD, Taiwan Semi Due After Tesla, Palantir, AppLovin Trigger Sell Signals -- IBD"
PLTR,DJ-N,2026-01-02 21:18:00,,DJ-N$1d23fab2,"Dir Moore Registers 40,000 Of Palantir Technologies Inc >PLTR"
PLTR,DJ-N,2026-01-02 13:12:00,,DJ-N$1d231f14,Dow Jones Futures Rise As Santa Joins Rally In 2026; Big Tesla News Due -- IBD
PLTR,DJ-N,2026-01-02 13:10:00,,DJ-N$1d231e63,Dow Jones Futures Rise As Santa Joins Rally In 2026; Big Tesla News Due -- IBD
PLTR,DJ-N,2026-01-02 13:01:00,,DJ-N$1d231a28,Dow Jones Futures Rise As Santa Joins Rally In 2026; Big Tesla News Due -- IBD
PLTR,DJ-N,2026-01-02 12:51:00,,DJ-N$1d2315eb,"For Palantir Stock, Other Winners, Ask Yourself These Two Questions -- IBD"
PLTR,DJ-N,2026-01-02 12:02:00,,DJ-N$1d23038d,Dow Jones Futures Rise As Santa Joins Rally In 2026; Big Tesla News Due -- IBD
PLTR,DJ-N,2026-01-02 11:29:00,,DJ-N$1d22fabd,"Dow Jones Futures Rise, Techs Jump To Kick Off 2026; Big Tesla News Due -- IBD"
PLTR,DJ-N,2026-01-02 07:33:00,,DJ-N$1d22b228,Startups' New Perk: Free Tobacco Pouches -- WSJ
PLTR,DJ-N,2026-01-02 03:46:00,,DJ-N$1d2275d6,Dow Jones Futures Rise To Kick Off 2026; Big Tesla News Due -- IBD
PLTR,DJ-N,2026-01-02 03:00:00,,DJ-N$1d2270d2,"Dow Jones Futures Rise; Market Starts 2026 With Key Test, Big Tesla News -- IBD"
PLTR,DJ-N,2026-01-02 01:07:00,,DJ-N$1d2245fe,"Dow Jones Futures Rise; Market Starts 2026 With Key Test, Big Tesla News -- IBD"
PLTR,DJ-N,2026-01-01 23:38:00,,DJ-N$1d223b10,"Dow Jones Futures Rise; Market Starts 2026 With Key Test, Big Tesla News -- IBD"
PLTR,DJ-N,2026-01-01 23:03:00,,DJ-N$1d22366d,"Dow Jones Futures Rise; Market Starts 2026 With Key Test, Big Tesla News -- IBD"
PLTR,DJ-N,2026-01-01 20:41:00,,DJ-N$1d222ddc,"Dow Jones Futures Loom; Market Starts 2026 With Key Test, Tesla Deliveries -- IBD"
PLTR,DJ-N,2026-01-01 18:51:00,,DJ-N$1d222784,"Dow Jones Futures: Market To Start 2026 With Key Test; Tesla Deliveries, Musk Deadline In Focus -- IBD"
PLTR,DJ-N,2026-01-01 15:42:00,,DJ-N$1d22149f,"Dow Jones Futures: Market Shut, Faces Test To Start 2026; Tesla Deliveries, Musk Deadline In Focus -- IBD"
PLTR,DJ-N,2026-01-01 13:36:00,,DJ-N$1d2206e7,"Dow Jones Futures: Market Shut, Faces Test To Start 2026; Tesla Deliveries, Musk Deadline In Focus -- IBD"
PLTR,DJ-N,2026-01-01 12:52:00,,DJ-N$1d220290,"Dow Jones, Stock Market Fall To Key Levels To End 2025; Tesla, Palantir, Nvidia Chipmaker In Focus -- IBD"
PLTR,DJ-N,2026-01-01 02:57:00,,DJ-N$1d21a30d,"Dow Jones, Stock Market Fall To Key Levels To End 2025; Tesla, Palantir, Nvidia Chipmaker In Focus -- IBD"
PLTR,DJ-N,2026-01-01 01:07:00,,DJ-N$1d2177da,"Dow Jones, Stock Market Fall To Key Levels To End 2025; Tesla, Palantir, Nvidia Chipmaker In Focus -- IBD"
PLTR,DJ-N,2025-12-31 22:01:00,,DJ-N$1d216005,"Dow Jones Futures: Market Tests Key Levels To End 2025; Tesla, Palantir, Nvidia Chipmaker In Focus -- IBD"
PLTR,DJ-N,2025-12-31 07:33:00,,DJ-N$1d1fe478,Stocks Defy Tariff Jitters in '25 -- WSJ
PLTR,DJ-N,2025-12-31 03:56:00,,DJ-N$1d1f933f,Tech Startups Are Handing Out Free Nicotine Pouches to Boost Productivity -- WSJ
PLTR,DJ-N,2025-12-31 01:00:00,,DJ-N$1d1f430b,Tech Startups Are Handing Out Free Nicotine Pouches to Boost Productivity -- WSJ
PLTR,DJ-N,2025-12-30 21:54:00,,DJ-N$1d1f0a7f,U.S. Stocks Defy 'Sell America' Warnings and Is Ending 2025 Near Record High -- WSJ
BITO,DJ-N,2025-10-27 20:54:00,,DJ-N$1c83e2ae,ProShares Surpasses $100B in Assets Under Management
BITO,DJ-N,2025-10-27 20:51:00,,DJ-N$1c83e014,Press Release: ProShares Surpasses $100 Billion in Assets Under Management
INTC,BRFG,2025-12-15 15:02:42,,BRFG$1cffc2e3,Intel reportedly in talks to acquire AI chip startup SambaNova in push for AI relevance
INTC,BRFG,2025-11-28 16:24:34,,BRFG$1cda3d41,"Intel soars as Apple tests 18A node for M-series chips, signaling major Foundry breakthrough"
INTC,BRFG,2025-10-24 14:08:05,,BRFG$1c7e9c3f,Intel delivers surprise Q3 profit as AI demand lifts core x86 business and PC sales
INTC,BRFG,2025-09-18 14:08:24,,BRFG$1c2a9f01,Intel soars as NVIDIA invests $5 bln in game-changing AI and PC chip partnership
INTC,BRFG,2025-09-15 16:19:27,,BRFG$1c22d17a,Intel trims FY25 expense forecast after Altera sale amid restructuring push
INTC,BRFG,2025-08-15 15:34:04,,BRFG$1bddc045,"Intel and potential U.S. government stake: A strategic lifeline amid deep, ongoing challenges"
INTC,BRFG,2025-07-25 13:40:05,,BRFG$1ba4cad4,Intel plunges as Q2 earnings report reveals deepening Foundry struggles and margin collapse
INTC,BRFG,2025-07-02 15:23:17,,BRFG$1b6fc9e1,"Intel dives on report of chip maker possibly scrapping 18A process, clouding turnaround plan"
INTC,BRFG,2025-05-20 16:22:07,,BRFG$1b0baa24,Intel doubling down on core chip strategy with potential Network and Edge unit sale
INTC,BRFG,2025-04-25 16:59:14,,BRFG$1aca5326,"Intel tops Q1 estimates but warns of weak Q2 as fierce competition, macro pressures persist"
INTC,BRFG,2025-04-14 14:52:36,,BRFG$1aaadadd,"Intel divests majority stake in Altera, providing some needed financial relief"
INTC,BRFG,2025-03-17 15:35:09,,BRFG$1a5fd540,"Intel's new CEO-fueled comeback gains steam as it eyes new AI strategy, manufacturing changes"
INTC,BRFG,2025-03-13 14:39:32,,BRFG$1a5835b8,"Intels CEO appointment renews turnaround hopes, sparking huge rally for shares"
INTC,BRFG,2025-01-31 16:04:04,,BRFG$19eed086,"Intel beats muted Q4 expectations, but underlying story remains the same"
INTC,BRFG,2024-12-02 16:59:42,,BRFG$19655017,Intel jumps after CEO Pat Gelsinger announces retirement; interim co-CEOs to take charge
INTC,BRFG,2024-11-25 15:38:34,,BRFG$195688e6,"Intel's federal grant cut, but other transactions may more than make up the difference"
INTC,BRFG,2024-11-01 16:14:23,,BRFG$191c4b6c,Intel springs higher as its aggressive cost-reduction efforts begin to take shape in Q3
INTC,BRFG,2024-09-23 14:29:42,,BRFG$18b69958,"Intel's rebound continues following Qualcomm takeover report, but odds of a deal are slim"
INTC,BRFG,2024-09-17 14:56:23,,BRFG$18a910c2,Intel turns gloom-and-doom for Foundry unit into some hope after flurry of announcements
INTC,BRFG,2024-09-16 14:51:56,,BRFG$18a61c95,Intel receives some much-needed good news as it reportedly wins new military contract
INTC,BRFG,2024-09-03 14:07:01,,BRFG$18872218,Intel erasing last week's gains after cost-cutting plan reportedly excludes Foundry spin-off
INTC,BRFG,2024-08-30 17:27:26,,BRFG$18810310,Intel reportedly considering splitting off Foundry segment as company's turnaround flounders
INTC,BRFG,2024-08-26 17:24:07,,BRFG$1874091f,Intel sinks lower again as it reportedly prepares for activist investors to come knocking
INTC,BRFG,2024-08-02 14:31:27,,BRFG$183763c0,Intel crashes as dismal Q2 earnings report dashes any hope of near-term turnaround
INTC,BRFG,2024-05-13 14:45:25,,BRFG$1779af30,Intel's foundry ambitions receive a boost with reported Apollo Global Management partnership
INTC,BRFG,2024-04-26 16:53:07,,BRFG$174ef382,Intel's Q1 earnings report only raises more doubts about its turnaround prospects
INTC,BRFG,2024-04-03 14:53:00,,BRFG$1714bf72,Intel's transformation plan encounters more scrutiny as Foundry losses pile up
INTC,BRFG,2024-03-13 14:20:30,,BRFG$16e5c3fe,Intel slips after the Pentagon reportedly pulls out of its $2.5 bln chip grant
INTC,BRFG,2024-02-02 18:08:24,,BRFG$168e8f73,Intel's plan to delay plant construction chips away at confidence after rough Q1 guidance
INTC,BRFG,2024-01-26 15:27:39,,BRFG$167ebc3b,Intel powering down as bleak guidance puts spotlight on a more limited AI growth opportunity
INTC,BRFG,2023-10-27 14:28:52,,BRFG$15c20453,Intel launches higher as beat-and-raise report turns more doubters into believers
INTC,BRFG,2023-10-04 15:15:36,,BRFG$159029e7,Intel's transformation takes next big step with spin-off of Programmable Solutions Group
INTC,BRFG,2023-07-28 14:03:57,,BRFG$15000a05,Intel's turnaround hopes becoming a reality as PC market turns a corner
INTC,BRFG,2023-06-13 17:00:26,,BRFG$14a3e979,"Intel reportedly considers large investment in Arm's IPO, giving its AI ambitions a boost"
INTC,BRFG,2023-04-28 14:44:20,,BRFG$14541385,"Intel's results still not much to look at, but signs of a bottoming out enough to spark rally"
INTC,BRFG,2023-02-22 15:07:11,,BRFG$13c82bed,"Intel chips away at cash preservation needs via dividend cut, putting expected move behind it"
INTC,BRFG,2023-01-27 16:26:45,,BRFG$1391ddd2,Intel misses the mark pretty significantly with Q4 results and Q1 guidance
INTC,DJ-N,2026-01-02 21:33:00,,DJ-N$1d240a6f,"Intel Corp. Stock Rises 6.7%, Outperforms Peers"
INTC,DJ-N,2026-01-02 15:05:00,,DJ-N$1d234bf2,"Nvidia, AMD, and Broadcom Are Facing Off. How the 2026 AI Chips Battle Is Shaping Up. -- Barrons.com"
INTC,DJ-N,2026-01-02 12:14:00,,DJ-N$1d2307f0,"Nvidia, AMD and Broadcom Are Facing Off. How the 2026 AI Chips Battle Is Shaping Up. -- Barrons.com"
INTC,DJ-N,2025-12-30 21:35:00,,DJ-N$1d1ef817,"Intel Corp. Stock Rises 1.7%, Outperforms Peers"
INTC,DJ-N,2025-12-29 15:17:00,,DJ-N$1d1b5397,Nvidia Closes $5 Billion Purchase of Intel Shares -- Barrons.com
INTC,DJ-N,2025-12-29 11:17:00,,DJ-N$1d1ae11c,Intel Files 8K - Unregistered Equity Sales >INTC
INTC,DJ-N,2025-12-24 15:23:00,,DJ-N$1d156a6a,"Nvidia Tested Intel Production Technology But Stopped Moving Forward, Sources Tell Reuters"
INTC,DJ-N,2025-12-24 15:05:00,,DJ-N$1d1557ff,Intel Stock Drops. Blame Nvidia. -- Barrons.com
INTC,DJ-N,2025-12-24 12:31:00,,DJ-N$1d152780,"S&P 500 Futures Flat In Premarket Trading; United Therapeutics, Intel Lag"
INTC,DJ-N,2025-12-24 12:18:00,,DJ-N$1d152240,Intel Stock Drops. Blame Nvidia. -- Barrons.com
INTC,DJ-N,2025-12-12 23:49:00,,DJ-N$1cfc4c91,"Intel in Talks to Acquire SambaNova in Deal Valued at $1.6B, Bloomberg Reports, Citing Sources"
INTC,DJ-N,2025-12-12 07:32:00,,DJ-N$1cfa074a,Nvidia Takes Top Spot in the List of Best-Managed -2-
INTC,DJ-N,2025-12-12 07:32:00,,DJ-N$1cfa0747,Nvidia Takes Top Spot in the List of Best-Managed Companies of 2025 -- WSJ
INTC,DJ-N,2025-12-10 17:01:00,,DJ-N$1cf596b7,Intel Gets Around $163 Million Trimmed From EU Antitrust Fine -- Update
INTC,DJ-N,2025-12-10 10:49:00,,DJ-N$1cf48751,Intel Gets Around $163 Million Trimmed From EU Antitrust Fine
INTC,DJ-N,2025-12-10 08:43:00,,DJ-N$1cf44d66,"Microsoft, Amazon Bet Billions on India -- Update"
INTC,DJ-N,2025-12-09 21:43:00,,DJ-N$1cf31050,What Trump's China Chip Deal Means For Nvidia Stock -- IBD
INTC,DJ-N,2025-12-09 20:54:00,,DJ-N$1cf2d319,Intel Price Target Announced at $52.00/Share by KGI Securities
INTC,DJ-N,2025-12-09 20:54:00,,DJ-N$1cf2d317,Intel Raised to Outperform From Hold by KGI Securities
INTC,DJ-N,2025-12-09 15:19:00,,DJ-N$1cf21fc0,"These Stocks Are Moving the Most Today: Nvidia, AMD, CVS Health, Ares, Toll Brothers, SailPoint, Home Depot, and More -- Barrons.com"
INTC,DJ-N,2025-12-09 15:19:00,,DJ-N$1cf21f92,What Trump's China Chip Deal Means For Nvidia Stock -- IBD
INTC,DJ-N,2025-12-09 15:02:00,,DJ-N$1cf20cc9,Nvidia Has Permission to Sell H200 Chips to China. Why It Might Not Matter Much for the Stock. -- Barrons.com
INTC,DJ-N,2025-12-09 12:14:00,,DJ-N$1cf1a727,Nvidia Rises As Trump OKs H200 AI Chip Sales In China -- IBD
INTC,DJ-N,2025-12-09 11:01:00,,DJ-N$1cf1805d,"These Stocks Are Moving the Most Today: Nvidia, AMD, Ares, Toll Brothers, Alexander & Baldwin, and More -- Barrons.com"
INTC,DJ-N,2025-12-08 22:25:00,,DJ-N$1cf02d9b,Nvidia Rises As Trump OKs H200 AI Chip Sales In China -- IBD
INTC,DJ-N,2025-12-08 22:10:00,,DJ-N$1cf0248d,Nvidia Rises As Trump OKs H200 AI Chip Sales In China -- IBD
INTC,DJ-N,2025-12-08 18:03:00,,DJ-N$1cef795c,"Analysts' 'AI Loser' List Points To Risks For Uber, Adobe, Intel And These Tech Players -- IBD"
INTC,DJ-N,2025-12-08 14:03:00,,DJ-N$1cee9994,Nvidia Takes Top Spot in the List of Best-Managed -2-
INTC,DJ-N,2025-12-08 14:03:00,,DJ-N$1cee9993,Nvidia Takes Top Spot in the List of Best-Managed Companies of 2025 -- Journal Report
INTC,DJ-N,2025-12-06 02:30:00,,DJ-N$1cec0d3c,Up & Down Wall Street: 'Tis the Season for -2-
INTC,DJ-N,2025-12-06 02:30:00,,DJ-N$1cec0d3b,Up & Down Wall Street: 'Tis the Season for Predictions. Why It Pays to Be Skeptical. -- Barron's
INTC,DJ-N,2025-12-05 20:28:00,,DJ-N$1ceb4f3a,'Tis the Season for Economic Predictions. -2-
INTC,DJ-N,2025-12-05 20:28:00,,DJ-N$1ceb4f39,'Tis the Season for Economic Predictions. Skepticism Pays. -- Barrons.com
INTC,DJ-N,2025-12-04 21:33:00,,DJ-N$1ce8b318,"Intel Corp. Stock Falls 7.4%, Underperforms Peers"
INTC,DJ-N,2025-12-04 20:13:00,,DJ-N$1ce87938,Intel's Turnaround Earns Our 1st 'Chart of the Week' Spotlight -- Barrons.com
INTC,DJ-N,2025-12-03 21:17:00,,DJ-N$1ce5aeeb,"VP Gawel Acquires 6,202 Of Intel Corp >INTC"
INTC,DJ-N,2025-12-03 19:16:00,,DJ-N$1ce57e0c,"The 12 Best Stocks of 2025, Plus 3 That Could Run Into Trouble -- Barrons.com"
INTC,DJ-N,2025-12-02 21:33:00,,DJ-N$1ce2cf16,"Intel Corp. Stock Rallies 8.6%, Outperforms Peers"
INTC,DJ-N,2025-12-02 16:17:00,,DJ-N$1ce20e01,"Intel Up Over 7%, Best Performer in the Nasdaq 100 So Far Today -- Data Talk"
INTC,DJ-N,2025-12-02 04:42:00,,DJ-N$1ce07881,Intel Plans Over $200 Million Chip Investment in Malaysia
INTC,DJ-N,2025-11-28 21:33:00,,DJ-N$1cdaabea,"Intel Corp. Stock Rises 10.2%, Outperforms Peers"
INTC,DJ-N,2025-11-28 07:33:00,,DJ-N$1cd8e0cd,Intel Executive's Residences Raided in Probe Over Secrets -- WSJ
INTC,DJ-N,2025-11-27 11:53:00,,DJ-N$1cd7423d,Intel Executive's Home Raided in Taiwan Criminal Probe Over National Secrets -- Update
INTC,DJ-N,2025-11-27 04:19:00,,DJ-N$1cd67770,Intel Sees No Merit to Allegations of Suspected Trade Secret Leaks by Ex-TSMC Exec
INTC,DJ-N,2025-11-26 18:33:00,,DJ-N$1cd581c8,"TSMC Sues Ex-Executive, Now at Intel. Trade Secrets Are Why. -- Barrons.com"
INTC,DJ-N,2025-11-25 16:34:00,,DJ-N$1cd22338,"TSMC Sues Ex-Executive, Now at Intel. Trade Secrets Are Why. -- Barrons.com"
INTC,DJ-N,2025-11-25 16:19:00,,DJ-N$1cd2117e,"TSMC Sues Ex-Executive, Now at Intel. Trade Secrets Are Why. -- Barrons.com"
INTC,DJ-N,2025-11-25 10:22:00,,DJ-N$1cd12a14,"Stocks to Watch Tuesday: Alphabet, Nvidia, Alibaba, Zoom -- WSJ"
INTC,DJ-N,2025-11-21 10:59:00,,DJ-N$1cc9843a,"These Stocks Are Moving the Most Today: Nvidia, Intel, TSMC, Intuit, Strategy, Elastic, and More -- Barrons.com"
INTC,DJ-N,2025-11-20 08:08:00,,DJ-N$1cc4fc24,"Intel Corporation, Inst Holders, 3Q 2025 (INTC)"
TSLA,BRFG,2026-01-02 15:04:55,,BRFG$1d23b6be,Tesla shrugs off Q4 delivery miss as investors pivot to AI and robotics future
TSLA,BRFG,2025-12-01 15:03:51,,BRFG$1cde9cfb,Tesla's registrations plunge across Europe as EV maker remains stuck in between growth cycles
TSLA,BRFG,2025-11-07 16:10:58,,BRFG$1ca558e0,"Tesla shareholders back Musk pay plan, clearing path for bold AI and robotics pivot"
TSLA,BRFG,2025-10-23 14:06:53,,BRFG$1c7b8090,"Tesla misses on EPS again as lower ASPs, tariff pressures, and higher AI spending hit profits"
TSLA,BRFG,2025-10-02 14:19:54,,BRFG$1c4c428a,"Tesla cruises past Q3 delivery estimates, but tax credit pull-forward clouds Q4 outlook"
TSLA,BRFG,2025-09-15 14:03:38,,BRFG$1c223a63,Tesla's Musk makes bold $1 bln stock bet amid EV headwinds and AI ambitions
TSLA,BRFG,2025-07-24 14:20:22,,BRFG$1ba24c02,Tesla's better-than-feared Q2 results overshadowed by Musk's cautious outlook
TSLA,BRFG,2025-07-01 14:10:42,,BRFG$1b6cdf7d,Tesla shares slide as Trump targets Musk's EV subsidies in public spat
TSLA,BRFG,2025-06-02 16:07:58,,BRFG$1b296338,"Tesla grapples with sharp European sales drop, pins hopes on Robotaxi and updated Model Y"
TSLA,BRFG,2025-05-14 14:30:44,,BRFG$1afcaf9d,"Tesla to ship Chinese parts for Cybercab and Semi, Board eyes new pay deal for Musk"
TSLA,BRFG,2025-04-23 14:39:30,,BRFG$1ac17355,"Tesla posts weak Q1 results, but shares rise on hopes for Cybercab and new vehicle launches"
TSLA,BRFG,2025-04-21 14:37:06,,BRFG$1abab206,Tesla's growth outlook dims again as rollout of low-cost Model Y slips to late 2025 or beyond
TSLA,BRFG,2025-04-02 15:42:10,,BRFG$1a8bcfa3,Tesla turns positive as weak Q1 deliveries priced in; CEO stepping away from governing roles
TSLA,BRFG,2025-03-25 14:32:23,,BRFG$1a753ca7,Tesla ticks lower as European sales plunge and rivals leap ahead; shares may be bottoming
TSLA,BRFG,2025-03-10 14:53:53,,BRFG$1a4ea1f8,Tesla running out of exits as sales slump spreads around the world
TSLA,BRFG,2025-01-30 16:04:37,,BRFG$19eba545,"Tesla's EV business shifts into reverse as its misses Q4 estimates, but focus turns to FY26"
TSLA,BRFG,2025-01-02 16:12:23,,BRFG$19a9d62e,Tesla's U-turn continues into 2025 after reporting disappointing Q4 deliveries
TSLA,BRFG,2024-11-18 15:45:21,,BRFG$19470fc9,Tesla speeds higher as incoming Trump Administration reportedly set to prioritize AVs
TSLA,BRFG,2024-10-24 14:47:42,,BRFG$19045bd5,Tesla puts a charge into its stock by delivering much improved Q3 results
TSLA,BRFG,2024-10-11 16:21:38,,BRFG$18e60bd2,Tesla endures a sell-the-news response following the unveiling of its Cybercab
TSLA,BRFG,2024-10-10 14:22:15,,BRFG$18e2b3a5,Tesla moving lower ahead of its RoboTaxi unveiling tonight; roadblocks still stand in its way
TSLA,BRFG,2024-09-03 15:15:29,,BRFG$1887220f,"Tesla's sales in China receive a needed jolt, while Robotaxi unveiling goes Hollywood"
TSLA,BRFG,2024-07-24 14:59:44,,BRFG$181c6005,Tesla skidding lower as eroding margins lead to fourth consecutive earnings miss
TSLA,BRFG,2024-07-02 15:04:04,,BRFG$17ec699f,Tesla speeding to multi-month highs as Q2 deliveries exceed expectations
TSLA,BRFG,2024-06-25 14:23:56,,BRFG$17dc0a2b,"Tesla's Cybertruck dented by another recall, but rebound in China provides stock with a spark"
TSLA,BRFG,2024-06-10 16:45:10,,BRFG$17bbeece,Tesla shares could be in for a bumpy ride this week ahead of vote on Elon Musk's pay package
TSLA,BRFG,2024-04-29 15:09:07,,BRFG$1755c865,Tesla executing sharp U-turn as growth prospects suddenly brighten
TSLA,BRFG,2024-04-24 13:59:08,,BRFG$174440fe,Tesla puts bleak Q1 results in rearview mirror by accelerating timeline for affordable EVs
TSLA,BRFG,2024-04-15 14:54:47,,BRFG$172d8877,Tesla heads in reverse after reports of sizable round of job cuts and more Cybertruck issues
TSLA,BRFG,2024-04-05 17:02:21,,BRFG$171aacb0,"Tesla falls on report that it's scrapping plans for mass market EV, but losses trimmed"
TSLA,BRFG,2024-04-02 17:02:20,,BRFG$17122784,Tesla's disappointing Q1 deliveries put growth concerns back under the spotlight
TSLA,BRFG,2024-03-04 17:08:54,,BRFG$16d0e9b4,Tesla's weak China shipments triggering significant selling pressure today
TSLA,BRFG,2024-01-25 15:29:37,,BRFG$167bcccd,Tesla shareholders turning onto the exit ramp as growth reaches major speedbump in 2024
TSLA,BRFG,2023-12-28 15:18:42,,BRFG$16451b14,Tesla stuck in neutral today after reports that the company could launch in India next month
TSLA,BRFG,2023-12-13 15:16:49,,BRFG$162a367c,"Tesla recalls two million vehicles, but losing tax credit on Model 3s has bigger implications"
TSLA,BRFG,2023-12-01 17:08:36,,BRFG$1613353d,Tesla Cybertruck launch event fails to put a charge into shares; margins remain in spotlight
TSLA,BRFG,2023-10-19 14:39:15,,BRFG$15af2ee5,Tesla's results take a wrong turn as price cuts and ramping investments cut into its profits
TSLA,BRFG,2023-10-02 17:11:31,,BRFG$158bd59a,"Tesla's Q3 production miss is shrugged off, but a possible Cybertruck delay could disappoint"
TSLA,BRFG,2023-09-11 16:34:08,,BRFG$156168b8,"Tesla receives a jolt on Morgan Stanley upgrade, putting FSD technology in the spotlight"
TSLA,BRFG,2023-08-14 16:06:07,,BRFG$152551d7,Tesla encounters a speed bump today after reportedly implementing further price cuts in China
TSLA,BRFG,2023-07-20 14:16:41,,BRFG$14ed7b71,"Tesla fails to steer around margin concerns in Q2, sending shares in reverse"
TSLA,BRFG,2023-07-17 15:01:35,,BRFG$14e570cb,Tesla receives another jolt after announcing initial Cybertruck production
TSLA,BRFG,2023-07-03 14:17:16,,BRFG$14c8b631,"Tesla's record deliveries in Q2, helped by price cuts and healthy demand, spark a nice gap up"
TSLA,BRFG,2023-06-09 14:24:11,,BRFG$149dc8bd,Tesla amped up again after General Motors partners with company to access its Superchargers
TSLA,BRFG,2023-04-20 14:30:37,,BRFG$143fc7a8,"Tesla's aggressive price cuts put major dent in margins, sending stock in reverse"
TSLA,BRFG,2023-04-03 14:13:08,,BRFG$141cfa4c,Tesla in reverse as investors lock in gains following solid Q1 production and delivery report
TSLA,BRFG,2023-03-06 15:40:25,,BRFG$13e1328a,Tesla looks to put another charge into demand with another round of price cuts
TSLA,BRFG,2023-01-26 15:19:14,,BRFG$138f5087,"Tesla's price cuts putting a charge into January orders, easing widespread demand concerns"
TSLA,BRFG,2023-01-06 15:25:08,,BRFG$136acf0d,"Tesla steps on the accelerator with its price cuts in China, sending shares in reverse"
TSLA,DJ-N,2026-01-05 07:32:00,,DJ-N$1d260e0c,Musk's Surreal Year Could Make Him Founding Member of Trillionaire Club -- WSJ
TSLA,DJ-N,2026-01-04 10:30:00,,DJ-N$1d255916,"Simulation or Not, Musk's Surreal Year Could Push Him to $1 Trillion Heights -- WSJ"
TSLA,DJ-N,2026-01-03 02:30:00,,DJ-N$1d24643c,Review -- Barron's
TSLA,DJ-N,2026-01-03 02:30:00,,DJ-N$1d2463a2,Cathie Wood's ARK Funds Outrun the Market -- Barron's
TSLA,DJ-N,2026-01-03 02:30:00,,DJ-N$1d246398,The Trader: This Could Be the Calm Before the January Storm -- Barron's
TSLA,DJ-N,2026-01-03 02:00:00,,DJ-N$1d244b69,Inside Elon Musk's Optimus Robot Project -- WSJ
TSLA,DJ-N,2026-01-02 22:20:00,,DJ-N$1d2436f5,"The Score: Lululemon, Tesla, Delta, Nike and More Stocks That Defined the Week -- WSJ"
TSLA,DJ-N,2026-01-02 22:13:00,,DJ-N$1d243426,Tesla Seen As Quiet on Artificial-Intelligence Efforts -- Market Talk
TSLA,DJ-N,2026-01-02 21:54:00,,DJ-N$1d2420de,Tesla Sales Drop for Second Year in a Row -- 6th Update
TSLA,DJ-N,2026-01-02 21:51:00,,DJ-N$1d241e56,"Holder JRM REVOC TR James Murdoch Ttee Registers 60,000 Of Tesla Inc >TSLA"
TSLA,DJ-N,2026-01-02 21:20:00,,DJ-N$1d23fb7c,"These Stocks Moved the Most Today: Tesla, Baidu, Western Digital, Micron, RH, Vertiv, Sable Offshore, AppLovin, and More -- Barrons.com"
TSLA,DJ-N,2026-01-02 21:19:00,,DJ-N$1d23fb5a,Rivian Stock Falls After Drop in Deliveries. 2026 Is What Really Matters. -- Barrons.com
TSLA,DJ-N,2026-01-02 21:07:00,,DJ-N$1d23eda8,Tesla Stock Pops and Drops After Fourth-Quarter Deliveries. -- Barrons.com
TSLA,DJ-N,2026-01-02 19:35:00,,DJ-N$1d23d1c9,"These Stocks Are Moving the Most Today: Tesla, Baidu, Western Digital, Micron, RH, Vertiv, Sable Offshore, AppLovin, and More -- Barrons.com"
TSLA,DJ-N,2026-01-02 19:32:00,,DJ-N$1d23d0ff,"Tesla Currently Down Seven Consecutive Days, On Pace for Longest Losing Streak Since April 2024 -- Data Talk"
TSLA,DJ-N,2026-01-02 18:28:00,,DJ-N$1d23c7dc,Tesla Sales Drop for Second Year in a Row -- 5th Update
TSLA,DJ-N,2026-01-02 18:19:00,,DJ-N$1d23c535,The Market Was Calm to End 2025. January Will Bring a Rude Awakening. -- Barrons.com
TSLA,DJ-N,2026-01-02 17:44:00,,DJ-N$1d23bec5,Tesla Sales Drop for Second Year in a Row -- 4th Update
TSLA,DJ-N,2026-01-02 17:42:00,,DJ-N$1d23be86,Tesla Price Target Cut to $439.00/Share From $444.00 by Truist Securities
TSLA,DJ-N,2026-01-02 17:42:00,,DJ-N$1d23be81,Tesla Is Maintained at Hold by Truist Securities
TSLA,DJ-N,2026-01-02 17:37:00,,DJ-N$1d23bdaa,"These Stocks Are Moving the Most Today: Tesla, Baidu, Western Digital, Micron, RH, Vertiv, Sable Offshore, AppLovin, and More -- Barrons.com"
TSLA,DJ-N,2026-01-02 17:35:00,,DJ-N$1d23bce2,Rivian Stock Falls After Drop in Deliveries. 2026 Is What Really Matters. -- Barrons.com
TSLA,DJ-N,2026-01-02 17:07:00,,DJ-N$1d23b6f6,"These Stocks Are Moving the Most Today: Tesla, Baidu, Western Digital, Micron, RH, Vertiv, Sable Offshore, AppLovin, and More -- Barrons.com"
TSLA,DJ-N,2026-01-02 16:18:00,,DJ-N$1d239580,Tesla Dethroned as World's Largest EV Maker -- Market Talk
TSLA,DJ-N,2026-01-02 16:16:00,,DJ-N$1d239500,Tesla Stock Pops and Drops After Fourth-Quarter Deliveries. -- Barrons.com
TSLA,DJ-N,2026-01-02 15:17:00,,DJ-N$1d235815,"Tesla Expected to Make Its Switch to Robotics, AI in 2026 -- Market Talk"
TSLA,DJ-N,2026-01-02 15:03:00,,DJ-N$1d2349c5,"These Stocks Are Moving the Most Today: Tesla, Baidu, Western Digital, Micron, RH, Vertiv, Sable Offshore, and More -- Barrons.com"
TSLA,DJ-N,2026-01-02 14:56:00,,DJ-N$1d23472c,Tesla's Sales Drop Was Better Than Feared -- Market Talk
TSLA,DJ-N,2026-01-02 14:54:00,,DJ-N$1d2346e5,Tesla Sales Drop for Second Year in a Row -- 3rd Update
TSLA,DJ-N,2026-01-02 14:46:00,,DJ-N$1d234540,Tesla Stock Rises. Fourth-Quarter Deliveries Drop. -- Barrons.com
TSLA,DJ-N,2026-01-02 14:34:00,,DJ-N$1d234096,Tesla Sales Drop for Second Year in a Row -- 2nd Update
TSLA,DJ-N,2026-01-02 14:21:00,,DJ-N$1d233caa,Tesla Sales Drop for Second Year in a Row -- Update
TSLA,DJ-N,2026-01-02 14:21:00,,DJ-N$1d233caf,"Press Release: Tesla Fourth Quarter 2025 Production, Deliveries & Deployments"
TSLA,DJ-N,2026-01-02 14:20:00,,DJ-N$1d233b63,Tesla Files 8K - Operations And Financial Condition >TSLA
TSLA,DJ-N,2026-01-02 14:17:00,,DJ-N$1d2338ee,Tesla's 4Q Sales Fall
TSLA,DJ-N,2026-01-02 14:12:00,,DJ-N$1d2332fc,Tesla Sales Drop for Second Year in a Row -- WSJ
TSLA,DJ-N,2026-01-02 14:11:00,,DJ-N$1d233245,BYD Takes EV Crown From Tesla. What It Means for the Stock. -- Barrons.com
TSLA,DJ-N,2026-01-02 14:10:00,,DJ-N$1d233195,Tesla Stock Rises. Fourth-Quarter Deliveries Drop. -- Barrons.com
TSLA,DJ-N,2026-01-02 14:05:00,,DJ-N$1d232b3a,"!* Tesla: Produced 1,600,767 Model 3/Y in 2025 >TSLA"
TSLA,DJ-N,2026-01-02 14:04:00,,DJ-N$1d232af2,"!* Tesla: Delivered 1,585,279 Model 3/Y in 2025 >TSLA"
TSLA,DJ-N,2026-01-02 14:04:00,,DJ-N$1d232a89,"!* Tesla Produced 422,652 Model 3/Y in 4Q >TSLA"
TSLA,DJ-N,2026-01-02 14:04:00,,DJ-N$1d232a82,"!* Tesla Delivered 406,585 Model 3/Y in 4Q >TSLA"
TSLA,DJ-N,2026-01-02 14:03:00,,DJ-N$1d232a5f,!* Tesla Deployed 14.2 GWh of Energy Storage Products in 4Q >TSLA
TSLA,DJ-N,2026-01-02 14:03:00,,DJ-N$1d232a5e,"!* Tesla Delivered More Than 418,000 Vehicles in 4Q >TSLA"
TSLA,DJ-N,2026-01-02 14:03:00,,DJ-N$1d232a55,"!* Tesla: Produced More Than 434,000 Vehicles in 4Q >TSLA"
TSLA,DJ-N,2026-01-02 13:06:00,,DJ-N$1d231d65,BYD Set to Dethrone Tesla as World's Biggest EV Maker -- WSJ
TSLA,DJ-N,2026-01-02 12:52:00,,DJ-N$1d231624,Tesla Stock Rises. Fourth-Quarter Deliveries Are Expected to Drop. -- Barrons.com
TSLA,DJ-N,2026-01-02 11:14:00,,DJ-N$1d22f776,"These Stocks Are Moving the Most Today: Tesla, NIO, Baidu, Western Digital, Micron, Newmont, RH, and More -- Barrons.com"
TSLA,DJ-N,2026-01-02 11:07:00,,DJ-N$1d22f553,Tesla Gains Premarket ahead of Sales Release -- Market Talk
TSLA,DJ-N,2026-01-02 10:27:00,,DJ-N$1d22eb6a,"These Stocks Are Moving the Most Today: Tesla, NIO, Baidu, Western Digital, Newmont, RH, and More -- Barrons.com"
SPY,BRFG,2025-07-08 15:39:41,,BRFG$1b7b8306,Kick off your portfolio as the FIFA Club World Cup heads into its final week
SPY,BRFG,2024-11-06 15:14:04,,BRFG$192741e8,Trump Trade: We take a look at which areas should benefit and which areas should get hurt
SPY,DJ-N,2026-01-02 21:36:00,,DJ-N$1d240ea5,SPY ETF Gains 0.2%
SPY,DJ-N,2025-12-31 21:36:00,,DJ-N$1d215bfb,SPY ETF Falls 0.7%
SPY,DJ-N,2025-12-30 21:36:00,,DJ-N$1d1ef957,SPY ETF Declines 0.1%
SPY,DJ-N,2025-12-29 21:36:00,,DJ-N$1d1c3d36,"SPY ETF Falls 0.4%, Underperforms Underlying Index"
SPY,DJ-N,2025-12-26 21:36:00,,DJ-N$1d18abe6,SPY ETF Closes Flat
SPY,DJ-N,2025-12-24 21:36:00,,DJ-N$1d161714,"SPY ETF Gains 0.4%, Outperforms Underlying Index"
SPY,DJ-N,2025-12-23 21:36:00,,DJ-N$1d13d2d4,SPY ETF Rises 0.5%
SPY,DJ-N,2025-12-22 21:36:00,,DJ-N$1d10f611,SPY ETF Climbs 0.6%
SPY,DJ-N,2025-12-19 21:36:00,,DJ-N$1d0c8f3e,SPY ETF Gains 0.9%
SPY,DJ-N,2025-12-18 21:36:00,,DJ-N$1d0998ee,SPY ETF Climbs 0.8%
SPY,DJ-N,2025-12-17 21:36:00,,DJ-N$1d06a534,"SPY ETF Falls 1.1%, Outperforms Underlying Index"
SPY,DJ-N,2025-12-16 21:36:00,,DJ-N$1d039c16,"SPY ETF Falls 0.3%, Underperforms Underlying Index"
SPY,DJ-N,2025-12-15 21:36:00,,DJ-N$1d009320,SPY ETF Falls 0.2%
SPY,DJ-N,2025-12-12 21:36:00,,DJ-N$1cfbe29f,SPY ETF Declines 1.1%
SPY,DJ-N,2025-12-11 21:36:00,,DJ-N$1cf8eea9,SPY ETF Gains 0.2%
SPY,DJ-N,2025-12-10 21:36:00,,DJ-N$1cf60f8c,SPY ETF Rises 0.7%
SPY,DJ-N,2025-12-09 21:36:00,,DJ-N$1cf30897,SPY ETF Declines 0.1%
SPY,DJ-N,2025-12-08 21:36:00,,DJ-N$1cefff19,SPY ETF Falls 0.3%
SPY,DJ-N,2025-12-05 21:36:00,,DJ-N$1ceb84e2,SPY ETF Gains 0.2%
SPY,DJ-N,2025-12-04 21:36:00,,DJ-N$1ce8b7de,SPY ETF Climbs 0.1%
SPY,DJ-N,2025-12-03 21:36:00,,DJ-N$1ce5c7ad,SPY ETF Gains 0.3%
SPY,DJ-N,2025-12-02 21:37:00,,DJ-N$1ce2d494,SPY ETF Gains 0.2%
SPY,DJ-N,2025-12-01 21:36:00,,DJ-N$1cdf9874,SPY ETF Declines 0.5%
SPY,DJ-N,2025-11-28 21:36:00,,DJ-N$1cdab01c,SPY ETF Gains 0.5%
SPY,DJ-N,2025-11-26 21:36:00,,DJ-N$1cd5cb3b,SPY ETF Climbs 0.7%
SPY,DJ-N,2025-11-25 21:36:00,,DJ-N$1cd2d927,SPY ETF Gains 0.9%
SPY,DJ-N,2025-11-24 21:36:00,,DJ-N$1ccfc2db,SPY ETF Gains 1.5%
SPY,DJ-N,2025-11-21 21:36:00,,DJ-N$1ccae3f9,SPY ETF Rises 1.0%
SPY,DJ-N,2025-11-20 21:36:00,,DJ-N$1cc6b7e6,"SPY ETF Declines 1.5%, Outperforms Underlying Index"
SPY,DJ-N,2025-11-19 21:36:00,,DJ-N$1cc3d465,SPY ETF Gains 0.4%
SPY,DJ-N,2025-11-18 21:36:00,,DJ-N$1cc09cd2,SPY ETF Declines 0.8%
SPY,DJ-N,2025-11-17 21:36:00,,DJ-N$1cbd7ec9,SPY ETF Falls 0.9%
SPY,DJ-N,2025-11-14 21:36:00,,DJ-N$1cb8dc7d,"SPY ETF Closes Flat, Outperforms Underlying Index"
SPY,DJ-N,2025-11-13 21:36:00,,DJ-N$1cb55611,SPY ETF Falls 1.7%
SPY,DJ-N,2025-11-12 21:36:00,,DJ-N$1cb1c888,SPY ETF Rises 0.1%
SPY,DJ-N,2025-11-11 21:36:00,,DJ-N$1cae557f,SPY ETF Rises 0.2%
SPY,DJ-N,2025-11-10 21:36:00,,DJ-N$1caae401,"SPY ETF Rises 1.6%, Outperforms Underlying Index"
SPY,DJ-N,2025-11-07 21:36:00,,DJ-N$1ca5e722,SPY ETF Gains 0.1%
SPY,DJ-N,2025-11-06 21:36:00,,DJ-N$1ca251e8,SPY ETF Falls 1.1%
SPY,DJ-N,2025-11-05 21:36:00,,DJ-N$1c9eb3fb,"SPY ETF Rises 0.3%, Underperforms Underlying Index"
SPY,DJ-N,2025-11-04 21:36:00,,DJ-N$1c9b157d,SPY ETF Falls 1.2%
SPY,DJ-N,2025-11-03 21:36:00,,DJ-N$1c97a0a6,SPY ETF Climbs 0.2%
SPY,DJ-N,2025-10-31 20:36:00,,DJ-N$1c92a130,SPY ETF Gains 0.3%
SPY,DJ-N,2025-10-30 20:36:00,,DJ-N$1c8f11a0,"SPY ETF Declines 1.1%, Underperforms Underlying Index"
SPY,DJ-N,2025-10-29 20:36:00,,DJ-N$1c8b2829,SPY ETF Closes Flat
SPY,DJ-N,2025-10-28 20:36:00,,DJ-N$1c879255,"SPY ETF Gains 0.3%, Outperforms Underlying Index"
SPY,DJ-N,2025-10-27 20:36:00,,DJ-N$1c83d3ee,SPY ETF Climbs 1.2%
SPY,DJ-N,2025-10-24 20:36:00,,DJ-N$1c7f0f02,SPY ETF Climbs 0.8%
SPY,DJ-N,2025-10-23 20:36:00,,DJ-N$1c7c12cf,SPY ETF Rises 0.6%
SPY,DJ-N,2025-10-22 20:36:00,,DJ-N$1c78f119,SPY ETF Falls 0.5%
