symbol,name,country,exchange,currency,ipo,share_outstanding,float_shares,market_cap
TXBC,21Shares FTSE Crypto 10 ex-BTC Index ETF,,,,,,,
LAKE,"Lakeland Industries, Inc.",US,NASDAQ NMS - GLOBAL MARKET,USD,1986-09-09,9806128.0,8493774.0,84724952.0
DLN,WisdomTree U.S. LargeCap Dividend Fund,,,,,,,
HUBCZ,HUB Cyber Security Ltd.,,,,,,9953354.0,
VOPKY,Koninklijke Vopak N.V.,NL,NYSE EURONEXT - EURONEXT AMSTERDAM,EUR,1987-01-01,114559114.0,57487246.0,5181508608.0
DD,"DuPont de Nemours, Inc.",US,"NEW YORK STOCK EXCHANGE, INC.",USD,2017-09-01,418975324.0,417270094.0,17286922240.0
LSEQ,Harbor Long-Short Equity ETF,,,,,,,
BNZIF,Fideicomiso Irrevocable F/2061 FHipo,,,,,2437674664.0,,1201286144.0
ISHDF,iShares IV Public Limited Company - iShares Digital Security UCITS ETF,,,,,,,
AGM.PRH,Federal Agricultural Mortgage Corp,US,"NEW YORK STOCK EXCHANGE, INC.",USD,1988-12-09,,,1893.0
GGG,Graco Inc.,US,"NEW YORK STOCK EXCHANGE, INC.",USD,1980-03-17,165794118.0,164250575.0,13827229696.0
ANGO,"AngioDynamics, Inc.",US,NASDAQ NMS - GLOBAL MARKET,USD,2004-05-27,41199844.0,33481877.0,539717952.0
JVAL,JPMorgan U.S. Value Factor ETF,,,,,,,
NYC,American Strategic Investment Co.,US,"NEW YORK STOCK EXCHANGE, INC.",USD,2020-05-28,2672943.0,928286.0,22345802.0
VFC,V.F. Corporation,US,"NEW YORK STOCK EXCHANGE, INC.",USD,1951-03-19,390724758.0,387200421.0,7228408320.0
LTSSF,Lotus Bakeries NV,BE,NYSE EURONEXT - EURONEXT BRUSSELS,EUR,1988-12-20,812053.0,404199.0,7721358848.0
AXHLS,,,,,,,,
CCGWW,Cheche Group Inc.,,,,,,23485314.0,
GHYG,iShares US & Intl High Yield Corp Bond ETF,,,,,,,
KNOW,Fundamentals First ETF,,,,,,,
ICDXF,,,,,,,,
CRSP,CRISPR Therapeutics AG,CH,NASDAQ NMS - GLOBAL MARKET,USD,2016-10-19,95300233.0,94841839.0,5249137152.0
FUBO,fuboTV Inc.,US,"NEW YORK STOCK EXCHANGE, INC.",USD,2013-01-09,342724309.0,336976822.0,908219456.0
RPTLF,,,,,,,,
CBSE,Clough Select Equity ETF,,,,,,,
TLTD,FlexShares Morningstar Developed Markets ex-US Factor Tilt Index Fund,,,,,,,
MBND,State Street Nuveen Municipal Bond ETF,,,,,,,
TOGIW,,,,,,,,
FOSL,"Fossil Group, Inc.",US,NASDAQ NMS - GLOBAL MARKET,USD,1993-04-01,56387431.0,43861706.0,217091600.0
ESGOF,Enstar Group Limited,,,,,,14920869.0,
ZWS,Zurn Elkay Water Solutions Corporation,US,"NEW YORK STOCK EXCHANGE, INC.",USD,2012-03-29,167350818.0,148594138.0,8015712256.0
PBJN,PGIM S&P 500 Buffer 20 ETF - June,,,,,,,
LINE,"Lineage, Inc.",US,NASDAQ NMS - GLOBAL MARKET,USD,2024-07-25,228289625.0,58289190.0,8660469760.0
DANR,Dana Resources,,,,,88437980.0,,884.0
DGGXF,DigitalX Limited,,,,,1488510854.0,703241328.0,34235748.0
BANX,ArrowMark Financial Corp.,,,,,7803974.0,,170204688.0
LCLG,Logan Capital Broad Innovative Growth ETF,,,,,,,
PNTG,"The Pennant Group, Inc.",,,,,34593720.0,31206995.0,1004947520.0
GDEC,FT Vest U.S. Equity Moderate Buffer ETF - December,,,,,,,
SRGGF,SRG Global Limited,,,,,626592222.0,537366051.0,512301792.0
MLHHF,Mainland Headwear Holdings Ltd,,,,,,,
SHVLF,Starcore International Mines Ltd.,,,,,89863517.0,80328998.0,60533692.0
HESV,Home Energy Savings Corp.,,,,,16678000.0,,16.0
OOGI,"C2E Energy, Inc.",,,,,1994657080.0,154964909.0,199465.0
ISSEF,,,,,,,,
NOKBF,Nokia Oyj,,,,,5545484600.0,4219104977.0,36629676032.0
SGRT,SMART Earnings Growth 30 ETF,,,,,,,
JBL,Jabil Inc.,,,,,106822960.0,105083630.0,25225363456.0
SLTTF,Ravelin Properties REIT,,,,,80562461.0,79613435.0,13708656.0
HBANP,Huntington Bancshares Incorporated,,,,,,1449510682.0,
CCPIF,,,,,,,,
VIRDY,,,,,,7180200.0,7170794.0,777184832.0
SUGRF,,,,,,11017062.0,4962456.0,225944720.0
ENGDF,naturenergie holding AG,,,,,33063141.0,5982775.0,1192256896.0
NBJP,Neuberger Berman Japan Equity ETF,,,,,,,
PFS,"Provident Financial Services, Inc.",,,,,130622384.0,126502554.0,2659507712.0
GBIM,"GlobeImmune, Inc.",,,,,5751574.0,4370506.0,575.0
LFLRF,LaFleur Minerals Inc.,,,,,73784225.0,30856563.0,28499156.0
GEAT,GreetEat Corporation,,,,,214387914.0,,4502146.0
AMDD,Direxion Daily AMD Bear 1X Shares,,,,,,,
IDBFF,,,,,,,,
CHRYY,Chorus Limited,,,,,86777458.0,433423035.0,2399396608.0
VNPKF,Verde AgriTech Limited,,,,,52669724.0,47164158.0,39589196.0
RECAF,Reconnaissance Energy Africa Ltd.,,,,,337708400.0,312920603.0,217484224.0
SNTW,Summit Networks Inc.,,,,,68911657.0,12676299.0,12403409.0
BNCC,"BNCCORP, Inc.",,,,,3523875.0,,116217432.0
PINVF,,,,,,,,
HAVLF,HAVN Life Sciences Inc.,,,,,14738611.0,14222023.0,28003.0
XVIPF,Xvivo Perfusion AB (publ),,,,,31499470.0,25043969.0,633296832.0
PANL,"Pangaea Logistics Solutions, Ltd.",,,,,64973688.0,28552037.0,450821600.0
OTTR,Otter Tail Corporation,,,,,41905520.0,41109734.0,3454691072.0
MVOTS,,,,,,,,
LYUXF,,,,,,,,
TARA,"Protara Therapeutics, Inc.",US,NASDAQ NMS - GLOBAL MARKET,USD,2014-10-22,53587260.0,37890760.0,297409312.0
RCD,Invesco S&P 500 Equal Weight Consumer Discretionary ETF,US,"NEW YORK STOCK EXCHANGE, INC.",USD,2013-02-08,,,369.0
AGNG,Global X Aging Population ETF,,,,,,,
TRVI,"Trevi Therapeutics, Inc.",US,NASDAQ NMS - GLOBAL MARKET,USD,2019-05-07,128230134.0,95230109.0,1647757312.0
TRIP,"Tripadvisor, Inc.",US,NASDAQ NMS - GLOBAL MARKET,USD,2011-12-07,116908339.0,106067429.0,1646069376.0
QEFA,SPDR MSCI EAFE StrategicFactors ETF,,,,,,,
EDGU,3EDGE Dynamic US Equity ETF,,,,,,,
LPSN,"LivePerson, Inc.",US,NASDAQ NMS - GLOBAL MARKET,USD,2000-04-07,11672614.0,9480634.0,47974444.0
PHYD,Putnam ESG High Yield ETF -,,,,,,,
SMMD,iShares Russell 2500 ETF,,,,,,,
PDPA,Pearl Diver Credit Company Inc.,US,"NEW YORK STOCK EXCHANGE, INC.",USD,2024-07-18,,,102.0
PCSC,Perceptive Capital Solutions Corp,US,NASDAQ NMS - GLOBAL MARKET,USD,2024-06-12,8911250.0,4882538.0,146865728.0
SMU,Tradr 2X Long SMR Daily ETF,,,,,,,
RBLK,"Related Blocks, Inc.",,,,,595305.0,603412.0,348848.0
NORW,Global X MSCI Norway ETF,,,,,,,
PCS,PGIM Corporate Bond 0-5 Year ETF,,,,,,,
OPP,"RiverNorth/DoubleLine Strategic Opportunity Fund, Inc.",US,"NEW YORK STOCK EXCHANGE, INC.",,2016-09-28,24990131.0,,196422448.0
LWLDF,MULTI UNITS FRANCE LYXOR MSCI W,,,,,,,
COM,Direxion Auspice Broad Commodity Strategy ETF,,,,,,,
IFIN.WS,,,,,,,,
TYA,Simplify Intermediate Term Treasury Futures Strategy ETF,,,,,,,
MWOFS,,,,,,,,
TGRW,T. Rowe Price Growth Stock ETF,,,,,,,
YUM,"Yum! Brands, Inc.",US,"NEW YORK STOCK EXCHANGE, INC.",USD,1997-09-17,277652829.0,276900390.0,42547519488.0
GUMI,Goldman Sachs Ultra Short Municipal Income ETF,,,,,,,
DTLAP,Brookfield DTLA Fund Office Trust Investor Inc.,,,,,,,
QTRX,Quanterix Corporation,US,NASDAQ NMS - GLOBAL MARKET,USD,2017-12-07,46710797.0,36925819.0,301751744.0
RSSS,"Research Solutions, Inc.",US,NASDAQ NMS - GLOBAL MARKET,USD,2009-04-14,32866068.0,25137313.0,95640264.0
ISOUF,iShares Southeast Asia Trust - iShares USD Asia High Yield Bond ETF,,,,,,,
TEKX,SPDR Galaxy Transformative Tech Accelerators ETF,,,,,,,
XTAP,Innovator U.S. Equity Accelerated Plus ETF – April,,,,,,,
LIMI,Themes Lithium & Battery Metal Miners ETF,,,,,,,
ACVES,,,,,,,,
DXST,Decent Holding Inc.,CN,NASDAQ NMS - GLOBAL MARKET,USD,2025-01-22,24583333.0,8050088.0,38162496.0
FACTU,FACT II Acquisition Corp,US,NASDAQ NMS - GLOBAL MARKET,USD,2024-11-26,,16825828.0,252.0
QWLD,SPDR MSCI World StrategicFactors ETF,,,,,,,
DISO,YieldMax DIS Option Income Strategy ETF,,,,,,,
SHGPF,Shelly Group SE,,,,,,,
UNG,"United States Natural Gas Fund, LP",,,,,12084600.0,,154803728.0
BBHM,BBH Select Mid Cap ETF,,,,,,,
UAPC,"UAPC, Inc.",,,,,351867911.0,,422241.0
MGRT,Mega Fortune Company Limited,,,,,13750000.0,2727300.0,123337504.0
UDEC,Innovator U.S. Equity Ultra Buffer ETF - December,,,,,,,
ETRXF,Etrion Corporation,,,,,334094324.0,198736009.0,167047.0
LTHUQ,Lithium Technology Corporation,,,,,2032371256.0,,20323.0
CEV,Eaton Vance California Municipal Income Trust,,,,,7033575.0,,71039112.0
COOK,"Traeger, Inc.",,,,,137026317.0,82630980.0,143877632.0
AOTUF,Precinct Properties NZ Ltd & Precinct Properties Investments Ltd,,,,,1587817011.0,1584107004.0,1208231680.0
SLAHF,Stella Chemifa Corporation,,,,,11816570.0,7132363.0,258782880.0
GROY,Gold Royalty Corp.,,,,,223375625.0,127931269.0,940411392.0
ABMRF,ABN AMRO Bank N.V.,,,,,823201264.0,540357542.0,27856142336.0
PHVS,Pharvaris N.V.,,,,,64959454.0,33470359.0,1673355648.0
DROHF,,,,,,,,
SODE,"Social Detention, Inc.",,,,,199753333.0,,3703427.0
CMTG,"Claros Mortgage Trust, Inc.",,,,,140218764.0,128608650.0,431873792.0
EHSI,Elite Health Systems Inc.,,,,,21939924.0,17183568.0,27644304.0
MWVDS,,,,,,,,
RSMBS,,,,,,,,
AGLY,Atlantis Glory Inc.,,,,,603970000.0,,10267490.0
LEOPF,,,,,,317703694.0,192091041.0,1328001280.0
NTTYY,"NTT, Inc.",,,,,3277082456.0,50477035464.0,83205120000.0
AKHOF,Aker Horizons ASA,,,,,690348751.0,210867026.0,25888078.0
RSPE,Invesco ESG S&P 500 Equal Weight ETF,,,,,,,
MTSKF,,,,,,,,
ICRD,"International Card Establishment, Inc.",,,,,35873703.0,,7174.0
LFHLF,,,,,,331033443.0,51154598.0,41328572.0
YORI,Yora International Inc.,,,,,,,
QQQM,Invesco NASDAQ 100 ETF,,,,,,,
BOEU,Direxion Daily BA Bull 2X Shares,,,,,,,
MDB,"MongoDB, Inc.",,,,,81391760.0,79162440.0,35474599936.0
DEER,"Deer Consumer Products, Inc.",,,,,33592562.0,,3359.0
SBVTF,,,,,,37600000.0,19517135.0,276360000.0
KEMX,KraneShares MSCI Emerging Markets ex China Index ETF,,,,,,,
XWDCF,,,,,,,,
FTRE,Fortrea Holdings Inc.,US,NASDAQ NMS - GLOBAL MARKET,USD,2023-06-16,92400000.0,91855764.0,1607760000.0
MFUT,Cambria Chesapeake Pure Trend E,,,,,,,
LEAD,Siren DIVCON Leaders Dividend ETF,,,,,,,
CNSP,"CNS Pharmaceuticals, Inc.",US,NASDAQ NMS - GLOBAL MARKET,USD,2019-11-08,620290.0,586248.0,3827189.0
URPLF,New Klondike Exploration Ltd.,,,,,247306335.0,,2473.0
NAMM,Namib Minerals,KY,NASDAQ NMS - GLOBAL MARKET,USD,2025-06-06,53677429.0,6811129.0,52603884.0
LIT,Global X Lithium & Battery Tech ETF,,,,,,,
CRNC,Cerence Inc.,US,NASDAQ NMS - GLOBAL MARKET,USD,2019-09-16,44938757.0,43243218.0,496573248.0
MSOO,,,,,,,,
HYUP,Xtrackers High Beta High Yield Bond ETF,,,,,,,
AHGNS,,,,,,,,
MORN,"Morningstar, Inc.",US,NASDAQ NMS - GLOBAL MARKET,USD,2005-05-03,41129198.0,20643567.0,9239454720.0
AHGTS,,,,,,,,
TLSA,Tiziana Life Sciences Ltd,GB,NASDAQ NMS - GLOBAL MARKET,USD,2018-11-20,120207401.0,63425878.0,177906960.0
KKRS,KKR Group Finance Co. IX LLC 4.,,,,,,,
NGL.PRB,NGL Energy Partners LP,US,"NEW YORK STOCK EXCHANGE, INC.",USD,2011-05-12,,,1180.0
ISMJF,iShares VII Public Limited Company - iShares Core MSCI Pacific ex Japan UCITS ETF,,,,,,,
ATH.PRD,Athene Holding Ltd,US,"NEW YORK STOCK EXCHANGE, INC.",USD,2016-12-09,,,5076.0
CRH,CRH plc,IE,"NEW YORK STOCK EXCHANGE, INC.",USD,1973-02-05,669058302.0,669184737.0,86272434176.0
QQMG,Invesco ESG NASDAQ 100 ETF,,,,,,,
BDRX,Biodexa Pharmaceuticals Plc,GB,NASDAQ NMS - GLOBAL MARKET,GBP,2014-12-08,838787.0,60827246232.0,2206010.0
WEBL,Direxion Daily Dow Jones Internet Bull 3X Shares,,,,,,,
SIL,Global X Silver Miners ETF,,,,,,,
SNSR,Global X Internet of Things ETF,,,,,,,
ACP.PRA,abrdn Income Credit Strategies Fund,US,"NEW YORK STOCK EXCHANGE, INC.",USD,2011-01-27,,,682.0
GENM,Genter Capital Municipal Quality Intermediate ETF,,,,,,,
DBRG.PRH,DigitalBridge Group Inc,US,"NEW YORK STOCK EXCHANGE, INC.",USD,2014-06-27,,,2566.0
AB,AllianceBernstein Holding L.P.,US,"NEW YORK STOCK EXCHANGE, INC.",USD,1988-04-15,90993251.0,90124265.0,4329745920.0
YI,"111, Inc.",CN,NASDAQ NMS - GLOBAL MARKET,CNY,2018-09-12,5067436.0,90596917.0,26695702.0
MBVIU,M3-Brigade Acquisition Vi Corp.,US,NASDAQ NMS - GLOBAL MARKET,USD,2025-08-27,,,432.0
ARKAF,Arkema S.A.,FR,NYSE EURONEXT - EURONEXT PARIS,EUR,2006-05-18,75644618.0,55985106.0,4574986240.0
CINGW,Cingulate Inc.,,,,,,6749232.0,
METU,Direxion Daily META Bull 2X ETF,,,,,,,
SGLY,Singularity Future Technology Ltd.,US,NASDAQ NMS - GLOBAL MARKET,USD,2008-05-21,7293492.0,7293492.0,3795533.0
CTFMS,,,,,,,,
AHH,"Armada Hoffler Properties, Inc.",US,"NEW YORK STOCK EXCHANGE, INC.",USD,2013-08-05,80153392.0,78980748.0,685221888.0
NBKAY,,,,,,,,
SCOR,"comScore, Inc.",US,NASDAQ NMS - GLOBAL MARKET,USD,2007-06-27,5015664.0,2728571.0,33956044.0
SSSXF,SSgA SPDR ETFs Europe II Public Limited Company - SPDR MSCI Europe Energy UCITS ETF,,,,,,,
PANW,"Palo Alto Networks, Inc.",US,NASDAQ NMS - GLOBAL MARKET,USD,2012-07-20,697000000.0,690239100.0,131349651456.0
TVAL,T. Rowe Price Value ETF,,,,,,,
STBQ,Amplify ETF Trust -  Amplify Stablecoin Technology ETF,,,,,,,
JHHY,John Hancock High Yield ETF,,,,,,,
IWLG,NYLI Winslow Large Cap Growth ETF,,,,,,,
SHGR,Success Holding Group Corp. USA,,,,,21114126.0,,33782604.0
AHJPS,,,,,,,,
RC.PRE,,,,,,,,
ANEL,Defiance Daily Target 2X Long ANET ETF,,,,,,,
CZAR,Themes Natural Monopoly ETF,,,,,,,
MDWK,"MDwerks, Inc.",,,,,227574910.0,157723067.0,25033240.0
OSGSF,"Osaka Gas Co., Ltd.",,,,,387587239.0,365822046.0,12674102272.0
NXLLF,Nuix Limited,,,,,334657188.0,211262530.0,334657184.0
NVR,"NVR, Inc.",,,,,2732735.0,2794995.0,20397676544.0
WRRZF,Walker River Resources Corp.,,,,,52080862.0,49838260.0,1614506.0
REBN,"Reborn Coffee, Inc.",,,,,5976322.0,3742731.0,8785195.0
OKUR,"OnKure Therapeutics, Inc.",,,,,12861672.0,4998744.0,37934960.0
BCINF,,,,,,,,
DVXY,WEBs Consumer Discretionary XLY Defined Volatility ETF  ,,,,,,,
CINGF,Coinsilium Group Limited,,,,,218697566.0,230508197.0,7671911.0
EFAV,iShares MSCI EAFE Min Vol Factor ETF,,,,,,,
SHYD,VanEck Short High Yield Muni ETF,,,,,,,
EMSKF,Germanium Mining Corp.,,,,,12862217.0,11435363.0,3852989.0
CRGH,Zhonghe Brand Yunjigou Technology Inc.,,,,,4450000.0,3819836.0,11125000.0
NMYSF,NamSys Inc.,,,,,26933898.0,10639698.0,24819588.0
PYLD,PIMCO ETF Trust - PIMCO Multisector Bond Active Exchange-Traded Fund,,,,,,,
FONU,"FonU2, Inc.",,,,,23414387227.0,864175094.0,2341438.0
ISFUF,,,,,,,,
ELAN,Elanco Animal Health Incorporated,,,,,496863473.0,492878628.0,11229115392.0
XVIPY,Xvivo Perfusion AB (publ),SE,NASDAQ OMX NORDIC,SEK,2012-10-08,,25043969.0,5669.0
EURK,Eureka Acquisition Corp,SG,NASDAQ NMS - GLOBAL MARKET,USD,2024-07-02,3388233.0,2700673.0,52600488.0
BBW,"Build-A-Bear Workshop, Inc.",US,"NEW YORK STOCK EXCHANGE, INC.",USD,2004-10-28,12945819.0,10966690.0,818284608.0
OSUR,"OraSure Technologies, Inc.",US,NASDAQ NMS - GLOBAL MARKET,USD,1986-11-17,71733530.0,63667095.0,176991504.0
RETTF,Retail Estates NV,BE,NYSE EURONEXT - EURONEXT BRUSSELS,EUR,1998-03-27,,,955.0
STIP,iShares 0-5 Year TIPS Bond ETF,,,,,,,
MCOMW,micromobility.com Inc.,,,,,,,
BSMT,Invesco BulletShares 2029 Municipal Bond ETF,,,,,,,
HISF,First Trust High Income Strategic Focus ETF,,,,,,,
APIE,ActivePassive International Equity ETF,,,,,,,
ASUR,"Asure Software, Inc.",US,NASDAQ NMS - GLOBAL MARKET,USD,1992-04-07,27763877.0,25686306.0,258481696.0
LNTH,"Lantheus Holdings, Inc.",US,NASDAQ NMS - GLOBAL MARKET,USD,2015-06-25,66311779.0,61476987.0,4535889920.0
CLF,Cleveland-Cliffs Inc.,US,"NEW YORK STOCK EXCHANGE, INC.",USD,1960-07-27,569707468.0,487682622.0,7879053824.0
RPT,Rithm Property Trust Inc.,US,"NEW YORK STOCK EXCHANGE, INC.",USD,1996-05-13,45401123.0,35057597.0,120385424.0
GIGM,GigaMedia Limited,TW,NASDAQ NMS - GLOBAL MARKET,USD,2000-02-17,11052235.0,6203930.0,16578352.0
SBU,Leverage Shares 2X Long SBUX Daily ETF,,,,,,,
MPG,Leverage Shares 2X Long MP Daily ETF,,,,,,,
CITR,"General Enterprise Ventures, Inc.",US,NYSE MKT LLC,USD,1997-11-12,,12335835.0,149.0
GLFEP,,,,,,,,
VIPS,Vipshop Holdings Limited,CN,"NEW YORK STOCK EXCHANGE, INC.",CNY,2012-03-23,415198210.0,60469408.0,9593779200.0
IUS,Invesco RAFI Strategic US ETF,,,,,,,
SPME,"Sound Point Meridian Capital, Inc.",US,"NEW YORK STOCK EXCHANGE, INC.",USD,2024-06-14,,,285.0
SPE.PRC,Special Opportunities Fund Inc,US,"NEW YORK STOCK EXCHANGE, INC.",USD,1993-05-28,,,162.0
GOOD,Gladstone Commercial Corporation,US,NASDAQ NMS - GLOBAL MARKET,USD,2003-08-13,48401155.0,47800981.0,514152000.0
GLNG,Golar LNG Limited,BM,NASDAQ NMS - GLOBAL MARKET,USD,2001-07-12,102388000.0,87379967.0,3792963328.0
NNI,"Nelnet, Inc.",US,"NEW YORK STOCK EXCHANGE, INC.",USD,2003-12-11,25316448.0,14579146.0,4909506048.0
SSTI,"SoundThinking, Inc.",US,NASDAQ NMS - GLOBAL MARKET,USD,2017-06-07,12698453.0,9642697.0,102969584.0
PGY,Pagaya Technologies Ltd.,IL,NASDAQ NMS - GLOBAL MARKET,USD,2022-06-23,69107363.0,60625774.0,1756249216.0
SPT,"Sprout Social, Inc.",,,,,53179992.0,48353555.0,657001792.0
RARFS,,,,,,,,
NOEMR,CO2 Energy Transition Corp.,,,,,,5267657.0,
BHM,"Bluerock Homes Trust, Inc.",,,,,4048078.0,2559734.0,46001472.0
UBND,VictoryShares Core Plus Intermediate Bond ETF,,,,,,,
KIGRY,KION GROUP AG,,,,,524499084.0,70103103.0,10411307008.0
FCBD,Frontier Asset Core Bond ETF,,,,,,,
GTII,"Global Tech Industries Group, Inc.",,,,,339662569.0,286991279.0,9284512.0
FJTNF,"Fuji Media Holdings, Inc.",,,,,209215922.0,76813414.0,4885191680.0
CORT,Corcept Therapeutics Incorporated,,,,,105188217.0,87032731.0,8708973568.0
TOWN,TowneBank,,,,,78932955.0,72554025.0,2659250944.0
NBVB,Nationwide Beverage Bottling Corp.,,,,,48750000.0,,4875.0
SPPMF,,,,,,,,
NTBP,"New Tripoli Bancorp, Inc.",,,,,63093.0,,74954480.0
MLPR,ETRACS Quarterly Pay 1.5X Leveraged Alerian MLP Index ETN,,,,,,,
PENN,"PENN Entertainment, Inc.",,,,,132870031.0,116648358.0,2204671232.0
OSCG,Leverage Shares 2X Long OSCR Daily ETF,,,,,,,
MTYMF,,,,,,,,
SGETF,PT Sumber Global Energy Tbk,,,,,,,
LMFA,"LM Funding America, Inc.",,,,,14031948.0,8827284.0,6440664.0
SPGSW,,,,,,,,
DERM,Journey Medical Corporation,,,,,21135905.0,14649318.0,214916368.0
ATKR,Atkore Inc.,,,,,33750639.0,30418301.0,2192103936.0
XTMIF,XTM Inc.,,,,,279227763.0,278228128.0,4006918.0
FNMAG,Federal National Mortgage Association,,,,,5738840064.0,233702071.0,18506168320.0
TMAK,"Touchmark Bancshares, Inc.",,,,,4475892.0,,44758920.0
HEAL,Global X HealthTech ETF,,,,,,,
NEOV,NeoVolta Inc.,,,,,34737923.0,29679387.0,103171632.0
KLTOW,"Klotho Neurosciences, Inc.",,,,,,58983961.0,
ASTAQ,Astra Veda Corporation,,,,,5849230600.0,,584923.0
SLVP,iShares MSCI Global Silver and Metals Miners ETF,,,,,7100000.0,,257872000.0
CRNRF,Carbine Resources Limited,,,,,199747008.0,361586856.0,2974602.0
RMCOW,Royalty Management Holding Corporation,,,,,,6568353.0,
NOG,"Northern Oil and Gas, Inc.",,,,,97602978.0,94174260.0,2088703616.0
SWIOU,"Southwest Iowa Renewable Energy, LLC",,,,,8993.0,,133376616.0
PRNT,The 3D Printing ETF,,,,,,,
LSAK,"Lesaka Technologies, Inc.",,,,,84086399.0,47691399.0,366616704.0
CHE,Chemed Corporation,,,,,14108915.0,13876823.0,6297594880.0
AVTXF,Avantium N.V.,NL,NYSE EURONEXT - EURONEXT AMSTERDAM,EUR,2017-03-15,25196719.0,7585194.0,380470496.0
ICNP,iCoreConnect Inc. New,US,NASDAQ NMS - GLOBAL MARKET,USD,2022-02-25,,4448580.0,0.0
INMU,iShares Intermediate Muni Income Active ETF,,,,,,,
L,Loews Corporation,US,"NEW YORK STOCK EXCHANGE, INC.",USD,1959-03-13,206659567.0,169500110.0,22070169600.0
EAGL,Eagle Capital Select Equity ETF,,,,,,,
CVI,"CVR Energy, Inc.",US,"NEW YORK STOCK EXCHANGE, INC.",USD,2007-10-23,100530599.0,30103888.0,2615806208.0
IUSG,iShares Core S&P U.S. Growth ETF,,,,,105750000.0,,18012397568.0
ETHMU,Dynamix Corporation,US,NASDAQ NMS - GLOBAL MARKET,USD,2024-11-21,,12496701.0,227.0
FULT,Fulton Financial Corporation,US,NASDAQ NMS - GLOBAL MARKET,USD,1985-09-03,179895127.0,178085349.0,3624614400.0
MPLX,MPLX LP,US,"NEW YORK STOCK EXCHANGE, INC.",USD,2012-10-26,1017065152.0,368075879.0,54958223360.0
SMTEF,Smart Eye AB (publ),SE,NASDAQ OMX NORDIC,SEK,2016-12-07,37953933.0,32260084.0,337433600.0
PPG,"PPG Industries, Inc.",US,"NEW YORK STOCK EXCHANGE, INC.",USD,1945-12-17,224400000.0,223924272.0,23545024512.0
EXR,Extra Space Storage Inc.,US,"NEW YORK STOCK EXCHANGE, INC.",USD,2004-08-12,212247580.0,209723956.0,28983252992.0
MWKPS,,,,,,,,
MBAI,Check-Cap Ltd.,IL,NASDAQ NMS - GLOBAL MARKET,USD,2015-02-19,6118763.0,4389584.0,10279522.0
FLTR,VanEck IG Floating Rate ETF,,,,,,,
KGRN,KraneShares MSCI China Clean Technology ETF,,,,,,,
FBIZ,"First Business Financial Services, Inc.",US,NASDAQ NMS - GLOBAL MARKET,USD,2005-10-07,8324258.0,7842783.0,461496864.0
SBND,Columbia Short Duration Bond ETF,,,,,,,
LBTYK,Liberty Global Ltd.,BM,NASDAQ NMS - GLOBAL MARKET,USD,2004-06-02,149366104.0,269480484.0,3740497408.0
FLAX,Franklin FTSE Asia ex Japan ETF,,,,,,,
BGAOF,Proximus PLC,BE,NYSE EURONEXT - EURONEXT BRUSSELS,EUR,2004-03-22,322461674.0,141727171.0,2740029696.0
CDX,Simplify High Yield ETF,,,,,,,
AHEWS,,,,,,,,
VRNO,Verano Holdings Corp.,,,,,361815879.0,300842667.0,466742464.0
SCNI,Scinai Immunotherapeutics Ltd.,IL,NASDAQ NMS - GLOBAL MARKET,USD,2007-06-07,3468225.0,5284222741.0,2439896.0
HUSV,First Trust Horizon Managed Volatility Domestic ETF,,,,,,,
GAINI,Gladstone Investment Corporation,US,NASDAQ NMS - GLOBAL MARKET,USD,2005-06-23,,,549.0
VKI,Invesco Advantage Municipal Income Trust II,US,NYSE MKT LLC,USD,1993-10-14,44406020.0,,399654176.0
EZRO,Alphadroid Defensive Sector Rotation ETF,,,,,,,
ROSS.U,,,,,,,,
IRON,"Disc Medicine, Inc.",US,NASDAQ NMS - GLOBAL MARKET,USD,2020-08-12,37750162.0,34530828.0,3032470528.0
SGDM,Sprott Gold Miners ETF,,,,,,,
CVNA,Carvana Co.,US,"NEW YORK STOCK EXCHANGE, INC.",USD,2017-04-28,116947000.0,138822420.0,95061803008.0
MSKCS,,,,,,,,
MEDAF,Medaro Mining Corp.,,,,,4331859.0,,479536.0
SUSL,iShares ESG MSCI USA Leaders ETF,,,,,,,
XRT,State Street SPDR S&P Retail ETF,,,,,12100200.0,,1055500480.0
FBGI,"Foodbase Group, Inc.",,,,,30703525000.0,,30703528.0
TSMY,YieldMax TSM Option Income Strategy ETF,,,,,,,
AOK,iShares Core 30/70 Conservative Allocation ETF,,,,,,,
NUTR,NusaTrip Incorporated,ID,NASDAQ NMS - GLOBAL MARKET,USD,2025-08-15,19379168.0,5304206.0,174412512.0
SCDL,ETRACS 2x Leveraged US Dividend Factor TR ETN,,,,,,,
ACV,Virtus Diversified Income & Convertible Fund,US,"NEW YORK STOCK EXCHANGE, INC.",USD,2015-05-22,10376587.0,,278403840.0
EXE,Expand Energy Corporation,US,NASDAQ NMS - GLOBAL MARKET,USD,2021-02-09,238169697.0,237181293.0,26077200384.0
CREV,Carbon Revolution Public Limited Company,IE,NASDAQ NMS - GLOBAL MARKET,AUD,2021-03-08,1927815.0,1700455.0,4877372.0
BURUW,,,,,,,426306990.0,
IH,iHuman Inc.,CN,"NEW YORK STOCK EXCHANGE, INC.",CNY,2020-10-09,22544951.0,72724989.0,112832264.0
DOWAY,DOWWAY HOLDINGS LIMITED,,,,,77000000.0,91435880.0,444580896.0
CBDHF,Hempfusion Wellness Inc.,,,,,163541133.0,151719027.0,1635.0
CEF,Sprott Physical Gold and Silver Trust,,,,,193678970.0,,9484460032.0
JFLI,JPMorgan Flexible Income ETF,,,,,,,
DGS,WisdomTree Emerging Markets SmallCap Dividend Fund,,,,,,,
TSLW,Roundhill ETF Trust - Roundhill TSLA WeeklyPay ETF,,,,,,,
MGRE,"Affiliated Managers Group, Inc.",US,"NEW YORK STOCK EXCHANGE, INC.",USD,1997-11-21,,,8328.0
QLVE,FlexShares Emerging Markets Quality Low Volatility Index Fund,,,,,,,
RUN,Sunrun Inc.,US,NASDAQ NMS - GLOBAL MARKET,USD,2015-08-05,232041826.0,212545672.0,4749896192.0
UAVS,"AgEagle Aerial Systems, Inc.",US,NYSE MKT LLC,USD,1999-12-03,43551112.0,38137082.0,40938044.0
MXZFS,,,,,,,,
MVST,"Microvast Holdings, Inc.",US,NASDAQ NMS - GLOBAL MARKET,USD,2017-01-04,328182834.0,196351029.0,955012096.0
VGSR,Vert Global Sustainable Real Estate ETF,,,,,,,
CHPY,YieldMax Semiconductor Portfolio Option Income ETF,,,,,,,
BNKD,MicroSectors™ U.S. Big Banks -3x Inverse Leveraged ETNs,,,,,,,
KNGZ,First Trust S&P 500 Diversified Dividend Aristocrats ETF,,,,,,,
MIRA,"MIRA Pharmaceuticals, Inc.",US,NASDAQ NMS - GLOBAL MARKET,USD,2023-08-03,41876087.0,34944338.0,63232892.0
SPBU,AllianzIM Buffer15 Uncapped Allocation ETF,,,,,,,
MLULF,,,,,,,,
MWVLS,,,,,,,,
QLTI,GMO International Quality ETF,,,,,,,
SNROY,,,,,,489299822.0,191412203.0,6595761152.0
TIGO,Millicom International Cellular S.A.,LU,NASDAQ NMS - GLOBAL MARKET,USD,2004-01-01,167085000.0,96560092.0,9152915456.0
BLKXF,iShares IV Public Limited Company - iShares MSCI USA ESG Screened UCITS ETF,,,,,,,
QMNV,FT Vest Nasdaq-100 Moderate Buffer ETF – November,,,,,,,
VYX,NCR Voyix Corporation,US,"NEW YORK STOCK EXCHANGE, INC.",USD,1996-12-11,138497523.0,120105052.0,1459763840.0
ABCS,Alpha Blue Capital US Small-Mid Cap Dynamic ETF,,,,,,,
LYFX,Tradr 2X Long LYFT Daily ETF,,,,,,,
MYI,"BlackRock MuniYield Quality Fund III, Inc.",US,"NEW YORK STOCK EXCHANGE, INC.",USD,1992-04-13,66467251.0,,713858240.0
CHHYF,Charbone Hydrogen Corporation,,,,,225385898.0,195806253.0,40335980.0
BITQ,Bitwise Crypto Industry Innovators ETF,,,,,,,
MGDDY,Compagnie Générale des Établissements Michelin Société en commandite par actions,,,,,892291008.0,,14631516160.0
EUSB,iShares ESG Advanced Universal USD Bond ETF,,,,,,,
XLV,State Street Health Care Select Sector SPDR ETF,,,,,197415008.0,,30806611968.0
EMOR,Healixa Inc.,,,,,766086429.0,,7660864.0
AVDL,Avadel Pharmaceuticals plc,,,,,98141138.0,80999367.0,2118867200.0
MIELY,Mitsubishi Electric Corporation,,,,,1023174282.0,1955459226.0,60653768704.0
SHIM,Shimmick Corporation,,,,,35815479.0,4970830.0,114251384.0
SOPH,SOPHiA GENETICS SA,,,,,67847058.0,50977565.0,320916576.0
EQAL,Invesco Russell 1000 Equal Weight ETF,,,,,,,
OTTV,Viva Entertainment Group Inc.,,,,,846363391.0,74074726.0,84636.0
PYNKF,"Perimeter Medical Imaging AI, Inc.",,,,,131120616.0,61919115.0,41958596.0
BHMDF,BH Macro Limited,,,,,,,
FPE,First Trust Preferred Securities and Income ETF,,,,,,,
FTFY,"Fit After Fifty, Inc.",,,,,292000.0,,2.0
VCIGF,Vitreous Glass Inc.,,,,,6336087.0,3814071.0,27561978.0
XIORF,Xior Student Housing NV,,,,,46695094.0,38642058.0,1510119424.0
KNKT,Kunekt Corporation,,,,,62000000.0,,6200.0
SNHMF,,,,,,,,
CBT,Cabot Corporation,,,,,52898776.0,52063504.0,3537508864.0
MEC,"Mayville Engineering Company, Inc.",,,,,20318370.0,12980594.0,388284064.0
ADIL,"Adial Pharmaceuticals, Inc.",,,,,26649587.0,23889958.0,6196029.0
PTZH,"Photozou Holdings, Inc.",,,,,8052083.0,1490924.0,4750729.0
CHNEY,CHINA EASTERN AIRLINES CORP,,,,,,,
CSWYF,China Shineway Pharmaceutical Group Limited,,,,,755400000.0,207040032.0,758421568.0
CLLKF,BICO Group AB (publ),,,,,69074895.0,42176263.0,156186064.0
BRDLF,"Broadleaf Co., Ltd.",,,,,90092059.0,57616574.0,457667648.0
NMI,"Nuveen Municipal Income Fund, Inc.",,,,,10290126.0,,102623424.0
SILLF,Sarine Technologies Ltd.,,,,,340860047.0,244326253.0,86578448.0
EVUS,Ishares ESG Aware MSCI USA Value ETF,,,,,,,
CDL,VictoryShares US Large Cap High Div Volatility Wtd ETF,,,,,,,
GSNR,Grayscale Near Trust,,,,,,,
ALHDF,,,,,,57278430.0,109898983.0,20047450.0
BAC.PRP,,,,,,,,
DYTA,SGI Dynamic Tactical ETF,,,,,,,
VTI,Vanguard Total Stock Market Index Fund ETF Shares,,,,,743262976.0,,704380534784.0
BGAOY,Proximus PLC,BE,NYSE EURONEXT - EURONEXT BRUSSELS,EUR,2004-03-22,1612308370.0,141727171.0,2628062720.0
AHCIS,,,,,,,,
PRIM,Primoris Services Corporation,US,"NEW YORK STOCK EXCHANGE, INC.",USD,2006-10-04,54032351.0,53571455.0,6978818560.0
IXUAF,,,,,,,,
AHSSS,,,,,,,,
BVAL,Bluemonte Large Cap Value ETF,,,,,,,
HPAIW,Helport AI Limited,,,,,,7416946.0,
IVOV,Vanguard S&P Mid-Cap 400 Value Index Fund ETF Shares,,,,,,,
IBBJ,Defiance Nasdaq Junior Biotechnology ETF,,,,,,,
BNPQY,BNP Paribas SA,FR,NYSE EURONEXT - EURONEXT PARIS,EUR,1993-10-18,2233569514.0,986451650.0,106719952896.0
PRWYF,Prodways Group SA,FR,NYSE EURONEXT - EURONEXT PARIS,EUR,2017-05-12,50597688.0,34617926.0,60507896.0
EVOX,Evolution Global Acquisition Corp,,,,,24000000.0,,315840000.0
TILL,Teucrium Agricultural Strategy No K-1 ETF,,,,,,,
FIG,"Figma, Inc.",US,"NEW YORK STOCK EXCHANGE, INC.",USD,2025-07-31,415909379.0,198588557.0,19100104704.0
ATHS,Athene Holding Ltd. 7.250% Fixe,US,"NEW YORK STOCK EXCHANGE, INC.",USD,2016-12-09,,,5076.0
RDNT,"RadNet, Inc.",US,NASDAQ NMS - GLOBAL MARKET,USD,2001-12-12,77282458.0,69329875.0,5653211648.0
IBOC,International Bancshares Corporation,US,NASDAQ NMS - GLOBAL MARKET,USD,1986-09-16,62163887.0,55572028.0,4264442624.0
MWXAS,,,,,,,,
WCOCF,,,,,,,,
PDP,Invesco Dorsey Wright Momentum ETF,,,,,,,
MLCMF,Millicom International Cellular S.A.,LU,NASDAQ NMS - GLOBAL MARKET,USD,2004-01-01,167085000.0,96560092.0,5012549632.0
GBCHF,Metaverse Capital Corp.,,,,,774708934.0,655543206.0,38735.0
TSHRF,,,,,,,,
HOVRW,New Horizon Aircraft Ltd.,,,,,,26926750.0,
ABLS,Abacus FCF Small Cap Leaders ETF,,,,,,,
KRO,"Kronos Worldwide, Inc.",US,"NEW YORK STOCK EXCHANGE, INC.",USD,2003-12-04,115053116.0,21510331.0,528093824.0
SAMG,Silvercrest Asset Management Group Inc.,US,NASDAQ NMS - GLOBAL MARKET,USD,2013-06-27,8121141.0,7801818.0,128549952.0
AVLZS,,,,,,,,
BGPBF,BTS Group AB (publ),SE,NASDAQ OMX NORDIC,SEK,2001-06-06,18543019.0,13269752.0,452915744.0
DGRO,iShares Core Dividend Growth ETF,,,,,,,
ATEST.A,,,,,,,,
NUW,Nuveen AMT-Free Municipal Value Fund,US,"NEW YORK STOCK EXCHANGE, INC.",USD,2009-02-25,17951336.0,,258140208.0
LHX,"L3Harris Technologies, Inc.",US,"NEW YORK STOCK EXCHANGE, INC.",USD,1955-07-13,187052847.0,186246649.0,55524122624.0
GENI,Genius Sports Limited,GB,"NEW YORK STOCK EXCHANGE, INC.",USD,2020-10-05,238718120.0,219446406.0,2597253120.0
SDUSF,iShares IV Public Limited Company - iShares MSCI USA ESG Screened UCITS ETF,,,,,,,
MWKRS,,,,,,,,
SHMD,SCHMID Group N.V.,DE,NASDAQ NMS - GLOBAL MARKET,EUR,2024-05-01,43062427.0,11434322.0,252345840.0
ZCCMF,ZCCM Investments Holdings PLC,ZM,NYSE EURONEXT - MARCHE LIBRE PARIS,ZMW,1998-12-23,,,33.0
INDE,Matthews India Active ETF,,,,,,,
OSRHW,"OSR Holdings, Inc.",,,,,,7850482.0,
ALKS,Alkermes plc,IE,NASDAQ NMS - GLOBAL MARKET,USD,1991-07-16,165117509.0,162748073.0,4704197632.0
OUST,"Ouster, Inc.",US,NASDAQ NMS - GLOBAL MARKET,USD,2020-10-09,60005219.0,57223977.0,1318314624.0
SIBN,"SI-BONE, Inc.",US,NASDAQ NMS - GLOBAL MARKET,USD,2018-10-17,43391254.0,39426161.0,883446016.0
OTLY,Oatly Group AB,SE,NASDAQ NMS - GLOBAL MARKET,USD,2021-05-20,30326655.0,219122213.0,337232416.0
NBDS,Neuberger Berman Disrupters ETF,,,,,,,
SURY,Surya Oil and Gas Corp.,,,,,537371532.0,,4836343.0
TVGNW,Tevogen Bio Holdings Inc.,,,,,,25360782.0,
FLR,Fluor Corporation,US,"NEW YORK STOCK EXCHANGE, INC.",USD,1980-03-17,161182507.0,159164502.0,6599139328.0
TNON,"Tenon Medical, Inc.",US,NASDAQ NMS - GLOBAL MARKET,USD,2022-04-27,11106444.0,7992667.0,11883896.0
SIMA,SIM Acquisition Corp. I,US,NASDAQ NMS - GLOBAL MARKET,USD,2024-07-10,23000000.0,20994707.0,323840032.0
DON,WisdomTree U.S. MidCap Dividend Fund,,,,,,,
RWTO,"Redwood Trust, Inc. 9.00% Senio",US,"NEW YORK STOCK EXCHANGE, INC.",USD,1995-08-04,,,703.0
NTHI,"NeOnc Technologies Holdings, Inc.",US,NASDAQ NMS - GLOBAL MARKET,USD,2025-03-26,23970791.0,3769836.0,205429680.0
OMER,Omeros Corporation,US,NASDAQ NMS - GLOBAL MARKET,USD,2009-10-08,70900459.0,68200570.0,1113846144.0
NELS,Nelson Select ETF,,,,,,,
AGRNS,,,,,,,,
NKRKF,Nokian Renkaat Oyj,FI,NASDAQ OMX HELSINKI LTD.,EUR,1995-06-01,137872287.0,123026079.0,1414569728.0
LMBO,Direxion Daily Crypto Industry Bull 2X Shares ETF,,,,,,,
NVYTF,Novacyt S.A.,FR,NYSE EURONEXT - EURONEXT PARIS,GBP,2012-10-12,70626248.0,70583166.0,36019384.0
UPV,ProShares Ultra FTSE Europe,,,,,,,
QAI,NYLI Hedge Multi-Strategy Tracker ETF,,,,,,,
GNVR,Genvor Incorporated,,,,,19623536.0,27047976.0,33360012.0
IWSY,"ImageWare Systems, Inc.",,,,,347962742.0,284048946.0,34796.0
CHBGF,China Boton Group Company Limited,,,,,1080012146.0,348552320.0,324003648.0
RXRSF,,,,,,,5536617.0,
TPRKY,Travis Perkins plc,,,,,211317151.0,208654555.0,1862180864.0
FTRK,FAST TRACK GROUP,,,,,21812500.0,8468703.0,18322500.0
CVLG,"Covenant Logistics Group, Inc.",,,,,20347178.0,14577207.0,561808192.0
AMBIQ,Ambipar Emergency Response,,,,,16195105.0,14359103.0,21063344.0
AVSC,Avantis US Small Cap Equity ETF,,,,,,,
PBFFF,Planet Based Foods Global Inc.,,,,,34985232.0,14392924.0,1682789.0
FWPZCX,"FT 9949: Municipal Income ETF Portfolio, Series 2 - Cash",,,,,,,
GNTOF,Gentor Resources Inc.,,,,,38906742.0,17641095.0,778134.0
AGRRU,,,,,,,,
PETS,"PetMed Express, Inc.",,,,,21369521.0,13983148.0,74152232.0
MNTHF,Minth Group Limited,,,,,1169564799.0,698498361.0,5146085376.0
BYNOU,byNordic Acquisition Corporation,,,,,,436727.0,
LVPA,Lvpai Group Limited,,,,,100103103.0,103106.0,101104136.0
IXQUF,,,,,,,701035.0,
ZIEXT,,,,,,,,
UNHRF,UTD HAMPSHIRE US REIT,,,,,605463379.0,512822109.0,236130704.0
ISHJF,,,,,,,,
CLGN,CollPlant Biotechnologies Ltd.,,,,,12776385.0,8723460.0,19547868.0
SLVYY,Solvay SA,,,,,1044650720.0,66071465.0,3351265536.0
HCXY,"Hercules Capital, Inc.",US,"NEW YORK STOCK EXCHANGE, INC.",USD,2005-06-09,93792600.0,,1336655872.0
ORLNY,,,,,,,581631967.0,
USG,USCF Gold Strategy Plus Income Fund,,,,,,,
BLTD,Bluemonte Long Term Bond ETF,,,,,,,
GNGBF,Getinge AB (publ),SE,NASDAQ OMX NORDIC,SEK,1995-06-08,254152373.0,179802050.0,6160870400.0
VUSB,Vanguard Ultra-Short Bond ETF,,,,,,,
MTWYS,,,,,,,,
USB.PRS,US Bancorp,US,"NEW YORK STOCK EXCHANGE, INC.",USD,1984-05-07,,,85478.0
MINN,Mairs & Power Minnesota Municipal Bond ETF,,,,,,,
RMSG,Real Messenger Corporation,US,NASDAQ NMS - GLOBAL MARKET,USD,2024-11-20,5071281.0,,13591219.0
GVI,iShares Intermediate Government/Credit Bond ETF,,,,,,,
SRS,ProShares UltraShort Real Estate,,,,,,,
ERAS,"Erasca, Inc.",US,NASDAQ NMS - GLOBAL MARKET,USD,2021-07-15,283711805.0,167449544.0,987317120.0
AMIX,"Autonomix Medical, Inc.",US,NASDAQ NMS - GLOBAL MARKET,USD,2024-01-29,6907678.0,6533570.0,3974678.0
XRX,Xerox Holdings Corporation,US,NASDAQ NMS - GLOBAL MARKET,USD,1981-05-22,128040011.0,118398598.0,318819616.0
CARV,"Carver Bancorp, Inc.",US,NASDAQ NMS - GLOBAL MARKET,USD,1994-10-25,5287100.0,3338461.0,6503133.0
EMISR,Emmis Acquisition Corp.,US,NASDAQ NMS - GLOBAL MARKET,USD,2025-09-25,,,157.0
STXV,Strive 1000 Value ETF,,,,,,,
MYNZ,Mainz Biomed N.V.,DE,NASDAQ NMS - GLOBAL MARKET,USD,2021-11-04,8583939.0,4067384.0,10901604.0
ASCS,American Crystal Sugar Company PFD REST NON DIV,,,,,,,
FLGB,Franklin FTSE United Kingdom ETF,,,,,,,
MVLL,GraniteShares 2x Long MRVL Daily ETF,,,,,,,
SOUNW,"SoundHound AI, Inc.",,,,,,378766830.0,
IPITF,,,,,,,,
FSNB.U,,,,,,,,
AZ,A2Z Cust2Mate Solutions Corp.,CA,NASDAQ NMS - GLOBAL MARKET,USD,2018-04-18,41923303.0,38265659.0,268309152.0
BRRWW,"ProCap Financial, Inc.",,,,,,,
FPAG,FPA Global Equity ETF,,,,,,,
XTAAF,XTRACKERS II,,,,,,,
RDTL,GraniteShares 2x Long RDDT Daily ETF,,,,,,,
BOH.PRB,Bank of Hawaii Corp,US,"NEW YORK STOCK EXCHANGE, INC.",USD,1980-03-17,,,2784.0
WCME,First Trust WCM Developing World Equity ETF,,,,,,,
ZTEST,,,,,,,,
NWFL,Norwood Financial Corp.,,,,,9264200.0,8384409.0,262825360.0
CIPI,Correlate Energy Corp.,,,,,78280884.0,54189942.0,15656.0
OSPN,OneSpan Inc.,,,,,38027123.0,37213723.0,495154144.0
NSVGF,Nass Valley Gateway Ltd.,,,,,328732777.0,,3287327.0
SDSTW,Stardust Power Inc.,,,,,,6667372.0,
CYRNQ,Cyren Ltd.,,,,,7999808.0,7995488.0,799.0
PPRG,"Patient Portal Technologies, Inc.",,,,,4999002.0,,499.0
WEXPF,Western Exploration Inc.,,,,,52582798.0,24357404.0,25961494.0
CRZNF,Corazon Mining Ltd,,,,,,,
WTRV,White River Energy Corp.,,,,,61976613.0,,6197.0
LN,,,,,,,,
CZOOF,Cazoo Group Ltd,,,,,4898984.0,380273.0,979.0
GSDT,GSDT Fintech Group Inc.,,,,,1506194845.0,,75460360.0
LUDG,"Ludwig Enterprises, Inc.",,,,,162569807.0,83479596.0,10892177.0
SEPSF,ASEP Medical Holdings Inc.,,,,,11123729.0,9019787.0,121248.0
ZVZZC,,,,,,,,
AHL.PRD,,,,,,,,
FGHRY,Flight Centre Travel Group Ltd,,,,,,,
FREKF,freee K.K.,,,,,59548556.0,31890066.0,1143915392.0
SPYT,Defiance S&P 500 Target Income ,,,,,,,
JUCY,Aptus Enhanced Yield ETF,,,,,,,
DTTLY,Datatec Limited,,,,,121012292.0,164324253.0,1149694976.0
AIUG,"AI Unlimited Group, Inc.",,,,,314225225.0,78713419.0,3487899.0
DLNDY,"D&L Industries, Inc.",,,,,285714320.0,1869071650.0,445773984.0
ZECP,Zacks Earnings Consistent Portfolio ETF,,,,,,,
SOTHF,,,,,,,,
THPMF,,,,,,,,
RNWZ,TrueShares Eagle Global Renewable Energy Income ETF,,,,,,,
AMNP,American Sierra Gold Corp.,,,,,878611686.0,,83468112.0
VANTF,Vantex Resources Ltd.,,,,,4809252.0,,93299.0
TKRFF,Tinka Resources Limited,,,,,81739377.0,59744128.0,27342714.0
RHI,Robert Half Inc.,,,,,101161069.0,88990246.0,2820195584.0
WOSSF,Water Oasis Group Limited,,,,,680552764.0,202137782.0,83027440.0
XTERF,Olive Resource Capital Inc.,,,,,106144709.0,81090312.0,6078002.0
CNPRF,Condor Energies Inc.,,,,,68366783.0,49156239.0,85458480.0
EBUF,Innovator Emerging Markets 10 Buffer ETF - Quarterly,,,,,,,
CRGO,Freightos Limited,ES,NASDAQ NMS - GLOBAL MARKET,USD,2021-11-09,51285848.0,33944107.0,118983160.0
MSGE,Madison Square Garden Entertainment Corp.,US,"NEW YORK STOCK EXCHANGE, INC.",USD,2023-04-17,40364953.0,36148315.0,2550984448.0
BZTAF,Boozt AB (publ),SE,NASDAQ OMX NORDIC,SEK,2017-05-31,61089759.0,59102509.0,638998912.0
ZAPR,Innovator Equity Defined Protec,,,,,,,
THNPF,Technip Energies N.V.,FR,NYSE EURONEXT - EURONEXT PARIS,EUR,2021-02-16,175474321.0,133622903.0,7310260224.0
KWEB,KraneShares CSI China Internet ETF,,,,,,,
MNTN,"MNTN, Inc.",US,"NEW YORK STOCK EXCHANGE, INC.",USD,2025-05-22,44231894.0,21865935.0,868428096.0
EASG,Xtrackers MSCI EAFE Selection Equity ETF,,,,,,,
BRSWF,,,,,,,,
APOG,"Apogee Enterprises, Inc.",US,NASDAQ NMS - GLOBAL MARKET,USD,1971-07-01,21510930.0,20965198.0,817262464.0
XBIL,F/m US Treasury 6 Month Bill ETF,,,,,,,
DFAC,Dimensional U.S. Core Equity 2 ETF,,,,,,,
FUSE,Fusemachines Inc.,US,NASDAQ NMS - GLOBAL MARKET,USD,2022-01-13,26501049.0,9243057.0,50617000.0
TSLR,Graniteshares 2x Long TSLA Daily ETF,,,,,,,
CNLHP,The Connecticut Light and Power Company,,,,,6035200.0,,226018240.0
LQDT,"Liquidity Services, Inc.",US,NASDAQ NMS - GLOBAL MARKET,USD,2006-02-23,30639767.0,21278399.0,973030656.0
BLIN,"Bridgeline Digital, Inc.",US,NASDAQ NMS - GLOBAL MARKET,USD,2007-06-29,12224399.0,10237323.0,11369914.0
CYPH,Cypherpunk Technologies Inc.,US,NASDAQ NMS - GLOBAL MARKET,USD,2017-01-24,56651840.0,35597750.0,67982208.0
GLDD,Great Lakes Dredge & Dock Corporation,US,NASDAQ NMS - GLOBAL MARKET,USD,2006-12-27,67999305.0,61449684.0,907110720.0
AFXXF,Afry AB,SE,NASDAQ OMX NORDIC,SEK,1986-01-01,108961405.0,90829029.0,1944951936.0
YDES,YD Bio Ltd,TW,NASDAQ NMS - GLOBAL MARKET,USD,2025-08-29,70521359.0,1420759.0,863181440.0
SRI,"Stoneridge, Inc.",US,"NEW YORK STOCK EXCHANGE, INC.",USD,1997-10-10,28016931.0,25005671.0,159416352.0
GRRR,Gorilla Technology Group Inc.,GB,NASDAQ NMS - GLOBAL MARKET,USD,2021-05-10,22669015.0,21580402.0,255253120.0
SHFS,"SHF Holdings, Inc.",US,NASDAQ NMS - GLOBAL MARKET,USD,2021-06-24,3081076.0,1571102.0,3851346.0
SOLV,Solventum Corporation,US,"NEW YORK STOCK EXCHANGE, INC.",USD,2024-03-26,173447557.0,147361044.0,13955590144.0
ARLTS,,,,,,,,
DSPC,AXS De-SPAC ETF,,,,,,,
ABR.PRD,Arbor Realty Trust Inc,US,"NEW YORK STOCK EXCHANGE, INC.",USD,2004-04-07,,,1551.0
GDXY,YieldMax Gold Miners Option Income Strategy ETF,,,,,,,
FARM,Farmer Bros. Co.,US,NASDAQ NMS - GLOBAL MARKET,USD,1980-03-17,21602012.0,16944186.0,32403018.0
LTRYW,Lottery.com Inc.,,,,,,,
LASR,"nLIGHT, Inc.",US,NASDAQ NMS - GLOBAL MARKET,USD,2018-04-26,50786007.0,48991737.0,1990811520.0
CTRM,Castor Maritime Inc.,CY,NASDAQ NMS - GLOBAL MARKET,USD,2018-12-20,9662354.0,,22416660.0
VAL,Valaris Limited,BM,"NEW YORK STOCK EXCHANGE, INC.",USD,2021-05-03,69577278.0,56754186.0,3525778432.0
BTAEDX,BlackRock 30/70 Target Allocation ETF,,,,,,,
ESCSQ,Escalera Resources Co.,,,,,14303400.0,14288711.0,1430.0
BKAG,BNY Mellon Core Bond ETF,,,,,,,
LAZRQ,"Luminar Technologies, Inc.",,,,,72986496.0,,13422904.0
STXM,Strive Mid-Cap ETF,,,,,,,
WRB.PRH,W R Berkley Corp,US,"NEW YORK STOCK EXCHANGE, INC.",USD,1973-10-19,,,26932.0
HEPS,D-Market Elektronik Hizmetler ve Ticaret A.S.,TR,NASDAQ NMS - GLOBAL MARKET,TRY,2021-07-01,285998290.0,187828043.0,821515712.0
LUCN,"Lucent, Inc.",,,,,15800000.0,2600052.0,142042000.0
RBOHF,Humanoid Global Holdings Corp.,,,,,38160946.0,37777810.0,22896568.0
TTIRF,Tertiary Minerals plc,,,,,5154355727.0,3324814422.0,3275684.0
BNPQF,BNP Paribas SA,,,,,1116784757.0,986451650.0,105871196160.0
INVZ,Innoviz Technologies Ltd.,,,,,208783519.0,192119461.0,199137728.0
SNDX,"Syndax Pharmaceuticals, Inc.",,,,,86914838.0,73277031.0,1851286016.0
AZURD,,,,,,86059672.0,66344115.0,2595559.0
WHEN,"World Health Energy Holdings, Inc.",,,,,530834347495.0,94684922563.0,106166872.0
BIGGQ,"Former BL Stores, Inc.",,,,,29694012.0,28558216.0,11877.0
TLOFF,Talon Metals Corp.,,,,,1169628280.0,983669080.0,588323072.0
NNOMF,Nano One Materials Corp.,,,,,118463721.0,110610440.0,97411288.0
CMS,CMS Energy Corporation,,,,,304319765.0,302353859.0,21290211328.0
ATPC,Agape ATP Corporation,,,,,50027000.0,21685704.0,6043262.0
NUSB,Nuveen Ultra Short Income ETF,,,,,,,
VIRC,Virco Mfg. Corporation,,,,,15761141.0,10359010.0,101344136.0
FRMB,"Forum Mobile, Inc.",,,,,,76124205.0,122586.0
DHLX,Diamond Hill Large Cap Concentrated ETF,,,,,,,
RITM.PRD,,,,,,,,
OPER,ClearShares Ultra-Short Maturity ETF,,,,,,,
MARKP,,,,,,,,
MKZR,"MacKenzie Realty Capital, Inc.",US,NASDAQ NMS - GLOBAL MARKET,USD,2023-09-22,1852481.0,1709581.0,7206155.0
OGEN,"Oragenics, Inc.",US,NYSE MKT LLC,USD,2003-07-09,4168223.0,4035215.0,3580503.0
MNRS,Grayscale Bitcoin Miners ETF,,,,,,,
OMCC,Old Market Capital Corporation,US,NASDAQ NMS - GLOBAL MARKET,USD,1994-08-22,6790097.0,2943711.0,34425792.0
PRF,Invesco RAFI US 1000 ETF,,,,,,,
MWKOS,,,,,,,,
SERA,"Sera Prognostics, Inc.",US,NASDAQ NMS - GLOBAL MARKET,USD,2021-07-15,37627034.0,26795979.0,135853664.0
AHRBS,,,,,,,,
KPRO,KraneShares 100% KWEB Defined Outcome January 2027 ETF,,,,,,,
IEO,iShares U.S. Oil & Gas Exploration & Production ETF,,,,,,,
MVTPS,,,,,,,,
SWP,SWP Growth & Income ETF,,,,,,,
BTRY,Clarios International Inc.,US,"NEW YORK STOCK EXCHANGE, INC.",USD,,,,
AHT.PRF,Ashford Hospitality Trust Inc,US,"NEW YORK STOCK EXCHANGE, INC.",USD,2003-08-26,,,24.0
PAVLF,,,,,,,,
HOTH,"Hoth Therapeutics, Inc.",US,NASDAQ NMS - GLOBAL MARKET,USD,2019-02-15,15514312.0,14960761.0,15669455.0
STRK,Strategy Inc,US,NASDAQ NMS - GLOBAL MARKET,USD,1986-09-16,,267029205.0,45634.0
SKYH.WS,Sky Harbour Group Corp,US,NYSE MKT LLC,USD,2020-10-22,,,690.0
FLUD,Franklin Ultra Short Bond ETF,,,,,,,
TFC.PRI,Truist Financial Corp,US,"NEW YORK STOCK EXCHANGE, INC.",USD,1980-03-18,,,64742.0
WKC,World Kinect Corporation,US,"NEW YORK STOCK EXCHANGE, INC.",USD,1987-06-08,55558773.0,53652551.0,1308409088.0
ISPOW,Inspirato Incorporated,,,,,,6653852.0,
CAN,Canaan Inc.,SG,NASDAQ NMS - GLOBAL MARKET,USD,2019-11-21,657578091.0,7935922835.0,518600896.0
PCTTW,"PureCycle Technologies, Inc.",,,,,,141897183.0,
UNTCW,,,,,,,9737282.0,
JAZZ,Jazz Pharmaceuticals plc,IE,NASDAQ NMS - GLOBAL MARKET,USD,2012-01-18,60765116.0,58869244.0,10359236608.0
RHEPB,"Regional Health Properties, Inc.",US,NYSE MKT LLC,USD,2017-10-02,,1533433.0,5.0
DNUT,"Krispy Kreme, Inc.",US,NASDAQ NMS - GLOBAL MARKET,USD,2021-07-01,171300000.0,85876116.0,733164032.0
VERX,"Vertex, Inc.",US,NASDAQ NMS - GLOBAL MARKET,USD,2020-07-29,77372323.0,70168375.0,3240013056.0
CHACU,Crane Harbor Acquisition Corp.,US,NASDAQ NMS - GLOBAL MARKET,USD,2025-04-25,,,325.0
ISTSF,,,,,,,,
JHLN,JHancock Global Senior Loan ETF,,,,,,,
XFOR,"X4 Pharmaceuticals, Inc.",,,,,87436688.0,81289889.0,393465088.0
ZEFIF,Zefiro Methane Corp.,,,,,76102230.0,51996088.0,18518406.0
LDSVF,Chocoladefabriken Lindt & Sprüngli AG,,,,,969010.0,225200.0,33591222272.0
KWIK,"KwikClick, Inc.",,,,,3892960.0,1625700.0,8369864.0
CKHGF,Capitec Bank Holdings Limited,,,,,115805828.0,87323446.0,19312936960.0
UBOH,"United Bancshares, Inc.",,,,,2966066.0,,132740344.0
REE,REE Automotive Ltd.,,,,,28656046.0,19059138.0,21678300.0
UAE,iShares MSCI UAE ETF,,,,,,,
JDLGF,"JD Logistics, Inc.",,,,,6151296699.0,1871460040.0,14464994304.0
ZKBSF,ZKB Silver ETF,,,,,,,
STRPF,Starr Peak Mining Ltd.,,,,,57697181.0,56981159.0,13974257.0
DTM,"DT Midstream, Inc.",,,,,101673925.0,101204191.0,12249674752.0
SFEB,FT Vest U.S. Small Cap Moderate Buffer ETF – February,,,,,,,
RUM,Rumble Inc.,,,,,215380826.0,110466040.0,2261605632.0
SREA,DBA Sempra 5.750% Junior Subord,,,,,,,
NEO,"NeoGenomics, Inc.",,,,,129387801.0,112965901.0,1588882176.0
RIINF,Canadian Critical Minerals Inc.,,,,,299061333.0,273168603.0,7057848.0
ZXIET,,,,,,,,
DCTIF,Regenera Insights Inc.,,,,,126882712.0,,3628845.0
MAXI,Simplify Bitcoin Strategy PLUS Income ETF,,,,,,,
LIAM,LifeX 2055 Inflation-Protected Longevity Income ETF,,,,,,,
HPUMF,,,,,,,,
VFSWW,VinFast Auto Ltd.,,,,,,50369708.0,
EES,WisdomTree U.S. SmallCap Earnings Fund,,,,,,,
AVLOS,,,,,,,,
MSAI,"MultiSensor AI Holdings, Inc.",,,,,80133381.0,16081846.0,34841996.0
SIGIP,"Selective Insurance Group, Inc.",,,,,,59876308.0,
KMX,"CarMax, Inc.",,,,,141796641.0,140921756.0,5766604800.0
ARNNY,ASR Nederland N.V.,,,,,413254128.0,195759875.0,14751106048.0
MOPHY,Monadelphous Group Limited,,,,,100026003.0,92901103.0,945245696.0
PMSLF,,,,,,,,
FNEC,First National Energy Corporation,,,,,103080228.0,14262050.0,1350351.0
DOGG,FT Vest DJIA Dogs 10 Target Income ETF,,,,,,,
SKYU,ProShares Ultra Cloud Computing,,,,,,,
BMDL,VictoryShares WestEnd Economic Cycle Bond ETF,,,,,,,
EXC,Exelon Corporation,US,NASDAQ NMS - GLOBAL MARKET,USD,1943-07-06,1008290316.0,1008552617.0,43995045888.0
BTCI,NEOS ETF Trust - NEOS Bitcoin High Income ETF,,,,,,,
DYNB,Hartford Dynamic Bond ETF,,,,,,,
TBCH,Turtle Beach Corporation,US,NASDAQ NMS - GLOBAL MARKET,USD,2012-03-22,19311014.0,11090315.0,280263904.0
HTBK,Heritage Commerce Corp,US,NASDAQ NMS - GLOBAL MARKET,USD,1998-07-30,61332457.0,59483643.0,769108992.0
QUMSU,Quantumsphere Acquisition Corporation,US,NASDAQ NMS - GLOBAL MARKET,USD,2025-08-06,,7712492.0,114.0
GHY,"PGIM Global High Yield Fund, Inc",US,"NEW YORK STOCK EXCHANGE, INC.",USD,2012-12-19,40953530.0,,509871424.0
XISE,FT Vest U.S. Equity Buffer & Premium Income ETF – September,,,,,,,
EGLE,Global X S&P 500 U.S. Revenue Leaders ETF,,,,,,,
PIFI,ClearShares Piton Intermediate Fixed Income ETF,,,,,,,
KRNVF,Karnov Group AB (publ),SE,NASDAQ OMX NORDIC,SEK,2019-04-11,,,10733.0
AKRE,Akre Focus ETF,,,,,,,
CTYDS,,,,,,,,
ARKG,ARK Genomic Revolution ETF,,,,,,,
BF.B,Brown-Forman Corp,US,"NEW YORK STOCK EXCHANGE, INC.",USD,1980-03-17,,,12105.0
ASPCR,A SPAC III Acquisition Corp.,,,,,,1791732.0,
KYIV,Kyivstar Group Ltd.,AE,NASDAQ NMS - GLOBAL MARKET,USD,2025-08-15,230863524.0,,3114348800.0
LX,LexinFintech Holdings Ltd.,CN,NASDAQ NMS - GLOBAL MARKET,CNY,2017-12-21,132592387.0,221596780.0,580509120.0
NVDO,Leverage Shares 2x Capped Accelerated NVDA Monthly ETF,,,,,,,
NVBU,AllianzIM U.S. Equity Buffer15 Uncapped Nov ETF,,,,,,,
BARKW,"BARK, Inc.",,,,,,104134293.0,
GXC,SPDR S&P China ETF,,,,,,,
PBI,Pitney Bowes Inc.,US,"NEW YORK STOCK EXCHANGE, INC.",USD,1950-09-18,160918164.0,150117337.0,1848600832.0
PACHU,Pioneer Acquisition I Corp,US,NASDAQ NMS - GLOBAL MARKET,USD,2025-06-18,,25300000.0,318.0
SNA,Snap-on Incorporated,US,"NEW YORK STOCK EXCHANGE, INC.",USD,1978-02-27,52007557.0,50751574.0,18465832960.0
ADEA,Adeia Inc.,US,NASDAQ NMS - GLOBAL MARKET,USD,2003-11-13,109510191.0,107174339.0,1855102720.0
MBOT,Microbot Medical Inc.,,,,,67158044.0,67158044.0,144389808.0
YHC,LQR House Inc.,US,NASDAQ NMS - GLOBAL MARKET,USD,2023-08-10,21366209.0,11515179.0,19522306.0
BCYC,Bicycle Therapeutics plc,GB,NASDAQ NMS - GLOBAL MARKET,USD,2019-05-23,49929952.0,,473089056.0
AVCMS,,,,,,,,
MWXOS,,,,,,,,
RNR,RenaissanceRe Holdings Ltd.,BM,"NEW YORK STOCK EXCHANGE, INC.",USD,1996-07-24,46109518.0,45108019.0,13244432384.0
MOFG,"MidWestOne Financial Group, Inc.",US,NASDAQ NMS - GLOBAL MARKET,USD,2008-03-17,20634267.0,16006689.0,805974528.0
UOKA,MDJM Ltd,GB,NASDAQ NMS - GLOBAL MARKET,USD,2019-01-08,1068686.0,1062627.0,2244240.0
ZTAX,X-Square Municipal Income Tax Free ETF,,,,,,,
DEVS,DevvStream Corp.,US,,USD,2021-10-28,4380012.0,1521003.0,5650215.0
IVCUF,Investcorp Europe Acquisition Corp I,,,,,,7805651.0,
LUCK,Lucky Strike Entertainment Corporation,US,"NEW YORK STOCK EXCHANGE, INC.",USD,2021-04-23,81117156.0,13986001.0,1246730112.0
SSEA,Starry Sea Acquisition Corp,US,NASDAQ NMS - GLOBAL MARKET,USD,2025-08-08,7635871.0,5799597.0,76435080.0
CFO,VictoryShares US 500 Enhanced Volatility Wtd ETF,,,,,,,
BILI,Bilibili Inc.,CN,NASDAQ NMS - GLOBAL MARKET,CNY,2018-03-28,326903294.0,289505580.0,10144752640.0
DURA,VanEck Durable High Dividend ETF,,,,,,,
IFVEF,,,,,,,,
ALLT,Allot Ltd.,IL,NASDAQ NMS - GLOBAL MARKET,USD,2006-11-16,48425616.0,27988413.0,448905472.0
RNGR,"Ranger Energy Services, Inc.",US,"NEW YORK STOCK EXCHANGE, INC.",USD,2017-08-11,23612088.0,18284099.0,327027424.0
HYPAF,HYPER BIT TECHNOLOGIES LTD.,,,,,,26910872.0,
RNA,"Avidity Biosciences, Inc.",US,NASDAQ NMS - GLOBAL MARKET,USD,2020-06-12,150675742.0,128515861.0,10868241408.0
CLRO,"ClearOne, Inc.",US,NASDAQ NMS - GLOBAL MARKET,USD,1989-03-03,2237912.0,387830.0,11928071.0
VTEI,Vanguard Intermediate-Term Tax-Exempt Bond ETF,,,,,,,
SPGP,Invesco S&P 500 GARP ETF,,,,,,,
SAWS,AAM Sawgrass U.S. Small Cap Quality Growth ETF,,,,,,,
ALGM,"Allegro MicroSystems, Inc.",US,NASDAQ NMS - GLOBAL MARKET,USD,2020-10-29,185119045.0,123966820.0,4974148608.0
ZFEB,Innovator Equity Defined Protection ETF - 1 Yr February,,,,,,,
GNK,Genco Shipping & Trading Limited,US,"NEW YORK STOCK EXCHANGE, INC.",USD,2005-07-22,43243165.0,35676044.0,812539072.0
TX,Ternium S.A.,LU,"NEW YORK STOCK EXCHANGE, INC.",USD,2006-02-01,196307678.0,429481936.0,7546066944.0
KVACW,Keen Vision Acquisition Corporation,,,,,,4822363.0,
EDD,"Morgan Stanley Emerging Markets Domestic Debt Fund, Inc.",US,"NEW YORK STOCK EXCHANGE, INC.",USD,2007-04-24,64456047.0,,357731072.0
ETHA,iShares Ethereum Trust ETF,,,,,,,
CFA,VictoryShares US 500 Volatility Wtd ETF,,,,,,,
FNGR,"FingerMotion, Inc.",SG,NASDAQ NMS - GLOBAL MARKET,USD,2014-09-23,61217225.0,45832375.0,86316280.0
IBDR,iShares iBonds Dec 2026 Term Corporate ETF,,,,,,,
FXNC,First National Corporation,,,,,9010817.0,6786317.0,229775840.0
TWOX,iShares Large Cap Accelerated Outcome ETF,,,,,,,
ZTMUF,Zimtu Capital Corp.,,,,,12682630.0,11474863.0,6848620.0
TMFM,Motley Fool Mid-Cap Growth ETF,,,,,,,
ITXXF,Itaconix plc,,,,,13486122.0,8559642.0,24546442.0
ATXRF,ATEX Resources Inc.,,,,,345163953.0,269683500.0,907781248.0
XRPK,T-REX 2X Long XRP Daily Target ETF,,,,,,,
NTRSO,Northern Trust Corporation,,,,,,186225764.0,
TCEHY,Tencent Holdings Limited,,,,,9031818071.0,6248091240.0,705587576832.0
CCLD,"CareCloud, Inc.",,,,,42397039.0,36036635.0,128887000.0
QQQFF,Quizam Media Corporation,,,,,63906845.0,55475615.0,1316481.0
IFGL,iShares International Developed Real Estate ETF,,,,,,,
WSR,Whitestone REIT,,,,,51020124.0,44958933.0,708818048.0
GLCR,GlacierShares Nasdaq Iceland ETF,,,,,,,
MSADF,"MS&AD Insurance Group Holdings, Inc.",,,,,1485362686.0,1416847527.0,33123586048.0
MWQHS,,,,,,,,
NICE,NICE Ltd.,,,,,61741703.0,61693561.0,6957672960.0
BNGRF,Savencia SA,,,,,12945794.0,2778328.0,860248000.0
CLYAF,iShares Global Agriculture Index ETF,,,,,,,
MALRY,Mineral Resources Limited,,,,,197631816.0,163939863.0,7474435072.0
RC,Ready Capital Corporation,,,,,162126276.0,144159442.0,369443744.0
DRDNF,Dreadnought Resources Ltd,,,,,,,
MWRAS,,,,,,,,
PCG.PRD,,,,,,,,
VEOEY,Veolia Environnement SA,,,,,1462558636.0,641645392.0,25229135872.0
BOED,Direxion Daily BA Bear 1X Shares,,,,,,,
CMJIF,ISHARES III PLC,,,,,,,
ADDDF,adidas AG,,,,,178549084.0,156304015.0,35279515648.0
CPQQ,"China Power Equipment, Inc.",,,,,19602557.0,,100953.0
ZZHGY,"ZhongAn Online P & C Insurance Co., Ltd.",,,,,1634812900.0,883607421.0,3335929600.0
PR,Permian Resources Corporation,US,"NEW YORK STOCK EXCHANGE, INC.",USD,2016-03-02,744923609.0,734870503.0,10242699264.0
AHAPS,,,,,,,,
OUSA,ALPS O'Shares U.S. Quality Dividend ETF Shares,,,,,,,
USUTF,SSGA SPDR ETFS EUROPE II PLC,,,,,,,
VWID,Virtus WMC International Dividend ETF,,,,,,,
EADSF,Airbus SE,NL,NYSE EURONEXT - EURONEXT PARIS,EUR,2000-07-10,789379560.0,586256412.0,187215642624.0
EVMO,Eaton Vance Mortgage Opportunities ETF,,,,,,,
SVREW,SaverOne 2014 Ltd.,,,,,,3466682022.0,
FMAR,FT Vest U.S. Equity Buffer ETF - March,,,,,,,
SSSAF,Shurgard Self Storage Ltd,GG,NYSE EURONEXT - EURONEXT BRUSSELS,EUR,2018-10-15,100972323.0,32601686.0,3411352320.0
LASE,Laser Photonics Corporation,US,NASDAQ NMS - GLOBAL MARKET,USD,2022-09-30,22332826.0,18142965.0,59565556.0
EDHL,Everbright Digital Holding Limited,HK,NASDAQ NMS - GLOBAL MARKET,USD,2025-04-17,26660000.0,8120750.0,12266266.0
IWATF,iShares II Public Limited Company - iShares Global Water UCITS ETF,,,,,,,
CDNA,"CareDx, Inc.",US,NASDAQ NMS - GLOBAL MARKET,USD,2014-07-17,51432639.0,50043443.0,1036860928.0
BCAT,BlackRock Capital Allocation Term Trust,US,"NEW YORK STOCK EXCHANGE, INC.",USD,2020-09-25,104775271.0,,1491999872.0
ATLCZ,Atlanticus Holdings Corporation 9.25% Senior Notes due 2029,US,NASDAQ NMS - GLOBAL MARKET,USD,1999-04-23,,,1062.0
MWMBS,,,,,,,,
SAM,"The Boston Beer Company, Inc.",US,"NEW YORK STOCK EXCHANGE, INC.",USD,1995-11-21,8590368.0,7035866.0,2145603200.0
FORLU,Four Leaf Acquisition Corporation,US,NASDAQ NMS - GLOBAL MARKET,USD,2023-03-17,,522344.0,27.0
XRPNU,Armada Acquisition Corp. II,KY,NASDAQ NMS - GLOBAL MARKET,USD,2025-05-21,,21528901.0,320.0
SBAC,SBA Communications Corporation,US,NASDAQ NMS - GLOBAL MARKET,USD,1999-06-16,106563000.0,105804235.0,20524034048.0
MFSV,MFS Active Value ETF,,,,,,,
OFLX,"Omega Flex, Inc.",US,NASDAQ NMS - GLOBAL MARKET,USD,2005-08-01,10094322.0,3508383.0,297782496.0
JPIB,JPMorgan International Bond Opportunities ETF,,,,,,,
STRZ,Starz Entertainment Corp.,US,NASDAQ NMS - GLOBAL MARKET,USD,1998-11-17,16731046.0,11126480.0,197760960.0
ISRVF,iShares Public Limited Company - iShares MSCI Japan USD Hedged UCITS ETF (Acc),,,,,,,
GOOP,Kurv Yield Premium Strategy Google ETF,,,,,,,
XTEN,Bondbloxx Bloomberg Ten Year Target Duration US Treasury ETF,,,,,,,
IUSZF,iShares IV Public Limited Company - iShares Edge MSCI USA Size Factor UCITS ETF,,,,,,,
PSQO,Palmer Square Credit Opportunities ETF,,,,,,,
GIS,"General Mills, Inc.",US,"NEW YORK STOCK EXCHANGE, INC.",USD,1928-11-30,533582081.0,531330365.0,25105037312.0
SPKL,Spark I Acquisition Corporation,US,NASDAQ NMS - GLOBAL MARKET,USD,2023-11-27,6236713.0,5602757.0,97757752.0
RETO,"ReTo Eco-Solutions, Inc.",,,,,1858842.0,1286254.0,6089334.0
GGDCF,GALLOPER GOLD CORP,,,,,,,
STTTF,Splitit Payments Ltd,,,,,553384030.0,488317231.0,55338.0
TATLY,Tata Steel Limited,,,,,1232120064.0,7875680658.0,13458657280.0
JIAXF,Jiangxi Copper Company Limited,,,,,1387482000.0,1849977376.0,27986966528.0
HYSD,Columbia Short Duration High Yield ETF,,,,,,,
BEAM,Beam Therapeutics Inc.,,,,,101474944.0,87386782.0,2839268864.0
VTYX,"Ventyx Biosciences, Inc.",,,,,71358638.0,60016182.0,660780992.0
GME.WS,,,,,,,,
REXHF,Rex International Holding Limited,,,,,1302320991.0,729143476.0,131534432.0
TFLM,TOFLA MEGALINE INC.,,,,,5912535.0,1410553.0,956056.0
HXGCF,Hexagon Composites ASA,,,,,249767333.0,170187433.0,195143216.0
CWGL,"Crimson Wine Group, Ltd.",,,,,20586027.0,13553840.0,100871536.0
FBASF,Fibra UNO,,,,,3810649852.0,,5715974656.0
AWLIF,Ameriwest Critical Metals Inc.,,,,,22747245.0,21307344.0,5149843.0
BNXR,Brinx Resources Ltd.,,,,,24629832.0,19704851.0,2462.0
EJPRY,East Japan Railway Company,,,,,2257308582.0,1084930224.0,29953251328.0
SMNEY,Siemens Energy AG,,,,,855344213.0,743439530.0,122425417728.0
TBLLF,Tombill Mines Limited,,,,,263503451.0,80078699.0,3451895.0
KPDD,KraneShares 2x Long PDD Daily ETF,,,,,,,
XDNCF,XD Inc.,,,,,488992013.0,271084615.0,1320278400.0
IBMP,iShares iBonds Dec 2027 Term Muni Bond ETF,,,,,,,
ALX,"Alexander's, Inc.",,,,,5107290.0,2125654.0,1114206464.0
ASBFF,Associated British Foods plc,,,,,707570045.0,264041773.0,20205766656.0
BYMOF,Bayerische Motoren Werke Aktiengesellschaft,,,,,53481611.0,392346946.0,62834147328.0
MLUEF,,,,,,,,
PC,Premium Catering (Holdings) Limited,,,,,2072528.0,3232765.0,30497782.0
DDLS,WisdomTree Dynamic International SmallCap Equity ETF,,,,,,,
MKLY,McKinley Acquisition Corporation,,,,,17790000.0,,308144544.0
BRJYF,,,,,,,,
CBTA,Calamos Bitcoin 80 Series Struc,,,,,,,
MXSTS,,,,,,,,
BUSC,"Blue Star Global, Inc.",,,,,5401689.0,,32356116.0
WGMI,CoinShares Bitcoin Mining ETF,,,,,,,
CGIFF,Chemtrade Logistics Income Fund,,,,,115726030.0,115096480.0,1226695936.0
BHBSY,PT Berkah Beton Sadaya Tbk,,,,,900000000.0,30875850000.0,360000000.0
CZASF,China ZhengTong Auto Services Holdings Limited,,,,,10016050944.0,205028564.0,101162112.0
ON,ON Semiconductor Corporation,US,NASDAQ NMS - GLOBAL MARKET,USD,2000-04-27,402378412.0,400459067.0,22464942080.0
MSCI,MSCI Inc.,US,"NEW YORK STOCK EXCHANGE, INC.",USD,2007-11-15,75139539.0,71140613.0,45257887744.0
NLR,VanEck Uranium and Nuclear ETF,,,,,,,
WNW,Meiwu Technology Company Limited,CN,NASDAQ NMS - GLOBAL MARKET,USD,2020-12-15,15643353.0,432609.0,23465030.0
PSA.PRO,Public Storage,US,"NEW YORK STOCK EXCHANGE, INC.",USD,1984-10-19,,,45985.0
EWS,iShares MSCI Singapore ETF,,,,,24700000.0,,680484992.0
AGXRW,,,,,,,,
PSTV,"Plus Therapeutics, Inc.",US,NASDAQ NMS - GLOBAL MARKET,USD,2000-08-09,137429055.0,137004399.0,79695112.0
LOAR,Loar Holdings Inc.,US,"NEW YORK STOCK EXCHANGE, INC.",USD,2024-04-25,93622471.0,36753373.0,6468376064.0
KSMMF,,,,,,,,
SNOV,FT Vest U.S. Small Cap Moderate Buffer ETF - November,,,,,,,
ORN,"Orion Group Holdings, Inc.",US,"NEW YORK STOCK EXCHANGE, INC.",USD,2007-12-20,39900978.0,37573953.0,415768160.0
SIDU,"Sidus Space, Inc.",US,NASDAQ NMS - GLOBAL MARKET,USD,2021-12-15,54378283.0,35040228.0,105143088.0
CET,Central Securities Corporation,US,NYSE MKT LLC,USD,1980-03-17,28913659.0,16793921.0,1477745024.0
AHRSS,,,,,,,,
TCV,Towle Value ETF,,,,,,,
GPN,Global Payments Inc.,US,"NEW YORK STOCK EXCHANGE, INC.",USD,2001-01-12,236743716.0,234702985.0,19493480448.0
RANJF,Randstad N.V.,NL,NYSE EURONEXT - EURONEXT AMSTERDAM,EUR,1905-06-12,175230542.0,75881834.0,6763898880.0
NRES,Xtrackers RREEF Global Natural Resources ETF,,,,,,,
BUYW,Main Buywrite ETF,,,,,,,
BINV,Brandes International ETF,,,,,,,
POWA,Invesco Bloomberg Pricing Power,,,,,,,
HYBX,TCW High Yield Bond ETF,,,,,,,
MFSG,MFS Active Growth ETF,,,,,,,
ZVIA,Zevia PBC,US,"NEW YORK STOCK EXCHANGE, INC.",USD,2021-07-22,64530000.0,36669141.0,153486272.0
DOMO,"Domo, Inc.",US,NASDAQ NMS - GLOBAL MARKET,USD,2018-06-29,38534833.0,32091628.0,373678496.0
ALIT,"Alight, Inc.",US,"NEW YORK STOCK EXCHANGE, INC.",USD,2020-07-17,522778829.0,462915425.0,1082495488.0
AUPH,Aurinia Pharmaceuticals Inc.,CA,NASDAQ NMS - GLOBAL MARKET,USD,2001-07-16,131840559.0,128247904.0,2142409088.0
DAIO,Data I/O Corporation,US,NASDAQ NMS - GLOBAL MARKET,USD,1981-05-06,9391883.0,8497776.0,30241864.0
MBNKO,Medallion Bank,US,NASDAQ NMS - GLOBAL MARKET,,,,,72.0
OPPJ,WisdomTree Japan Opportunities Fund,,,,,,,
TBRG,"TruBridge, Inc.",US,NASDAQ NMS - GLOBAL MARKET,USD,2002-05-21,15008986.0,10119673.0,331306944.0
ACR.PRD,Acres Commercial Realty Corp,US,"NEW YORK STOCK EXCHANGE, INC.",USD,2006-02-07,,,161.0
VRAR,"The Glimpse Group, Inc.",US,NASDAQ NMS - GLOBAL MARKET,USD,2021-07-01,21076506.0,14908256.0,17154168.0
ELA,Envela Corporation,US,NYSE MKT LLC,USD,1992-03-18,25963476.0,5406115.0,324565984.0
GVH,Globavend Holdings Limited,AU,NASDAQ NMS - GLOBAL MARKET,USD,2023-11-08,1526113.0,72188.0,3967893.0
AZTD,Aztlan Global Stock Selection Dm SMID ETF,,,,,,,
ACONW,"Aclarion, Inc.",,,,,,671331.0,
BKKT.WS,Bakkt Holdings Inc,US,"NEW YORK STOCK EXCHANGE, INC.",USD,2020-09-23,,,328.0
SMCY,YieldMax SMCI Option Income Str,,,,,,,
BYNOW,byNordic Acquisition Corporatio,,,,,,436727.0,
ELRXF,AB Electrolux (publ),SE,NASDAQ OMX NORDIC,SEK,1905-04-11,262304514.0,219564566.0,1626634752.0
PABD,iShares Paris-Aligned Climate Optimized MSCI World ex USA ETF,,,,,,,
FFOG,Franklin Focused Growth ETF,,,,,,,
AHFTS,,,,,,,,
IDYA,"IDEAYA Biosciences, Inc.",US,NASDAQ NMS - GLOBAL MARKET,USD,2019-05-23,87666408.0,86873904.0,3085857536.0
PPTY,Vident U.S. Diversified Real Estate ETF,,,,,,,
ZWCCF,,,,,,,,
ALKT,"Alkami Technology, Inc.",US,NASDAQ NMS - GLOBAL MARKET,USD,2021-04-14,105004011.0,72246960.0,2429792768.0
CARU,Max Auto Industry 3X Leveraged ETN,,,,,,,
BCD,abrdn Bloomberg All Commodity Longer Dated Strategy K-1 Free ETF,,,,,,,
WW,"WW International, Inc.",US,NASDAQ NMS - GLOBAL MARKET,USD,2001-11-15,9986928.0,9052451.0,276837664.0
ICVT,iShares Convertible Bond ETF,,,,,,,
OPENW,Opendoor Technologies Inc.,,,,,,627496430.0,
GUESF,GuestLogix Inc.,,,,,134871732.0,,13487.0
PFE,Pfizer Inc.,US,"NEW YORK STOCK EXCHANGE, INC.",USD,1944-01-17,5685707552.0,5675928135.0,142654406656.0
IFED,ETRACS IFED Invest with the Fed TR Index ETN,,,,,,,
ALEUY,,,,,,,931749341.0,
SYAIF,,,,,,,,
AGRZ,Agroz Inc.,,,,,21673485.0,9928265.0,17330118.0
WLY,"John Wiley & Sons, Inc.",,,,,43792357.0,39549666.0,1636142720.0
TCBK,TriCo Bancshares,,,,,32511648.0,30922479.0,1572924160.0
SF.PRD,,,,,,,,
ZENV,Zenvia Inc.,,,,,28902363.0,10201520.0,55721324.0
SNX,TD SYNNEX Corporation,,,,,81437855.0,80588458.0,12774975488.0
EFFE,Harbor Osmosis Emerging Markets Resource Efficient ETF,,,,,,,
VNRGF,Vienna Insurance Group AG,,,,,128000000.0,35238400.0,7246080000.0
HIFS,Hingham Institution for Savings,,,,,2182150.0,1701310.0,635354816.0
SNHO,Shonghoya Intl Group Inc.,,,,,84501895.0,23724669.0,39251132.0
PRXA,,,,,,,,
AHBBS,,,,,,,,
MSOS,AdvisorShares Pure US Cannabis ETF,,,,,,,
SBGOF,Standard Bank Group Limited,,,,,1619133551.0,1292229578.0,33978927104.0
MDALF,MDA Space Ltd.,,,,,126301472.0,112135499.0,2652331008.0
QNRX,"Quoin Pharmaceuticals, Ltd.",,,,,838977.0,14250737.0,11737288.0
WCCP,"Wealthcraft Capital, Inc.",,,,,75673060.0,,3026922.0
VMBS,Vanguard Mortgage-Backed Securities Index Fund ETF Shares,,,,,,,
NORD,Nordicus Partners Corporation,,,,,18566360.0,2522033.0,93760120.0
DGLO,First Trust RBA Deglobalization ETF,,,,,,,
NAMI,Jinxin Technology Holding Company,,,,,68367188.0,152091014.0,50400288.0
AHDGS,,,,,,,,
DSMFF,DSM-Firmenich AG,,,,,252341407.0,246614920.0,20343134208.0
USMF,WisdomTree U.S. Multifactor Fund,,,,,,,
EEM,iShares MSCI Emerging Markets ETF,,,,,752400000.0,,41231519744.0
RXLSF,Rexel S.A.,,,,,293334172.0,221917837.0,11058698240.0
UBSMF,UBS ETF SICAV - MSCI Pacific (ex Japan) UCITS ETF,,,,,,,
TYD,Direxion Daily 7-10 Year Treasury Bull 3X Shares,,,,,,,
CAT,Caterpillar Inc.,,,,,467979596.0,466599056.0,273123213312.0
QQQA,ProShares Nasdaq-100 Dorsey Wright Momentum ETF,,,,,,,
RSSPS,"RSE Archive, LLC",,,,,,,
WYNMF,"Wynn Macau, Limited",,,,,5230479919.0,1472432845.0,4207556608.0
BLMH,"Blum Holdings, Inc.",,,,,25230686.0,13659389.0,15643025.0
BKHA,Black Hawk Acquisition Corporation,,,,,4153577.0,1593188.0,46727740.0
BADG,,,,,,,,
IE,Ivanhoe Electric Inc.,US,NYSE MKT LLC,USD,2022-06-24,144714777.0,110358042.0,2438444288.0
QDVO,Amplify CWP Growth & Income ETF,,,,,,,
DSEP,FT Vest U.S. Equity Deep Buffer ETF - September,,,,,,,
RRBI,"Red River Bancshares, Inc.",US,NASDAQ NMS - GLOBAL MARKET,USD,2019-05-03,6756609.0,5107794.0,496002688.0
CALX,"Calix, Inc.",US,"NEW YORK STOCK EXCHANGE, INC.",USD,2010-03-24,66276473.0,60157829.0,3596824064.0
MUNY,Vanguard New York Tax-Exempt Bond ETF Shares,,,,,,,
ADDLY,AddLife AB,SE,NASDAQ OMX NORDIC,SEK,2015-03-16,,,19792.0
BTEAF,Bénéteau S.A.,FR,NYSE EURONEXT - EURONEXT PARIS,EUR,1984-01-01,80200224.0,33068514.0,750770112.0
SPOG,Leverage Shares 2X Long SPOT Daily ETF,,,,,,,
BLZR,Trailblazer Acquisition Corp.,US,NASDAQ NMS - GLOBAL MARKET,USD,2025-09-10,27500000.0,,344781248.0
GAL,State Street Global Allocation ETF,,,,,,,
PRBEF,PURPOSE BITCOIN ETF USD ETF NON,,,,,,,
VENAF,Venus Acquisition Corporation,,,,,,10879809.0,
GGME,Invesco Next Gen Media and Gaming ETF,,,,,,,
JPUS,JPMorgan Diversified Return U.S. Equity ETF,,,,,,,
ANNA,"AleAnna, Inc.",US,NASDAQ NMS - GLOBAL MARKET,USD,2022-02-04,40659881.0,9387147.0,115880656.0
WRBY,Warby Parker Inc.,US,"NEW YORK STOCK EXCHANGE, INC.",USD,2021-09-29,105727103.0,89684854.0,2953945344.0
VEFFF,VEF AB (publ),SE,NASDAQ OMX NORDIC,USD,2021-07-05,1016763735.0,686193509.0,236972592.0
INEQ,Columbia International Equity Income ETF,,,,,,,
OVL,Overlay Shares Large Cap Equity ETF,,,,,,,
SIXP,Allianzim U.S. Large Cap 6 Month Buffer10 Mar/Sep ETF,,,,,,,
FSHPU,Flag Ship Acquisition Corporation,US,NASDAQ NMS - GLOBAL MARKET,USD,2024-06-18,6220000.0,2754084.0,65869800.0
RMTI,"Rockwell Medical, Inc.",US,NASDAQ NMS - GLOBAL MARKET,USD,1998-01-27,39405302.0,35237009.0,34069824.0
AHRFS,,,,,,,,
DBSC,Manager Directed Portfolios - Deepwater Beachfront Small Capital ETF,,,,,,,
SXTC,"China SXT Pharmaceuticals, Inc.",CN,NASDAQ NMS - GLOBAL MARKET,USD,2019-01-04,116027226.0,75030510.0,175201920.0
FDV,Federated Hermes U.S. Strategic Dividend ETF,,,,,,,
ACT,"Enact Holdings, Inc.",US,NASDAQ NMS - GLOBAL MARKET,USD,2021-05-13,144395767.0,27640238.0,5913500160.0
TWOA.U,,,,,,,,
QUSA,VistaShares Target 15 USA Quality Income ETF,,,,,,,
IMFL,Invesco International Developed Dynamic Multifactor ETF,,,,,,,
CHMI,Cherry Hill Mortgage Investment Corporation,,,,,36739538.0,36377654.0,101547816.0
GCL,GCL Global Holdings Ltd,,,,,122572978.0,21734788.0,123798704.0
DNCLY,,,,,,,,
IMDZF,IMCD N.V.,NL,NYSE EURONEXT - EURONEXT AMSTERDAM,EUR,2014-06-27,59032832.0,55877527.0,5383099904.0
SBIIW,,,,,,,,
COSM,Cosmos Health Inc.,GR,NASDAQ NMS - GLOBAL MARKET,USD,2010-05-19,37281724.0,25852963.0,19173990.0
DIZTF,Dignitana AB,SE,NASDAQ OMX NORDIC,SEK,2009-06-18,,,172.0
SCHA,Schwab U.S. Small-Cap ETF,,,,,,,
YOLO,AdvisorShares Pure Cannabis ETF,,,,,,,
ESSI,"Eco Science Solutions, Inc.",,,,,52957572.0,33023283.0,664087.0
SOLT,2x Solana ETF,,,,,,,
MWQZS,,,,,,,,
BML.PRG,Bank of America Corp,US,"NEW YORK STOCK EXCHANGE, INC.",USD,1979-06-05,,,410181.0
FCOR,Fidelity Corporate Bond ETF,,,,,,,
NULV,Nuveen ESG Large-Cap Value ETF,,,,,,,
FCPI,Fidelity Stocks for Inflation ETF,,,,,,,
PG,The Procter & Gamble Company,US,"NEW YORK STOCK EXCHANGE, INC.",USD,1950-03-22,2336733549.0,2332574163.0,338761875456.0
PAYO,Payoneer Global Inc.,US,NASDAQ NMS - GLOBAL MARKET,USD,2020-10-16,356440304.0,275272072.0,2057401856.0
FTCB,First Trust Core Investment Grade ETF,,,,,,,
BHVN,Biohaven Ltd.,US,"NEW YORK STOCK EXCHANGE, INC.",USD,2022-09-23,132688489.0,92906952.0,1479476608.0
MSB,Mesabi Trust,US,"NEW YORK STOCK EXCHANGE, INC.",USD,1980-03-17,13120010.0,13109908.0,486358752.0
PSA.PRJ,Public Storage,US,"NEW YORK STOCK EXCHANGE, INC.",USD,1984-10-19,,,45985.0
RSVR,"Reservoir Media, Inc.",US,NASDAQ NMS - GLOBAL MARKET,USD,2020-12-11,65588223.0,15057088.0,491911680.0
SBMSF,Danakali Limited,,,,,368334346.0,296504929.0,18416718.0
BJUN,Innovator U.S. Equity Buffer ETF - June,,,,,,,
NITO,"N2OFF, Inc.",US,NASDAQ NMS - GLOBAL MARKET,USD,2010-05-26,2712883.0,1389810.0,6022602.0
DUOG,Leverage Shares 2X Long DUOL Daily ETF,,,,,,,
GRDN,"Guardian Pharmacy Services, Inc.",US,"NEW YORK STOCK EXCHANGE, INC.",USD,2024-09-26,36253744.0,23131028.0,1946492416.0
GOODO,Gladstone Commercial Corporation,US,NASDAQ NMS - GLOBAL MARKET,USD,2003-08-13,,,509.0
MSKQS,,,,,,,,
DTK,DTE Energy Company 2025 Series ,US,"NEW YORK STOCK EXCHANGE, INC.",USD,1949-11-16,,,26801.0
TCAI,Tortoise AI Infrastructure ETF,,,,,,,
VHC,VirnetX Holding Corporation,,,,,4270840.0,3596773.0,76879472.0
NTHD,"NetImpact Holdings, Inc.",,,,,,,
HCMAU,HCM III Acquisition Corp.,,,,,,,
HUPOF,Hub Power Co Ltd,,,,,,,
ZLAB,Zai Lab Limited,,,,,110786595.0,1086539454.0,2030718208.0
CODI.PRB,,,,,,,,
FLNC,"Fluence Energy, Inc.",,,,,131369447.0,115835010.0,3695774976.0
DSDVF,DSV A/S,,,,,236112523.0,193485062.0,58651533312.0
MSBIP,"Midland States Bancorp, Inc.",,,,,,20278876.0,
PFRRF,PetroFrontier Corp.,,,,,233685112.0,188247379.0,958109.0
RMHI,Retrieve Medical Holdings Inc,,,,,25673280.0,,41077248.0
VICT,"Victura Construction Group, Inc.",,,,,230856421.0,,2308.0
DUSXF,Dustin Group AB (publ),,,,,1357425312.0,610814242.0,261028064.0
SARK,Tradr 1X Short Innovation Daily ETF,,,,,,,
SOIEF,Stolt-Nielsen Limited,,,,,53120796.0,18313926.0,2099599488.0
CPRHF,Capital Power Corp,,,,,,,
SSBP,"SSB Bancorp, Inc.",,,,,2187602.0,824332.0,27327524.0
DFGX,Dimensional Global Ex US Core Fixed Income ETF,,,,,,,
LRMR,"Larimar Therapeutics, Inc.",,,,,83090392.0,37318267.0,336370240.0
SRZNW,"Surrozen, Inc.",,,,,,3506311.0,
NUUU,"Rejuvel Bio-Sciences, Inc.",,,,,51841723.0,36948633.0,5184.0
MVT,"BlackRock MuniVest Fund II, Inc.",,,,,20861423.0,,223217232.0
WSTTF,,,,,,3422357817.0,1057740200.0,2566768384.0
SSGC,SafeSpace Global Corporation,,,,,188024073.0,149811941.0,45877876.0
HMLSF,Horizons Marijuana Life Sciences Index ETF,,,,,,,
CTPR,CTPartners Executive Search Inc.,,,,,8752592.0,,1750.0
CB,Chubb Limited,,,,,393550859.0,360343038.0,124977446912.0
RMD,ResMed Inc.,US,"NEW YORK STOCK EXCHANGE, INC.",USD,1995-06-01,145966294.0,145052545.0,35726708736.0
EMYSF,Easy Technologies Inc.,,,,,9481332.0,9877280.0,142219.0
BNDI,Neos Enhanced Income Aggregate Bond ETF,,,,,,,
CBIPF,Crypto Blockchain Industries,FR,NYSE EURONEXT - EURONEXT PARIS,EUR,2021-10-26,,48941409.0,49.0
RILYG,"B. Riley Financial, Inc. 5.00% Senior Notes due 2026",US,NASDAQ NMS - GLOBAL MARKET,USD,2009-08-03,,,146.0
AVBP,"ArriVent BioPharma, Inc.",US,NASDAQ NMS - GLOBAL MARKET,USD,2024-01-26,41281361.0,22710941.0,906951424.0
PPSI,"Pioneer Power Solutions, Inc.",US,NASDAQ NMS - GLOBAL MARKET,USD,2013-09-19,11095266.0,8600052.0,51371084.0
MLXSY,Melexis NV,BE,NYSE EURONEXT - EURONEXT BRUSSELS,EUR,1997-10-10,,,2290.0
RSMC,Rockefeller U.S. Small-Mid Cap ETF,,,,,,,
SEF,ProShares Short Financials,,,,,,,
BGDV,Bahl & Gaynor Dividend ETF,,,,,,,
BWFG,"Bankwell Financial Group, Inc.",US,NASDAQ NMS - GLOBAL MARKET,USD,2014-05-15,7877443.0,5932858.0,369924704.0
IGR,CBRE Global Real Estate Income Fund,US,"NEW YORK STOCK EXCHANGE, INC.",USD,2004-02-25,151094091.0,,654237440.0
ISHAF,iShares Diversified Monthly Income ETF,,,,,,,
FRQN,"Frequency Holdings, Inc.",,,,,1899869698.0,,189986.0
RPHS,Regents Park Hedged Market Strategy ETF,,,,,,,
FDX,FedEx Corporation,US,"NEW YORK STOCK EXCHANGE, INC.",USD,1978-12-28,235122816.0,217121813.0,69920677888.0
GROZ,Zacks Focus Growth ETF,,,,,,,
FFNPSX,"FT 9984: Balanced Income Equity and ETF Portfolio, Series 54 - Cash",,,,,,,
ABNB,"Airbnb, Inc.",US,NASDAQ NMS - GLOBAL MARKET,USD,2020-12-10,425294120.0,409522562.0,83766083584.0
RGC,Regencell Bioscience Holdings Limited,HK,NASDAQ NMS - GLOBAL MARKET,USD,2021-07-16,494488908.0,18434546.0,10463384576.0
VNFAF,,,,,,,,
DOW,Dow Inc.,US,"NEW YORK STOCK EXCHANGE, INC.",USD,2019-03-20,710767392.0,708990474.0,16553772032.0
LXFR,Luxfer Holdings PLC,US,"NEW YORK STOCK EXCHANGE, INC.",USD,2012-10-03,26721510.0,26372794.0,375971648.0
STXE,Strive Emerging Markets Ex-China ETF,,,,,,,
BRELY,Brazilian Rare Earths Ltd.,,,,,54899834.0,108337086.0,792753536.0
TDIC,Dreamland Limited,HK,NASDAQ NMS - GLOBAL MARKET,HKD,2025-07-23,36000000.0,8384882.0,7363000.0
TECS,Direxion Daily Technology Bear 3X Shares,,,,,,,
VCOB,Voya Core Bond ETF,,,,,,,
ASPSZ,Altisource Portfolio Solutions S.A.,,,,,,8496150.0,
KCHVU,Kochav Defense Acquisition Corp.,US,NASDAQ NMS - GLOBAL MARKET,USD,2025-05-28,,,346.0
DELHY,Delivery Hero SE,,,,,2955977930.0,190191467.0,7674565632.0
DHR,Danaher Corporation,,,,,706349563.0,628990159.0,164920999936.0
SNTE,Sante Technology Holdings Inc.,,,,,238865918.0,,2054247.0
AMLX,"Amylyx Pharmaceuticals, Inc.",,,,,109819569.0,74920008.0,1354075264.0
CTM,"Castellum, Inc.",,,,,94612750.0,74301285.0,97451128.0
AFFT,"AmTrust Financial Services, Inc",,,,,,,
ELTX,"Elicio Therapeutics, Inc.",,,,,17258652.0,11791297.0,139277312.0
NEPTF,Neptune Wellness Solutions Inc.,,,,,4532038.0,3567575.0,453.0
OYOCF,OYO CORP,,,,,22787346.0,17804209.0,404475392.0
ALV,"Autoliv, Inc.",,,,,75965348.0,75681238.0,9245284352.0
HLLGY,HELLA GmbH & Co. KGaA,,,,,222222224.0,20513203.0,11032976384.0
FWFW,"Flywheel Advanced Technology, Inc.",,,,,29591164.0,6366984.0,1923425.0
WWNTY,Want Want China Holdings Limited,,,,,236061423.0,4315320838.0,7612980736.0
FFSM,Fidelity Covington Trust - Fidelity Fundamental Small-Mid Cap ETF,,,,,,,
MDBIF,TrivarX Limited,,,,,1153693464.0,401393340.0,18112986.0
JWSUF,Jaws Mustang Acquisition Corp.,,,,,,89577.0,
HUDI,"Huadi International Group Co., Ltd.",,,,,14279182.0,4237204.0,16563851.0
VGRSF,Vanguard Funds Public Limited Company - Vanguard Global Aggregate Bond UCITS ETF,,,,,,,
RRLTF,,,,,,,,
IOOXF,iShares Core Canadian Long Term Bond Index ETF,,,,,,,
FCODF,Compagnie de l'Odet,,,,,4215071.0,455969.0,6597176320.0
TVFCF,TF1 SA,,,,,210393822.0,90763647.0,1944038912.0
IGRO,iShares International Dividend Growth ETF,,,,,,,
APCX,AppTech Payments Corp.,,,,,39488934.0,25558714.0,15203240.0
KGFTY,,,,,,,,
CORP,PIMCO Investment Grade Corporate Bond Index Exchange-Traded Fund,,,,,,,
AVISF,,,,,,,,
SLSDF,Select Sands Corp.,,,,,88563316.0,86842531.0,885.0
CAIQ,Calamos Nasdaq Autocallable Income ETF,,,,,,,
VCNX,"Vaccinex, Inc.",,,,,2676637.0,1180772.0,2917534.0
AQBN,"Diamond Energy Partners, Inc.",,,,,32965000.0,,3295.0
AHCMS,,,,,,,,
ATNLS,,,,,,,,
HST,"Host Hotels & Resorts, Inc.",,,,,687689481.0,641449240.0,12844869632.0
AVDFS,,,,,,,,
NTWK,"NetSol Technologies, Inc.",,,,,11796775.0,9994582.0,36334068.0
ASMIY,ASM International NV,NL,NYSE EURONEXT - EURONEXT AMSTERDAM,EUR,1981-01-01,48875000.0,46530466.0,29734572032.0
MWXTS,,,,,,,,
APACR,StoneBridge Acquisition II Corporation,US,NASDAQ NMS - GLOBAL MARKET,USD,2025-09-30,,6133774.0,60.0
SYK,Stryker Corporation,US,"NEW YORK STOCK EXCHANGE, INC.",USD,1980-03-17,382423648.0,345305609.0,135462100992.0
LAD,"Lithia Motors, Inc.",US,"NEW YORK STOCK EXCHANGE, INC.",USD,1996-12-18,24250030.0,21397984.0,8351952896.0
PTMC,Pacer Trendpilot US Mid Cap ETF,,,,,,,
MQ,"Marqeta, Inc.",US,NASDAQ NMS - GLOBAL MARKET,USD,2021-06-09,407234623.0,384879994.0,2178411264.0
FGMCU,FG Merger II Corp.,US,NASDAQ NMS - GLOBAL MARKET,USD,2025-01-29,10295800.0,10285813.0,107179280.0
CMPO,"CompoSecure, Inc.",US,NASDAQ NMS - GLOBAL MARKET,USD,2020-11-06,126411164.0,56898790.0,2467546112.0
TALKW,"Talkspace, Inc.",,,,,,,
PEPG,PepGen Inc.,US,NASDAQ NMS - GLOBAL MARKET,USD,2022-05-06,68748224.0,40177150.0,399427168.0
VGDDF,Vanguard Funds Public Limited Company - Vanguard FTSE Developed World UCITS ETF,,,,,,,
TBLAW,Taboola.com Ltd.,,,,,,146501055.0,
PJIO,PGIM Jennison International Opportunities ETF,,,,,,,
MLIZY,,,,,,,80469725.0,
WTCUF,,,,,,,,
CCSO,Carbon Collective Climate Solutions U.S. Equity ETF,,,,,,,
AIZ,"Assurant, Inc.",US,"NEW YORK STOCK EXCHANGE, INC.",USD,2004-02-04,50081110.0,49787635.0,12116770816.0
BW,"Babcock & Wilcox Enterprises, Inc.",US,"NEW YORK STOCK EXCHANGE, INC.",USD,2015-06-16,111100100.0,88697876.0,583275520.0
CELC,Celcuity Inc.,US,NASDAQ NMS - GLOBAL MARKET,USD,2017-09-20,46271259.0,30876348.0,4731236352.0
FGBI,"First Guaranty Bancshares, Inc.",US,NASDAQ NMS - GLOBAL MARKET,USD,2015-11-05,15352947.0,5675831.0,77225328.0
NODK,"NI Holdings, Inc.",US,NASDAQ NMS - GLOBAL MARKET,USD,2017-03-16,20605747.0,5202333.0,279737280.0
DH,Definitive Healthcare Corp,US,NASDAQ NMS - GLOBAL MARKET,USD,2021-09-15,,,372.0
RDZN,"Roadzen, Inc.",US,NASDAQ NMS - GLOBAL MARKET,USD,2021-11-23,79195068.0,36074937.0,162349888.0
DFTT,DF Tactical 30 ETF,,,,,,,
TLSIW,"TriSalus Life Sciences, Inc.",,,,,,39539258.0,
ANSCW,Agriculture & Natural Solutions Acquisition Corporation,,,,,,32922446.0,
ESCA,"Escalade, Incorporated",US,NASDAQ NMS - GLOBAL MARKET,USD,1973-05-16,13803745.0,10123529.0,184694112.0
FGM,First Trust Germany AlphaDEX Fund,,,,,,,
AIMDW,"Ainos, Inc.",,,,,,1567427.0,
HII,"Huntington Ingalls Industries, Inc.",US,"NEW YORK STOCK EXCHANGE, INC.",USD,2011-03-19,39241434.0,38987542.0,13778844672.0
AVNT,Avient Corporation,US,"NEW YORK STOCK EXCHANGE, INC.",USD,2000-09-01,91563628.0,90979452.0,2908976640.0
CXH,MFS Investment Grade Municipal Trust,US,"NEW YORK STOCK EXCHANGE, INC.",USD,1989-05-19,8199220.0,,65019812.0
TETUF,Technology & Telecommunication Acquisition Corporation,,,,,,466922.0,
BKKCF,Blockchain Technologies ETF,,,,,,,
UNVGY,Universal Music Group N.V.,NL,NYSE EURONEXT - EURONEXT AMSTERDAM,EUR,2021-09-21,3667771530.0,1034513200.0,47497641984.0
RLI,RLI Corp.,US,"NEW YORK STOCK EXCHANGE, INC.",USD,1980-03-17,91837835.0,81795368.0,5942825984.0
AUB.PRA,Atlantic Union Bankshares Corp,US,"NEW YORK STOCK EXCHANGE, INC.",USD,1993-10-06,,,5187.0
TMF,Direxion Daily 20+ Year Treasury Bull 3X Shares,,,,,,,
CSCL,Direxion Daily CSCO Bull 2X Shares,,,,,,,
PSTG,"Pure Storage, Inc.",US,"NEW YORK STOCK EXCHANGE, INC.",USD,2015-10-07,330171649.0,313897488.0,22874292224.0
GWAV,"Greenwave Technology Solutions, Inc.",US,NASDAQ NMS - GLOBAL MARKET,USD,2015-03-03,829631.0,757486.0,4836748.0
LHHMQ,Lehman Brothers Holdings Capital Trust V,,,,,,,
UXIN,Uxin Limited,CN,NASDAQ NMS - GLOBAL MARKET,CNY,2018-06-27,206169177.0,15172834346.0,787566464.0
MJARF,"MJardin Group, Inc.",,,,,90140474.0,83145574.0,9014.0
BCNAF,Barco NV,BE,NYSE EURONEXT - EURONEXT BRUSSELS,EUR,1997-01-01,83820030.0,56816156.0,1190244480.0
HVT,"Haverty Furniture Companies, Inc.",US,"NEW YORK STOCK EXCHANGE, INC.",USD,1980-03-17,15046851.0,13728877.0,392030528.0
DAIC,"CID HoldCo, Inc.",US,NASDAQ NMS - GLOBAL MARKET,USD,2022-01-10,27773322.0,,17372214.0
CDRE,"Cadre Holdings, Inc.",US,"NEW YORK STOCK EXCHANGE, INC.",USD,2021-11-04,40681668.0,26267339.0,1706189056.0
AHCUS,,,,,,,,
OTIS,Otis Worldwide Corporation,US,"NEW YORK STOCK EXCHANGE, INC.",USD,2020-03-18,389715851.0,388967597.0,34388680704.0
JWGJ,Guangdong Jiangwang International Holdings Inc.,,,,,1525342.0,,1220274.0
QQWZ,Pacer Cash COWZ 100-Nasdaq 100 Rotator ETF,,,,,,,
APRJ,Innovator Premium Income 30 Barrier ETF - April,,,,,,,
MSTTS,,,,,,,,
MNSKY,MONY Group plc,,,,,130920902.0,478575265.0,1657458688.0
ASXSF,Elysee Development Corp.,,,,,28382359.0,22080624.0,11069120.0
RBZHF,Reebonz Holding Limited,,,,,6221964.0,4753954.0,622.0
EXXRF,Exor N.V.,,,,,201503194.0,82125405.0,28624039936.0
SCNM,Sterling Capital National Municipal Bond ETF,,,,,,,
FMCCN,Federal Home Loan Mortgage Corporation,,,,,3221329920.0,650066645.0,8407385600.0
BBCO,The Better Being Co.,,,,,,,
GTTCW,,,,,,,50843020.0,
EMBD,Global X Emerging Markets Bond ETF,,,,,,,
WEAV,"Weave Communications, Inc.",,,,,78025757.0,69899374.0,558664448.0
GUOSF,"Guotai Haitong Securities Co., Ltd.",,,,,3505759848.0,8560613753.0,48693596160.0
CRWRF,Craneware plc,,,,,35508820.0,25294926.0,933881920.0
BTTC,Black Titan Corporation,,,,,9086610.0,,16083301.0
IHF,iShares U.S. Healthcare Providers ETF,,,,,,,
DLXY,Delixy Holdings Limited,,,,,16350000.0,4317450.0,11610135.0
TKMEF,,,,,,,290095988.0,
ETBI,Eastgate Biotech Corp.,,,,,1057857377.0,1492893439.0,3173572.0
VGMXF,,,,,,,,
VNTH,"Nano Mobile Healthcare, Inc.",,,,,3273765298.0,,654753.0
NIOG,Themes ETF Trust - Leverage Shares 2x Long NIO Daily ETF,,,,,,,
IRM,Iron Mountain Incorporated,,,,,295589491.0,292994215.0,24235382784.0
SPOI,"SPO Networks, Inc.",,,,,4130585.0,,1239.0
SIRC,Solar Integrated Roofing Corporation,,,,,10975456223.0,4172554.0,1097545.0
CAFG,Pacer US Small Cap Cash Cows Growth Leaders ETF,,,,,,,
IVUSF,Invesco Markets plc - Invesco Financial S&P US Select Sector UCITS ETF,,,,,,,
ONCHW,1RT Acquisition Corp.,,,,,,15187410.0,
BTCL,T-Rex 2X Long Bitcoin Daily Target ETF,,,,,,,
ISAGF,iShares III Public Limited Company - iShares Emerging Asia Local Government Bond UCITS ETF,,,,,,,
IBD,Inspire Corporate Bond ETF,,,,,,,
FLTLF,Flow Traders Ltd.,NL,NYSE EURONEXT - EURONEXT AMSTERDAM,EUR,2015-07-10,43068756.0,38583371.0,1240380160.0
UTKN,"Universal Token, Inc.",,,,,101505000.0,6314626.0,281980896.0
CEGX,Tradr 2X Long CEG Daily ETF,,,,,,,
NAKA,"Kindly MD, Inc.",US,NASDAQ NMS - GLOBAL MARKET,USD,2024-05-31,672951662.0,417101801.0,257269424.0
GRBK.PRA,Green Brick Partners Inc,US,"NEW YORK STOCK EXCHANGE, INC.",USD,2007-06-19,,,2779.0
DADS,Tidal ETF Trust - Digital Asset Debt Strategy ETF,,,,,,,
CMRC,"Commerce.com, Inc.",US,NASDAQ NMS - GLOBAL MARKET,USD,2020-08-05,81263346.0,54436690.0,340493408.0
XELB,"Xcel Brands, Inc.",US,NASDAQ NMS - GLOBAL MARKET,USD,2001-03-20,5784368.0,3174587.0,7924584.0
WDGF,WisdomTree Global Defense Fund,,,,,,,
ZG,"Zillow Group, Inc.",US,NASDAQ NMS - GLOBAL MARKET,USD,2011-07-20,49633032.0,229207424.0,17460105216.0
ATEST.C,,,,,,,,
ASH,Ashland Inc.,US,"NEW YORK STOCK EXCHANGE, INC.",USD,1980-03-17,45762099.0,39286946.0,2731997440.0
AMJB,Alerian MLP Index ETN,,,,,,,
RRR,"Red Rock Resorts, Inc.",US,NASDAQ NMS - GLOBAL MARKET,USD,2016-04-27,59969558.0,48984257.0,6457219584.0
FEGE,First Eagle Global Equity ETF,,,,,,,
AREA,Harbor AlphaEdge Next Generation REITs ETF,,,,,,,
TAXX,Bondbloxx IR+M Tax-Aware Short Duration ETF,,,,,,,
ICON,Icon Energy Corp.,GR,NASDAQ NMS - GLOBAL MARKET,USD,2024-05-14,3460000.0,2225483.0,2418886.0
KGRO,KraneShares China Innovation ETF,,,,,,,
AME,"AMETEK, Inc.",US,"NEW YORK STOCK EXCHANGE, INC.",USD,1930-07-01,230203873.0,228974584.0,48142352384.0
EPIAF,Epiroc AB (publ),SE,NASDAQ OMX NORDIC,SEK,2018-06-18,819020847.0,1001095140.0,27552966656.0
LLY,Eli Lilly and Company,US,"NEW YORK STOCK EXCHANGE, INC.",USD,1970-07-09,895018757.0,893127390.0,966156288000.0
MAQCW,,,,,,,64362.0,
FMN,Federated Hermes Premier Municipal Income Fund,US,"NEW YORK STOCK EXCHANGE, INC.",USD,2002-12-20,7818701.0,,86005720.0
MZTI,The Marzetti Company,US,NASDAQ NMS - GLOBAL MARKET,USD,1980-03-17,27486000.0,19711585.0,4566514176.0
CDR.PRB,Cedar Realty Trust Inc,US,"NEW YORK STOCK EXCHANGE, INC.",USD,1986-12-17,,,25.0
AZYY,Graniteshares YieldBOOST AMZN ETF,,,,,,,
SMLL,Harbor Active Small Cap ETF,,,,,,,
TLX,Telix Pharmaceuticals Limited,,,,,334724485.0,275385770.0,2687837440.0
KBWD,Invesco KBW High Dividend Yield Financial ETF,,,,,,,
QBUF,Innovator Nasdaq-100 10 Buffer ETF - Quarterly,,,,,,,
TIMB,TIM S.A.,,,,,478425178.0,2404920989.0,9791004672.0
AKEJF,"ARIAKE JAPAN Co., Ltd.",,,,,31848529.0,19926708.0,1082849920.0
FHB,"First Hawaiian, Inc.",,,,,123719585.0,122920356.0,3247793664.0
GITH,"Global IT Holdings, Inc.",,,,,669307008.0,,669.0
MXLLF,"Maxell, Ltd.",,,,,43125594.0,38163788.0,653352704.0
HDVTY,Henderson Investment Limited,,,,,609465479.0,936443708.0,256490880.0
RGGLF,Regional REIT Limited,,,,,,124890797.0,
HALL,"Hallmark Financial Services, Inc.",,,,,1818482.0,1188542.0,110927.0
MXCT,"MaxCyte, Inc.",,,,,106674011.0,96938941.0,171745152.0
YORUF,"The Yokohama Rubber Company, Limited",,,,,157703881.0,151362522.0,4079799808.0
AQPW,"Golden Ally Lifetech Group, Inc.",,,,,7408561902.0,920587902.0,740856.0
FRCN,"Firemans Contractors, Inc.",,,,,599263445.0,,59933.0
MAMA,"Mama's Creations, Inc.",,,,,40653333.0,34683798.0,552072320.0
JAMF,Jamf Holding Corp.,,,,,134062830.0,85939140.0,1742816768.0
HUNCY,,,,,,,,
NBCE,Neuberger Berman China Equity ETF,,,,,,,
ENIC,Enel Chile S.A.,,,,,1383331144.0,24832177373.0,5588658176.0
TGAWF,,,,,,,1780990.0,
CLSK,"CleanSpark, Inc.",,,,,255583445.0,246842491.0,2916633344.0
RSCBS,RSE COLLECTION LLC,,,,,,,
PNDHF,Pond Technologies Holdings Inc.,,,,,85592225.0,62200726.0,684737.0
MBVI,M3-Brigade Acquisition Vi Corp.,,,,,34500000.0,,432112512.0
PCDVF,Pacific Century Regional Developments Limited,,,,,2646548200.0,234722360.0,906178176.0
DSCNF,,,,,,,,
PTNYF,ParcelPal Logistics Inc.,,,,,23315273.0,21713515.0,262271.0
VT,Vanguard Total World Stock Index Fund ETF Shares,,,,,,,
CPPBY,,,,,,,,
AGM,Federal Agricultural Mortgage Corporation,,,,,9373642.0,10276829.0,1936569728.0
PBMY,PGIM S&P 500 Buffer 20 ETF - May,,,,,,,
GWWTF,Growthpoint Properties Limited,,,,,3378031124.0,3325468960.0,3687083776.0
NSHRF,Northern Shield Resources Inc.,,,,,135325601.0,122962254.0,7088568.0
XUSP,Innovator Uncapped Accelerated U.S. Equity ETF,,,,,,,
RINO,RINO International Corporation,,,,,304639044.0,,30463.0
COF.PRL,,,,,,,,
DIOFF,,,,,,,,
PNBK,"Patriot National Bancorp, Inc.",,,,,107724457.0,75790579.0,203534096.0
HYIN,WisdomTree Private Credit & Alternative Income Fund,,,,,,,
BTSEF,,,,,,9175807.0,6506686.0,1825985536.0
WYNN,"Wynn Resorts, Limited",US,NASDAQ NMS - GLOBAL MARKET,USD,2002-10-25,103974479.0,74193857.0,12930521088.0
VKQ,Invesco Municipal Trust,US,"NEW YORK STOCK EXCHANGE, INC.",USD,1991-11-21,55335515.0,,533434400.0
MSGS,Madison Square Garden Sports Corp.,US,"NEW YORK STOCK EXCHANGE, INC.",USD,2015-09-17,19529890.0,17168071.0,6257611264.0
BGLC,BioNexus Gene Lab Corp.,MY,NASDAQ NMS - GLOBAL MARKET,USD,2020-03-11,2363836.0,1291994.0,9786281.0
BULG,Leverage Shares 2X Long BULL Daily ETF,,,,,,,
XCNY,SPDR S&P Emerging Markets ex-China ETF,,,,,,,
ALGYS,,,,,,,,
PBAP,PGIM S&P 500 Buffer 20 ETF - April,,,,,,,
NECPY,NEC Corp.,,,,,2666291420.0,1248970890.0,43940483072.0
KPLTW,"Katapult Holdings, Inc.",,,,,,3901051.0,
FLNT,"Fluent, Inc.",US,NASDAQ NMS - GLOBAL MARKET,USD,2007-12-26,29519002.0,16116636.0,74683072.0
KKOYY,Kesko Oyj,FI,NASDAQ OMX HELSINKI LTD.,EUR,1960-01-01,542341598.0,327046654.0,8853630976.0
MKC.V,McCormick & Company Inc,US,"NEW YORK STOCK EXCHANGE, INC.",USD,1980-03-17,,,18491.0
CRTWF,,,,,,,927580.0,
LSBWF,"LakeShore Biopharma Co., Ltd",,,,,,5062567.0,
PBYEF,PURPOSE BITCOIN YIELD ETF US ET,,,,,,,
ILLRW,Triller Group Inc.,,,,,,47076389.0,
PAII.U,Pyrophyte Acquisition Corp II,US,"NEW YORK STOCK EXCHANGE, INC.",,2025-07-17,,,274.0
THQQF,Embracer Group AB (publ),SE,NASDAQ OMX NORDIC,SEK,2016-11-22,214191466.0,136658918.0,1470831872.0
DK,"Delek US Holdings, Inc.",US,"NEW YORK STOCK EXCHANGE, INC.",USD,2006-05-04,60051553.0,58568280.0,1781714432.0
ADP,"Automatic Data Processing, Inc.",US,NASDAQ NMS - GLOBAL MARKET,USD,1961-09-01,404448744.0,403550868.0,104853364736.0
DRUP,GraniteShares ETF Trust - GraniteShares Nasdaq Select Disruptors ETF,,,,,,,
FDFF,Fidelity Disruptive Finance ETF,,,,,,,
OVM,Overlay Shares Municipal Bond ETF,,,,,,,
SOUL.U,Soulpower Acquisition Corp,US,"NEW YORK STOCK EXCHANGE, INC.",USD,2025-04-02,,,344.0
IEDI,iShares U.S. Consumer Focused ETF,,,,,,,
RKGJS,,,,,,,,
PBOG,Portfolio Building Block Integrated Oil And Gas And Exploration And Production Index ETF,,,,,,,
RSLFS,RSE ARCHIVE LLC,,,,,,,
HZHI,"Horizons Holdings International, Corp.",,,,,49730931.0,,4973.0
CHMR,Chimera Energy Corporation,,,,,66000000.0,,66.0
LPIX,LogiPix International Corp.,,,,,19853985.0,,21243764.0
SING,SinglePoint Inc.,,,,,79806984.0,79788628.0,7980.0
MROMF,,,,,,,,
MWQBS,,,,,,,,
GOLXF,Golden Lake Exploration Inc.,,,,,99863847.0,94569066.0,5112568.0
FATLF,Fattal Holdings (1998) Ltd,,,,,16115500.0,,839245248.0
RSLJS,,,,,,,,
SEELQ,"Seelos Therapeutics, Inc.",,,,,581000.0,359026.0,
AAIRF,American Aires Inc.,,,,,104607000.0,75287750.0,3050127.0
CLGMF,Cleghorn Minerals Ltd.,,,,,38703854.0,16572990.0,1108476.0
GDXW,Roundhill Gold Miners Weeklypay ETF,,,,,,,
BIO,"Bio-Rad Laboratories, Inc.",,,,,21906399.0,21118868.0,8197113344.0
RSPR,Invesco S&P 500 Equal Weight Real Estate ETF,,,,,,,
CCPUF,SATO Technologies Corp.,,,,,73277783.0,44104432.0,8023917.0
CLSE,Convergence Long/Short Equity ETF,,,,,,,
IBADF,"Inaba Denki Sangyo Co.,Ltd.",,,,,111949732.0,90842527.0,1150843136.0
BVENY,,,,,,,420012000.0,
JBHT,"J.B. Hunt Transport Services, Inc.",,,,,95218346.0,75694776.0,19193360384.0
ISD,"PGIM High Yield Bond Fund, Inc.",,,,,33295864.0,,481458208.0
PCSFF,"P.S. Mitsubishi Construction Co., Ltd.",,,,,,,
IMPM,"Impac Mortgage Holdings, Inc.",,,,,36568876.0,,1462755.0
ALLO,"Allogene Therapeutics, Inc.",,,,,224730144.0,154982897.0,310127584.0
RGBPP,"Regen BioPharma, Inc.",,,,,158726000.0,30457547.0,2426352.0
ABEO,Abeona Therapeutics Inc.,,,,,54191361.0,40971920.0,295342912.0
PUSOF,AAPKI Ventures Inc.,,,,,78860986.0,71771383.0,946331.0
DFSCW,DEFSEC Technologies Inc.,,,,,,530373.0,
VLAI,,,,,,3854659.0,,1156397.0
ASLLS,,,,,,,,
RILYK,"B. Riley Financial, Inc. 5.50% Senior Notes Due 2026",,,,,,,
SNAP,Snap Inc.,,,,,1465208378.0,1127383441.0,13514159104.0
WTII,"Water Technologies International, Inc.",,,,,1520975090.0,,760488.0
LSGOF,Land Securities Group Plc,,,,,744999903.0,733695600.0,6419225600.0
SG,"Sweetgreen, Inc.",US,"NEW YORK STOCK EXCHANGE, INC.",USD,2021-11-18,106479983.0,102895017.0,825063552.0
TBT,ProShares UltraShort 20+ Year Treasury,,,,,,,
ESLAW,"Estrella Immunopharma, Inc.",,,,,,9097054.0,
PABU,iShares Paris-Aligned Climate Optimized MSCI USA ETF,,,,,,,
NASC,"Nascent Pharma Holdings, Inc.",,,,,77984157.0,73553551.0,1247746.0
NVMI,Nova Ltd.,IL,NASDAQ NMS - GLOBAL MARKET,USD,2000-04-11,29652464.0,29907860.0,9812593664.0
MAYU,AllianzIM U.S. Equity Buffer15 Uncapped May ETF,,,,,,,
HYFT,MindWalk Holdings Corp.,US,NASDAQ NMS - GLOBAL MARKET,CAD,1987-01-30,46691281.0,42488599.0,79375176.0
AEOXF,Aeroports de Paris SA,FR,NYSE EURONEXT - EURONEXT PARIS,EUR,2006-06-15,98751728.0,12569822.0,13660326912.0
DFGP,Dimensional Global Core Plus Fixed Income ETF,,,,,,,
RLAY,"Relay Therapeutics, Inc.",US,NASDAQ NMS - GLOBAL MARKET,USD,2020-07-16,173322385.0,98469647.0,1483639680.0
LFSC,F/m Emerald Life Sciences Innovation ETF,,,,,,,
RZLVW,Rezolve AI PLC,,,,,,102191426.0,
FJZLAX,FT 9961: Senior Loan and Limited Duration ETF Portfolio Series - Cash,,,,,,,
PRFD,PIMCO Preferred And Capital Securities Active Exchange-Traded Fund,,,,,,,
SFY,SoFi Select 500 ETF,,,,,,,
TCMEF,Tencent Music Entertainment Group,CN,"NEW YORK STOCK EXCHANGE, INC.",CNY,2018-12-12,1416885996.0,1115311923.0,32768538624.0
CUPR,Cuprina Holdings (Cayman) Limited,SG,NASDAQ NMS - GLOBAL MARKET,SGD,2025-04-10,7365000.0,7365072.0,9869145.0
HDANS,,,,,,,,
AXON,"Axon Enterprise, Inc.",US,NASDAQ NMS - GLOBAL MARKET,USD,2001-05-08,79437268.0,75136178.0,46378655744.0
MUJ,"BlackRock MuniHoldings New Jersey Quality Fund, Inc.",US,"NEW YORK STOCK EXCHANGE, INC.",USD,1998-03-18,53185098.0,,636625600.0
UTES,Virtus Reaves Utilities ETF,,,,,,,
AHOAS,,,,,,,,
FTDR,"Frontdoor, Inc.",US,NASDAQ NMS - GLOBAL MARKET,USD,2018-09-13,72113199.0,71642300.0,4269703424.0
GFEB,FT Vest U.S. Equity Moderate Buffer ETF - February,,,,,,,
NUVB,Nuvation Bio Inc.,US,"NEW YORK STOCK EXCHANGE, INC.",USD,2020-07-01,341833433.0,231594269.0,3222634240.0
IPAR,"Interparfums, Inc.",US,NASDAQ NMS - GLOBAL MARKET,USD,1984-09-16,32064728.0,18068474.0,2746343936.0
LFAW,LifeX 2060 Longevity Income ETF,,,,,,,
ILMN,"Illumina, Inc.",US,NASDAQ NMS - GLOBAL MARKET,USD,2000-06-28,152800000.0,148550632.0,20741814272.0
DAX,Global X DAX Germany ETF,,,,,,,
ADBE,Adobe Inc.,US,NASDAQ NMS - GLOBAL MARKET,USD,1986-08-20,418600000.0,415811550.0,150081961984.0
RELV,"Reliv' International, Inc.",,,,,1140024.0,1102166.0,2455611.0
CIBY,"CIBL, Inc.",,,,,11462.0,,19387200.0
HLBYL,,,,,,,,
DKUP,T-REX 2X Long DKNG Daily Target ETF,,,,,,,
VIDI,Vident International Equity Strategy ETF,,,,,,,
CSOC,Caduceus Software Systems Corp.,,,,,378684482.0,,4279135.0
PGINF,Prestige International Inc.,,,,,125825177.0,78423870.0,523432704.0
AVHBS,,,,,,,,
BRBS,"Blue Ridge Bankshares, Inc.",,,,,91488661.0,56972149.0,402590432.0
JPEF,JPMorgan Equity Focus ETF,,,,,,,
DBRG.PRJ,,,,,,,,
MTRPF,Metro Systems Corporation Public Company Limited,,,,,,,
DROR,"Dror Ortho-Design, Inc.",,,,,956997116.0,536444733.0,17034548.0
BOEUF,Bonesupport Holding AB (publ),,,,,65859195.0,52972526.0,1303682816.0
CNP,"CenterPoint Energy, Inc.",,,,,652868273.0,649388485.0,24998328320.0
VNLEF,Vanoil Energy Ltd.,,,,,116925738.0,65310040.0,1169.0
CTTTF,,,,,,,,
ABLV,Able View Global Inc.,,,,,24518489.0,14036616.0,32602288.0
FBRT.PRE,,,,,,,,
HNLGY,Hang Lung Group Limited,,,,,272323648.0,842174499.0,2836242688.0
MOG.B,,,,,,,,
SHTPY,,,,,,602458464.0,34641362.0,4608807424.0
SFB,Stifel Financial Corporation 5.,,,,,,,
INJJF,Intrum AB,,,,,135180813.0,106002784.0,689422144.0
RRHGS,,,,,,,,
SSLLF,Siltronic AG,,,,,30000000.0,12087784.0,1651531904.0
FTGAF,,,,,,,,
TPIHF,,,,,,,222812311.0,1212558976.0
NVNBW,ENVVENO MED CORP,,,,,,14921964.0,
DUERF,Dürr Aktiengesellschaft,,,,,69202080.0,50939651.0,1580262528.0
SBFG,"SB Financial Group, Inc.",,,,,6240963.0,5229730.0,136614704.0
SPCOQ,The Stephan Co.,,,,,4152051.0,,622807.0
DORM,"Dorman Products, Inc.",,,,,30562644.0,26589195.0,3869842176.0
SOGFF,Strategic Oil & Gas Ltd.,,,,,1817142079.0,19800396.0,30987.0
BRQL,Dynamic Aerospace Systems,,,,,26143000.0,24267482.0,16992950.0
KVMD,"Kelvin Medical, Inc.",,,,,67297500.0,62797316.0,6729.0
PLUT,Plutus Financial Group Limited,HK,NASDAQ NMS - GLOBAL MARKET,HKD,2025-02-05,15350000.0,386053.0,52190000.0
BROXF,Brookfield Asset Management Inc,CA,"NEW YORK STOCK EXCHANGE, INC.",USD,1997-08-11,,,115732.0
ISGBF,iShares VI Public Limited Company - iShares Global Corporate Bond EUR Hedged UCITS ETF,,,,,,,
HCWB,HCW Biologics Inc.,US,NASDAQ NMS - GLOBAL MARKET,USD,2021-07-20,2701607.0,1845360.0,3836281.0
MTWRS,,,,,,,,
BFAM,Bright Horizons Family Solutions Inc.,US,"NEW YORK STOCK EXCHANGE, INC.",USD,2013-01-25,56553944.0,56108864.0,5762256384.0
EVAX,Evaxion A/S,DK,NASDAQ NMS - GLOBAL MARKET,USD,2021-02-05,8340215.0,212378673.0,42785304.0
KRSP.WS,,,,,,,,
FLEX,Flex Ltd.,US,NASDAQ NMS - GLOBAL MARKET,USD,1994-03-22,369790328.0,366591642.0,23682666496.0
OMDA,"Omada Health, Inc.",US,NASDAQ NMS - GLOBAL MARKET,USD,2025-06-06,57908047.0,41680475.0,923633344.0
GDIV,Harbor Dividend Growth Leaders ETF,,,,,,,
POLE,Andretti Acquisition Corp. II,US,NASDAQ NMS - GLOBAL MARKET,USD,2024-09-06,23760000.0,22210111.0,310445216.0
MOTG,VanEck Morningstar Global Wide Moat ETF,,,,,,,
TOLZ,ProShares DJ Brookfield Global Infrastructure ETF,,,,,,,
CBMDF,CBM Asia Development Corp.,,,,,,177522173.0,17911.0
JPMIF,JPMorgan ETFs (Ireland) ICAV - BetaBuilders US Treasury Bond 0-1 Year UCITS ETF Fund,,,,,,,
BFCC,BankFirst Capital Corporation,,,,,5432924.0,,258288704.0
DASX,Tradr 2X Long DASH Daily ETF,,,,,,,
HAS,"Hasbro, Inc.",US,NASDAQ NMS - GLOBAL MARKET,USD,1968-10-10,140337023.0,139610077.0,11586224128.0
ALK,"Alaska Air Group, Inc.",US,"NEW YORK STOCK EXCHANGE, INC.",USD,1983-02-23,115988613.0,115412150.0,5972254208.0
GLPEY,"Galp Energia, SGPS, S.A.",PT,NYSE EURONEXT - EURONEXT LISBON,EUR,2006-10-23,1359352584.0,341359611.0,12277128192.0
VSTS,Vestis Corporation,US,"NEW YORK STOCK EXCHANGE, INC.",USD,2023-09-27,131866818.0,110936917.0,863727680.0
BKYI,"BIO-key International, Inc.",US,NASDAQ NMS - GLOBAL MARKET,USD,1997-04-17,10836618.0,9607746.0,6562656.0
QUIK,QuickLogic Corporation,US,NASDAQ NMS - GLOBAL MARKET,USD,1999-10-15,17090253.0,14740856.0,109719416.0
BBHY,JPMorgan BetaBuilders USD High Yield Corporate Bond ETF,,,,,,,
LUD,Luda Technology Group Limited,HK,NYSE MKT LLC,USD,2025-02-27,22690000.0,2689900.0,155199600.0
IWFL,ETRACS 2x Leveraged US Growth Factor TR ETN,,,,,,,
BAFE,Brown Advisory Flexible Equity ETF,,,,,,,
IRNES,,,,,,,,
WALDW,Waldencast plc,,,,,,38744196.0,
TRINZ,Trinity Capital Inc. 7.875% Notes due 2029,US,NASDAQ NMS - GLOBAL MARKET,USD,2021-01-29,,,1150.0
HELFY,HelloFresh SE,,,,,630130572.0,126897178.0,1056748416.0
ARVWS,,,,,,,,
KONEF,Wellbeing Digital Sciences Inc.,,,,,129971885.0,129201152.0,1299.0
PHMMF,"Pharma Mar, S.A.",,,,,17161826.0,13463781.0,1497313920.0
ABBAF,,,,,,,,
EEMS,iShares MSCI Emerging Markets Small-Cap ETF,,,,,5750000.0,,387089984.0
PLTD,Direxion Daily PLTR Bear 1X Shares,,,,,,,
EDVMF,Endeavour Mining plc,,,,,240754697.0,198076770.0,13109093376.0
KRP,"Kimbell Royalty Partners, LP",,,,,93396488.0,88351210.0,1249343360.0
AITUF,Anritsu Corporation,,,,,127988058.0,122814781.0,1912016640.0
RVVIS,RSE ARCHIVE LLC,,,,,,,
XMTIF,iShares VII plc - iShares Core MSCI EMU UCITS ETF,,,,,,,
GFI,Gold Fields Limited,,,,,895024247.0,894173974.0,41902956544.0
PGNYF,Hartshead Resources NL,,,,,2808682127.0,2119909010.0,21626854.0
ADSE,ADS-TEC Energy PLC,,,,,60122536.0,18767026.0,752132928.0
BAC.PRB,,,,,,,,
LGIN,,,,,,96055.0,,28816500.0
CRPT,First Trust SkyBridge Crypto Industry and Digital Economy ETF,,,,,,,
ROK,"Rockwell Automation, Inc.",,,,,112433185.0,111909801.0,44949663744.0
TRT,Trio-Tech International,,,,,4350555.0,2400767.0,60864264.0
SPWO,SP Funds S&P World ETF,,,,,,,
TVAIR,Thayer Ventures Acquisition Corporation II,,,,,,18737385.0,
OCPNF,Olympus Corporation,,,,,1101674820.0,1085762014.0,13770936320.0
CCDOF,,,,,,,,
ECLMF,Ecolomondo Corporation,,,,,226799685.0,57924640.0,33542614.0
TEMX,Touchstone Sands Capital Emerging Markets ex-China Growth ETF,,,,,,,
JULB,Aptus July Buffer ETF,,,,,,,
PNDXF,Pandox AB (publ),,,,,119603000.0,105673321.0,3905682432.0
EEA,"The European Equity Fund, Inc.",,,,,6725724.0,,74584928.0
AGTX,Agentix Corp.,,,,,40066951.0,30637194.0,1602678.0
MRTI,"Maxus Realty Trust, Inc.",,,,,1188000.0,,89100000.0
SDRC,Sidney Resources Corp.,,,,,376652467.0,,174013456.0
VDIG,Vanguard Wellington Dividend Growth Active ETF,,,,,,,
CSD,Invesco S&P Spin-Off ETF,,,,,,,
FSROF,F-SECURE OYJ (NEW),,,,,174707070.0,,358149504.0
XDEVF,XTRACKERS (IE) PLC MSCI WLD VAL,,,,,,,
QDTY,YieldMax Nasdaq 100 0DTE Covered Call Strategy ETF,,,,,,,
IVCAF,Investcorp AI Acquisition Corp.,,,,,6494771.0,26044.0,77937264.0
BCBP,"BCB Bancorp, Inc.",US,NASDAQ NMS - GLOBAL MARKET,USD,2005-12-14,17228206.0,15365320.0,142477264.0
NOTE,"FiscalNote Holdings, Inc.",US,"NEW YORK STOCK EXCHANGE, INC.",USD,2020-10-29,15018986.0,9343931.0,24664536.0
WQTM,WisdomTree Quantum Computing Fund,,,,,,,
SCCD,Sachem Capital Corp. 6.00% Note,US,NYSE MKT LLC,USD,2017-02-10,,,47.0
SPHD,Invesco S&P 500 High Dividend Low Volatility ETF,,,,,,,
MLACU,Mountain Lake Acquisition Corp.,US,NASDAQ NMS - GLOBAL MARKET,USD,2024-12-13,26995000.0,,286416928.0
IVSI,Applied Finance IVS International Large ETF,,,,,,,
SNTG,Sentage Holdings Inc.,CN,NASDAQ NMS - GLOBAL MARKET,USD,2021-07-09,2805325.0,1059319.0,5610650.0
GNOM,Global X Genomics & Biotechnology ETF,,,,,,,
SNOXF,SulNOx Group PLC,GB,,GBP,2019-12-17,131145434.0,52788366.0,141477776.0
JJSF,J&J Snack Foods Corp.,US,NASDAQ NMS - GLOBAL MARKET,USD,1986-02-04,19343158.0,15410501.0,1749368960.0
FVAL,Fidelity Value Factor ETF,,,,,,,
IAUTF,iShares Core S&P/ASX 200 ETF,,,,,,,
EAGG,iShares ESG U.S. Aggregate Bond ETF,,,,,,,
MKSKS,,,,,,,,
FPEI,First Trust Institutional Preferred Securities and Income ETF,,,,,,,
IGPT,Invesco AI and Next Gen Software ETF,,,,,,,
MEXX,Direxion Daily MSCI Mexico Bull 3X Shares,,,,,,,
TSEM,Tower Semiconductor Ltd.,IL,NASDAQ NMS - GLOBAL MARKET,USD,1994-01-01,112123800.0,112032203.0,13635375104.0
PTN,"Palatin Technologies, Inc.",US,NYSE MKT LLC,USD,1999-12-21,1702675.0,1285724.0,24876082.0
CCM,Concord Medical Services Holdings Limited,CN,"NEW YORK STOCK EXCHANGE, INC.",CNY,2009-12-11,2815458.0,42334328.0,16324878.0
HR,Healthcare Realty Trust Incorporated,US,"NEW YORK STOCK EXCHANGE, INC.",USD,2012-06-06,351628689.0,347968234.0,6016414208.0
EVNT,AltShares Event-Driven ETF,,,,,,,
FUSEW,Fusemachines Inc.,,,,,,9243057.0,
RCPTS,,,,,,,,
SOXS,Direxion Daily Semiconductor Bear 3X Shares,,,,,,,
BNC,CEA Industries Inc.,,,,,42300904.0,40067751.0,287364160.0
BALY,Bally's Corporation,,,,,49162136.0,10505948.0,873119552.0
EBCOY,Ebara Corporation,,,,,913972584.0,432130859.0,10656920576.0
LPTVQ,Loop Media Inc.,,,,,147691416.0,98517559.0,29538.0
GLIBA,"GCI Liberty, Inc. - Series A GC",,,,,3930949.0,25701785.0,1111792128.0
ENGIY,Engie SA,,,,,2431937675.0,1762752568.0,63230382080.0
DXF,Eason Technology Limited,,,,,1379408.0,,3011840.0
INDL,Direxion Daily MSCI India Bull 2x Shares,,,,,,,
SGPYY,The Sage Group plc,,,,,237078935.0,927296973.0,13888021504.0
COZX,Tradr 2X Long CORZ Daily ETF,,,,,,,
EUO,ProShares UltraShort Euro,,,,,,,
LTRBF,Latrobe Magnesium Limited,,,,,3127816808.0,2122694989.0,109574656.0
VNTG,Vantage Corp,,,,,11371120.0,10032120.0,28103556.0
WEX,WEX Inc.,,,,,34288525.0,29849875.0,5250258432.0
VAGPF,,,,,,,,
BACHY,Bank of China Limited,,,,,3344891056.0,133421715484.0,233235775488.0
POFCY,Petrofac Limited,,,,,1044154892.0,433313100.0,5539093.0
SON,Sonoco Products Company,,,,,98633013.0,97431663.0,4290536192.0
BPAIF,BrandPilot AI Inc.,,,,,190317095.0,159441953.0,1979297.0
RJVI,RJ Eagle Vertical Income ETF,,,,,,,
BRVRF,Blue River Resources Ltd.,,,,,250585232.0,234863515.0,751755.0
OGFGY,Origin Energy Limited,,,,,1722747671.0,1697093027.0,13096415232.0
HAFG,"Holistic Asset Finance Group Co., Ltd.",,,,,74228185.0,10262047.0,40825504.0
ILDO,International Daleco Corp.,,,,,46528817.0,,451329.0
LCHTF,Text S.A.,,,,,25750000.0,15789900.0,362817504.0
HAUZ,Xtrackers International Real Estate ETF,,,,,,,
TLRY,"Tilray Brands, Inc.",,,,,116000000.0,111090480.0,1113600000.0
CLRRF,ClimateRock,,,,,,311538.0,
BNR,Burning Rock Biotech Limited,,,,,9034111.0,48441642.0,227982656.0
TSSHF,"Tess Holdings Co.,Ltd.",,,,,834336000.0,,
IQSZ,Invesco Global Equity Net Zero ETF,,,,,,,
DBXRF,Xtrackers - MSCI Japan UCITS ETF,,,,,,,
ACITF,ASIAN CITRUS HLDGS,,,,,14900529.0,7563658.0,2980105.0
WEJWF,Wejo Group Limited,,,,,,100764556.0,
NAVI,Navient Corporation,,,,,97506705.0,65923308.0,1286637568.0
MPC,Marathon Petroleum Corporation,US,"NEW YORK STOCK EXCHANGE, INC.",USD,2011-06-23,300602479.0,299760792.0,49765085184.0
EMDM,First Trust Bloomberg Emerging Market Democracies ETF,,,,,,,
BFLY,"Butterfly Network, Inc.",US,"NEW YORK STOCK EXCHANGE, INC.",USD,2020-05-26,226175175.0,184116627.0,972518080.0
GSHD,"Goosehead Insurance, Inc",US,NASDAQ NMS - GLOBAL MARKET,USD,2018-04-27,24908881.0,22922647.0,2828497920.0
GEF.B,Greif Inc,US,"NEW YORK STOCK EXCHANGE, INC.",USD,2002-10-07,,,3446.0
OII,"Oceaneering International, Inc.",US,"NEW YORK STOCK EXCHANGE, INC.",USD,1991-12-17,99775211.0,97989235.0,2421015552.0
NRIX,"Nurix Therapeutics, Inc.",US,NASDAQ NMS - GLOBAL MARKET,USD,2020-07-24,101369235.0,71441626.0,1956426112.0
GRRRW,Gorilla Technology Group Inc.,,,,,,21580402.0,
VIMGF,Vimian Group AB (publ),SE,NASDAQ OMX NORDIC,EUR,2021-06-18,525964554.0,139018187.0,1537975808.0
EQLT,iShares MSCI Emerging Markets Quality Factor ETF,,,,,,,
ONXXF,Ontex Group NV,BE,NYSE EURONEXT - EURONEXT BRUSSELS,EUR,2014-06-25,79733512.0,46148608.0,411863456.0
BSSX,Invesco Bulletshares 2033 Municipal Bond ETF,,,,,,,
AESI,Atlas Energy Solutions Inc.,US,"NEW YORK STOCK EXCHANGE, INC.",USD,2023-03-09,123982170.0,94127263.0,1565984128.0
RIFR,Russell Investments Global Infrastructure ETF,,,,,,,
MTH,Meritage Homes Corporation,US,"NEW YORK STOCK EXCHANGE, INC.",USD,1988-07-21,70406707.0,68786649.0,4753230336.0
BRKU,Direxion Daily BRKB Bull 2X Shares,,,,,,,
IUAGF,iShares IV Public Limited Company - iShares Ageing Population UCITS ETF,,,,,,,
PULM,"Pulmatrix, Inc.",US,NASDAQ NMS - GLOBAL MARKET,USD,2014-03-21,3652285.0,3628107.0,8546349.0
PCTY,Paylocity Holding Corporation,US,NASDAQ NMS - GLOBAL MARKET,USD,2014-03-19,54381607.0,43726075.0,8475584000.0
STK,Columbia Seligman Premium Technology Growth Fund,US,"NEW YORK STOCK EXCHANGE, INC.",USD,2009-11-25,17390630.0,,649540032.0
TAXF,American Century Diversified Municipal Bond ETF,,,,,,,
HUYA,HUYA Inc.,CN,"NEW YORK STOCK EXCHANGE, INC.",CNY,2018-05-11,73019089.0,74930275.0,663514624.0
APOC,Innovator Equity Defined Protection ETF - 6 Mo Apr/Oct,,,,,,,
LLYZ,Defiance Daily Target 2X Short LLY ETF,,,,,,,
CHSCP,CHS Inc.,US,NASDAQ NMS - GLOBAL MARKET,USD,2003-01-29,,,340.0
MWQYS,,,,,,,,
AVK,Advent Convertible and Income Fund,US,"NEW YORK STOCK EXCHANGE, INC.",,2003-04-30,44148745.0,,556274176.0
AGG,iShares Core U.S. Aggregate Bond ETF,,,,,572600000.0,,57282904064.0
KTTAW,Pasithea Therapeutics Corp.,,,,,,5924120.0,
TRNO,Terreno Realty Corporation,US,"NEW YORK STOCK EXCHANGE, INC.",USD,2010-02-10,102861798.0,101325249.0,6227019776.0
GLGG,Leverage Shares 2X Long GLXY Daily ETF,,,,,,,
GUT.PRC,Gabelli Utility Trust,US,"NEW YORK STOCK EXCHANGE, INC.",USD,1999-06-29,,,536.0
ALOT,"AstroNova, Inc.",,,,,7638423.0,5313134.0,62635076.0
SNPHY,"Santen Pharmaceutical Co., Ltd.",,,,,321672432.0,318174632.0,3403294464.0
WSO,"Watsco, Inc.",,,,,34923800.0,32911048.0,14156713984.0
SBLX,"StableX Technologies, Inc.",,,,,1455975.0,1221883.0,4702799.0
AMKBY,A.P. Møller - Mærsk A/S,,,,,1019089400.0,8299467.0,33769904128.0
CYFWF,Cyfrowy Polsat S.A.,,,,,550703531.0,242524328.0,1453857408.0
TTEK,"Tetra Tech, Inc.",,,,,260828236.0,259224142.0,8942178304.0
GCHHF,Gooch & Housego PLC,,,,,27199510.0,20933928.0,208076256.0
DFAW,Dimensional World Equity ETF,,,,,,,
OPTT,"Ocean Power Technologies, Inc.",,,,,194959935.0,190185366.0,67183192.0
SPUP,Sipup Corporation,,,,,71047594.0,29766299.0,7104.0
BTZI,"BOTS, Inc.",,,,,780375596.0,,2107014.0
OGSP,Obra High Grade Structured Products ETF,,,,,,,
PQEFF,Petroteq Energy Inc.,,,,,796980959.0,655047718.0,79698.0
SEEK,"TheDirectory.com, Inc",,,,,14475806289.0,,1447580.0
RBLY,YieldMax(TM) RBLX Option Income Strategy ETF,,,,,,,
WASH,"Washington Trust Bancorp, Inc.",,,,,19034935.0,18686405.0,578870528.0
DTCFF,Defence Therapeutics Inc.,,,,,54725370.0,52557698.0,30903416.0
MELHF,Buffalo Inc.,,,,,,,
GNTLF,Genetic Technologies Limited,,,,,145417246.0,5839957.0,392350688.0
PKB,Invesco Building & Construction ETF,,,,,3750000.0,,358462496.0
HKTTY,HKT Trust and HKT Limited,,,,,758026103.0,3525198199.0,13180751872.0
INREF,InRetail Perú Corp.,,,,,106256142.0,30481699.0,2922043648.0
RSJMS,RSE ARCHIVE LLC,,,,,,,
BMXXY,bioMérieux S.A.,,,,,1180672050.0,44732122.0,14675752960.0
STRNY,Severn Trent PLC,,,,,301084741.0,264049645.0,11266590720.0
YEXT,"Yext, Inc.",,,,,122626997.0,90892356.0,998218112.0
CGCP,Capital Group Core Plus Income ETF,,,,,,,
VLPNY,Voestalpine AG,,,,,857253080.0,145203241.0,7908810240.0
BCRD,"BlueOne Card, Inc.",,,,,14297295.0,3197304.0,117459424.0
PTA,Cohen & Steers Tax-Advantaged Preferred Securities and Income Fund,,,,,55273457.0,,1068435904.0
AAGAF,Silver47 Exploration Corp.,,,,,,133212323.0,
MMSMY,"Mitsui Kinzoku Company, Limited",,,,,286064815.0,53043854.0,6816686080.0
EIHDF,Evoke plc,,,,,449875585.0,312778573.0,121466416.0
ORGEF,Oregen Energy Corp.,,,,,65712024.0,64343744.0,3653588.0
GRMZF,"grems,Inc.",,,,,23102007.0,7982667.0,261052688.0
YFYA,Yields for You Strategy A ETF,,,,,,,
IUMDF,,,,,,,,
DRNZ,REX Drone ETF,,,,,,,
UTSI,UTStarcom Holdings Corp.,CN,NASDAQ NMS - GLOBAL MARKET,USD,2000-03-03,9470255.0,3302967.0,23675638.0
DIVO,Amplify CWP Enhanced Dividend Income ETF,,,,,,,
FTXL,First Trust Nasdaq Semiconductor ETF,,,,,,,
DNA,"Ginkgo Bioworks Holdings, Inc.",US,"NEW YORK STOCK EXCHANGE, INC.",USD,2021-04-19,48523595.0,40186068.0,508957824.0
BTCO,Invesco Galaxy Bitcoin ETF,,,,,,,
ISGPF,iShares V Public Limited Company - iShares Gold Producers UCITS ETF,,,,,,,
XOMX,Direxion Daily XOM Bull 2X Shares,,,,,,,
DOV,Dover Corporation,US,"NEW YORK STOCK EXCHANGE, INC.",USD,1956-12-03,137153223.0,136455113.0,27451215872.0
APO.PRA,Apollo Global Management Inc,US,"NEW YORK STOCK EXCHANGE, INC.",USD,2011-03-29,,,86204.0
BFRE,Westwood LBRTY Global Equity ETF,,,,,,,
FXD,First Trust Consumer Discretionary AlphaDEX Fund,,,,,,,
FRPT,"Freshpet, Inc.",US,NASDAQ NMS - GLOBAL MARKET,USD,2014-11-07,48808337.0,48011785.0,3132030720.0
NSA,National Storage Affiliates Trust,US,"NEW YORK STOCK EXCHANGE, INC.",USD,2015-04-23,76960767.0,70813279.0,4112803072.0
SKFRY,AB SKF (publ),SE,NASDAQ OMX NORDIC,SEK,1905-03-30,426420244.0,454913931.0,12107785216.0
VFUUF,Vanguard Funds Public Limited Company - Vanguard FTSE North America UCITS ETF,,,,,,,
ETG,Eaton Vance Tax-Advantaged Global Dividend Income Fund,US,"NEW YORK STOCK EXCHANGE, INC.",USD,2004-01-28,76321908.0,,1748534784.0
AKA,a.k.a. Brands Holding Corp.,US,"NEW YORK STOCK EXCHANGE, INC.",USD,2021-09-22,10739676.0,772075.0,123296136.0
ACHWS,"Arrived Homes 3, Llc",,,,,,,
HERD,Pacer Cash Cows Fund of Funds ETF,,,,,,,
EMTY,ProShares Decline of the Retail Store ETF,,,,,,,
G,Genpact Limited,BM,"NEW YORK STOCK EXCHANGE, INC.",USD,2007-08-02,172414423.0,158069543.0,8373677056.0
ETS,Elite Express Holding Inc.,US,NASDAQ NMS - GLOBAL MARKET,USD,2025-08-21,12550005.0,4899991.0,10192155.0
MAGX,Roundhill Daily 2X Long Magnificent Seven ETF,,,,,,,
HIYY,YieldMax HIMS Option Income Strategy ETF,,,,,,,
PHK,PIMCO High Income Fund,US,"NEW YORK STOCK EXCHANGE, INC.",USD,2003-04-24,174038000.0,,842343936.0
XLK,State Street Technology Select Sector SPDR ETF,,,,,272056000.0,,39864365056.0
CSCO,"Cisco Systems, Inc.",,,,,3951094563.0,3944140637.0,308817559552.0
SYKKF,,,,,,,,
SFOSF,"Shanghai Fosun Pharmaceutical (Group) Co., Ltd.",,,,,551940500.0,1674770664.0,12181120000.0
NVNIW,Nvni Group Limited,,,,,,,
CMGEF,,,,,,,,
FTSM,First Trust Enhanced Short Maturity ETF,,,,,,,
AVHWS,,,,,,,,
HOYFF,Huhtamäki Oyj,,,,,104968310.0,91573304.0,3422194176.0
CGDG,Capital Group Dividend Growers ETF,,,,,,,
VBR,Vanguard Small-Cap Value Index Fund ETF Shares,,,,,101351000.0,,21831004160.0
NPNYY,Nippon Yusen Kabushiki Kaisha,,,,,2064489190.0,419976778.0,13150795776.0
SIERF,Sierra Grande Minerals Inc.,,,,,29311215.0,17975982.0,4628241.0
BITF,Bitfarms Ltd.,,,,,597923486.0,570365193.0,1482850176.0
UPSG,Leverage Shares 2X Long UPS Daily ETF,,,,,,,
RMESF,Red Metal Resources Ltd.,,,,,40035726.0,31052510.0,468418.0
SNLRF,Sanlorenzo S.p.A.,,,,,35312622.0,14008781.0,1255893376.0
GDSTW,Goldenstone Acquisition Limited,,,,,,839238.0,
EURKU,Eureka Acquisition Corp,,,,,6666750.0,2700673.0,72600912.0
DNFGF,Dongfeng Motor Group Company Limited,,,,,2492200000.0,2159372176.0,7839958528.0
BJRI,"BJ's Restaurants, Inc.",,,,,21134781.0,18737674.0,911958720.0
ISUZY,Isuzu Motors Limited,,,,,689919984.0,512971012.0,10790348800.0
NMTLF,New Age Metals Inc.,,,,,66420940.0,36089628.0,25107114.0
IMRTF,iomart Group plc,,,,,113515516.0,52668969.0,215679488.0
PSFM,Pacer Swan SOS Flex (April) ETF,,,,,,,
FSMD,Fidelity Small-Mid Multifactor ETF,,,,,,,
LTUS,"Lotus Pharmaceuticals, Inc.",,,,,2644515543.0,,10313610.0
TYHOY,Toyota Tsusho Corporation,,,,,2111553248.0,658646247.0,38007959552.0
AHKYS,,,,,,,,
CBRRF,Chain Bridge I,,,,,3011881.0,678721.0,74930800.0
PGHIF,,,,,,,,
TIXC,Tix Corporation,,,,,23637175.0,14563573.0,2363.0
AUSCF,,,,,,,,
WEBNF,Westpac Banking Corporation,,,,,3414563993.0,3410944555.0,90528448512.0
BIJBF,,,,,,,,
SPXSF,Spirax Group plc,,,,,73903798.0,72542173.0,6903670784.0
AXTLF,"Axtel, S.A.B. de C.V.",,,,,2813442257.0,,1433831808.0
IPPIF,iShares II Public Limited Company - iShares Listed Private Equity UCITS ETF,,,,,,,
ENFY,Enlightify Inc.,CN,"NEW YORK STOCK EXCHANGE, INC.",USD,2007-09-27,15769434.0,9133025.0,1419249.0
TNTFF,PostNL N.V.,NL,NYSE EURONEXT - EURONEXT AMSTERDAM,EUR,2011-05-26,508680625.0,328056900.0,674146112.0
DEEF,Xtrackers FTSE Developed ex US Multifactor ETF,,,,,,,
NBP,NovaBridge Biosciences,US,NASDAQ NMS - GLOBAL MARKET,USD,2020-01-17,115291032.0,137922546.0,500363104.0
AN,"AutoNation, Inc.",US,"NEW YORK STOCK EXCHANGE, INC.",USD,1997-06-20,36272177.0,34503409.0,7713135616.0
BNKK,Bonk Inc,US,NASDAQ NMS - GLOBAL MARKET,USD,2020-10-22,,,15.0
APADU,A Paradise Acquisition Corp.,HK,NASDAQ NMS - GLOBAL MARKET,USD,2025-07-30,,12933398.0,274.0
ICRC,Bitwise CRCL Option Income Strategy ETF,,,,,,,
PWS,Pacer WealthShield ETF,,,,,,,
MBSRY,Orange Belgium NV,BE,NYSE EURONEXT - EURONEXT BRUSSELS,EUR,1998-10-06,,,1297.0
TWOCF,,,,,,,,
EGGS,NestYield Total Return Guard ETF,,,,,,,
NTZ,Natuzzi S.p.A.,IT,"NEW YORK STOCK EXCHANGE, INC.",EUR,1993-05-13,11014609.0,21305558.0,26324916.0
CETXP,"Cemtrex, Inc.",US,NASDAQ NMS - GLOBAL MARKET,USD,2001-06-21,1486740.0,378546.0,957774.0
VLN.WS,Valens Semiconductor Ltd,IL,"NEW YORK STOCK EXCHANGE, INC.",USD,2021-09-30,,,147.0
EQLCF,,,,,,,,
EFRA,iShares Environmental Infrastructure and Industrials ETF,,,,,,,
PVLA,"Palvella Therapeutics, Inc.",US,NASDAQ NMS - GLOBAL MARKET,USD,2014-12-18,11836490.0,6585941.0,1223538048.0
HYSA,Bondbloxx USD High Yield Bond Sector Rotation ETF,,,,,,,
SCEP,Sterling Capital Hedged Equity Premium Income ETF,,,,,,,
VOOV,Vanguard S&P 500 Value Index Fund ETF Shares,,,,,,,
SPYC,Simplify US Equity PLUS Convexity ETF,,,,,,,
DBVT,DBV Technologies S.A.,FR,NYSE EURONEXT - EURONEXT PARIS,USD,2012-03-29,40133574.0,96558882.0,769360640.0
IGA,Voya Global Advantage and Premium Opportunity Fund,US,"NEW YORK STOCK EXCHANGE, INC.",USD,2005-10-27,15341392.0,,151726368.0
FLG,"Flagstar Bank, National Association",US,"NEW YORK STOCK EXCHANGE, INC.",USD,1993-11-23,415755877.0,266902800.0,5309202432.0
BDN,Brandywine Realty Trust,US,"NEW YORK STOCK EXCHANGE, INC.",USD,1986-07-24,173699039.0,167581359.0,500253248.0
PAEXY,,,,,,97591791.0,94642317.0,1321392896.0
LFMD,"LifeMD, Inc.",US,NASDAQ NMS - GLOBAL MARKET,USD,2001-07-11,48135885.0,39176353.0,168475600.0
EMOT,First Trust S&P 500 Economic Moat ETF,,,,,,,
SPBO,State Street SPDR Portfolio Corporate Bond ETF,,,,,,,
TICAW,,,,,,,,
CYH,"Community Health Systems, Inc.",US,"NEW YORK STOCK EXCHANGE, INC.",USD,1991-03-07,138519615.0,87773844.0,452584768.0
UMAR,Innovator U.S. Equity Ultra Buffer ETF - March,,,,,,,
HLMAF,Halma plc,,,,,377701673.0,373275096.0,17661329408.0
BCGD,Baron ETF Trust - Baron Global Durable Advantage ETF,,,,,,,
ARCS,Arcis Resources Corporation,,,,,1141267854.0,,114126.0
GCHK,GreenChek Technology Inc.,,,,,161357500.0,,16135.0
AFNL,AmFin Financial Corporation,,,,,161266.0,,28573308.0
AUGW,AllianzIM U.S. Large Cap Buffer20 Aug ETF,,,,,,,
DVHGF,Devonian Health Group Inc.,,,,,165943512.0,144893578.0,22862534.0
ONEV,State Street SPDR Russell 1000 Low Volatility Focus ETF,,,,,,,
HQGE,HQ Global Education Inc.,,,,,7739922441.0,,4973954.0
HXPN,"Harris Exploration, Inc.",,,,,408817505.0,,40881.0
MTSFY,"Mitsui Fudosan Co., Ltd.",,,,,915946166.0,2577728080.0,31343679488.0
ADUS,Addus HomeCare Corporation,,,,,18483271.0,17398076.0,2036117248.0
AVSA,Avisana Corp.,,,,,,,
GATEW,,,,,,,,
PNPL,"Pineapple, Inc.",,,,,73103569.0,29708559.0,9503463.0
BBDA,Bebida Beverage Company,,,,,2295560862.0,,229556.0
FRTD,"Fortitude Group, Inc.",,,,,570039404.0,,5700.0
TRKR,"Tracker Corporation of America, Inc. (The)",,,,,,1892349554.0,199999.0
SPXS,Direxion Daily S&P 500 Bear 3X Shares,,,,,,,
RAIFF,Raiffeisen Bank International AG,,,,,328337590.0,127092914.0,15158499328.0
OFS,OFS Capital Corporation,,,,,13398078.0,,61631164.0
NMXS,"Net Medical Xpress Solutions, Inc.",,,,,37667581.0,11779390.0,11300.0
GASS,StealthGas Inc.,,,,,37161373.0,14527754.0,260501232.0
HBCP,"Home Bancorp, Inc.",,,,,7828144.0,6728603.0,464835200.0
JRONY,"Jerónimo Martins, SGPS, S.A.",,,,,314217110.0,274877128.0,14846758912.0
MARA,"MARA Holdings, Inc.",,,,,378184353.0,372504024.0,3626788096.0
AMST,Amesite Inc.,,,,,4572713.0,3042409.0,9694151.0
PWCCF,,,,,,,,
LBTD,Lotus Bio-Technology Development Corp.,,,,,806283694.0,249079005.0,8062837.0
CGNT,Cognyte Software Ltd.,IL,NASDAQ NMS - GLOBAL MARKET,USD,2021-02-02,73038091.0,48435940.0,679984640.0
IBCP,Independent Bank Corporation,US,NASDAQ NMS - GLOBAL MARKET,USD,1984-01-16,20691952.0,20184999.0,685899008.0
EGGQ,NestYield Visionary ETF,,,,,,,
BIVI,BioVie Inc.,US,NASDAQ NMS - GLOBAL MARKET,USD,2014-01-14,7537479.0,7497756.0,9120350.0
ATOM,Atomera Incorporated,US,NASDAQ NMS - GLOBAL MARKET,USD,2016-08-05,31681033.0,30388447.0,68431032.0
GLV,Clough Global Dividend and Income Fund,US,NYSE MKT LLC,USD,2004-07-28,12409683.0,,74334008.0
WDAY,"Workday, Inc.",US,NASDAQ NMS - GLOBAL MARKET,USD,2012-12-10,213000000.0,211062760.0,58926899200.0
NETL,Colterpoint Net Lease Real Estate ETF,,,,,,,
KNRX,Knorex Ltd.,SG,NYSE MKT LLC,USD,2025-09-29,25642538.0,15944256.0,46851596.0
EDNEF,Eden Empire Inc.,,,,,137176920.0,110240860.0,68588.0
JPLD,J P Morgan Exchange-Traded Fund Trust - Limited Duration Bond ETF,,,,,,,
EUM,ProShares Short MSCI Emerging Markets,,,,,,,
SCHE,Schwab Emerging Markets Equity ETF,,,,,,,
HYOR,HyOrc Corporation,,,,,737089956.0,114713472.0,24839932.0
IMAQW,,,,,,,539681.0,
KNCRY,Konecranes Plc,FI,NASDAQ OMX HELSINKI LTD.,EUR,1996-03-27,396071345.0,63578957.0,8210558976.0
INFU,"InfuSystem Holdings, Inc.",US,NYSE MKT LLC,USD,2006-06-15,20336183.0,19259179.0,183016640.0
TDWD,Tailwind 2.0 Acquisition Corp.,US,NASDAQ NMS - GLOBAL MARKET,USD,2025-11-07,17795000.0,,231918256.0
BA.PRA,Boeing Co,US,"NEW YORK STOCK EXCHANGE, INC.",USD,1934-09-05,,,169487.0
PB,"Prosperity Bancshares, Inc.",US,"NEW YORK STOCK EXCHANGE, INC.",USD,1998-11-12,93047490.0,90705801.0,6543099392.0
RBTEF,Robertet SA,FR,NYSE EURONEXT - EURONEXT PARIS,EUR,1985-01-07,1958202.0,1134244.0,2089034752.0
BOIVF,Bolloré SE,FR,NYSE EURONEXT - EURONEXT PARIS,EUR,1994-01-11,2793749964.0,627001304.0,15030375424.0
MMGRF,Momentum Group AB,SE,NASDAQ OMX NORDIC,SEK,2022-03-31,48872557.0,18629205.0,852781888.0
FTLF,"FitLife Brands, Inc.",US,NASDAQ NMS - GLOBAL MARKET,USD,2007-10-26,9391072.0,2901653.0,148378960.0
PREM,Premier Air Charter Holdings Inc.,,,,,32803527.0,37459545.0,1049713.0
COPJ,Sprott Junior Copper Miners ETF,,,,,,,
ISJSF,ISHARES JANTZI SOCIAL INDEX ETF,,,,,,,
SYF,Synchrony Financial,US,"NEW YORK STOCK EXCHANGE, INC.",USD,2014-07-31,360171098.0,357966851.0,32000669696.0
IMPPF,Invesco Markets II plc - Invesco Preferred Shares UCITS ETF,,,,,,,
QLD,ProShares Ultra QQQ,,,,,,,
GEME,Pacific NoS Global EM Equity Active ETF,,,,,,,
GLMD,Galmed Pharmaceuticals Ltd.,IL,NASDAQ NMS - GLOBAL MARKET,USD,2014-03-13,5479231.0,5403563.0,4740083.0
AVFLS,,,,,,,,
IRICF,Isras Investment Company Ltd,,,,,4954470.0,1169931.0,1020620800.0
EIRL,iShares MSCI Ireland ETF,,,,,,,
CAEN,California-Engels Mining Company,,,,,695890.0,,2783560.0
STSBF,South Star Battery Metals Corp.,,,,,108400944.0,79355995.0,10704594.0
GQRE,FlexShares Global Quality Real Estate Index Fund,,,,,,,
BAMY,Brookstone Yield ETF,,,,,,,
GMVHY,Entain Plc,,,,,639602618.0,562703970.0,6469580288.0
RSEKS,RSE ARCHIVE LLC,,,,,,,
NCRBF,"Nippon Carbon Co., Ltd.",,,,,11057297.0,10269113.0,315132960.0
CJEWF,Chow Tai Fook Jewellery Group Limited,,,,,9864944600.0,2095511532.0,15665532928.0
DREUF,Dream Industrial Real Estate Investment Trust,,,,,286068238.0,285524708.0,2731037696.0
HQH,Abrdn Healthcare Investors,,,,,55510323.0,,1068573760.0
CIIT,"Tianci International, Inc.",,,,,24531803.0,8098439.0,8895232.0
ACWI,iShares MSCI ACWI ETF,,,,,,,
ADGM,"Adagio Medical Holdings, Inc.",,,,,21179637.0,6168146.0,22026820.0
AMDW,Roundhill AMD WeeklyPay ETF,,,,,,,
RHCGF,Ryman Healthcare Limited,,,,,1015729081.0,986930225.0,1866248960.0
NEXM,NexMetals Mining Corp.,,,,,35490708.0,17099905.0,146221712.0
RICOF,"Ricoh Company, Ltd.",,,,,569233910.0,422633409.0,4889719296.0
ABP,"Abpro Holdings, Inc.",US,NASDAQ NMS - GLOBAL MARKET,USD,2022-01-14,2716278.0,1726765.0,12494879.0
PHB,Invesco Fundamental High Yield Corporate Bond ETF,,,,,,,
MCHX,"Marchex, Inc.",US,NASDAQ NMS - GLOBAL MARKET,USD,2004-03-31,39245334.0,17328118.0,73323456.0
FEMB,First Trust Emerging Markets Local Currency Bond ETF,,,,,,,
ASCWF,,,,,,,343593.0,
GSGO,Goldman Sachs ETF Trust - Goldman Sachs Growth Opportunities ETF,,,,,,,
WIP,SPDR FTSE International Government Inflation-Protected Bond ETF,,,,,,,
NHIC,NewHold Investment Corp III,,,,,20905100.0,,286068224.0
FWONA,Formula One Group,US,NASDAQ NMS - GLOBAL MARKET,USD,2016-04-18,23990946.0,239624475.0,24061743104.0
IVV,iShares Core S&P 500 ETF,,,,,621550016.0,,430901985280.0
INTZ,Intrusion Inc.,US,NASDAQ NMS - GLOBAL MARKET,USD,1992-05-21,20102939.0,17093730.0,23922500.0
EPV,ProShares UltraShort FTSE Europe,,,,,,,
CHMG,Chemung Financial Corporation,US,NASDAQ NMS - GLOBAL MARKET,USD,1994-03-21,4794349.0,3498580.0,264887776.0
LCOW,Pacer S&P 500 Quality FCF Aristocrats ETF,,,,,,,
GIGB,Goldman Sachs Access Investment Grade Corporate Bond ETF,,,,,,,
MLYXF,MULTI UNITS LUXEMBOURG,,,,,,,
TKNO,"Alpha Teknova, Inc.",US,NASDAQ NMS - GLOBAL MARKET,USD,2021-06-25,53529174.0,10369136.0,216257872.0
KOP,Koppers Holdings Inc.,US,"NEW YORK STOCK EXCHANGE, INC.",USD,2006-02-01,19613926.0,18634407.0,531333504.0
FFDI,Fidelity Fundamental Developed ,,,,,,,
DLLL,GraniteShares 2x Long DELL Daily ETF,,,,,,,
EFSH,1847 Holdings LLC,US,NYSE MKT LLC,USD,2025-10-14,,,0.0
PMM,Putnam Managed Municipal Income Trust,US,"NEW YORK STOCK EXCHANGE, INC.",USD,1989-02-17,42985233.0,,277802176.0
AIRR,First Trust RBA American Industrial RenaissanceTM ETF,,,,,,,
Q,"Qnity Electronics, Inc.",US,"NEW YORK STOCK EXCHANGE, INC.",USD,2025-10-27,209463194.0,209234879.0,17638895616.0
EGHAR,EGH Acquisition Corp.,US,NASDAQ NMS - GLOBAL MARKET,USD,2025-05-09,,,207.0
NNBR,"NN, Inc.",US,NASDAQ NMS - GLOBAL MARKET,USD,1994-03-15,50195810.0,35170196.0,68405976.0
TSEC,Touchstone Securitized Income ETF,,,,,,,
WWOK,,,,,,,,
VSPFF,,,,,,,,
CDZIP,Cadiz Inc.,US,NASDAQ NMS - GLOBAL MARKET,USD,1989-01-03,,55957185.0,473.0
DLNG.PRA,Dynagas LNG Partners LP,MC,"NEW YORK STOCK EXCHANGE, INC.",USD,2013-11-13,,,139.0
MWQGS,,,,,,,,
APLVF,,,,,,,,
GTM,ZoomInfo Technologies Inc.,US,NASDAQ NMS - GLOBAL MARKET,USD,2020-06-04,311592534.0,264165034.0,3224543488.0
NEMCL,NEWMONT CORPORATION CDI 1:1,US,"NEW YORK STOCK EXCHANGE, INC.",USD,1940-01-27,1091262981.0,1088905853.0,106874044416.0
EMBC,Embecta Corp.,US,NASDAQ NMS - GLOBAL MARKET,USD,2022-03-21,59211992.0,56663835.0,711136064.0
CGRA,American Infrastructure Holding Corporation,,,,,699401997.0,,2098206.0
DYAI,"Dyadic International, Inc.",,,,,36187798.0,26907437.0,34447168.0
BRRR,CoinShares Bitcoin ETF,,,,,,,
EPAZ,"Epazz, Inc.",,,,,15859266.0,20314.0,800892.0
DHKCF,,,,,,,,
DWMNF,"Dowa Holdings Co., Ltd.",,,,,59563066.0,,2859026944.0
TIPT,Tiptree Inc.,,,,,37823734.0,23317197.0,684987904.0
BANR,Banner Corporation,,,,,34085930.0,33322064.0,2234504704.0
AOR,iShares Core 60/40 Balanced Allocation ETF,,,,,,,
URNCF,,,,,,,,
LIOPY,Lion Corporation,,,,,138326476.0,272735357.0,2268554240.0
LUCMF,Luca Mining Corp.,,,,,269667032.0,226644354.0,303325024.0
SSPLF,Safe Supply Streaming Co Ltd.,,,,,197911890.0,158389261.0,6669630.0
GMVMF,GMV Minerals Inc.,,,,,122500346.0,93824025.0,24134104.0
WKYN,"WebSky, Inc.",,,,,29167000.0,,29.0
VSTWF,Vast Renewables Limited,,,,,,13198577.0,
MBDC,Massachusetts Business Development Corp.,,,,,,,3247681.0
TEL,TE Connectivity plc,,,,,294189246.0,293647938.0,68481822720.0
EQT,EQT Corporation,,,,,624070822.0,618812356.0,33656141824.0
SSKRF,,,,,,,,
MTKRS,,,,,,,,
BYOC,"Beyond Commerce, Inc.",,,,,16533929830.0,16265710735.0,3306786.0
NDMCF,New Destiny Mining Corp.,,,,,22605669.0,22010688.0,372993.0
SBAGY,,,,,,,,
DSGT,DSG Global Inc.,,,,,157257212.0,155760123.0,15725.0
SMH,VanEck Semiconductor ETF,,,,,11670900.0,,4269915392.0
UBOT,"Direxion Daily Robotics, Artificial Intelligence & Automation Index Bull 2X Shares",,,,,,,
KGRI,"The Kiley Group, Inc.",,,,,3029349888.0,,302933.0
HPTN,Happy Town Holdings Inc.,,,,,56858963.0,,22743.0
TCHP,T. Rowe Price Blue Chip Growth ETF,,,,,,,
PYIYF,,,,,,502291664.0,479103654.0,632887488.0
FGSI,FT Vest Growth Strength & Target Income ETF,,,,,,,
CRQDQ,,,,,,,,
JRONF,"Jerónimo Martins, SGPS, S.A.",,,,,628434220.0,274877128.0,14812194816.0
RARE,Ultragenyx Pharmaceutical Inc.,US,NASDAQ NMS - GLOBAL MARKET,USD,2014-01-31,96477569.0,92894391.0,3298567936.0
XYF,X Financial,CN,"NEW YORK STOCK EXCHANGE, INC.",CNY,2018-09-19,22803938.0,97776765.0,234262256.0
SNCY,"Sun Country Airlines Holdings, Inc.",US,NASDAQ NMS - GLOBAL MARKET,USD,2021-03-17,52714634.0,48661406.0,777352768.0
HZMXF,BetaPro Silver 2x Daily Bull ETF,,,,,,,
RLJ,RLJ Lodging Trust,US,"NEW YORK STOCK EXCHANGE, INC.",USD,2011-05-11,151085078.0,120133343.0,1164742528.0
TSXD,Direxion Daily Semiconductors Top 5 Bear 2X ETF,,,,,,,
AHRWS,,,,,,,,
JUNW,AllianzIM U.S. Large Cap Buffer20 Jun ETF,,,,,,,
PCG.PRB,Pacific Gas and Electric Co,US,NYSE MKT LLC,USD,1980-03-17,,,92.0
PBHC,"Pathfinder Bancorp, Inc.",US,NASDAQ NMS - GLOBAL MARKET,USD,1954-11-05,4794225.0,3504342.0,84529008.0
AMZA,InfraCap MLP ETF,,,,,,,
PSBYP,"Link Parks, Inc.",,,,,,,
BNDX,Vanguard Total International Bond Index Fund,,,,,,,
JZXN,"Jiuzi Holdings, Inc.",CN,NASDAQ NMS - GLOBAL MARKET,USD,2021-05-18,1392834.0,1375034.0,2493172.0
PCFI,Polen Floating Rate Income ETF,,,,,,,
TLPFY,Teleperformance SE,FR,NYSE EURONEXT - EURONEXT PARIS,EUR,1985-01-07,116275408.0,52845332.0,4166148096.0
DAPP,VanEck Digital Transformation ETF,,,,,,,
MYCI,SPDR SSGA My2029 Corporate Bond ETF,,,,,,,
MDU,"MDU Resources Group, Inc.",US,"NEW YORK STOCK EXCHANGE, INC.",USD,1981-05-22,204382821.0,202841596.0,4022253824.0
DHSB,Day Hagan Smart Buffer ETF,,,,,,,
CAPL,CrossAmerica Partners LP,US,"NEW YORK STOCK EXCHANGE, INC.",USD,2012-10-25,38120481.0,18132769.0,794812032.0
AHRKS,,,,,,,,
GNRC,Generac Holdings Inc.,US,"NEW YORK STOCK EXCHANGE, INC.",USD,2010-02-11,58684066.0,57518600.0,8248631808.0
SMUP,T-REX 2X Long SMR Daily Target ETF,,,,,,,
EFTY,"Etoiles Capital Group Co., Ltd",HK,NASDAQ NMS - GLOBAL MARKET,USD,2025-08-08,15110000.0,,302052224.0
BUFG,FT Vest Buffered Allocation Growth ETF,,,,,,,
SPY,SPDR S&P 500 ETF,,,,,917782016.0,,633554075648.0
KMTS,"Kestra Medical Technologies, Ltd.",US,NASDAQ NMS - GLOBAL MARKET,USD,2025-03-06,58349053.0,30837475.0,1583009792.0
JCAP,"Jefferson Capital, Inc.",US,NASDAQ NMS - GLOBAL MARKET,USD,2025-06-26,58290473.0,6073284.0,1338932096.0
AACG,ATA Creativity Global,CN,NASDAQ NMS - GLOBAL MARKET,CNY,2008-01-29,31772461.0,18508899.0,23638710.0
IHSRF,iShares VI Public Limited Company - iShares Edge S&P 500 Minimum Volatility UCITS ETF,,,,,,,
DBLR,"Pet Ecology Brands, Inc.",,,,,73936041.0,,1478722.0
PTEL,"Pegasus Tel, Inc.",,,,,3510496677.0,,23520328.0
LSDAF,Lassonde Industries Inc.,,,,,3069000.0,3030914.0,1051279872.0
LHAI,Linkhome Holdings Inc.,,,,,16230000.0,6999999.0,117342904.0
SYCHF,"Sanyo Chemical Industries, Ltd.",,,,,22122200.0,11605270.0,720077568.0
HSCSW,HeartSciences Inc.,,,,,,3059215.0,
NDATF,nDatalyze Corp.,,,,,41327425.0,40495091.0,450468.0
IFPJF,Informa plc,,,,,1278842173.0,1281258444.0,16426727424.0
TISNF,TIS Inc.,,,,,224811761.0,196251652.0,7255799808.0
AZZ,AZZ Inc.,,,,,30057082.0,29460749.0,3320706560.0
MYMI,SPDR SSGA My2029 Municipal Bond ETF,,,,,,,
JWCTF,JW (Cayman) Therapeutics Co. Ltd,,,,,416232634.0,319035978.0,218315936.0
DMAR,FT Vest U.S. Equity Deep Buffer ETF - March,,,,,,,
LAW,"CS Disco, Inc.",,,,,62491594.0,24006771.0,499307808.0
BZQIY,Bezeq The Israel Telecommunication Corp. Ltd,,,,,554796608.0,2770298824.0,6097161216.0
WLKP,Westlake Chemical Partners LP,,,,,35245879.0,19260463.0,657688128.0
NXTG,First Trust IndXX NextG ETF,,,,,,,
TRLFF,Maven Brands Inc.,,,,,35140866.0,31055389.0,3514.0
VAL.WS,,,,,,,,
MFBP,"M&F Bancorp, Inc.",,,,,1941565.0,,37278068.0
GOOG,Alphabet Inc.,,,,,5407000000.0,10798516960.0,3802144702464.0
BRKFF,Brookfield Office Properties Inc.,,,,,,,
PIO,Invesco Global Water ETF,,,,,,,
TDTF,FlexShares iBoxx 5-Year Target Duration TIPS Index Fund,,,,,,,
MTTCF,Steakholder Foods Ltd.,,,,,5424956659.0,659966301.0,8679930.0
QXO,"QXO, Inc.",,,,,674392035.0,635290785.0,14324086784.0
XMPT,VanEck CEF Municipal Income ETF,,,,,,,
KC,Kingsoft Cloud Holdings Limited,,,,,295818557.0,2345109015.0,3174132992.0
PMPG,"Premier Products Group, Inc.",,,,,367949425.0,,73589.0
LMNR,Limoneira Company,,,,,18119117.0,16470277.0,232287056.0
MVTKS,,,,,,,,
AFBI,"Affinity Bancshares, Inc.",,,,,6167602.0,4346741.0,132895976.0
OILS.WS,,,,,,,,
CMBS,iShares CMBS ETF,,,,,,,
WFC,Wells Fargo & Company,,,,,3139084542.0,3131519348.0,305159798784.0
OAKI,Harris Oakmark ETF Trust - Oakmark International Large Cap ETF,,,,,,,
ARDT,"Ardent Health, Inc.",US,"NEW YORK STOCK EXCHANGE, INC.",USD,2024-07-18,143187681.0,24539505.0,1320190464.0
IBHG,iShares iBonds 2027 Term High Yield and Income ETF,,,,,,,
BSMV,Invesco BulletShares 2031 Municipal Bond ETF,,,,,,,
QIDX,Indexperts Quality Earnings Focused ETF,,,,,,,
IROC,Invesco Actively Managed Exchange-Traded Fund Trust - Invesco Rochester High Yield Municipal ETF,,,,,,,
FDT,First Trust Developed Markets Ex-US AlphaDEX Fund,,,,,,,
AZTR,"Azitra, Inc.",US,NYSE MKT LLC,USD,2023-06-16,10740697.0,10193304.0,3232949.0
INN.PRE,Summit Hotel Properties Inc,US,"NEW YORK STOCK EXCHANGE, INC.",USD,2011-02-09,,,598.0
MIR,"Mirion Technologies, Inc.",US,"NEW YORK STOCK EXCHANGE, INC.",USD,2020-06-29,244370206.0,211703424.0,5803792384.0
INKM,State Street Income Allocation ETF,,,,,,,
LEN,Lennar Corporation,US,"NEW YORK STOCK EXCHANGE, INC.",USD,1972-07-27,215753936.0,218089581.0,25907253248.0
AABKF,,,,,,59857200.0,6638655.0,2042641408.0
VTOL,Bristow Group Inc.,US,"NEW YORK STOCK EXCHANGE, INC.",USD,2013-01-22,28920000.0,25449889.0,1059050368.0
CYCUW,"Cycurion, Inc.",,,,,,2249753.0,
WRLD,World Acceptance Corporation,US,NASDAQ NMS - GLOBAL MARKET,USD,1991-11-26,5038077.0,2407111.0,802654720.0
WDI,Western Asset Diversified Income Fund,US,"NEW YORK STOCK EXCHANGE, INC.",USD,2021-06-25,51830687.0,,725629632.0
OUKPY,Metso Oyj,FI,NASDAQ OMX HELSINKI LTD.,EUR,2006-10-10,1655521514.0,701543797.0,14896621568.0
HLWYS,,,,,,,,
ETEC,iShares Breakthrough Environmental Solutions ETF,,,,,,,
XOP,State Street SPDR S&P Oil & Gas Exploration & Production ETF,,,,,70500000.0,,8809679872.0
MOB,Mobilicom Limited,AU,NASDAQ NMS - GLOBAL MARKET,USD,2022-08-25,11961698.0,6861596.0,76554872.0
XOSWW,"Xos, Inc.",,,,,,,
AVTX,"Avalo Therapeutics, Inc.",US,NASDAQ NMS - GLOBAL MARKET,USD,2015-11-13,18133968.0,10412706.0,333120992.0
TMSF,T. Rowe Price Multi-Sector Income ETF,,,,,,,
ILCB,iShares Morningstar U.S. Equity ETF,,,,,,,
HEI.A,HEICO Corp,US,"NEW YORK STOCK EXCHANGE, INC.",USD,1980-03-17,,,40333.0
SPBTF,,,,,,,,
ZSL,ProShares UltraShort Silver,,,,,,,
ARIRS,,,,,,,,
TMUSZ,"T-Mobile US, Inc. 5.500% Senior Notes due March 2070",,,,,,,
LITE,Lumentum Holdings Inc.,US,NASDAQ NMS - GLOBAL MARKET,USD,2015-07-23,70912590.0,70274662.0,27710513152.0
RNUGF,ReNeuron Group plc,,,,,57173760.0,46432526.0,63224.0
CSGS,"CSG Systems International, Inc.",US,NASDAQ NMS - GLOBAL MARKET,USD,1996-02-28,28520509.0,25848616.0,2196079104.0
NTRP,"NextTrip, Inc.",US,NASDAQ NMS - GLOBAL MARKET,USD,2002-05-17,12632816.0,4032053.0,46488764.0
FVRR,Fiverr International Ltd.,IL,"NEW YORK STOCK EXCHANGE, INC.",USD,2019-06-13,36932903.0,31330900.0,729794176.0
XV,Simplify Target 15 Distribution ETF,,,,,,,
SUPCF,Supalai Public Company Limited,,,,,1888242530.0,1062702896.0,1037400384.0
IMTH,"AnTix Holdings, Inc.",,,,,59838963.0,38658986.0,3051787.0
ELST,"Electronic Systems Technology, Inc.",,,,,4946502.0,3146618.0,123662.0
ETHT,Proshares Ultra Ether ETF,,,,,,,
TEPBF,Temple Bar Investment Trust PLC,,,,,66872800.0,,340076480.0
ELMD,"Electromed, Inc.",,,,,8340538.0,6554829.0,238720192.0
GLPG,Galapagos NV,,,,,65897071.0,44533539.0,2176580096.0
GOMRF,Geomega Resources Inc.,,,,,160748007.0,144851338.0,44010484.0
UGHB,Universal Global Hub Inc.,,,,,49511775.0,4945236.0,4951.0
NZUS,State Street SPDR MSCI USA Climate Paris Aligned ETF,,,,,,,
LGCF,Themes US Cash Flow Champions ETF,,,,,,,
MYMJ,SPDR SSGA My2030 Municipal Bond ETF,,,,,,,
VAC,Marriott Vacations Worldwide Corporation,,,,,34613991.0,26806805.0,2026649216.0
VGUSF,,,,,,,,
MOV,"Movado Group, Inc.",,,,,15682352.0,16020573.0,462240448.0
BITW,Bitwise 10 Crypto Index Fund,,,,,,,
IHI,iShares U.S. Medical Devices ETF,,,,,,,
GEMSF,Infinity Stone Ventures Corp.,,,,,44507216.0,46180085.0,4885.0
INTL,Main International ETF,,,,,,,
PGAC,Pantages Capital Acquisition Corporation.,,,,,8869250.0,6334922.0,114224176.0
VREX,Varex Imaging Corporation,,,,,41689672.0,41087010.0,493188832.0
IGEN,IGEN Networks Corp.,,,,,3234606010.0,3054017956.0,323460.0
AHLLS,,,,,,,,
TRLC,"TriLinc Global Impact Fund, LLC",,,,,18303923.0,36327515.0,54944684.0
HYREQ,HyreCar Inc.,,,,,32105782.0,29170002.0,321.0
MUSLF,Promino Nutritional Sciences Inc.,,,,,137201647.0,135040876.0,4083205.0
SPDV,AAM S&P 500 High Dividend Value ETF,,,,,,,
ELVAF,EvoNext Holdings SA,,,,,7211552.0,6686551.0,11976906.0
STVN,Stevanato Group S.p.A.,,,,,49709718.0,48911342.0,5651176448.0
NNEX,Tradr 2X Long NNE Daily ETF,,,,,,,
JBGS,JBG SMITH Properties,,,,,59181298.0,55542240.0,1091328640.0
SXQG,ETC 6 Meridian Quality Growth ETF,,,,,,,
SDAD,SH Resources & Development Corp.,,,,,81600000.0,,7711200.0
IIPR,"Innovative Industrial Properties, Inc.",,,,,28022975.0,27564239.0,1425809024.0
CHESW,,,,,,,,
EWL,iShares MSCI Switzerland ETF,,,,,28625000.0,,1732957568.0
AZLGY,Azelis Group NV,BE,NYSE EURONEXT - EURONEXT BRUSSELS,EUR,2021-09-17,486916638.0,173910779.0,2678041600.0
FARX,Frontier Asset Absolute Return ETF,,,,,,,
CGIC,Capital Group International Core Equity ETF,,,,,,,
ASWIS,,,,,,,,
FBTC,Fidelity Wise Origin Bitcoin Fund,,,,,,,
SPB,"Spectrum Brands Holdings, Inc.",US,"NEW YORK STOCK EXCHANGE, INC.",USD,1980-03-17,23375279.0,20656734.0,1453874560.0
BAYAU,Bayview Acquisition Corp,US,NASDAQ NMS - GLOBAL MARKET,USD,2023-12-15,,801677.0,40.0
SPEGU,Silver Pegasus Acquisition Corp.,US,NASDAQ NMS - GLOBAL MARKET,USD,2025-07-15,,9761046.0,154.0
SSYS,Stratasys Ltd.,US,NASDAQ NMS - GLOBAL MARKET,USD,2012-12-03,85436000.0,52118523.0,764652160.0
PXXLF,Poxel S.A.,FR,NYSE EURONEXT - EURONEXT PARIS,EUR,2015-02-06,53690737.0,,13422684.0
TNET,"TriNet Group, Inc.",US,"NEW YORK STOCK EXCHANGE, INC.",USD,2014-03-27,48030361.0,29158272.0,2849799680.0
CNEY,CN Energy Group. Inc.,CN,NASDAQ NMS - GLOBAL MARKET,USD,2021-02-05,4988337.0,696597.0,2983965.0
KDKRW,"Kodiak AI, Inc.",,,,,,81706852.0,
EFT,Eaton Vance Floating-Rate Income Trust,US,"NEW YORK STOCK EXCHANGE, INC.",USD,2004-06-25,26578058.0,,302192512.0
YOURF,YourWay Cannabis Brands Inc.,,,,,269878252.0,270126219.0,2879.0
VONE,Vanguard Russell 1000 Index Fund ETF Shares,,,,,,,
DAPR,FT Vest U.S. Equity Deep Buffer ETF - April,,,,,,,
GARY,Advisors Inner Circle Fund Ii New - Mango Growth Etf,,,,,,,
MSPRW,"MSP Recovery, Inc.",,,,,,13515578.0,
SNAXW,"Stryve Foods, Inc.",,,,,,1790822.0,
VONG,Vanguard Russell 1000 Growth Index Fund ETF Shares,,,,,,,
ICPI,iShares 0-1 Year TIPS Bond ETF,,,,,,,
IDDWF,Indutrade AB (publ),SE,NASDAQ OMX NORDIC,SEK,2005-10-05,364323000.0,267023256.0,9636343808.0
FGIWW,FGI Industries Ltd.,,,,,,523257.0,
MCB,Metropolitan Bank Holding Corp.,US,"NEW YORK STOCK EXCHANGE, INC.",USD,2017-11-08,10298002.0,9087781.0,816098624.0
VKTX,"Viking Therapeutics, Inc.",,,,,113036344.0,110529198.0,4202691328.0
CPSY,Calamos S&P 500 Structured Alt Protection ETF - January,,,,,,,
XSLV,Invesco S&P SmallCap Low Volatility ETF,,,,,,,
RIOCF,RioCan Real Estate Investment Trust,,,,,295018000.0,293164856.0,4046219776.0
ICCO,"InterCare DX, Inc.",,,,,74303902.0,,7580.0
METCZ,"Ramaco Resources, Inc.",,,,,,42145669.0,
GCRCF,Golcap Resources Corp.,,,,,25092334.0,17858716.0,5650793.0
IBBQ,Invesco Nasdaq Biotechnology ETF,,,,,,,
NNOX,Nano-X Imaging Ltd.,,,,,65382892.0,62753846.0,186995072.0
OTPBF,OTP Bank Nyrt.,,,,,255208398.0,242159686.0,27018913792.0
BBJP,JPMorgan BetaBuilders Japan ETF,,,,,,,
ABVX,ABIVAX Société Anonyme,,,,,77930948.0,41916939.0,11228963840.0
LGRO,Level Four Large Cap Growth Active ETF,,,,,,,
YIYU,,,,,,,,
BRKO,Broke Out Inc.,,,,,31984125.0,12121024.0,3198.0
AHCD,,,,,,,,
LFIN,Longfin Corp.,,,,,44540989.0,44541223.0,745.0
PCPJ,PaperClip Incorporated,,,,,,,
MKTX,MarketAxess Holdings Inc.,,,,,37171508.0,36422874.0,6832339456.0
STHH,Precidian ETFs Trust - STMicroelectronics NV ADRhedged,,,,,,,
RSHGY,"Resona Holdings, Inc.",,,,,1135159104.0,2272921927.0,21760999424.0
TMUSI,"T-Mobile US, Inc. 5.500% Senior Notes due June 2070",,,,,,,
BX,Blackstone Inc.,,,,,738450871.0,743419783.0,190697209856.0
GOVB,"Gouverneur Bancorp, Inc.",,,,,1050546.0,695960.0,18041834.0
GSRFR,GSR IV Acquisition Corp.,,,,,,23655549.0,
MRLLF,Minera IRL Limited,,,,,231135028.0,182663701.0,1617945.0
TSIOF,361 Degrees International Limited,,,,,2067682000.0,717196179.0,1579645568.0
TQQY,GraniteShares YieldBOOST QQQ ETF,,,,,,,
CDIX,Cardiff Lexington Corporation,,,,,40404892.0,14867455.0,71516656.0
ISUPF,iShares II Public Limited Company - iShares US Property Yield UCITS ETF,,,,,,,
EINC,VanEck Energy Income ETF,,,,,,,
EGY,"VAALCO Energy, Inc.",,,,,104258253.0,101526687.0,360733568.0
ASG,"Liberty All-Star Growth Fund, Inc.",,,,,61958696.0,,335196544.0
OMCL,"Omnicell, Inc.",,,,,44876522.0,43778394.0,2131349376.0
MASDS,,,,,,,,
PPIKF,,,,,,,,
BAYA,Bayview Acquisition Corp,,,,,3466262.0,801677.0,40728580.0
NRDS,"NerdWallet, Inc.",US,NASDAQ NMS - GLOBAL MARKET,USD,2021-11-04,41027578.0,30349775.0,1059441408.0
AHTYS,,,,,,,,
TFPN,Blueprint Chesapeake Multi-Asset Trend ETF,,,,,,,
GTN.A,Gray Media Inc,US,"NEW YORK STOCK EXCHANGE, INC.",USD,1996-09-24,,,554.0
XHYT,BondBloxx US High Yield Telecom Media Technology Sector ETF,,,,,,,
MWXSS,,,,,,,,
NWTG,"Newton Golf Company, Inc.",US,NASDAQ NMS - GLOBAL MARKET,USD,2023-08-15,4752463.0,4125262.0,7508891.0
JANX,"Janux Therapeutics, Inc.",US,NASDAQ NMS - GLOBAL MARKET,USD,2021-06-11,60147807.0,45018228.0,857106240.0
MAPS,"WM Technology, Inc.",US,NASDAQ NMS - GLOBAL MARKET,USD,2021-01-13,107897133.0,95457673.0,148907472.0
MOOOD,,,,,,3146108.0,,84315.0
GHM,Graham Corporation,US,"NEW YORK STOCK EXCHANGE, INC.",USD,1980-03-17,10987954.0,10310217.0,785968320.0
IIIN,Insteel Industries Inc.,US,"NEW YORK STOCK EXCHANGE, INC.",USD,1985-04-26,19416462.0,18496898.0,630258368.0
MWVSS,,,,,,,,
BMHL,Bluemount Holdings Limited,HK,NASDAQ NMS - GLOBAL MARKET,HKD,2025-07-11,14014999.0,3352582.0,86258104.0
LFT.PRA,Lument Finance Trust Inc,US,"NEW YORK STOCK EXCHANGE, INC.",USD,2013-03-22,,,76.0
SF,Stifel Financial Corp.,US,"NEW YORK STOCK EXCHANGE, INC.",USD,1983-07-19,101828332.0,98448650.0,13143586816.0
XSOE,WisdomTree Emerging Markets ex-State-Owned Enterprises Fund,,,,,,,
WTIU,MicroSectors Energy 3X Leveraged ETN,,,,,,,
NBTR,Neuberger Berman Total Return Bond ETF,,,,,,,
ISFTF,ISHARES EURP PROPERTY YLD UCITS,,,,,,,
CEFA,Global X S&P Catholic Values Developed ex-U.S. ETF,,,,,,,
SPCB,SuperCom Ltd.,IL,NASDAQ NMS - GLOBAL MARKET,USD,2013-09-17,4683506.0,4441995.0,43790784.0
IWDL,ETRACS 2x Leveraged US Value Factor TR ETN,,,,,,,
INVN,Alger Russell Innovation ETF,,,,,,,
AVLLS,,,,,,,,
DFVX,Dimensional US Large Cap Vector ETF,,,,,,,
MDEV,First Trust Indxx Global Medical Devices ETF,,,,,,,
SYPR,"Sypris Solutions, Inc.",,,,,23029970.0,10394807.0,53429528.0
QBF,Innovator Uncapped Bitcoin 20 Floor ETF - Quarterly,,,,,,,
PLTXF,JIVA Technologies Inc.,,,,,5240961.0,5239494.0,151987.0
LZM,Lifezone Metals Limited,,,,,83784302.0,23940162.0,372840128.0
AMCUF,,,,,,,788428500.0,534472160.0
FCBBF,FinecoBank Banca Fineco S.p.A.,,,,,611493639.0,611456949.0,14675847168.0
AEXNF,,,,,,,,
AUUAF,ALUULA COMPOSITES INC.,,,,,25291260.0,16224090.0,83208248.0
VIZNF,Visionary Metals Corp.,,,,,175678690.0,106578991.0,8244729.0
CNBB,"CNB Community Bancorp, Inc.",,,,,2038033.0,,92839632.0
FRZCF,Frasers Centrepoint Trust,,,,,2034952990.0,1375892765.0,3548387328.0
AUSF,Global X Adaptive U.S. Factor ETF,,,,,,,
CCCC,"C4 Therapeutics, Inc.",,,,,96914418.0,60931064.0,205458544.0
TMC,TMC the metals company Inc.,,,,,413492045.0,220825427.0,3647576320.0
XPPLF,XP Power Limited,,,,,28032178.0,26374242.0,322370048.0
SNLAY,Sino Land Company Limited,,,,,1896898887.0,3556553851.0,13182367744.0
LGRDY,Legrand SA,,,,,1308310545.0,254219020.0,39301648384.0
PCPZ,Leeward Group Holdings Inc.,,,,,500000000.0,,5000000.0
PEMX,Putnam Emerging Markets Ex-China ETF,,,,,,,
NIM,Nuveen Select Maturities Municipal Fund,,,,,12446597.0,,115006552.0
IONR,ioneer Ltd,,,,,66695241.0,2057601544.0,340145728.0
UMH,"UMH Properties, Inc.",,,,,85230670.0,79998359.0,1360281472.0
IMSXF,iShares V Public Limited Company - iShares S&P 500 Industrials Sector UCITS ETF,,,,,,,
MWLCS,,,,,,,,
CSIO,Cohen & Steers Infrastructure Opportunities Active ETF,,,,,,,
PNPNF,Power Metallic Mines Inc.,,,,,231866816.0,216834890.0,209839456.0
LQIG,State Street SPDR MarketAxess Investment Grade 400 Corporate Bond ETF,,,,,,,
OPHC,"OptimumBank Holdings, Inc.",,,,,11533943.0,9339380.0,48903920.0
ETW,Eaton Vance Tax-Managed Global Buy-Write Opportunities Fund,,,,,108597786.0,,1005615488.0
MGTEW,Marblegate Capital Corporation,,,,,,49626869.0,
WBIY,WBI Power Factor High Dividend ETF,,,,,,,
CRML,Critical Metals Corp.,,,,,117904504.0,51876258.0,912580864.0
TRSO,Transuite.Org Inc.,,,,,60059093.0,54844763.0,6906795.0
FC,Franklin Covey Co.,,,,,11989951.0,9965230.0,207621616.0
SOCA,Solarius Capital Acquisition Corp.,,,,,17700000.0,,235672512.0
AHR,"American Healthcare REIT, Inc.",,,,,186264566.0,175464667.0,8931385344.0
GSIT,"GSI Technology, Inc.",,,,,35241703.0,29840207.0,269599040.0
BKHY,BNY Mellon High Yield ETF,,,,,,,
EAOK,iShares ESG Aware 30/70 Conservative Allocation ETF,,,,,,,
AVLHS,,,,,,,,
MCRI,"Monarch Casino & Resort, Inc.",US,NASDAQ NMS - GLOBAL MARKET,USD,1993-08-06,18250291.0,12493237.0,1796238592.0
ONS.U,ONS Acquisition Corp,US,"NEW YORK STOCK EXCHANGE, INC.",USD,2022-02-15,,,
CSAI,Cloudastructure Inc.,US,NASDAQ NMS - GLOBAL MARKET,USD,2025-01-30,19516540.0,17839217.0,19972122.0
YFFI,Indexperts Yield Focused Fixed Income ETF,,,,,,,
KOCT,Innovator U.S. Small Cap Power Buffer ETF - October,,,,,,,
USLM,"United States Lime & Minerals, Inc.",US,NASDAQ NMS - GLOBAL MARKET,USD,1980-03-17,28639399.0,10651884.0,3628629504.0
CRACU,Crown Reserve Acquisition Corp. I,KY,NASDAQ NMS - GLOBAL MARKET,USD,2025-11-07,,,178.0
HNRG,Hallador Energy Company,US,NASDAQ NMS - GLOBAL MARKET,USD,1981-06-05,43825006.0,32940189.0,846699136.0
SPXT,ProShares S&P 500 ex-Technology ETF,,,,,,,
IXDVF,,,,,,,,
FSTGY,Fastighets AB Balder,SE,NASDAQ OMX NORDIC,SEK,1999-10-12,,,78658.0
IYT,iShares Transportation Average ETF,,,,,2800000.0,,211092000.0
MCJCF,Majestic Corporation PLC,GB,,USD,2022-03-10,,,35.0
NXTC,"NextCure, Inc.",US,NASDAQ NMS - GLOBAL MARKET,USD,2019-05-09,3505621.0,1911731.0,44766780.0
CHARR,Charlton Aria Acquisition Corporation,,,,,,7845896.0,
ONIT,Onity Group Inc.,US,"NEW YORK STOCK EXCHANGE, INC.",USD,1996-09-25,8521636.0,6105242.0,376571072.0
CRBD,Corebridge Financial Inc. 6.375,US,"NEW YORK STOCK EXCHANGE, INC.",USD,2022-09-15,,,15921.0
KLMR,KLM Royal Dutch Airlines,NL,NYSE EURONEXT - EURONEXT BRUSSELS,EUR,2014-12-05,46809698.0,8191697.0,32766.0
IONAF,Iona Energy Inc.,,,,,370580868.0,,3705.0
PLDGP,"Prologis, Inc.",US,"NEW YORK STOCK EXCHANGE, INC.",USD,1997-11-21,,925225841.0,43202048000.0
UCB,"United Community Banks, Inc.",US,"NEW YORK STOCK EXCHANGE, INC.",USD,2001-05-16,121556906.0,120758277.0,3922641408.0
RILA,Indexperts Gorilla Aggressive Growth ETF,,,,,,,
SVC,Service Properties Trust,US,NASDAQ NMS - GLOBAL MARKET,USD,1995-08-17,168086203.0,158557396.0,294150848.0
CNLHN,The Connecticut Light and Power Company,,,,,6035200.0,,194635200.0
ITRBF,Ishares PLC - Ishares Treasury Bond 0-1 year UCITS ETF,,,,,,,
IBND,SPDR Bloomberg International Corporate Bond ETF,,,,,,,
RISR,FolioBeyond Alternative Income and Interest Rate Hedge ETF,,,,,,,
SUPP,TCW Transform Supply Chain ETF,,,,,,,
JHSC,John Hancock Multifactor Small Cap ETF,,,,,,,
TRRXF,TNR Gold Corp.,,,,,209106780.0,177529565.0,27183880.0
COYJF,Citycon Oyj,,,,,168008992.0,,1264174336.0
ISCCF,ISHARES III PLC,,,,,,,
CPNQ,Calamos Nasdaq-100 Structured Alt Protection ETF - December,,,,,,,
RSHO,Tema American Reshoring ETF,,,,,,,
RXO,"RXO, Inc.",,,,,164111872.0,134466703.0,2085861888.0
GDLG,Glidelogic Corp.,,,,,66599350.0,16599222.0,14978861.0
SKKRF,SKRR Exploration Inc.,,,,,17250207.0,15749094.0,4140049.0
MAWHY,Man Wah Holdings Limited,,,,,193904160.0,1445012581.0,2185323264.0
HRTT,"Heart Tronics, Inc.",,,,,,,3923.0
VGASW,"Verde Clean Fuels, Inc.",,,,,,,
HPE.PRC,,,,,,,,
CHA,Chagee Holdings Limited,,,,,120478383.0,28756586.0,2210454528.0
SAAIF,,,,,,,,
ARHTQ,,,,,,197251466.0,168028661.0,2741795.0
AMBA,"Ambarella, Inc.",,,,,43050486.0,40697346.0,3073804800.0
NASO,"Naples Soap Company, Inc.",,,,,2238002.0,,612899.0
STMNF,"Sumitomo Metal Mining Co., Ltd.",,,,,270552413.0,240120678.0,8792971264.0
PRXV,Praxis Impact Large Cap Value ETF,,,,,,,
VTIAF,FamiCord AG,,,,,17431762.0,6378979.0,137473152.0
WEJTY,Web Travel Group Limited,,,,,361340678.0,344589000.0,1151810560.0
SAOGF,"Seria Co., Ltd.",,,,,62671584.0,47917603.0,1291661440.0
EMICF,,,,,,,299662585.0,
RPAR,RPAR Risk Parity ETF,,,,,,,
EXER,"Exact Energy Resources, Inc.",,,,,,,
FAN,First Trust Global Wind Energy ETF,,,,,,,
SCL,Stepan Company,,,,,22619015.0,21462279.0,1064677056.0
ISFLF,iShares II Public Limited Company - iShares $ Floating Rate Bond UCITS ETF,,,,,,,
VRGFF,Vanguard Funds Public Limited Company - Vanguard USD Treasury Bond UCITS ETF,,,,,,,
NXMR,"NextMart, Inc.",,,,,220817677.0,,22081.0
GTEH,"GenTech Holdings, Inc.",,,,,6098893.0,77113.0,1830.0
OLYMY,Olympus Corporation,,,,,1101674820.0,1085762014.0,13958220800.0
SSGEF,SSgA SPDR ETFs Europe II Public Limited Company - SPDR MSCI World Small Cap UCITS ETF,,,,,,,
WSTHF,,,,,,,,
WTTR,"Select Water Solutions, Inc.",,,,,104908604.0,98469314.0,1295120512.0
SMNRW,"Semnur Pharmaceuticals, Inc.",,,,,,29241432.0,
QCJL,FT Vest NASDAQ-100 Conservative Buffer ETF - July,,,,,,,
MWOMS,,,,,,,,
BESIY,BE Semiconductor Industries N.V.,NL,NYSE EURONEXT - EURONEXT AMSTERDAM,EUR,1995-12-04,78836643.0,70235043.0,12278806528.0
INVZW,Innoviz Technologies Ltd.,,,,,,192119461.0,
PESI,"Perma-Fix Environmental Services, Inc.",US,NASDAQ NMS - GLOBAL MARKET,USD,2002-01-01,18517662.0,17185316.0,238322304.0
MONSF,Montea Comm. VA,BE,NYSE EURONEXT - EURONEXT BRUSSELS,EUR,2006-10-17,23282053.0,22123282.0,1658380672.0
PITWF,,,,,,,,
QMAG,FT Vest Nasdaq-100 Moderate Buffer ETF - August,,,,,,,
VCRPF,Vanguard Funds Public Limited Company - Vanguard USD Corporate Bond UCITS ETF,,,,,,,
ACHC,"Acadia Healthcare Company, Inc.",US,NASDAQ NMS - GLOBAL MARKET,USD,2011-11-01,90444261.0,83333111.0,1356571392.0
BIP,Brookfield Infrastructure Partners L.P.,BM,"NEW YORK STOCK EXCHANGE, INC.",USD,2008-01-10,461240345.0,454961044.0,16296980480.0
ENDW,Cambria Endowment Style ETF,,,,,,,
NWRV,"Nationwide RV & Resorts, Inc.",,,,,531436257.0,118665914.0,2970728.0
MSWHS,,,,,,,,
CVCCF,CVC Capital Partners plc,JE,NYSE EURONEXT - EURONEXT AMSTERDAM,EUR,2024-04-26,1062984492.0,662483825.0,17347907584.0
OACCU,Oaktree Acquisition Corp. III Life Sciences,US,NASDAQ NMS - GLOBAL MARKET,USD,2024-10-24,,18370211.0,260.0
KTH,Corts Trust Peco Energy Capital Trust III,US,"NEW YORK STOCK EXCHANGE, INC.",,,,,28.0
TBNRL,Tamboran Resources Corporation,AU,"NEW YORK STOCK EXCHANGE, INC.",USD,2021-07-02,4206332600.0,16253688.0,440403040.0
UDOW,ProShares UltraPro Dow30,,,,,,,
GPZ,VanEck Alternative Asset Manager ETF,,,,,,,
AHKLS,,,,,,,,
ICCT,iCoreConnect Inc.,US,NASDAQ NMS - GLOBAL MARKET,USD,2022-02-25,4877080.0,4448580.0,14631.0
ISIDF,,,,,,,,
FCBC,"First Community Bankshares, Inc.",US,NASDAQ NMS - GLOBAL MARKET,USD,1994-03-10,18314905.0,16809420.0,619043840.0
STZ,"Constellation Brands, Inc.",US,"NEW YORK STOCK EXCHANGE, INC.",USD,1986-07-07,174039535.0,145126309.0,24266639360.0
RGA,"Reinsurance Group of America, Incorporated",US,"NEW YORK STOCK EXCHANGE, INC.",USD,1993-05-03,65713833.0,65434549.0,13588213760.0
HY,"Hyster-Yale, Inc.",US,"NEW YORK STOCK EXCHANGE, INC.",USD,1999-02-26,14283983.0,11674334.0,549747584.0
FIZZ,National Beverage Corp.,US,NASDAQ NMS - GLOBAL MARKET,USD,1991-09-13,93632102.0,23701094.0,3026189568.0
THCLY,,,,,,,,
IRMD,IRADIMED CORPORATION,US,NASDAQ NMS - GLOBAL MARKET,USD,2014-07-16,12721156.0,7350284.0,1239676672.0
ECRYF,,,,,,,,
BDULF,Bangkok Dusit Medical Services Public Company Limited,,,,,,11395995639.0,10514574336.0
DBL,DoubleLine Opportunistic Credit Fund,,,,,19549414.0,,296955584.0
RGTLF,Argent BioPharma Limited,,,,,83384867.0,27846817.0,5003091.0
GPMXY,,,,,,,,
HBGRY,Heidelberger Druckmaschinen Aktiengesellschaft,,,,,608672668.0,255374705.0,720305472.0
MEJHF,"Meiji Holdings Co., Ltd.",,,,,271103939.0,259853126.0,5490342912.0
ITJTY,Intrum AB,,,,,135180813.0,106002784.0,554241344.0
CAOVF,China Overseas Land & Investment Limited,,,,,10944883535.0,3703420242.0,18864922624.0
CYRWF,,,,,,,,
RLHPF,"RLH Properties, S.A.B. de C.V.",,,,,1249145002.0,549348989.0,1076413184.0
MXWVS,,,,,,,,
PGUUF,"Prosegur Cash, S.A.",,,,,1462636450.0,328612899.0,896449856.0
CNDEF,,,,,,,,
HSBEF,,,,,,,,
ATHNF,,,,,,,,
NCEN,Nacel Energy Corporation,,,,,69741124.0,,6974.0
FITBI,Fifth Third Bancorp,,,,,655616000.0,672865254.0,18135547904.0
ICLN,iShares Global Clean Energy ETF,,,,,,,
AHLHS,,,,,,,,
CIMDF,CIMB Group Holdings Berhad,,,,,10790968415.0,7998327437.0,21258207232.0
SKPO,"Skye Petroleum, Inc.",,,,,249959400.0,,624899.0
RSLDS,,,,,,,,
LGBI,"Cannabiz Mobile, Inc.",,,,,648118117.0,,6481.0
AOA,iShares Core 80/20 Aggressive Allocation ETF,,,,,,,
ELIAF,Elia Group SA/NV,,,,,109045691.0,50276606.0,14497058816.0
ERDLF,EROAD Limited,,,,,187587526.0,140282833.0,225105040.0
FTSRF,,,,,,,,
AGDNS,,,,,,,,
SVSN,"Stereo Vision Entertainment, Inc.",,,,,215510500.0,,43102.0
BSCQ,Invesco BulletShares 2026 Corporate Bond ETF,,,,,,,
PCG,PG&E Corporation,,,,,2197910425.0,2191888150.0,34661048320.0
GANX,"Gain Therapeutics, Inc.",,,,,38462085.0,34841342.0,121155568.0
IBGK,iShares iBonds Dec 2054 Term Treasury ETF,,,,,,,
MPB,"Mid Penn Bancorp, Inc.",,,,,23042389.0,19956771.0,730674176.0
SHJBF,"Shanghai Junshi Biosciences Co., Ltd.",,,,,260295700.0,700056418.0,4105416448.0
CETFF,iShares VII Public Limited Company - iShares MSCI EM Asia UCITS ETF,,,,,,,
CWST,"Casella Waste Systems, Inc.",,,,,62505316.0,62148088.0,6421079040.0
MUST,Columbia Multi-Sector Municipal Income ETF,,,,,,,
ALPWF,,,,,,,,
FXY,Invesco CurrencyShares Japanese Yen Trust,,,,,2050000.0,,120417000.0
UXJL,FT Vest U.S. Equity Uncapped Accelerator ETF - July,,,,,,,
KGS,"Kodiak Gas Services, Inc.",US,"NEW YORK STOCK EXCHANGE, INC.",USD,2023-06-29,85683860.0,86388268.0,3114608128.0
TLYS,"Tilly's, Inc.",US,"NEW YORK STOCK EXCHANGE, INC.",USD,2012-05-04,23167562.0,9261863.0,55766820.0
JG,Aurora Mobile Limited,CN,NASDAQ NMS - GLOBAL MARKET,CNY,2018-07-26,4698424.0,34629919.0,37987884.0
EBI,Longview Advantage ETF,,,,,,,
AVNM,Avantis All International Markets Equity ETF,,,,,,,
BSBK,Bogota Financial Corp.,US,NASDAQ NMS - GLOBAL MARKET,USD,2020-01-16,12968697.0,3752359.0,109974544.0
AHDOS,,,,,,,,
IZIZF,iShares III Public Limited Company - iShares MSCI EM UCITS ETF USD (Acc),,,,,,,
PIEQ,Principal International Equity ETF,,,,,,,
PSC,Principal U.S. Small-Cap ETF,,,,,,,
IETC,iShares U.S. Tech Independence Focused ETF,,,,,,,
LSVD,LSV Disciplined Value ETF,,,,,,,
RVP,"Retractable Technologies, Inc.",US,NYSE MKT LLC,USD,2001-05-04,29937159.0,12205080.0,24937654.0
EEV,ProShares UltraShort MSCI Emerging Markets,,,,,,,
BDIV,AAM Brentview Dividend Growth ETF,,,,,,,
CNOBP,"ConnectOne Bancorp, Inc.",US,NASDAQ NMS - GLOBAL MARKET,USD,1993-10-27,,47490906.0,1349.0
RNTY,YieldMax Target 12 Real Estate Option Income ETF,,,,,,,
FID,First Trust S&P International Dividend Aristocrats ETF,,,,,,,
RENU,RenuEn Corporation,,,,,3239184.0,,323.0
HRTX,"Heron Therapeutics, Inc.",,,,,183362522.0,131910998.0,234704032.0
NXNT,,,,,,,9100387.0,
LGO,Largo Inc.,,,,,83313022.0,50094441.0,86228976.0
Z,"Zillow Group, Inc.",,,,,186200151.0,229207424.0,16897553408.0
SIXN,Siouxland Energy Cooperative,,,,,,,
UNHLF,EC Healthcare,,,,,1175246772.0,451518084.0,110229880.0
OPPE,WisdomTree European Opportunities Fund,,,,,,,
INTW,GraniteShares 2x Long INTC Daily ETF,,,,,,,
ESMV,iShares ESG Optimized MSCI USA Min Vol Factor ETF,,,,,,,
GMBXF,"Grupo México, S.A.B. de C.V.",,,,,7785000000.0,3125833200.0,76137299968.0
MECSF,,,,,,,1431978547.0,
SPG.PRJ,,,,,,,,
PHMNF,,,,,,,,
BOXX,Alpha Architect 1-3 Month Box ETF,,,,,,,
PKLE,"NewRegen, Inc.",,,,,124639472.0,,548414.0
ODHY,Obra Defensive High Yield ETF,,,,,,,
QTEC,First Trust NASDAQ-100-Technology Sector Index Fund,,,,,,,
KTBA,Corts Trust for BellSouth Debentures,,,,,,,
AFYA,Afya Limited,,,,,46894952.0,7894329.0,1357624704.0
ALRY,"Allenergy, Inc.",,,,,116563000.0,,116.0
EQACF,,,,,,10038700032.0,10277243510.0,10984501.0
SIRLF,iShares Public Limited Company - iShares FTSE 250 UCITS ETF,,,,,,,
IQSU,NYLI Candriam U.S. Large Cap Equity ETF,,,,,,,
CFGX,"Capital Financial Global, Inc.",,,,,3159275316.0,,315927.0
BRVO,Bravo Multinational Incorporated,,,,,47641010.0,26880011.0,2382050.0
SEV,Aptera Motors Corp.,,,,,10159928.0,,140617216.0
PCG.PRA,,,,,,,,
PXSTF,PHOENIX MEDIA INV (HLDGS) LTD,,,,,499365950.0,143213161.0,49936596.0
LANZ,"Lancer Orthodontics, Inc.",,,,,,,28906490.0
SJMHF,SJM Holdings Limited,,,,,7101805366.0,2585625298.0,2201559808.0
MWQCS,,,,,,,,
KMLM,KraneShares Mount Lucas Managed Futures Index Strategy ETF,,,,,,,
SHMP,NaturalShrimp Incorporated,,,,,1277546746.0,1263238222.0,255509.0
WAT,Waters Corporation,,,,,59547678.0,59419243.0,22988978176.0
KALY,"Kali, Inc.",,,,,1018240706.0,,50912.0
EXFY,"Expensify, Inc.",US,NASDAQ NMS - GLOBAL MARKET,USD,2021-11-10,80840150.0,58550320.0,144210304.0
CRCT,"Cricut, Inc.",US,NASDAQ NMS - GLOBAL MARKET,USD,2021-03-25,53255194.0,44862437.0,1070830656.0
RNGTU,Range Capital Acquisition Corp II,US,NASDAQ NMS - GLOBAL MARKET,USD,2025-10-03,,,312.0
KAT,Scharf ETF,,,,,,,
MVFFS,,,,,,,,
DMB,"BNY Mellon Municipal Bond Infrastructure Fund, Inc.",US,"NEW YORK STOCK EXCHANGE, INC.",USD,2013-04-26,18405973.0,,198784496.0
DLNG,Dynagas LNG Partners LP,MC,"NEW YORK STOCK EXCHANGE, INC.",USD,2013-11-13,36382011.0,17373096.0,139343104.0
RECT,Rectitude Holdings Ltd,SG,NASDAQ NMS - GLOBAL MARKET,SGD,2024-06-21,14500000.0,2400040.0,24658700.0
XBPEW,"XBP Global Holdings, Inc.",,,,,,3537466.0,
MWKVS,,,,,,,,
NOVM,FT Vest U.S. Equity Max Buffer ETF – November,,,,,,,
DKNG,DraftKings Inc.,US,NASDAQ NMS - GLOBAL MARKET,USD,2019-07-03,497772508.0,484312739.0,17362305024.0
DBXXF,Xtrackers - Stoxx Global Select Dividend 100 Swap UCITS ETF,,,,,,,
GABC,"German American Bancorp, Inc.",US,NASDAQ NMS - GLOBAL MARKET,USD,1993-05-18,37491797.0,35903644.0,1504216064.0
NFLU,T-REX 2X Long NFLX Daily Target ETF,,,,,,,
JDVI,John Hancock Disciplined Value International Select ETF,,,,,,,
IBRN,iShares Neuroscience and Healthcare ETF,,,,,,,
SFLR,Innovator Equity Managed Floor ETF,,,,,,,
HELS,ETF Opportunities Trust - Hedgeye 130/30 Equity ETF,,,,,,,
WDIV,SPDR S&P Global Dividend ETF,,,,,,,
FLGpU,,,,,,,,
USML,ETRACS 2x Leveraged MSCI US Minimum Volatility Factor TR ETN,,,,,,,
ASMXF,ASM International NV,NL,NYSE EURONEXT - EURONEXT AMSTERDAM,EUR,1981-01-01,48875000.0,46530466.0,31958646784.0
QJUN,FT Vest Nasdaq-100 Buffer ETF - June,,,,,,,
ZKBGF,ZKB Gold ETF,,,,,,,
FSGS,First Trust SMID Growth Strength ETF,,,,,,,
KOLD,ProShares UltraShort Bloomberg Natural Gas,,,,,,,
ANRO,"Alto Neuroscience, Inc.",US,"NEW YORK STOCK EXCHANGE, INC.",USD,2024-02-02,31066335.0,20754486.0,572552576.0
BNH,NASDAQ DM Ex US Industrials Ind,,,,,,,
JDVL,John Hancock Disciplined Value Select ETF,,,,,,,
BNDP,Vanguard Core-Plus Bond Index ETF,,,,,,,
RYDE,Ryde Group Ltd.,SG,NYSE MKT LLC,SGD,2024-03-06,108964651.0,26417056.0,34607100.0
PSYGF,Psyence Group Inc.,,,,,15638267.0,15219631.0,1986060.0
HBTPF,BetaPro Crude Oil Inverse Leveraged Daily Bear ETF,,,,,,,
BLIAQ,BB Liquidating Inc.,,,,,147370491.0,,219370.0
NXTBF,,,,,,,,
DEUS,Xtrackers Russell US Multifactor ETF,,,,,,,
GTIJF,Graphjet Technology,,,,,3845062.0,1097650.0,3441331.0
ZLNDY,Zalando SE,,,,,518398504.0,221065133.0,7597129728.0
RBGGF,,,,,,,,
PRZO,ParaZero Technologies Ltd.,,,,,18763631.0,14641960.0,16797204.0
RSEHS,Rse Archive Llc - Membership Interests Series - 2003 Cristiano Ronaldo Rookie Fund,,,,,,,
MTEST.A,,,,,,,,
ZBAI,ATIF Holdings Limited,,,,,1313373.0,1019374.0,10231183.0
VUS,Virtus Etf Trust II - US Divdend Etf,,,,,,,
FDN,First Trust Dow Jones Internet Index Fund,,,,,,,
HBIE,Hai Jia International Limited Company,,,,,1238660350.0,,371598.0
YLLXF,Yellow Cake plc,,,,,239840424.0,217983766.0,1856844544.0
KRG,Kite Realty Group Trust,,,,,216505973.0,214778255.0,5415457280.0
IPCMF,,,,,,,,
OESX,"Orion Energy Systems, Inc.",,,,,3530870.0,2858981.0,55823056.0
MTX,Minerals Technologies Inc.,,,,,31134308.0,30706211.0,1949711872.0
TRTN.PRF,,,,,,,,
LNG,"Cheniere Energy, Inc.",,,,,215234776.0,213738894.0,41604296704.0
TXRP,"TX Rail Products, Inc",,,,,45000000.0,32368950.0,9342000.0
MBLV,"MobiVentures, Inc.",,,,,1000000000.0,,100000.0
DIEM,Franklin Emerging Market Core Dividend Tilt Index ETF,,,,,,,
GVAL,Cambria Global Value ETF,,,,,,,
KEY.PRL,,,,,,,,
ACLS,"Axcelis Technologies, Inc.",,,,,30999133.0,30793299.0,2595512064.0
TANAF,Tian'an Technology Group Ltd.,,,,,45518000.0,5518147.0,22759000.0
PLNH,Planet 13 Holdings Inc.,,,,,325363800.0,229840242.0,65398128.0
INEOF,INEO Tech Corp.,,,,,162345684.0,75258589.0,1623456.0
NMCO,Nuveen Municipal Credit Opportunities Fund,,,,,54801890.0,,560075328.0
SGA,"Saga Communications, Inc.",,,,,6372406.0,3744363.0,73672704.0
BCAB,"BioAtla, Inc.",,,,,58792088.0,45184071.0,49079636.0
IJUN,Innovator International Developed Power Buffer ETF - June,,,,,,,
SWDHF,Skyworth Group Limited,,,,,1888448732.0,581694450.0,981993344.0
GPRK,GeoPark Limited,CO,"NEW YORK STOCK EXCHANGE, INC.",USD,2006-05-16,51663988.0,20457389.0,375597184.0
VSOL,VanEck Solana ETF,,,,,,,
CYJBF,Hiab Oyj,FI,NASDAQ OMX HELSINKI LTD.,EUR,2005-06-01,54992564.0,44704975.0,4129193728.0
MCLWF,,,,,,,,
CGCB,Capital Group Core Bond ETF,,,,,,,
DJTWW,Trump Media & Technology Group Corp.,,,,,,155093491.0,2592997632.0
SZNE,Pacer CFRA-Stovall Equal Weight Seasonal Rotation ETF,,,,,,,
AIEV,"Thunder Power Holdings, Inc.",US,NASDAQ NMS - GLOBAL MARKET,USD,2022-06-16,50724664.0,15171747.0,8623193.0
PIM,Putnam Master Intermediate Income Trust,US,"NEW YORK STOCK EXCHANGE, INC.",USD,1988-04-29,48184341.0,,162381216.0
IMNM,"Immunome, Inc.",US,NASDAQ NMS - GLOBAL MARKET,USD,2020-10-02,110335277.0,75310645.0,2395378944.0
EZGO,EZGO Technologies Ltd.,CN,NASDAQ NMS - GLOBAL MARKET,USD,2021-01-26,868029.0,202745.0,1692656.0
BIGB,Roundhill Big Bank ETF,,,,,,,
ORPEF,emeis Société anonyme,FR,NYSE EURONEXT - EURONEXT PARIS,EUR,2002-04-16,161151426.0,101489784.0,2291573248.0
RAAA,Reckoner Yield Enhanced AAA CLO ETF,,,,,,,
ISHNF,,,,,,,,
CV,"CapsoVision, Inc.",US,NASDAQ NMS - GLOBAL MARKET,USD,2025-07-02,46843225.0,28663369.0,609430336.0
BITX,2x Bitcoin Strategy ETF,,,,,,,
UUUU,Energy Fuels Inc.,US,NYSE MKT LLC,USD,1988-03-04,237286768.0,234538987.0,3473878272.0
AAON,"AAON, Inc.",US,NASDAQ NMS - GLOBAL MARKET,USD,1991-01-03,81634058.0,67533407.0,6185412096.0
LCTU,iShares U.S. Carbon Transition Readiness Aware Active ETF,,,,,,,
DMNIF,Damon Inc.,,,,,2450480128.0,18945808.0,117623048.0
SI,"Shoulder Innovations, Inc.",US,"NEW YORK STOCK EXCHANGE, INC.",USD,2025-07-31,20601684.0,,314175680.0
CJMB,Callan JMB Inc.,US,NASDAQ NMS - GLOBAL MARKET,USD,2025-02-05,4623027.0,1371652.0,6148626.0
MCI,Barings Corporate Investors,US,"NEW YORK STOCK EXCHANGE, INC.",,1980-03-17,20472265.0,,401665824.0
BHE,"Benchmark Electronics, Inc.",US,"NEW YORK STOCK EXCHANGE, INC.",USD,1990-06-27,35678935.0,34879727.0,1607722240.0
FICS,First Trust International Developed Cap Strength ETF,,,,,,,
PRQR,ProQR Therapeutics N.V.,NL,NASDAQ NMS - GLOBAL MARKET,EUR,2014-09-18,105345192.0,65453075.0,228599072.0
NPCE,"NeuroPace, Inc.",US,NASDAQ NMS - GLOBAL MARKET,USD,2021-04-22,33307734.0,22087691.0,533589920.0
QTPI,North Square RCIM Tax-Advantaged Preferred and Income Securities ETF,,,,,,,
REEWF,,,,,,,1826119.0,
BFAP,FT Vest Bitcoin Strategy Floor15 ETF - April,,,,,,,
SCNX,"Scienture Holdings, Inc.",US,NASDAQ NMS - GLOBAL MARKET,USD,2020-02-18,40630815.0,33792649.0,20441362.0
SOFWF,,,,,,35840249.0,16625735.0,312453056.0
RUNN,Running Oak Efficient Growth ETF,,,,,,,
DWSN,Dawson Geophysical Company,,,,,31047801.0,6272277.0,52781260.0
RGBP,"Regen BioPharma, Inc.",,,,,55234704.0,30457547.0,524729.0
AFOS,ARS Focused Opportunities Strategy ETF,,,,,,,
APXM,FT Vest U.S. Equity Max Buffer ,,,,,,,
VWFB,"VWF Bancorp, Inc.",,,,,1905413.0,1248903.0,22745826.0
WEBC,"Webco Industries, Inc.",,,,,702857.0,,184214320.0
SPHIF,Super Hi International Holding Ltd.,,,,,588366000.0,325557063.0,1117895424.0
IDTA,IDenta Corp.,,,,,4045589.0,3525084.0,707978.0
DUKB,Duke Energy Corporation 5.625% ,,,,,,,
MDGEF,Medigene AG,,,,,14737594.0,14318753.0,38170368.0
XCCC,BondBloxx CCC Rated USD High Yield Corporate Bond ETF,,,,,,,
EZBC,Franklin Bitcoin ETF,,,,,,,
TAIL,Cambria Tail Risk ETF,,,,,,,
CDAWF,,,,,,,,
PTUUF,Purepoint Uranium Group Inc.,,,,,79191362.0,68018253.0,28508890.0
DLTH,Duluth Holdings Inc.,,,,,33361992.0,9675515.0,77492264.0
RDAG,Republic Digital Acquisition Company,,,,,30000000.0,,379875008.0
PSWW,"Principal Solar, Inc.",,,,,1891477255.0,,226977.0
CSCS,Direxion Daily CSCO Bear 1X Shares,,,,,,,
INSCF,,,,,,,,
KAPA,"Kairos Pharma, Ltd.",,,,,20821353.0,11835690.0,14741517.0
URNM,Sprott Uranium Miners ETF,,,,,,,
GDTRF,Gladiator Metals Corp.,,,,,98091797.0,74697991.0,91225376.0
PCCOF,,,,,,61172848.0,28171898.0,1838244096.0
TLPFF,Teleperformance SE,,,,,58137704.0,52845332.0,4053360896.0
XAGE,"Longevity Health Holdings, Inc.",,,,,1781738.0,1668277.0,783964.0
PLLVF,Palladon Ventures Ltd.,,,,,27395506.0,,273.0
OTOW,"O2 Secure Wireless, Inc.",,,,,16047147.0,,1604.0
BIORQ,"Biora Therapeutics, Inc.",,,,,,,
JEPI,JPMorgan Equity Premium Income ETF,,,,,,,
SGLN,"SurgLine International, Inc.",,,,,5690116745.0,,569011.0
MMM,3M Company,,,,,531225048.0,530433523.0,86328623104.0
AHNTS,,,,,,,,
UVE,"Universal Insurance Holdings, Inc.",,,,,28048881.0,25454360.0,957733632.0
BZRT,"BizRocket.com, Inc.",,,,,534916992.0,,53491.0
GOODN,Gladstone Commercial Corporation,US,NASDAQ NMS - GLOBAL MARKET,USD,2003-08-13,,47800981.0,509.0
AHMMS,,,,,,,,
ATEKW,,,,,,,310137.0,
SKYH,Sky Harbour Group Corporation,US,NYSE MKT LLC,USD,2020-10-22,33989673.0,23845698.0,690407168.0
BYFC,Broadway Financial Corporation,US,NASDAQ NMS - GLOBAL MARKET,USD,1996-01-09,6097773.0,4945560.0,58156436.0
KLXE,"KLX Energy Services Holdings, Inc.",US,NASDAQ NMS - GLOBAL MARKET,USD,2018-08-29,17838125.0,11602095.0,28187922.0
CNTSF,Cint Group AB (publ),SE,NASDAQ OMX NORDIC,EUR,2021-02-19,,,993.0
UNCY,"Unicycive Therapeutics, Inc.",US,NASDAQ NMS - GLOBAL MARKET,USD,2021-06-17,21491396.0,17837429.0,130452776.0
LIAE,LifeX 2050 Inflation-Protected Longevity Income ETF,,,,,,,
OLMA,"Olema Pharmaceuticals, Inc.",US,NASDAQ NMS - GLOBAL MARKET,USD,2020-11-19,80159923.0,49836805.0,2102594688.0
ISHP,First Trust S-Network Global E-Commerce ETF,,,,,,,
FTHF,First Trust Emerging Markets Human Flourishing ETF,,,,,,,
PRVS,Parnassus Value Select ETF,,,,,,,
BLSX,Tradr 2X Long BLSH Daily ETF,,,,,,,
RAVE,"Rave Restaurant Group, Inc.",US,NASDAQ NMS - GLOBAL MARKET,USD,1993-09-01,14211566.0,7874913.0,46756056.0
LFEQ,VanEck Long/Flat Trend ETF,,,,,,,
NAAS,NaaS Technology Inc.,CN,NASDAQ NMS - GLOBAL MARKET,CNY,2017-10-20,10138722.0,2811199575.0,36915656.0
IGI,Western Asset Investment Grade Opportunity Trust Inc.,US,"NEW YORK STOCK EXCHANGE, INC.",USD,2009-06-26,5993650.0,,99134976.0
MRWXS,,,,,,,,
SSSPF,SSgA SPDR ETFs Europe I Public Limited Company - SPDR S&P 500 UCITS ETF,,,,,,,
GGBXF,Green Growth Brands Inc.,,,,,206113317.0,178730738.0,2061.0
AMUB,UBS ETRACS Alerian MLP Index ETN Series B,,,,,,,
TOGA,Tremblant Global ETF,,,,,,,
FTNJ,Franklin New Jersey Municipal Income ETF,,,,,,,
PTCT,"PTC Therapeutics, Inc.",US,NASDAQ NMS - GLOBAL MARKET,USD,2013-06-20,80288305.0,70574223.0,6307448832.0
OUTKY,Outokumpu Oyj,FI,NASDAQ OMX HELSINKI LTD.,EUR,1988-08-15,942416842.0,387988302.0,2410236160.0
FRME,First Merchants Corporation,US,NASDAQ NMS - GLOBAL MARKET,USD,1989-06-20,57825020.0,56843151.0,2212385280.0
ETZPF,,,,,,,,
OCUL,"Ocular Therapeutix, Inc.",US,NASDAQ NMS - GLOBAL MARKET,USD,2014-07-25,213047472.0,185962747.0,2675876352.0
LSEGY,London Stock Exchange Group plc,,,,,2035967768.0,470191070.0,61934137344.0
BEN,"Franklin Resources, Inc.",US,"NEW YORK STOCK EXCHANGE, INC.",USD,1986-12-05,521390673.0,303897768.0,12612441088.0
EELV,Invesco S&P Emerging Markets Low Volatility ETF,,,,,,,
OPTZ,Optimize Strategy Index ETF,,,,,,,
MROFS,,,,,,,,
VGRO,Virtus ETF Trust II - Virtus Silvant Growth Opportunities ETF,,,,,,,
SNPD,Xtrackers S&P Dividend Aristocrats Screened ETF,,,,,,,
VLDXW,,,,,,,7200270.0,
MJSC,MUFG Japan Small Cap Active ETF,,,,,,,
IEI,iShares 3-7 Year Treasury Bond ETF,,,,,,,
RJF.PRB,Raymond James Financial Inc,US,"NEW YORK STOCK EXCHANGE, INC.",USD,1983-07-01,,,32510.0
RANJY,Randstad N.V.,NL,NYSE EURONEXT - EURONEXT AMSTERDAM,EUR,1905-06-12,350461084.0,75881834.0,6423951872.0
HTH,Hilltop Holdings Inc.,US,"NEW YORK STOCK EXCHANGE, INC.",USD,2004-02-12,61328537.0,42000849.0,2180491008.0
ZURA,Zura Bio Limited,US,NASDAQ NMS - GLOBAL MARKET,USD,2021-07-16,65023308.0,33459044.0,302358400.0
AURA,"Aura Biosciences, Inc.",US,NASDAQ NMS - GLOBAL MARKET,USD,2021-10-29,63503269.0,36647102.0,372764160.0
EXALF,Exail Technologies,FR,NYSE EURONEXT - EURONEXT PARIS,EUR,1998-01-01,16971409.0,9540026.0,1880072448.0
EVE.U,EVe Mobility Acquisition Corp,US,NYSE MKT LLC,USD,2021-12-15,,,175.0
BOUT,Innovator IBD Breakout Opportunities ETF,,,,,,,
ALFNF,Alfen N.V.,,,,,21742981.0,21223541.0,242434224.0
NNVC,"NanoViricides, Inc.",,,,,21568429.0,17396620.0,25666432.0
QTJA,Innovator Growth Accelerated Plus ETF - January,,,,,,,
HBFGF,Happy Belly Food Group Inc.,,,,,130764266.0,123424468.0,218376320.0
ENJPY,en Inc.,,,,,77474786.0,22566114.0,678679104.0
OPTX,"Syntec Optics Holdings, Inc.",,,,,36920226.0,5982184.0,94146576.0
CJEWY,Chow Tai Fook Jewellery Group Limited,,,,,986494460.0,2095511532.0,16331416576.0
LEA,Lear Corporation,,,,,51870171.0,51628456.0,6219792896.0
XFIX,F/m Opportunistic Income ETF,,,,,,,
CTFDS,,,,,,,,
LILIF,Argentina Lithium & Energy Corp.,,,,,137566270.0,88281778.0,13756627.0
XMTR,"Xometry, Inc.",,,,,49772345.0,44140631.0,3214253056.0
AERIF,,,,,,,,
AIVPF,,,,,,,,
OBT,"Orange County Bancorp, Inc.",,,,,13366740.0,10572156.0,383358112.0
SFWL,Shengfeng Development Limited,,,,,40617513.0,9769355.0,80902872.0
VIXM,ProShares VIX Mid-Term Futures ETF,,,,,,,
PAUIF,Premier American Uranium Inc.,,,,,67658533.0,69804468.0,46646684.0
VGZ,Vista Gold Corp.,,,,,126209108.0,109862504.0,263777024.0
MMIN,NYLI MacKay Muni Insured ETF,,,,,,,
GNPG,"Green Planet Group, Inc.",,,,,499989996.0,,49999.0
AIN,Albany International Corp.,,,,,28663591.0,28425628.0,1519962368.0
PVL,Permianville Royalty Trust,,,,,33000000.0,23581140.0,59070000.0
TACU,T Rowe Price Exchange-Traded Funds Inc. - Active Core U S Equity Etf,,,,,,,
GOCH,"MMI-GOC, LLC",,,,,23583400.0,,23.0
INV,"Innventure, Inc.",,,,,67743847.0,39740295.0,288588800.0
SGLFF,SGL Carbon SE,,,,,122270977.0,56412769.0,436507392.0
GME,GameStop Corp.,,,,,448009480.0,408856557.0,9448519680.0
DDWWF,Dividend Growth Split Corp.,,,,,49553207.0,,204377872.0
RBCL,"RBC Life Sciences, Inc.",,,,,2213010.0,,885.0
RJDI,RJ Eagle GCM Dividend Select Income ETF,,,,,,,
PGFF,PIONEER GREEN FARMS INC,,,,,28911300.0,,14744763.0
CMDLF,,,,,,733503352.0,,3667516.0
SPXSY,Spirax Group plc,,,,,147807596.0,72542173.0,6796879872.0
ECCE,Eagle Ford Oil & Gas Corp.,,,,,42127928.0,,8425.0
SRMGF,SpareBank 1 SMN,,,,,144210918.0,133468032.0,1792541696.0
IGCB,TCW Corporate Bond ETF,,,,,,,
PSCU,Invesco S&P SmallCap Utilities & Communication Services ETF,,,,,,,
OFSSH,OFS Capital Corporation 4.95% Notes due 2028,US,NASDAQ NMS - GLOBAL MARKET,USD,2012-11-08,,,61.0
TECL,Direxion Daily Technology Bull 3X Shares,,,,,,,
PRPH,"ProPhase Labs, Inc.",US,NASDAQ NMS - GLOBAL MARKET,USD,1984-01-16,4187902.0,4284582.0,2177709.0
CHSCL,CHS Inc.,US,NASDAQ NMS - GLOBAL MARKET,USD,2003-01-29,,,340.0
TH,Target Hospitality Corp.,US,NASDAQ NMS - GLOBAL MARKET,USD,2018-03-05,99779532.0,32172912.0,846130432.0
INRO,iShares U.S. Industry Rotation Active ETF,,,,,,,
MYCF,SPDR SSGA My2026 Corporate Bond ETF,,,,,,,
PBL,PGIM Portfolio Ballast ETF,,,,,,,
FDNI,First Trust Dow Jones International Internet ETF,,,,,,,
PQNT,Pictet AI Enhanced International Equity ETF,,,,,,,
HCMAW,HCM III Acquisition Corp.,,,,,,,
MSTP,GraniteShares 2x Long MSTR Daily ETF,,,,,,,
UNX,Tradr 2X Long U Daily ETF,,,,,,,
XRLV,Invesco S&P 500 ex-Rate Sensitive Low Volatility ETF,,,,,,,
REI,"Ring Energy, Inc.",US,NYSE MKT LLC,USD,2007-03-28,207223177.0,186065691.0,179683216.0
INGN,"Inogen, Inc.",US,NASDAQ NMS - GLOBAL MARKET,USD,2014-02-14,27148482.0,24019619.0,184609680.0
AINDF,AMUNDI INDEX SOLUTIONS,,,,,,,
NMT,Nuveen Massachusetts Quality Municipal Income Fund,US,"NEW YORK STOCK EXCHANGE, INC.",USD,1993-03-18,9760126.0,,110094216.0
WD,"Walker & Dunlop, Inc.",US,"NEW YORK STOCK EXCHANGE, INC.",USD,2010-12-15,34064232.0,32783417.0,2077194240.0
DBI,Designer Brands Inc.,US,"NEW YORK STOCK EXCHANGE, INC.",USD,2005-06-29,41903371.0,28220600.0,386168800.0
METC,"Ramaco Resources, Inc.",US,NASDAQ NMS - GLOBAL MARKET,USD,2017-02-03,55159985.0,42145669.0,1183577216.0
CIM,Chimera Investment Corporation,US,"NEW YORK STOCK EXCHANGE, INC.",USD,2007-11-16,83151407.0,80886363.0,1070990144.0
PMAX,Powell Max Limited,HK,NASDAQ NMS - GLOBAL MARKET,HKD,2024-09-05,2194418.0,994683.0,6697708.0
ROST,"Ross Stores, Inc.",US,NASDAQ NMS - GLOBAL MARKET,USD,1985-08-08,323444928.0,315908661.0,58911485952.0
RVLV,"Revolve Group, Inc.",US,"NEW YORK STOCK EXCHANGE, INC.",USD,2019-06-07,40415438.0,40159034.0,2169987328.0
RDVI,FT Vest Rising Dividend Achievers Target Income ETF,,,,,,,
KZIA,Kazia Therapeutics Limited,AU,NASDAQ NMS - GLOBAL MARKET,AUD,1994-09-01,11335991.0,842852391.0,85813456.0
MTAVF,,,,,,,,
FREL,Fidelity MSCI Real Estate Index ETF,,,,,,,
SPTE,SP Funds S&P Global Technology ETF,,,,,,,
RCTUF,Reef Casino Trust,,,,,49061036.0,14047876.0,110877944.0
QQQG,Pacer Nasdaq 100 Top 50 Cash Cows Growth Leaders ETF,,,,,,,
WKHS,Workhorse Group Inc.,,,,,8799568.0,1994187.0,49189588.0
MWSXS,,,,,,,,
PGABF,Prostatype Genomics AB (publ),,,,,,35036661.0,
SOBS,Solvay Bank Corp.,,,,,2535202.0,,75422256.0
AVVZF,Avanza Bank Holding AB (publ),,,,,157790762.0,114830163.0,3569227264.0
CRXP,Columbia Core Plus Bond ETF Shares,,,,,,,
NE.WS,,,,,,,,
PWNX,Powerlinx Inc.,,,,,,,54148.0
CNMD,CONMED Corporation,,,,,30967954.0,30681810.0,1263492480.0
RCWLY,ROCKWOOL A/S UNSPON ADR EACH RE,,,,,97676112.0,,9355320320.0
HUATF,"Huatai Securities Co., Ltd.",,,,,1719045680.0,7415222037.0,26070382592.0
MIELF,Mitsubishi Electric Corporation,,,,,2046348564.0,1955459226.0,61390454784.0
BGS,"B&G Foods, Inc.",,,,,79977050.0,76907531.0,365617152.0
ISCV,iShares Morningstar Small-Cap Value ETF,,,,,,,
SGER,Sterling Energy Resources Incorporated,,,,,12406000.0,,3721.0
QTAP,Innovator Growth-100 Accelerated Plus ETF – April,,,,,,,
MTRWS,,,,,,,,
AVLYS,,,,,,,,
WY,Weyerhaeuser Company,,,,,720861000.0,717631543.0,17128670208.0
MFSI,MFS Active International ETF,,,,,,,
ESAB,ESAB Corporation,,,,,60710966.0,56723470.0,6933799424.0
INIKF,Ionik Corporation,,,,,357585044.0,235162228.0,20435986.0
ISHQF,,,,,,,,
IUSHF,ISHARES IV PLC,,,,,,,
TFPM,Triple Flag Precious Metals Corp.,,,,,206561506.0,68846950.0,7354489856.0
WERDF,,,,,,,82335564.0,
CABHF,Carlsberg A/S,,,,,33699252.0,,19692916736.0
DAAT,"DAC Technologies Group International, Inc.",,,,,5765771.0,,115536.0
DFIS,Dimensional International Small Cap ETF,,,,,,,
VOLMF,,,,,,,,
MSKIS,,,,,,,,
KHOB,,,,,,8092000.0,2092025.0,20230000.0
DIOD,Diodes Incorporated,US,NASDAQ NMS - GLOBAL MARKET,USD,1980-03-17,46385331.0,45324035.0,2340249344.0
PATH,UiPath Inc.,US,"NEW YORK STOCK EXCHANGE, INC.",USD,2021-04-21,460443681.0,417110101.0,9005185024.0
RTCJF,Baijiayun Group Ltd,CN,NASDAQ NMS - GLOBAL MARKET,USD,2006-11-24,23402800.0,522297.0,29357564.0
XTTRF,Xtrackers - MSCI China UCITS ETF,,,,,,,
DNOV,FT Vest U.S. Equity Deep Buffer ETF - November,,,,,,,
AWRAS,,,,,,,,
BMNZ,Defiance Daily Target 2X Short BMNR ETF,,,,,,,
TDAQ,TappAlpha Innovation 100 Growth & Daily Income ETF,,,,,,,
ONFO,"Onfolio Holdings, Inc.",US,NASDAQ NMS - GLOBAL MARKET,USD,2022-08-26,5127396.0,4430031.0,3739557.0
HVII,Hennessy Capital Investment Corp. VII,US,NASDAQ NMS - GLOBAL MARKET,USD,2025-01-17,19690000.0,15023530.0,270642656.0
CLRWF,,,,,,,,
SSTPW,,,,,,,5348029.0,
MVAWS,,,,,,,,
FELV,Fidelity Enhanced Large Cap Value ETF,,,,,,,
WCCB,West Coast Community Bancorp,,,,,10537167.0,,465382848.0
FAS,Direxion Daily Financial Bull 3X Shares,,,,,,,
BFIN,BankFinancial Corporation,US,NASDAQ NMS - GLOBAL MARKET,USD,2005-06-24,12460678.0,8540923.0,153515552.0
XPAY,Roundhill S&P 500 Target 20 Managed Distribution ETF,,,,,,,
CGBLF,iShares Gold Bullion ETF,,,,,,,
AMVMF,AMG Critical Materials N.V.,NL,NYSE EURONEXT - EURONEXT AMSTERDAM,USD,2007-07-11,32269144.0,30588911.0,1077789440.0
AGO,Assured Guaranty Ltd.,BM,"NEW YORK STOCK EXCHANGE, INC.",USD,2004-04-23,46109095.0,43368415.0,4314325504.0
HYLS,First Trust Tactical High Yield ETF,,,,,,,
TAXI,Northern Trust Intermediate Tax-Exempt Bond ETF,,,,,,,
CCIF,Carlyle Credit Income Fund,US,"NEW YORK STOCK EXCHANGE, INC.",USD,2019-05-29,21198622.0,,97937632.0
CRSH,YieldMax Short TSLA Option Inco,,,,,,,
JRVR,"James River Group Holdings, Inc.",US,NASDAQ NMS - GLOBAL MARKET,USD,2014-12-12,45965839.0,40483953.0,293721696.0
TSHA,"Taysha Gene Therapies, Inc.",US,NASDAQ NMS - GLOBAL MARKET,USD,2020-09-24,273919373.0,178058549.0,1596949888.0
LQDW,iShares Investment Grade Corporate Bond Buywrite Strategy ETF,,,,,,,
ALVOW,Alvotech,,,,,,112707495.0,
LNT,Alliant Energy Corporation,US,NASDAQ NMS - GLOBAL MARKET,USD,1976-03-30,257053689.0,256344221.0,16770182144.0
FEX,First Trust Large Cap Core AlphaDEX Fund,,,,,,,
EIC,Eagle Point Income Company Inc.,,,,,26514399.0,,305180736.0
VVEGF,,,,,,,,
HEMP,"Hemp, Inc",,,,,23740499089.0,,1187025.0
REYN,Reynolds Consumer Products Inc.,,,,,210329618.0,53943237.0,4898576896.0
ECON,Columbia Research Enhanced Emerging Economies ETF,,,,,,,
LGMMY,LEG Immobilien SE,,,,,297879008.0,72251214.0,6270352896.0
ECRFF,Cartier Resources Inc.,,,,,442753140.0,312260507.0,84123096.0
IBASF,,,,,,,,
ASPY,ASYMshares ASYMmetric S&P 500 ETF,,,,,,,
XME,State Street SPDR S&P Metals & Mining ETF,,,,,17500200.0,,1887221504.0
RCIT,"Reelcause, Inc.",,,,,130732697.0,46339668.0,286491541504.0
GRI,"GRI Bio, Inc.",,,,,5872058.0,2950288.0,1620688.0
FRDM,Freedom 100 Emerging Markets ETF,,,,,,,
GRSFF,Greencastle Resources Ltd.,,,,,36210671.0,29028284.0,12288549.0
FOMI,"Formation Minerals, Inc.",,,,,100035585.0,47293824.0,20007.0
ABTC,American Bitcoin Corp,,,,,195380091.0,193526230.0,1753173376.0
RELM,"Relm Holdings, Inc.",,,,,1307010048.0,,13070.0
KWPCF,Kewpie Corporation,,,,,135019498.0,103867918.0,3442997248.0
ADSLF,Andean Silver Limited,,,,,209040795.0,143068817.0,353278976.0
CYRBY,Cyrela Brazil Realty S.A. Empreendimentos e Participações,,,,,366310939.0,257175921.0,2047678208.0
BCAX,Bicara Therapeutics Inc.,,,,,54781950.0,24255804.0,920336768.0
KRYAF,Kerry Group plc,,,,,161104286.0,163764696.0,14481390592.0
AVRYS,,,,,,,,
CMS.PRB,,,,,,,,
AUGP,PGIM S&P 500 Buffer 12 ETF - Aug,,,,,,,
SBSI,"Southside Bancshares, Inc.",,,,,30066126.0,28349952.0,940304192.0
ESTC,Elastic N.V.,,,,,105372800.0,92220167.0,8179789824.0
AAPJ,"AAP, Inc.",,,,,2357878081.0,,235787.0
RF.PRC,,,,,,,,
FLES,"Auto Parts 4Less Group, Inc.",,,,,8845362.0,8811838.0,884.0
EDGM,"EdgeMode, Inc.",,,,,2986833481.0,530299338.0,113200992.0
PAB,PGIM Active Aggregate Bond ETF,,,,,,,
GOEX,Global X Gold Explorers ETF,,,,,,,
CGEN,Compugen Ltd.,,,,,93535357.0,91626637.0,144964752.0
BDIGF,,,,,,,,
LICYQ,Li-Cycle Holdings Corp.,,,,,,38826100.0,
ORCX,Defiance Daily Target 2X Long ORCL ETF,,,,,,,
CRWD,"CrowdStrike Holdings, Inc.",US,NASDAQ NMS - GLOBAL MARKET,USD,2019-06-12,252098440.0,247636298.0,121307242496.0
ETI.PR,,,,,,,,
CRBP,"Corbus Pharmaceuticals Holdings, Inc.",US,NASDAQ NMS - GLOBAL MARKET,USD,2014-10-24,17553037.0,12187776.0,146216784.0
SGU,"Star Group, L.P.",US,"NEW YORK STOCK EXCHANGE, INC.",USD,1995-12-15,32976515.0,24640382.0,389782400.0
APD,"Air Products and Chemicals, Inc.",US,"NEW YORK STOCK EXCHANGE, INC.",USD,1961-11-13,222591758.0,222280841.0,55073652736.0
BNTC,Benitec Biopharma Inc.,US,NASDAQ NMS - GLOBAL MARKET,USD,2012-07-11,33862226.0,17673373.0,443595136.0
AVMRS,,,,,,,,
BKR,Baker Hughes Company,US,NASDAQ NMS - GLOBAL MARKET,USD,1987-06-04,986773882.0,984583244.0,44651520000.0
BAC.PRE,Bank of America Corp,US,"NEW YORK STOCK EXCHANGE, INC.",USD,1979-06-05,,,410181.0
BLMZF,Harrison Global Holdings Inc.,,,,,1465093.0,916988.0,32232.0
PBAU,PGIM S&P 500 Buffer 20 ETF - August,,,,,,,
VNORP,Vornado Realty Trust,US,"NEW YORK STOCK EXCHANGE, INC.",USD,1962-01-31,,160029689.0,7195635200.0
JPSV,Jpmorgan Active Small Cap Value ETF,,,,,,,
RMBI,"Richmond Mutual Bancorporation, Inc.",US,NASDAQ NMS - GLOBAL MARKET,USD,2019-07-02,9660972.0,7342257.0,137082912.0
NBTX,Nanobiotix S.A.,FR,NYSE EURONEXT - EURONEXT PARIS,EUR,2012-10-29,48379000.0,30854903.0,1114652160.0
TSREF,,,,,,,,
EGDFF,Energold Drilling Corp.,,,,,54679939.0,53732882.0,607.0
MWZVS,,,,,,,,
ALTL,Pacer Lunt Large Cap Alternator ETF,,,,,,,
CTDD,Qwest Corp. 6.75% NT 57,,,,,,,
ENEKF,ENEA AB,SE,NASDAQ OMX NORDIC,SEK,1989-12-19,,12494597.0,1520.0
NPK,"National Presto Industries, Inc.",US,"NEW YORK STOCK EXCHANGE, INC.",USD,1980-03-17,7151940.0,4928974.0,775627968.0
NRUC,National Rural Utilities Cooper,,,,,,,
SRL,Scully Royalty Ltd.,CN,"NEW YORK STOCK EXCHANGE, INC.",CAD,1996-05-08,15149072.0,7766267.0,107558408.0
BLNE,"Beeline Holdings, Inc.",US,NASDAQ NMS - GLOBAL MARKET,USD,2013-07-22,27755039.0,22584275.0,54399880.0
RFEU,First Trust RiverFront Dynamic Europe ETF,,,,,,,
MPTI,"M-tron Industries, Inc.",US,NYSE MKT LLC,USD,2022-09-29,2929798.0,2600840.0,150005664.0
COIW,Roundhill COIN WeeklyPay ETF,,,,,,,
ALOIS,,,,,,,,
ISVAF,iShares VII Public Limited Company -  iShares NASDAQ 100 UCITS ETF,,,,,,,
TPET,Trio Petroleum Corp.,US,NYSE MKT LLC,USD,2023-04-18,8440849.0,6438595.0,6738330.0
ILPT,Industrial Logistics Properties Trust,,,,,66659235.0,62431706.0,367292416.0
SUUFF,Strathmore Plus Uranium Corp.,,,,,55089096.0,46611176.0,6941226.0
BOOM,DMC Global Inc.,,,,,20590482.0,17256265.0,137338512.0
FABFF,FAB-FORM INDUSTRIES,,,,,9174507.0,5008730.0,9174507.0
COCO,"The Vita Coco Company, Inc.",,,,,56948258.0,47845648.0,3050148608.0
MSHRF,,,,,,,,
ESGFF,ORA BANDA MINING LTD,,,,,1921863544.0,1295633793.0,1960300800.0
IPODU,Dune Acquisition Corporation II,,,,,,13382792.0,
AIQUF,L'Air Liquide S.A.,,,,,578791820.0,575840571.0,110063050752.0
LDDFF,"Liberty Defense Holdings, Ltd.",,,,,77398773.0,76430514.0,12383804.0
NRSNW,NeuroSense Therapeutics Ltd.,,,,,,13767752.0,
XPEL,"XPEL, Inc.",,,,,27678601.0,23653856.0,1440948096.0
DBOXF,D-BOX Technologies Inc.,,,,,222509573.0,203175716.0,151306512.0
USDX,SGI Enhanced Core ETF,,,,,,,
SLDR,Global X Short-Term Treasury Ladder ETF,,,,,,,
RCKHF,Rockhopper Exploration plc,,,,,641524264.0,573972398.0,745281216.0
FCPB,"First Capital Bancshares, Inc.",,,,,9459527.0,,110676464.0
FUGI,"Fuego Enterprises, Inc.",,,,,24326827.0,,24326.0
VCBD,"Vitalibis, Inc.",,,,,394566277.0,208335038.0,710219.0
ABSSF,AirBoss of America Corp.,,,,,27149224.0,21591506.0,89592440.0
AERN,"AER Energy Resources, Inc",,,,,,,76611.0
BSAA,BEST SPAC I Acquisition Corp.,,,,,6024500.0,4964843.0,74734952.0
ACA,"Arcosa, Inc.",,,,,49045025.0,48143087.0,5408685056.0
ARI,"Apollo Commercial Real Estate Finance, Inc.",,,,,138943831.0,129961112.0,1383880448.0
CDW,CDW Corporation,,,,,130193660.0,129724963.0,18310498304.0
NVDB,ProShares Ultra NVDA,,,,,,,
BKRHF,,,,,,,,
LILMF,Lilium N.V.,,,,,610760884.0,487124297.0,1455074.0
DBORF,Diablo Resources Limited,,,,,235842206.0,115022666.0,3938564.0
OAKUU,Oak Woods Acquisition Corporation,,,,,,3274626.0,
SBDS,"Solo Brands, Inc.",,,,,1647827.0,790759.0,10150614.0
PSUD,"PetroSun, Inc.",,,,,636753965.0,,5348733.0
CME,CME Group Inc.,,,,,360596647.0,359031176.0,99788783616.0
DGMDF,Digital Domain Holdings Limited,,,,,7979248625.0,2179531762.0,351086944.0
MVTOS,,,,,,,,
VGI,Virtus Global Multi-Sector Income Fund,US,"NEW YORK STOCK EXCHANGE, INC.",,2012-02-24,11313094.0,,88355264.0
TCAL,T. Rowe Price Capital Appreciation Premium Income ETF,,,,,,,
MSWRS,,,,,,,,
DXMEF,Xtrackers - MSCI Europe UCITS ETF,,,,,,,
OZEM,Roundhill Glp-1 & Weight Loss ETF,,,,,,,
PDT,John Hancock Premium Dividend Fund,US,"NEW YORK STOCK EXCHANGE, INC.",USD,1989-12-15,49185225.0,,626619712.0
LST,Leuthold Select Industries ETF,,,,,,,
BPCGY,"Banco Comercial Português, S.A.",PT,NYSE EURONEXT - EURONEXT LISBON,EUR,1992-06-12,1480462709.0,8831552244.0,17202976768.0
PHM,"PulteGroup, Inc.",US,"NEW YORK STOCK EXCHANGE, INC.",USD,1983-06-29,194916877.0,193258134.0,23517870080.0
AAPW,Roundhill AAPL WeeklyPay ETF,,,,,,,
DEED,First Trust Securitized Plus ETF,,,,,,,
AHDCS,,,,,,,,
XBJL,Innovator U.S. Equity Accelerated 9 Buffer ETF - July,,,,,,,
JACS.U,Jackson Acquisition Co II,US,"NEW YORK STOCK EXCHANGE, INC.",USD,2024-12-10,,,279.0
MWTES,,,,,,,,
AELLS,,,,,,,,
TEXN,iShares Texas Equity ETF,,,,,,,
REZ,iShares Residential and Multisector Real Estate ETF,,,,,,,
BYRE,Principal Real Estate Active Opportunities ETF,,,,,,,
GGRW,Gabelli Growth Innovators ETF,,,,,,,
BBAI,"BigBear.ai Holdings, Inc.",US,"NEW YORK STOCK EXCHANGE, INC.",USD,2021-02-09,436551228.0,433469176.0,2501438464.0
SAIH,SAIHEAT Limited,US,NASDAQ NMS - GLOBAL MARKET,USD,2021-04-29,1267348.0,1166638.0,17935100.0
SEIC,SEI Investments Company,US,NASDAQ NMS - GLOBAL MARKET,USD,1981-03-25,122439410.0,101788779.0,10489586688.0
PHYPF,,,,,,,,
XTTXF,Concept Fund Solutions Plc - Db X-Trackers Usd High Yield Corporate Bond Ucits ETF,,,,,,,
F.PRD,Ford Motor Co,US,"NEW YORK STOCK EXCHANGE, INC.",USD,1956-03-07,,,53035.0
VIAV,Viavi Solutions Inc.,US,NASDAQ NMS - GLOBAL MARKET,USD,1993-11-01,223198857.0,219471436.0,4061103360.0
FGDL,Franklin Responsibly Sourced Gold ETF,,,,,,,
RMCF,"Rocky Mountain Chocolate Factory, Inc.",,,,,9300508.0,5078521.0,18042986.0
AEIES,,,,,,,,
SIMS,State Street SPDR S&P Kensho Intelligent Structures ETF,,,,,,,
CEPT,"Cantor Equity Partners II, Inc.",,,,,24580000.0,20756175.0,340661216.0
OSG,"Octave Specialty Group, Inc.",,,,,43812035.0,38249221.0,371213888.0
IRSIF,iShares IV Public Limited Company - iShares Fallen Angels High Yield Corporate Bond UCITS ETF,,,,,,,
RVVTF,Revive Therapeutics Ltd.,,,,,432323792.0,429297874.0,3822124.0
SSEEF,SSgA SPDR ETFs Europe I Public Limited Company - SPDR S&P US Dividend Aristocrats UCITS ETF,,,,,,,
CGXU,Capital Group International Focus Equity ETF,,,,,,,
COLL,"Collegium Pharmaceutical, Inc.",,,,,31610976.0,26904418.0,1575491072.0
TFIN.PR,,,,,,,,
AOGC,Australian Oil & Gas Corporation,,,,,49450531.0,,103846.0
NWRLY,New World Department Store China Limited,,,,,67445800.0,467062165.0,64634952.0
FTII,FutureTech II Acquisition Corp.,,,,,4289961.0,894886.0,51565332.0
UNMA,Unum Group 6.250% JR NT58,,,,,226102000.0,,5216173056.0
OST,"Ostin Technology Group Co., Ltd.",,,,,5297200.0,99434.0,8978754.0
LLDR,Global X Long-Term Treasury Ladder ETF,,,,,,,
ACPIF,Acen Corporation,,,,,39951435064.0,9002151893.0,1598057344.0
WWD,"Woodward, Inc.",,,,,59996788.0,59666019.0,18681800704.0
HBT,"HBT Financial, Inc.",US,NASDAQ NMS - GLOBAL MARKET,USD,2019-10-11,31431924.0,11393129.0,818487360.0
EDGF,3EDGE Dynamic Fixed Income ETF,,,,,,,
MSKNS,,,,,,,,
SEPT,AllianzIM U.S. Large Cap Buffer10 Sep ETF,,,,,,,
MRCC,Monroe Capital Corporation,US,NASDAQ NMS - GLOBAL MARKET,USD,2012-10-25,21666340.0,,134331296.0
SZZLU,Sizzle Acquisition Corp. II,US,NASDAQ NMS - GLOBAL MARKET,USD,2025-04-02,,19699876.0,218.0
HYLN,Hyliion Holdings Corp.,US,NYSE MKT LLC,USD,2019-03-04,175974228.0,121235685.0,351948448.0
RBLX,Roblox Corporation,US,"NEW YORK STOCK EXCHANGE, INC.",USD,2021-03-10,654855044.0,626686113.0,57712316416.0
ASRT,"Assertio Holdings, Inc.",US,NASDAQ NMS - GLOBAL MARKET,USD,1997-02-12,6416805.0,5709035.0,63783048.0
LLYVA,"Liberty Live Holdings, Inc.",US,NASDAQ NMS - GLOBAL MARKET,USD,2016-04-18,25573685.0,56743052.0,7705736192.0
INPOF,InPost S.A.,LU,NYSE EURONEXT - EURONEXT AMSTERDAM,PLN,2021-01-27,499490877.0,262134953.0,6068813824.0
TBUX,T. Rowe Price Ultra Short-Term Bond ETF,,,,,,,
RREE,ResourceTec Corporation,,,,,10494935.0,,1575290.0
DVXB,WEBs Materials XLB Defined Volatility ETF  ,,,,,,,
MSWZS,,,,,,,,
CLRCF,ClimateRock,,,,,2535300.0,311538.0,30677252.0
ATO,Atmos Energy Corporation,US,"NEW YORK STOCK EXCHANGE, INC.",USD,1983-12-28,161747997.0,160930143.0,27194691584.0
C,Citigroup Inc.,US,"NEW YORK STOCK EXCHANGE, INC.",USD,1986-10-30,1789266159.0,1784113072.0,221680926720.0
VEXC,Vanguard Emerging Markets Ex-China ETF,,,,,,,
NAKAW,"Kindly MD, Inc.",,,,,,417101801.0,
ARCVF,Arcadis NV,NL,NYSE EURONEXT - EURONEXT AMSTERDAM,EUR,1995-10-02,86411552.0,89116343.0,3615484416.0
FTHM,Fathom Holdings Inc.,US,NASDAQ NMS - GLOBAL MARKET,USD,2020-07-31,32390959.0,22598200.0,35630056.0
IDU,iShares U.S. Utilities ETF,,,,,5850000.0,,635777984.0
SPOT,Spotify Technology S.A.,LU,"NEW YORK STOCK EXCHANGE, INC.",EUR,2018-04-03,205894015.0,156112531.0,120314167296.0
JILL,"J.Jill, Inc.",US,"NEW YORK STOCK EXCHANGE, INC.",USD,2017-03-09,15115353.0,6052338.0,220040560.0
WANT,Direxion Daily Cnsmr Discret Bull 3XShrs,,,,,,,
VABS,Virtus Newfleet ABS/MBS ETF,,,,,,,
BOEG,Leverage Shares 2X Long BA Daily ETF,,,,,,,
CGMU,Capital Group Municipal Income ETF,,,,,,,
LOB,"Live Oak Bancshares, Inc.",US,"NEW YORK STOCK EXCHANGE, INC.",USD,2015-07-23,45857617.0,35369521.0,1614646656.0
ARLDS,,,,,,,,
MPVDF,Mountain Province Diamonds Inc.,,,,,212360343.0,135513506.0,8688121.0
MTPOF,Metropolitan Bank & Trust Company,,,,,4497415555.0,3861840789.0,5585789952.0
TPST,"Tempest Therapeutics, Inc.",,,,,4927161.0,4191112.0,14732211.0
BAM,Brookfield Asset Management Ltd.,,,,,1610718658.0,337514447.0,86160359424.0
PARD,"Poniard Pharmaceuticals, Inc.",,,,,1499159.0,,149.0
FRCGF,,,,,,,,
SMCF,Themes US Small Cap Cash Flow Champions ETF,,,,,,,
IRRX,Integrated Rail and Resources Acquisition Corp.,,,,,5775561.0,,86344632.0
CORZ,"Core Scientific, Inc.",,,,,310061300.0,212950101.0,4740837376.0
TXCCQ,TranSwitch Corporation,,,,,46644551.0,,4664.0
THKLF,"THK Co., Ltd.",,,,,112023363.0,105957240.0,2417464064.0
MASI,Masimo Corporation,,,,,53713949.0,46018889.0,7131063296.0
EVCOW,,,,,,,,
CGUIF,CASINO GUICHARD-PERRACHON,,,,,400345591.0,152280151.0,220190080.0
AGRO,Adecoagro S.A.,,,,,141465751.0,19962240.0,1130311296.0
MVSTW,"Microvast Holdings, Inc.",,,,,,196351029.0,
PREJF,PartnerRe Ltd.,,,,,,,
CUGCF,China Oriental Group Company Limited,,,,,3722569000.0,965522722.0,708032640.0
PUKPF,Prudential plc,,,,,2530511609.0,2574404660.0,39261798400.0
AXAHF,AXA SA,,,,,2136367114.0,1578498713.0,102716530688.0
GABK,Grand Bank Corporation,,,,,,9116.0,
FVNNR,Future Vision II Acquisition Corp.,,,,,,5023474.0,
CVRX,"CVRx, Inc.",,,,,26210109.0,18086286.0,194479008.0
TFRY,"Tasty Fries, Inc.",,,,,,,839342.0
MRGIF,,,,,,,,
TCIIF,Tracsis plc,,,,,29749061.0,28798528.0,166594736.0
FGN,"F&G Annuities & Life, Inc. 7.95",,,,,,,
NAMS,NewAmsterdam Pharma Company N.V.,,,,,113390804.0,62481735.0,3999293440.0
PPOEF,,,,,,2243712994.0,878121954.0,7987618304.0
SALQF,Atlas Salt Inc.,,,,,108167367.0,62882339.0,48044732.0
CNSUF,Canasil Resources Inc.,,,,,143814280.0,136256840.0,3348002.0
PKRKY,,,,,,96731984.0,3869279380.0,556208896.0
MIDLF,Midland Exploration Inc.,,,,,107450577.0,94081576.0,35458692.0
PLTI,REX PLTR Growth & Income ETF,,,,,,,
GTOS,Invesco Actively Managed Exchange-Traded Fund Trust - Invesco Short Duration Total Return Bond ETF,,,,,,,
EVLV,"Evolv Technologies Holdings, Inc.",US,NASDAQ NMS - GLOBAL MARKET,USD,2020-02-29,174617589.0,165794162.0,1162953088.0
ATMC,AlphaTime Acquisition Corp,US,NASDAQ NMS - GLOBAL MARKET,USD,2022-12-30,2551636.0,417448.0,38019392.0
IBBCF,INVESCO MARKETS PLC BLOOMBERG C,,,,,,,
ETTYF,Essity AB (publ),SE,NASDAQ OMX NORDIC,SEK,2017-06-15,624759793.0,566515591.0,20326094848.0
LANDP,Gladstone Land Corporation,US,NASDAQ NMS - GLOBAL MARKET,USD,2013-01-29,,34725608.0,330.0
OMFL,Invesco Russell 1000 Dynamic Multifactor ETF,,,,,,,
ROMA,Roma Green Finance Limited,HK,NASDAQ NMS - GLOBAL MARKET,HKD,2024-01-09,53493467.0,46484787.0,118533496.0
HEDG,Equable Shares Hedged Equity ETF,,,,,,,
EFZ,ProShares Short MSCI EAFE,,,,,,,
GCTK,"GlucoTrack, Inc.",US,NASDAQ NMS - GLOBAL MARKET,USD,2013-04-09,910688.0,853761.0,3824893.0
FUUWRX,"FT 10137: FT Equity Allocation ETF Model Portfolio, 3Q '22 - Cash",,,,,,,
TPTA,"Terra Property Trust, Inc. 6.00",,,,,,,
ILCG,iShares Morningstar Growth ETF,,,,,,,
MWQKS,,,,,,,,
EVLU,iShares MSCI Emerging Markets Value Factor ETF,,,,,,,
FDHA.U,First Digital Health Acquisition Corp,US,"NEW YORK STOCK EXCHANGE, INC.",USD,2022-02-02,,,
ATIIW,Archimedes Tech SPAC Partners II Co.,,,,,,21809901.0,
AHBXS,,,,,,,,
IGBH,iShares Interest Rate Hedged Long-Term Corporate Bond ETF,,,,,,,
EWBC,"East West Bancorp, Inc.",US,NASDAQ NMS - GLOBAL MARKET,USD,1999-02-08,137585604.0,136235889.0,15988702208.0
MXTTS,,,,,,,,
EKNPF,EKINOPS S.A.,FR,NYSE EURONEXT - EURONEXT PARIS,EUR,2013-05-02,27023319.0,20111678.0,109444448.0
NX,Quanex Building Products Corporation,US,"NEW YORK STOCK EXCHANGE, INC.",USD,1980-03-17,45674726.0,40394106.0,702833152.0
JULZ,Trueshares Structured Outcome (July) ETF,,,,,,,
ZS,"Zscaler, Inc.",US,NASDAQ NMS - GLOBAL MARKET,USD,2018-03-16,159471208.0,102908365.0,36761300992.0
BRLSW,Borealis Foods Inc.,,,,,,5253573.0,
VNT,Vontier Corporation,US,"NEW YORK STOCK EXCHANGE, INC.",USD,2020-09-24,145100000.0,144248263.0,5592203776.0
C.PRN,,,,,,,,
BLUW,Blue Water Acquisition Corp. III,US,NASDAQ NMS - GLOBAL MARKET,USD,2025-06-10,25983000.0,25553043.0,332449312.0
IMLP,iPath S&P MLP ETN,,,,,,,
GRO,Brazil Potash Corp.,CA,NYSE MKT LLC,USD,2024-11-27,53367089.0,39984305.0,106734176.0
GXDW,Global X Dorsey Wright Thematic ETF,,,,,,,
TR,"Tootsie Roll Industries, Inc.",US,"NEW YORK STOCK EXCHANGE, INC.",USD,1980-03-17,41820835.0,21650783.0,2734809088.0
DFH,"Dream Finders Homes, Inc.",US,"NEW YORK STOCK EXCHANGE, INC.",USD,2021-01-20,35028565.0,29050778.0,1658866816.0
SMDV,ProShares Russell 2000 Dividend Growers ETF,,,,,,,
EWQQF,PowerShares Global Funds Ireland Public Limited Company - PowerShares EQQQ Nasdaq-100 UCITS ETF,,,,,,,
GTEC,Greenland Technologies Holding Corporation,,,,,17394226.0,4969182.0,12160305.0
PSBXP,"Link Parks, Inc.",,,,,,,
CZBT,"Citizens Bancorp of Virginia, Inc.",,,,,2108017.0,,72211376.0
EG,"Everest Group, Ltd.",,,,,41978058.0,31598983.0,14168853504.0
TSGMY,,,,,,4675816.0,42520960.0,308603840.0
MGC,Vanguard Mega Cap Index Fund,,,,,,,
KBCSF,KBC Group NV,,,,,396681930.0,250588348.0,52114210816.0
IHHFF,iShares II Public Limited Company - iShares US Aggregate Bond UCITS ETF,,,,,,,
RXD,ProShares UltraShort Health Care,,,,,,,
ONOF,Global X Adaptive U.S. Risk Management ETF,,,,,,,
TRTN.PRD,,,,,,,,
MMCP,"Mag Mile Capital, Inc.",,,,,100055935.0,5833261.0,22512586.0
HIMY,Defiance Leveraged Long + Income HIMS ETF,,,,,,,
THOOF,,,,,,,,
PVFPF,PARTNERS VALUE INVTS INC PFD SH,,,,,,,
AMTFF,AmeriTrust Financial Technologies Inc.,,,,,679205455.0,534181506.0,35997888.0
XZJCF,"Mitsui Kinzoku Company, Limited",,,,,57212963.0,53043854.0,9086159872.0
PWBK,Pacific West Bancorp,,,,,2697153.0,2561432.0,32204006.0
GAERF,"Grupo Aeroportuario del Centro Norte, S.A.B. de C.V.",,,,,336403425.0,270357214.0,5329138176.0
USRI,"USA Recycling Industries, Inc.",,,,,437898739.0,,131369.0
POAHF,Porsche Automobil Holding SE,,,,,153125000.0,153125000.0,14087499776.0
IZEA,"IZEA Worldwide, Inc.",,,,,17125752.0,13045370.0,76894624.0
AVMV,Avantis U.S. Mid Cap Value ETF,,,,,,,
CRED,Columbia Research Enhanced Real Estate ETF,,,,,,,
PTBBU,"POET, LLC",,,,,,,
FMOCF,"Fomento de Construcciones y Contratas, S.A.",,,,,472945255.0,72062953.0,4871335936.0
AEXAY,Atos SE,,,,,96891135.0,16206052.0,1931069056.0
AMOD,"Alpha Modus Holdings, Inc.",,,,,41959958.0,10328863.0,21987018.0
CYAN,Cyanotech Corporation,,,,,7392243.0,4840662.0,2661207.0
DIVG,Invesco S&P 500 High Dividend Growers ETF,,,,,,,
KOYNW,"CSLM Digital Asset Acquisition Corp III, Ltd",,,,,,23854629.0,
CANL,"CannLabs, Inc.",,,,,463164704.0,,46316.0
VEA,Vanguard FTSE Developed Markets Index Fund ETF Shares,,,,,,,
ISCRF,iShares Public Limited Company - iShares Global Corp Bond UCITS ETF,,,,,,,
DXCM,"DexCom, Inc.",,,,,390016272.0,387418764.0,26497931264.0
LGRVF,Legrand SA,FR,NYSE EURONEXT - EURONEXT PARIS,EUR,2006-04-06,261662109.0,254219020.0,39042605056.0
TK,Teekay Corporation Ltd.,BM,"NEW YORK STOCK EXCHANGE, INC.",USD,1995-07-20,85269031.0,48929075.0,782769728.0
USSE,Segall Bryant & Hamill Select Equity ETF,,,,,,,
SENEB,Seneca Foods Corporation,US,NASDAQ NMS - GLOBAL MARKET,USD,1995-09-20,1561783.0,4778182.0,787905344.0
DECO,SPDR Galaxy Digital Asset Ecosystem ETF,,,,,,,
WAY,Waystar Holding Corp.,US,NASDAQ NMS - GLOBAL MARKET,USD,2024-06-07,191316583.0,140282884.0,6309620736.0
HBTA,Horizon Expedition Plus ETF,,,,,,,
BEAG,Bold Eagle Acquisition Corp.,US,NASDAQ NMS - GLOBAL MARKET,USD,2024-10-24,26158000.0,20995274.0,330404896.0
GRAF.U,Graf Global Corp,US,NYSE MKT LLC,USD,2024-06-26,,,246.0
GBLBF,Groupe Bruxelles Lambert SA,BE,NYSE EURONEXT - EURONEXT BRUSSELS,EUR,1956-10-15,120912106.0,67147396.0,11533446144.0
TYRA,"Tyra Biosciences, Inc.",US,NASDAQ NMS - GLOBAL MARKET,USD,2021-09-15,53372098.0,17834820.0,1385539584.0
FETH,Fidelity Ethereum Fund,,,,,,,
AHSPS,,,,,,,,
PFSI,"PennyMac Financial Services, Inc.",US,"NEW YORK STOCK EXCHANGE, INC.",USD,2013-05-09,51965474.0,27373853.0,6957657088.0
AKZAS,,,,,,,,
QSPT,FT Vest Nasdaq-100 Buffer ETF – September,,,,,,,
DNTH,"Dianthus Therapeutics, Inc.",US,NASDAQ NMS - GLOBAL MARKET,USD,2018-06-21,42876015.0,37527661.0,1793503872.0
GSRFU,GSR IV Acquisition Corp.,US,NASDAQ NMS - GLOBAL MARKET,USD,2025-09-04,26360500.0,23655549.0,272831200.0
HINKF,Heineken N.V.,NL,NYSE EURONEXT - EURONEXT AMSTERDAM,EUR,1939-01-01,555506567.0,558740656.0,45612957696.0
SDHY,PGIM Short Duration High Yield Opportunities Fund,US,"NEW YORK STOCK EXCHANGE, INC.",USD,2020-11-25,24673056.0,,407105408.0
AMC,"AMC Entertainment Holdings, Inc.",US,"NEW YORK STOCK EXCHANGE, INC.",USD,2013-12-18,512943561.0,462049301.0,866874624.0
ZTST,,,,,,,,
PFO,Flaherty & Crumrine Preferred Income Opportunity Fund Inc.,US,"NEW YORK STOCK EXCHANGE, INC.",USD,1992-02-06,13077326.0,,123057632.0
IBIK,iShares iBonds Oct 2034 Term TIPS ETF,,,,,,,
RBOT,Vicarious Surgical Inc.,US,"NEW YORK STOCK EXCHANGE, INC.",USD,2020-09-04,6463251.0,3247807.0,13878620.0
AMRC,"Ameresco, Inc.",US,"NEW YORK STOCK EXCHANGE, INC.",USD,2010-07-22,34797456.0,31941933.0,1593427200.0
VOYA,"Voya Financial, Inc.",US,"NEW YORK STOCK EXCHANGE, INC.",USD,2013-02-05,95162924.0,94764191.0,7242904576.0
CRCA,ProShares Ultra CRCL,,,,,,,
FAZ,Direxion Daily Financial Bear 3X Shares,,,,,,,
SCVL,"Shoe Carnival, Inc.",,,,,27374968.0,17904324.0,494391904.0
SMOX,Horizon Small/Mid Cap Core Equity ETF,,,,,,,
UURAF,Ucore Rare Metals Inc.,,,,,107409273.0,94970205.0,499178304.0
GSX,Tradr 2X Long GS Daily ETF,,,,,,,
JBBB,Janus Henderson B-BBB CLO ETF,,,,,,,
KNCT,Invesco Next Gen Connectivity E,,,,,,,
DLTA,"Delta Oil & Gas, Inc.",,,,,15193241.0,,1519.0
CPAI,Counterpoint Quantitative Equity ETF,,,,,,,
GGDVF,Guangdong Investment Limited,,,,,6537821440.0,2720845149.0,5949862400.0
WCIG,Wee-Cig International Corporation,,,,,55578463.0,,122272.0
RSEOS,RSE ARCHIVE LLC,,,,,,,
WHITF,Whitehaven Coal Limited,,,,,827991365.0,779645003.0,4414685696.0
CPNHF,,,,,,,,
EIM,Eaton Vance Municipal Bond Fund,,,,,51372599.0,,496773056.0
IBDZ,iShares iBonds Dec 2034 Term Corporate ETF,,,,,,,
ASAPQ,Waitr Holdings Inc.,,,,,13545285.0,13540951.0,135.0
QVAL,Alpha Architect U.S. Quantitative Value ETF,,,,,,,
IBTO,Ishares Ibonds Dec 2033 Term Treasury ETF,,,,,,,
IVPEF,ISHARES V PLC,,,,,,,
CESTY,Chinese Estates Holdings Limited,,,,,95380954.0,476923846.0,333833344.0
COPX,Global X Copper Miners ETF,,,,,,,
FCAP,"First Capital, Inc.",,,,,3347627.0,3187644.0,200870976.0
NTTMF,"Nittetsu Mining Co., Ltd.",,,,,78682200.0,58588340.0,2499292928.0
TTTRF,Treatt plc,,,,,58954288.0,42272091.0,183812000.0
BWXT,"BWX Technologies, Inc.",,,,,91426744.0,91026295.0,16080136192.0
HGKGY,Power Assets Holdings Limited,,,,,2131105154.0,1363374522.0,15258712064.0
MWXYS,,,,,,,,
OVHGY,OVH Groupe S.A.,,,,,300801560.0,22397684.0,1504007808.0
AKASF,,,,,,,,
AVDPS,,,,,,,,
NSRCF,NextSource Materials Inc.,,,,,184911107.0,182072722.0,50172180.0
BRBI,BRBI BR Partners S.A.,,,,,26248926.0,104995704.0,370109856.0
EVHEF,,,,,,,,
AMIH,American International Holdings Corp.,,,,,195000000.0,189814943.0,19500.0
NXDR,"Nextdoor Holdings, Inc.",,,,,244464136.0,224384127.0,839112384.0
DMII,Drugs Made In America Acquisition II Corp.,,,,,65575000.0,58658805.0,649192448.0
LBRX,LB Pharmaceuticals Inc,US,NASDAQ NMS - GLOBAL MARKET,USD,2025-09-11,25299102.0,13611423.0,544689664.0
SLQT,"SelectQuote, Inc.",US,"NEW YORK STOCK EXCHANGE, INC.",USD,2020-05-21,175971744.0,143480321.0,241081296.0
MSRWS,,,,,,,,
ASTL,Algoma Steel Group Inc.,CA,NASDAQ NMS - GLOBAL MARKET,CAD,2022-09-19,104933802.0,72493517.0,435475296.0
ISRNF,iShares V Public Limited Company - iShares S&P 500 Consumer Discretionary Sector UCITS ETF,,,,,,,
WDNA,WisdomTree BioRevolution Fund,,,,,,,
LEG,"Leggett & Platt, Incorporated",US,"NEW YORK STOCK EXCHANGE, INC.",USD,1979-06-25,135436282.0,132555552.0,1496571008.0
GSJY,Goldman Sachs ActiveBeta Japan Equity ETF,,,,,,,
SVAC,Spring Valley Acquisition Corp. III,US,NASDAQ NMS - GLOBAL MARKET,USD,2025-09-04,23000000.0,,313720000.0
PMMOF,PIMCO ETFS PLC US SHT TR HIG YL,,,,,,,
VMC,Vulcan Materials Company,US,"NEW YORK STOCK EXCHANGE, INC.",USD,1957-01-02,132130905.0,131841538.0,38872911872.0
SIG,Signet Jewelers Limited,BM,"NEW YORK STOCK EXCHANGE, INC.",USD,1988-07-14,40684442.0,35243712.0,3489252352.0
HESM,Hess Midstream LP,US,"NEW YORK STOCK EXCHANGE, INC.",USD,2017-04-05,129392378.0,128729889.0,7224093184.0
VOR,Vor Biopharma Inc.,US,NASDAQ NMS - GLOBAL MARKET,USD,2021-02-05,21910630.0,6981056.0,322524512.0
GGUS,Goldman Sachs MarketBeta Russell 1000 Growth Equity ETF,,,,,,,
NXP,Nuveen Select Tax-Free Income Portfolio,US,"NEW YORK STOCK EXCHANGE, INC.",USD,1992-03-19,52006586.0,,732252672.0
LTESF,LEET Inc.,,,,,151096262.0,35478913.0,1813155.0
IYE,iShares U.S. Energy ETF,,,,,20850000.0,,980367040.0
ACIBF,,,,,,,,
SHAG,WisdomTree Yield Enhanced U.S. Short-Term Aggregate Bond Fund,,,,,,,
IBGL,iShares iBonds Dec 2055 Term Treasury ETF,,,,,,,
MDAI,"Spectral AI, Inc.",US,NASDAQ NMS - GLOBAL MARKET,USD,2021-02-12,30688895.0,22865682.0,43578232.0
MSTY,Yieldmax MSTR Option Income Strategy ETF,,,,,,,
SPYU,MAX S&P 500 4X Leveraged ETN,,,,,,,
CAFX,Congress Intermediate Bond ETF,,,,,,,
SMP,"Standard Motor Products, Inc.",US,"NEW YORK STOCK EXCHANGE, INC.",USD,1981-05-22,21999190.0,20805954.0,824309696.0
SOYB,Teucrium Soybean Fund,,,,,,,
AHBCS,,,,,,,,
ALFUW,Centurion Acquisition Corp.,,,,,,25018609.0,
LEVWQ,,,,,,,123055556.0,
FAST,Fastenal Company,US,NASDAQ NMS - GLOBAL MARKET,USD,1987-08-01,1148035721.0,1144465330.0,47712366592.0
AFJK,"Aimei Health Technology Co., Ltd",US,NASDAQ NMS - GLOBAL MARKET,USD,2024-01-22,6121733.0,4396751.0,269478688.0
TMB,Thornburg Multi Sector Bond ETF,,,,,,,
VIIQ,,,,,,,369923.0,
AXIN,Axiom Intelligence Acquisition Corp 1,,,,,20600000.0,,341369376.0
JEWL,Adamas One Corp.,,,,,38047648.0,28320386.0,190238.0
MEME,Roundhill ETF Trust - Roundhill Meme Stock ETF,,,,,,,
WTM,"White Mountains Insurance Group, Ltd.",,,,,2476555.0,2446783.0,5246061056.0
KRSOF,Karsan Otomotiv Sanayii ve Ticaret A.S.,,,,,900000000.0,307827000.0,444600000.0
PBMRY,PT Bumi Resources Tbk,,,,,1856676960.0,135741652570.0,4548858880.0
SIJ,ProShares UltraShort Industrials,,,,,,,
EXPO,"Exponent, Inc.",,,,,49887226.0,49355428.0,3603256064.0
AVRI,Innovation Nation Inc.,,,,,250000000.0,,25000.0
GOVI,Invesco Equal Weight 0-30 Years Treasury ETF,,,,,,,
QBAK,Qualstar Corporation,,,,,1380853.0,,25752908.0
UNLYD,,,,,,2180690335.0,2162247872.0,152626511872.0
TKLLF,"Takara Leben Co., Ltd.",,,,,135855592.0,104476432.0,539346688.0
IAC,IAC Inc.,,,,,71643545.0,64140888.0,3214306560.0
DKCLF,,,,,,99881679.0,36351237.0,2082533120.0
ANGL,VanEck Fallen Angel High Yield Bond ETF,,,,,,,
CTAZF,China Star Entertainment Ltd,,,,,,,
ISLUF,,,,,,,,
TWELF,Tokenwell Platforms Inc.,,,,,61533092.0,50961091.0,3999650.0
ZCAR,"Zoomcar Holdings, Inc.",,,,,6902727.0,4376743.0,462482.0
YIPI,"Yippy, Inc.",,,,,76975377.0,,61580.0
TSLZ,T-Rex 2X Inverse Tesla Daily Target ETF,,,,,,,
TRIN,Trinity Capital Inc.,,,,,75683355.0,72325285.0,1150386944.0
NBR,Nabors Industries Ltd.,,,,,14561171.0,11634376.0,767263168.0
CRHHF,The Cross-Harbour (Holdings) Limited,,,,,372688000.0,99451848.0,391322368.0
ARVTS,,,,,,,,
STXS,"Stereotaxis, Inc.",,,,,93324763.0,66055267.0,229578912.0
TLPC,"Telpac Industries, Inc.",,,,,29273376.0,,292.0
BTOC,Armlogi Holding Corp.,,,,,45443079.0,15063017.0,25593542.0
TBIL,F/m US Treasury 3 Month Bill ETF,,,,,,,
VIBEF,Vibe Growth Corporation,,,,,10796989.0,,485864.0
STRH,Star8 Corporation,,,,,263573782.0,,421718.0
WPDPF,WPD Pharmaceuticals Inc.,,,,,4639485.0,3117595.0,402591.0
NEXHY,"Nippon Express Holdings, Inc.",,,,,242486714.0,,3889487104.0
URTH,iShares MSCI World ETF,,,,,6900000.0,,1295889024.0
RHE.PRB,,,,,,,,
PQDI,Principal Spectrum Preferred and Income ETF,,,,,,,
AIMV,"AI Maverick Intel, Inc.",,,,,53994610.0,,1619838.0
OPP.PRA,Rivernorth/Doubleline Strategic Opportunity Fund Inc,US,"NEW YORK STOCK EXCHANGE, INC.",,2016-09-28,,,205.0
CLDT.PRA,Chatham Lodging Trust,US,"NEW YORK STOCK EXCHANGE, INC.",USD,2010-04-16,,,333.0
MWQAS,,,,,,,,
CARG,"CarGurus, Inc.",US,NASDAQ NMS - GLOBAL MARKET,USD,2017-10-12,81236954.0,79482928.0,3835413760.0
KWMWW,K Wave Media Ltd.,,,,,,,
BOZTY,Boozt AB (publ),SE,NASDAQ OMX NORDIC,SEK,2017-05-31,61089759.0,59102509.0,796273472.0
TEK,iShares Technology Opportunities Active ETF,,,,,,,
HYFM,"Hydrofarm Holdings Group, Inc.",US,NASDAQ NMS - GLOBAL MARKET,USD,2020-12-10,4667004.0,3515701.0,7933907.0
XCLR,Global X S&P 500 Collar 95-110 ETF,,,,,,,
FMB,First Trust Managed Municipal ETF,,,,,,,
MVV,ProShares Ultra MidCap400,,,,,,,
BKSY.WS,Blacksky Technology Inc,US,"NEW YORK STOCK EXCHANGE, INC.",USD,2019-12-20,,,695.0
JOET,Virtus Terranova U.S. Quality Momentum ETF,,,,,,,
ZBZZT,,,,,,,,
RPNMF,Rapala VMC Corporation,FI,NASDAQ OMX HELSINKI LTD.,EUR,1998-12-01,38876109.0,20494318.0,111185664.0
AWATY,,,,,,,190873768.0,
MXKSS,,,,,,,,
AMUTF,,,,,,,,
MPU,Mega Matrix Inc.,SG,NYSE MKT LLC,USD,1998-01-16,61881433.0,59366405.0,74485792.0
OPAL,OPAL Fuels Inc.,US,NASDAQ NMS - GLOBAL MARKET,USD,2021-03-25,28996177.0,16800675.0,466433152.0
GLOO,"Gloo Holdings, Inc.",US,NASDAQ NMS - GLOBAL MARKET,USD,2025-11-19,10130932.0,7529941.0,512463168.0
PNYTF,Poynt Corporation,,,,,502894535.0,,50289.0
PTL,Inspire 500 ETF,,,,,,,
NOC,Northrop Grumman Corporation,US,"NEW YORK STOCK EXCHANGE, INC.",USD,1951-12-10,142720067.0,142334723.0,82669551616.0
CNNE,"Cannae Holdings, Inc.",US,"NEW YORK STOCK EXCHANGE, INC.",USD,2017-11-20,51698763.0,36071496.0,830203456.0
CCZ,Comcast Holdings Corp.,US,"NEW YORK STOCK EXCHANGE, INC.",USD,1999-11-24,,,56843509760.0
YDKG,Yueda Digital Holding,US,NASDAQ NMS - GLOBAL MARKET,USD,2007-11-07,5542224.0,29475491.0,5347693.0
BLES,Inspire Global Hope ETF,,,,,,,
RANG,Range Capital Acquisition Corp.,US,NASDAQ NMS - GLOBAL MARKET,USD,2024-12-20,16037500.0,9264864.0,167110752.0
SLG.PRI,SL Green Realty Corp,US,"NEW YORK STOCK EXCHANGE, INC.",USD,1997-08-15,,,3452.0
SCHZ,Schwab U.S. Aggregate Bond ETF,,,,,,,
KIM,Kimco Realty Corporation,,,,,677194052.0,661159142.0,13787693056.0
LNN,Lindsay Corporation,,,,,10591980.0,10701580.0,1285378048.0
QSX,Tradr 2X Long QS Daily ETF,,,,,,,
CFR,"Cullen/Frost Bankers, Inc.",,,,,63941101.0,63079175.0,8272231936.0
TRMOY,,,,,,,,
PWB,Invesco Dynamic Large Cap Growth ETF,,,,,15800000.0,,2046573952.0
BAC.PRM,,,,,,,,
THAR,"Tharimmune, Inc.",,,,,35044812.0,32767600.0,90766064.0
CSSPF,NIOX Group Plc,,,,,417994457.0,318550134.0,384554912.0
PALI,"Palisade Bio, Inc.",,,,,149003210.0,102195342.0,320786944.0
ALSN,"Allison Transmission Holdings, Inc.",,,,,83228716.0,100755723.0,8439435776.0
KOYNU,"CSLM Digital Asset Acquisition Corp III, Ltd",,,,,,23854629.0,
PTAIY,PT Astra International Tbk,,,,,2024177657.0,18241484209.0,16395839488.0
MTWPS,,,,,,,,
EPHE,iShares MSCI Philippines ETF,,,,,,,
TMOL,"Trimol Group, Inc.",,,,,100472328.0,,20094.0
YPPN,Yappn Corp.,,,,,49277248.0,24877619.0,4927.0
FDEM,Fidelity Emerging Markets Multifactor ETF,,,,,,,
HBANL,Huntington Bancshares Incorporated,,,,,,1449510682.0,
EVG,Eaton Vance Short Duration Diversified Income Fund,,,,,13452867.0,,147443424.0
MITT.PRC,,,,,,,,
CMRA,"Comera Life Sciences Holdings, Inc.",,,,,30737796.0,13527704.0,3073.0
IBRLF,IberAmerican Lithium Corp.,,,,,109500488.0,67247535.0,1095.0
MGRLF,,,,,,,,
FOLGF,Falcon Oil & Gas Ltd.,,,,,1109141512.0,945099482.0,167574560.0
EFOT,"eFotoXpress, Inc.",,,,,56959000.0,,5695.0
WELPP,Wisconsin Electric Power Company PFD 3.60%,,,,,33289300.0,,2088903552.0
BMTCF,,,,,,,,
ACSHF,,,,,,,,
AOOO,"Autoco.com, Inc.",,,,,24836400.0,,2480.0
WJRYF,West Japan Railway Company,,,,,455083834.0,448962956.0,8766735360.0
BMTHF,BEST MART 360 HLDGS LTD,,,,,1000000000.0,250000000.0,243490000.0
VONV,Vanguard Russell 1000 Value Index Fund ETF Shares,,,,,,,
GEGR,"Gaensel Energy Group, Inc.",,,,,249094757.0,,174366.0
AHSUS,,,,,,,,
CLOI,VanEck CLO ETF,,,,,,,
ABXB,Abacus FCF ETF Trust - Abacus Flexible Bond Leaders ETF,,,,,,,
BGX,Blackstone Long-Short Credit Income Fund,US,"NEW YORK STOCK EXCHANGE, INC.",,2011-01-27,12708275.0,,149703488.0
VFMV,Vanguard U.S. Minimum Volatility ETF ETF Shares,,,,,,,
LDWY,"Lendway, Inc.",US,NASDAQ NMS - GLOBAL MARKET,USD,1991-06-25,1769599.0,1054309.0,6016637.0
VLFSF,,,,,,,,
NFLX,"Netflix, Inc.",US,NASDAQ NMS - GLOBAL MARKET,USD,2002-05-23,4237323340.0,4210246844.0,400299950080.0
RDACR,Rising Dragon Acquisition Corp.,,,,,,5307533.0,
RYTM,"Rhythm Pharmaceuticals, Inc.",US,NASDAQ NMS - GLOBAL MARKET,USD,2017-10-05,66736056.0,54999853.0,7340966400.0
YALA,Yalla Group Limited,AE,"NEW YORK STOCK EXCHANGE, INC.",USD,2020-09-30,132801840.0,52330831.0,1139088256.0
PYPT,AXS 1.5X PYPL Bull Daily ETF,,,,,,,
CBXO,Calamos Bitcoin 90 Series Structured Alt Protection ETF - October,,,,,,,
BINC,iShares Flexible Income Active ETF,,,,,,,
IMSCF,iShares VII Public Limited Company - iShares MSCI Japan UCITS ETF USD (Acc),,,,,,,
ROOT,"Root, Inc.",US,NASDAQ NMS - GLOBAL MARKET,USD,2020-10-28,13702725.0,12490607.0,1135876224.0
BLOK,Amplify Blockchain Technology ETF,,,,,,,
PVH,PVH Corp.,US,"NEW YORK STOCK EXCHANGE, INC.",USD,1920-03-25,45802696.0,45390472.0,3303423232.0
ROE,Astoria US Equal Weight Quality Kings ETF,,,,,,,
LOB.PRA,Live Oak Bancshares Inc,US,"NEW YORK STOCK EXCHANGE, INC.",USD,2015-07-23,,,1610.0
MUNB,Northern Trust 2035 Tax-Exempt Distributing Ladder ETF,,,,,,,
VUSG,Vanguard Wellington U.S. Growth Active ETF,,,,,,,
PDFS,"PDF Solutions, Inc.",US,NASDAQ NMS - GLOBAL MARKET,USD,2001-07-26,39512959.0,29343114.0,1158124800.0
INLF,INLIF Limited,CN,NASDAQ NMS - GLOBAL MARKET,USD,2025-01-02,6400000.0,3400056.0,9661680.0
PEB,Pebblebrook Hotel Trust,US,"NEW YORK STOCK EXCHANGE, INC.",USD,2009-12-09,113595629.0,104559097.0,1361232896.0
SKYX,SKYX Platforms Corp.,US,NASDAQ NMS - GLOBAL MARKET,USD,2015-07-21,113749372.0,69473566.0,263898544.0
IRBTQ,iRobot Corporation,,,,,31826203.0,26579706.0,4455668.0
XRLX,FundX Conservative ETF,,,,,,,
SHDG,Soundwatch Hedged Equity ETF,,,,,,,
VICI,VICI Properties Inc.,US,"NEW YORK STOCK EXCHANGE, INC.",USD,2017-10-17,1068811371.0,1064290299.0,30065664000.0
CNH,CNH Industrial N.V.,GB,"NEW YORK STOCK EXCHANGE, INC.",USD,2013-09-30,1246404668.0,870813085.0,11807740928.0
VSTUF,Vestum AB (publ),SE,NASDAQ OMX NORDIC,SEK,2008-05-19,,,3333.0
YALL,God Bless America ETF,,,,,,,
NOCT,Innovator Growth-100 Power Buffer ETF - October,,,,,,,
NE.WSA,,,,,,,,
AFIF,Anfield Universal Fixed Income ETF,,,,,,,
BJGBF,Beijing Gas Blue Sky Holdings Limited,,,,,22736114715.0,7645018573.0,118227800.0
COF.PRI,,,,,,,,
AJPLF,,,,,,,,
JBHIF,JB Hi-Fi Limited,,,,,109333981.0,108415576.0,6916524032.0
EQH,"Equitable Holdings, Inc.",,,,,286532039.0,284847231.0,14551482368.0
USRT,iShares Core U.S. REIT ETF,,,,,,,
BTAEBX,BlackRock 10/90 Target Allocation ETF,,,,,,,
VLYPN,Valley National Bancorp,,,,,,549823084.0,
ITOR,"Redox International Group, Corp.",,,,,54085000.0,,192001744.0
IFABF,iFabric Corp.,,,,,30299467.0,10168198.0,36359364.0
INNMF,Amplia Therapeutics Limited,,,,,513071629.0,421360075.0,56926508.0
OXIHF,Oxford Investments Holdings Inc.,,,,,719578061.0,,71957.0
BCSS,Bain Capital GSS Investment Cor,,,,,46900000.0,,588672000.0
USAC,"USA Compression Partners, LP",,,,,122685471.0,83246999.0,2809497344.0
GRNBF,GreenBank Capital Inc.,,,,,141799571.0,123677105.0,141799.0
GII,SPDR S&P Global Infrastructure ETF,,,,,,,
FNMAT,Federal National Mortgage Association,,,,,5738840064.0,233702071.0,18612305920.0
NUMV,Nuveen ESG Mid-Cap Value ETF,,,,,,,
RTNB,"root9B Holdings, Inc.",,,,,6100275.0,5983882.0,610.0
NEWEN,New England Power Company PFD 6%,,,,,,,
ASAPF,Aurora Spine Corporation,,,,,78054949.0,59199215.0,14673147.0
GPAGF,"Gruma, S.A.B. de C.V.",,,,,348882998.0,156407737.0,6487479296.0
BAER,"Bridger Aerospace Group Holdings, Inc.",US,NASDAQ NMS - GLOBAL MARKET,USD,2021-03-15,55543104.0,36833965.0,94423280.0
GXPT,Global X PureCap MSCI Information Technology ETF,,,,,,,
DELL,Dell Technologies Inc.,US,"NEW YORK STOCK EXCHANGE, INC.",USD,2016-08-01,333917807.0,311377965.0,86616678400.0
DYORW,Insight Digital Partners II,,,,,,,
AKAN,Akanda Corp.,GB,NASDAQ NMS - GLOBAL MARKET,USD,2022-03-15,728289.0,656871.0,327730.0
EATMF,,,,,,,,
LMND.WS,,,,,,,,
XOMA,XOMA Royalty Corporation,US,NASDAQ NMS - GLOBAL MARKET,USD,1986-06-06,12383103.0,9590342.0,322703648.0
MDBX,Tradr 2X Long MDB Daily ETF,,,,,,,
BITS,Global X Blockchain & Bitcoin Strategy ETF,,,,,,,
NANC,Unusual Whales Subversive Democratic Trading ETF,,,,,,,
IBDV,iShares iBonds Dec 2030 Term Corporate ETF,,,,,,,
TUR,iShares MSCI Turkey ETF,,,,,15650000.0,,543993984.0
GROO,Groovy Company Inc,,,,,7384006.0,7244005.0,37658.0
ASCE,Allspring SMID Core ETF,,,,,,,
EMR,Emerson Electric Co.,US,"NEW YORK STOCK EXCHANGE, INC.",USD,1944-09-05,562302093.0,559687632.0,76310020096.0
EMP,"Entergy Mississippi, Inc. 1M BD 66",,,,,8666360.0,,182080224.0
BGSF,"BGSF, Inc.",US,"NEW YORK STOCK EXCHANGE, INC.",USD,2014-03-20,11199787.0,10447385.0,53310988.0
MNKD,MannKind Corporation,US,NASDAQ NMS - GLOBAL MARKET,USD,2004-07-28,307070281.0,301515380.0,1777936896.0
QNST,"QuinStreet, Inc.",US,NASDAQ NMS - GLOBAL MARKET,USD,2010-02-11,56751575.0,53889593.0,818925248.0
USB.PRQ,US Bancorp,US,"NEW YORK STOCK EXCHANGE, INC.",USD,1984-05-07,,,85478.0
PEN,"Penumbra, Inc.",US,"NEW YORK STOCK EXCHANGE, INC.",USD,2015-09-18,39162177.0,37979871.0,12413235200.0
XBP,"XBP Global Holdings, Inc.",US,NASDAQ NMS - GLOBAL MARKET,USD,2021-03-12,11751597.0,3537466.0,78148128.0
BZH,"Beazer Homes USA, Inc.",US,"NEW YORK STOCK EXCHANGE, INC.",USD,1994-02-23,29508027.0,26946940.0,603531776.0
FVCB,"FVCBankcorp, Inc.",US,NASDAQ NMS - GLOBAL MARKET,USD,2013-06-28,18074814.0,12932891.0,251239904.0
MTEX,"Mannatech, Incorporated",US,NASDAQ NMS - GLOBAL MARKET,USD,1999-02-16,1900930.0,815005.0,14561131.0
EGTIF,"eGuarantee, Inc.",,,,,45161367.0,24057507.0,543742848.0
ADAMI,"New York Mortgage Trust, Inc. 9.125% Senior Notes Due 2029",,,,,,,
LTGHY,Life Healthcare Group Holdings Limited,,,,,357757291.0,1331715738.0,973099840.0
IMXI,"International Money Express, Inc.",,,,,29718731.0,26317719.0,458262848.0
IYF,iShares U.S. Financials ETF,,,,,13650000.0,,1786102528.0
UMMA,Wahed Dow Jones Islamic World ETF,,,,,,,
AVCLS,,,,,,,,
MRWAS,,,,,,,,
SHUFF,Shufersal Ltd,,,,,266679258.0,180130666.0,3421495040.0
IMTL,"Image Protect, Inc.",,,,,7702842754.0,252306633.0,770284.0
CNFHF,CanaFarma Hemp Products Corp.,,,,,195606145.0,145570513.0,19560.0
DTATF,Data#3 Limited,,,,,154704000.0,140955806.0,744811264.0
TOBAF,TAAT Global Alternatives Inc.,,,,,23109681.0,9817325.0,2310.0
IONKF,Ionic Brands Corp.,,,,,159213974.0,158921020.0,1592.0
AIFM,"AIFarm, Ltd.",,,,,676827.0,336000.0,2030.0
PTHS,Pelthos Therapeutics Inc.,,,,,3086681.0,1210191.0,79358568.0
MMIT,NYLI MacKay Muni Intermediate ETF,,,,,,,
ISVPF,iShares VII Public Limited Company - iShares MSCI EMU USD Hedged UCITS ETF (Acc),,,,,,,
PAHGF,Pets at Home Group Plc,,,,,444722348.0,421837875.0,1429877632.0
MMNGF,Metallic Minerals Corp.,,,,,212484978.0,160663775.0,70120048.0
SCPQU,Social Commerce Partners Corporation,,,,,,,
BDTX,"Black Diamond Therapeutics, Inc.",,,,,56974913.0,39353712.0,147565024.0
MMTOY,Mitsubishi Motors Corporation,,,,,133835291.0,630779112.0,3264242688.0
PSKOF,Orlen S.A.,,,,,1160942049.0,581631967.0,32022509568.0
IBTL,iShares iBonds Dec 2031 Term Treasury ETF,,,,,,,
KSS,Kohl's Corporation,,,,,112189191.0,110973060.0,2419920896.0
COWG,Pacer US Large Cap Cash Cows Growth Leaders ETF,,,,,,,
PONT,"Pontiac Bancorp, Inc.",,,,,206918.0,,113804896.0
MSN,Emerson Radio Corp.,,,,,21042652.0,5799355.0,8522274.0
CBAT,"CBAK Energy Technology, Inc.",,,,,88645836.0,68478022.0,76501360.0
MRK,"Merck & Co., Inc.",,,,,2482022536.0,2478026480.0,266713300992.0
GTERW,Globa Terra Acquisition Corporation,,,,,,,
ACBM,"Acro Biomedical Co., Ltd.",,,,,60042000.0,30042015.0,42029.0
ESALF,"Eisai Co., Ltd.",,,,,282114697.0,266469175.0,8229999616.0
EPR.PRC,,,,,,,,
HSEEF,Hill Incorporated,,,,,3282812.0,2324690.0,326910.0
ROCK,"Gibraltar Industries, Inc.",,,,,29542662.0,29245167.0,1501948928.0
MLGRF,,,,,,,,
FLCO,Franklin Investment Grade Corporate ETF,,,,,,,
DXC,DXC Technology Company,US,"NEW YORK STOCK EXCHANGE, INC.",USD,1968-10-26,174133947.0,172693859.0,2702880000.0
OAKU,Oak Woods Acquisition Corporation,CA,NASDAQ NMS - GLOBAL MARKET,USD,2023-03-24,3920550.0,3274626.0,64671672.0
FLKBF,,,,,,,,
BKFOF,Brookfield Corp,CA,"NEW YORK STOCK EXCHANGE, INC.",USD,1997-08-11,,,115732.0
GPIQ,Goldman Sachs Nasdaq-100 Premium Income ETF,,,,,,,
NLLGF,Nilörngruppen AB,SE,NASDAQ OMX NORDIC,SEK,2015-06-12,10441988.0,6228678.0,65721060.0
FJUN,FT Vest U.S. Equity Buffer ETF - June,,,,,,,
IVTRF,,,,,,,,
REAI,Intelligent Real Estate ETF,,,,,,,
LEO,"BNY Mellon Strategic Municipals, Inc.",US,"NEW YORK STOCK EXCHANGE, INC.",USD,1987-09-28,62290854.0,,397674080.0
KRMA,Global X Conscious Companies ETF,,,,,,,
DABS,DoubleLine Asset-Backed Securities ETF,,,,,,,
VDYIF,VANGUARD FTSE CDN HIGH DIVID YI,,,,,,,
SUPN,"Supernus Pharmaceuticals, Inc.",US,NASDAQ NMS - GLOBAL MARKET,USD,2010-12-28,57339350.0,54855983.0,2956990464.0
KAPR,Innovator Russell 2000 Power Buffer ETF - April,,,,,,,
ISUL,GraniteShares 2x Long ISRG Daily ETF,,,,,,,
MWKLS,,,,,,,,
BSFFF,Basic-Fit N.V.,NL,NYSE EURONEXT - EURONEXT AMSTERDAM,EUR,2016-06-10,65375719.0,43119863.0,3061695744.0
AMRGS,"Arrived Str, LLC",,,,,,,
PONGF,Atari SA,FR,NYSE EURONEXT - EURONEXT PARIS,EUR,1993-12-06,555850013.0,315854016.0,86156752.0
XUDV,Franklin U.S. Dividend Booster Index ETF,,,,,,,
TOMZ,"TOMI Environmental Solutions, Inc.",US,NASDAQ NMS - GLOBAL MARKET,USD,2008-06-19,20277205.0,9825321.0,16201486.0
IIREF,iShares Public Limited Company - iShares MSCI World UCITS ETF,,,,,,,
UGI,UGI Corporation,US,"NEW YORK STOCK EXCHANGE, INC.",USD,1905-04-12,214806398.0,214466417.0,8186272256.0
FCFY,First Trust S&P 500 Diversified Free Cash Flow ETF,,,,,,,
PFFV,Global X Variable Rate Preferred ETF,,,,,,,
USVM,VictoryShares US Small Mid Cap Value Momentum ETF,,,,,,,
SABA,Saba Capital Income & Opportunities Fund II,US,"NEW YORK STOCK EXCHANGE, INC.",USD,1988-03-17,27730511.0,,237462656.0
IDGT,iShares U.S. Digital Infrastructure and Real Estate ETF,,,,,,,
SSSGY,Sartorius Aktiengesellschaft,,,,,171154640.0,37203303.0,16213774336.0
HAO,Haoxi Health Technology Limited,,,,,13753028.0,2488233.0,14877143.0
AGAQF,,,,,,,,
RAGL,"RA Global Services, Inc.",,,,,92698751.0,,9269.0
RCIAF,Rogers Communications Inc.,,,,,111152011.0,385067176.0,20080173056.0
BTURF,Bathurst Resources Limited,,,,,239975075.0,141244486.0,123587160.0
AVEFF,Avecho Biotechnology Limited,,,,,3673463679.0,2217489480.0,16530585.0
MXUBY,MIXUE BINGCHENG CO LTD.,,,,,,40266166.0,
MHGUP,Meritage Hospitality Group Inc. PFD CV SER B,,,,,,,
SPMD,State Street SPDR Portfolio S&P 400 Mid Cap ETF,,,,,,,
RDI,"Reading International, Inc.",,,,,21036670.0,15596535.0,37069660.0
AOFLF,Africa Opportunity Fund Limited,,,,,,,
JOBY.WS,,,,,,,,
GIII,"G-III Apparel Group, Ltd.",,,,,42189287.0,36891578.0,1284194688.0
FNF,"Fidelity National Financial, Inc.",,,,,271336723.0,256262329.0,14893673472.0
YOKEF,Yokogawa Electric Corporation,,,,,254629211.0,246267484.0,8396398080.0
NFRA,FlexShares STOXX Global Broad Infrastructure Index Fund,,,,,,,
GPT,Intelligent Alpha Atlas ETF,,,,,,,
FNQQF,Fineqia International Inc.,,,,,1650823335.0,1317257972.0,5961200.0
UAMY,United States Antimony Corporation,,,,,140035604.0,121687443.0,873822080.0
GXYEF,Galaxy Entertainment Group Limited,,,,,4379240712.0,2593787481.0,23166185472.0
SRHBY,StarHub Ltd,,,,,172227905.0,565599576.0,1501827328.0
AGPYF,Agile Group Holdings Limited,,,,,5046047500.0,2108894632.0,201841904.0
ANANF,,,,,,,,
EUUNF,Azarga Metals Corp.,,,,,76889855.0,28666845.0,6535638.0
HTHL,"Humitech International Group, Inc.",,,,,3871465.0,,2322.0
FF,FutureFuel Corp.,,,,,43803243.0,25836029.0,141922512.0
FDCT,"FDCTech, Inc.",,,,,422584729.0,149764028.0,23622486.0
JRUDF,,,,,,,,
PAYC,"Paycom Software, Inc.",,,,,54906117.0,48407978.0,9024119808.0
INUMF,Infinitum Copper Corp.,,,,,49031508.0,44901094.0,976217.0
CNTRF,CENTR Brands Corp.,,,,,11597740.0,7717948.0,162965.0
FGRRF,,,,,,7581850.0,7421079.0,15171574.0
BFK,BlackRock Municipal Income Trust,,,,,43854836.0,,431531584.0
TRN,"Trinity Industries, Inc.",,,,,80180523.0,79021113.0,2223027456.0
GCRIF,Clean Energy Transition Inc.,,,,,41743850.0,39972241.0,757849.0
SZZLR,Sizzle Acquisition Corp. II,,,,,,19699876.0,
FPRGF,Falco Resources Ltd.,,,,,345143434.0,284543150.0,119958208.0
WENNU,Wen Acquisition Corp,,,,,,,
EDC,Direxion Daily MSCI Emerging Markets Bull 3X Shares,,,,,,,
LFABF,Lifco AB (publ),SE,NASDAQ OMX NORDIC,SEK,2014-11-21,423836450.0,221630301.0,16351785984.0
AON,Aon plc,IE,"NEW YORK STOCK EXCHANGE, INC.",USD,1980-06-02,214935265.0,208063785.0,76903219200.0
BNTX,BioNTech SE,DE,NASDAQ NMS - GLOBAL MARKET,EUR,2019-10-10,240455450.0,93871403.0,22727847936.0
ILQCF,,,,,,,,
TYLG,Global X Information Technology Covered Call & Growth ETF,,,,,,,
MKSZS,,,,,,,,
DAWN,"Day One Biopharmaceuticals, Inc.",US,NASDAQ NMS - GLOBAL MARKET,USD,2021-05-27,102675502.0,78931792.0,970283520.0
WOLF,"Wolfspeed, Inc.",US,"NEW YORK STOCK EXCHANGE, INC.",USD,1993-02-09,25892446.0,7490167.0,464769440.0
MUR,Murphy Oil Corporation,US,"NEW YORK STOCK EXCHANGE, INC.",USD,1961-12-04,142738809.0,134053152.0,4447741440.0
ZGJLY,,,,,,,,
SNTUF,,,,,,,,
SNSE,"Sensei Biotherapeutics, Inc.",US,NASDAQ NMS - GLOBAL MARKET,USD,2021-02-04,1261290.0,854373.0,11351619.0
ULTA,"Ulta Beauty, Inc.",US,NASDAQ NMS - GLOBAL MARKET,USD,2007-10-25,44362172.0,44189603.0,27240204288.0
MWRHS,,,,,,,,
ETHW,Bitwise Ethereum ETF,,,,,,,
AVLMS,,,,,,,,
INPCF,,,,,,,,
INCAU,,,,,,,,
UCAPF,OSSIAM LUX,,,,,,,
AIQ,Global X Artificial Intelligence & Technology ETF,,,,,,,
PSNYW,Polestar Automotive Holding UK PLC,SE,NASDAQ NMS - GLOBAL MARKET,USD,2022-06-24,70643065.0,356422525.0,110004977664.0
FIHL,Fidelis Insurance Holdings Limited,BM,"NEW YORK STOCK EXCHANGE, INC.",USD,2023-06-29,103026764.0,51079639.0,2042708224.0
PWER,Nomura Energy Transition ETF,,,,,,,
GDXJ,VanEck Junior Gold Miners ETF,,,,,,,
CNTHN,The Connecticut Light and Power Company,,,,,6035200.0,,251848896.0
UBSI,"United Bankshares, Inc.",US,NASDAQ NMS - GLOBAL MARKET,USD,1970-09-16,139312926.0,136811247.0,5546455552.0
FMKT,The Free Markets ETF,,,,,,,
NSA.PRA,National Storage Affiliates Trust,US,"NEW YORK STOCK EXCHANGE, INC.",USD,2015-04-23,,,3729.0
MVTCS,,,,,,,,
CHI,Calamos Convertible Opportunities and Income Fund,,,,,77871531.0,,842569920.0
WBRBY,Wienerberger AG,,,,,546009330.0,108752711.0,3882126592.0
CMA,Comerica Incorporated,,,,,127794131.0,126748805.0,11362176000.0
CWNOF,ChineseWorldNet.Com Inc.,,,,,10950000.0,4773324.0,124830.0
FMTL,First Trust Indxx Critical Metals ETF,,,,,,,
PONX,Tradr 2X Long PONY Daily ETF,,,,,,,
GLDFF,Gold Finder Resources Ltd.,,,,,65375201.0,53016932.0,4445514.0
SMG,The Scotts Miracle-Gro Company,,,,,58007149.0,44350799.0,3360354048.0
ADHI,"Arsenal Digital Holdings, Inc.",,,,,19379835.0,,9689918.0
AHJLS,,,,,,,,
MNPP,"Merchants' National Properties, Inc.",,,,,90879.0,69222.0,184486400.0
SUGP,SU Group Holdings Limited,,,,,563092.0,504028.0,9799331.0
NGCRF,NagaCorp Ltd.,,,,,4422990160.0,1047098690.0,2680546560.0
BE,Bloom Energy Corporation,,,,,236510755.0,220234085.0,21328539648.0
GAME,"GameSquare Holdings, Inc.",,,,,95388250.0,90904813.0,42571776.0
ASCRF,A SPAC II Acquisition Corp.,,,,,,343593.0,
HVIIR,Hennessy Capital Investment Corp. VII,,,,,1514580.0,15023530.0,454374.0
RAVFF,Ravensource Fund,,,,,,,
TINFF,Tincorp Metals Inc.,,,,,71151868.0,40311091.0,10751156.0
DGNX,Diginex Limited,,,,,203005376.0,57139762.0,1349985792.0
NPPXF,"NTT, Inc.",,,,,81927061401.0,50477035464.0,79469248512.0
CBXL,Calamos Laddered Bitcoin 80 Series Structured Alt Protection ETF,,,,,,,
NEHI,NEOS Ethereum High Income ETF,,,,,,,
AMCX,AMC Networks Inc.,,,,,32042361.0,31332309.0,426562336.0
ENRT,Enertopia Corp.,,,,,10339394.0,8704115.0,1359113.0
HTCR,"HeartCore Enterprises, Inc.",,,,,25419807.0,9770865.0,8800337.0
ILIM,IL2M International Corp,,,,,1710676587.0,,684270.0
RNW,ReNew Energy Global Plc,,,,,245833850.0,70692068.0,2003086976.0
MSCMS,,,,,,,,
TEDGF,,,,,,,,
ORGN,"Origin Materials, Inc.",,,,,151149855.0,144263468.0,31242674.0
VVVNF,Vivendi SE,,,,,995030458.0,639782561.0,2577128704.0
SWX,"Southwest Gas Holdings, Inc.",,,,,72183903.0,66708493.0,5829572096.0
HNDL,Strategy Shares Nasdaq 7 Handl Index ETF,,,,,,,
CEMB,iShares J.P. Morgan EM Corporate Bond ETF,,,,,,,
IDYLF,Imaging Dynamics Company Ltd.,,,,,10334550.0,4929890.0,294696.0
VGFPF,Vanguard Funds Public Limited Company - Vanguard S&P 500 UCITS ETF,,,,,,,
EVAHF,EGF Theramed Health Corp.,,,,,11616665.0,,453049.0
FCO,"abrdn Global Income Fund, Inc.",US,NYSE MKT LLC,USD,1992-03-12,13459132.0,,38896892.0
HTROF,Hexatronic Group AB (publ),SE,NASDAQ OMX NORDIC,SEK,2011-06-23,205637228.0,174026288.0,483247488.0
SCDV,Bahl & Gaynor Small Cap Dividend ETF,,,,,,,
BSVO,EA Bridgeway Omni Small-Cap Value ETF,,,,,,,
BRKR,Bruker Corporation,US,NASDAQ NMS - GLOBAL MARKET,USD,2000-08-04,151941144.0,103307823.0,7294694400.0
CAR,"Avis Budget Group, Inc.",US,NASDAQ NMS - GLOBAL MARKET,USD,1983-09-15,35196992.0,13948920.0,4643538944.0
SLAB,Silicon Laboratories Inc.,US,NASDAQ NMS - GLOBAL MARKET,USD,2000-03-24,32852942.0,32254033.0,4414778368.0
NIE,Virtus Equity & Convertible Income Fund,US,"NEW YORK STOCK EXCHANGE, INC.",USD,2007-02-23,27708965.0,,707687040.0
MWRWS,,,,,,,,
APTBS,,,,,,,,
BIGY,YieldMax Target 12 Big 50 Option Income ETF,,,,,,,
LVWR,"LiveWire Group, Inc.",US,"NEW YORK STOCK EXCHANGE, INC.",USD,2020-11-23,203988736.0,12151609.0,936308352.0
LCRXF,Lacroix Group SA,FR,NYSE EURONEXT - EURONEXT PARIS,EUR,1992-11-05,4696437.0,1685035.0,47434016.0
ASMNS,,,,,,,,
PRMKF,Premier Marketing Public Company Limited,,,,,650000000.0,207665290.0,156000000.0
FOR,Forestar Group Inc.,US,"NEW YORK STOCK EXCHANGE, INC.",USD,2007-12-12,50885325.0,19128823.0,1248217088.0
UONE,"Urban One, Inc.",US,NASDAQ NMS - GLOBAL MARKET,USD,1999-05-06,6150809.0,18129828.0,47202212.0
NEA,Nuveen AMT-Free Quality Municipal Income Fund,US,"NEW YORK STOCK EXCHANGE, INC.",USD,2002-11-22,298992392.0,,3453362176.0
ESHAR,ESH Acquisition Corp.,US,NASDAQ NMS - GLOBAL MARKET,USD,2023-06-14,,,47.0
MWSSS,,,,,,,,
PMFB,PGIM S&P 500 Max Buffer ETF - February,,,,,,,
UBCP,"United Bancorp, Inc.",US,NASDAQ NMS - GLOBAL MARKET,USD,1993-03-01,5774011.0,4914723.0,85397640.0
HLLXF,Hellix Ventures Inc.,,,,,46543227.0,,4654.0
BLCN,Siren Nasdaq NexGen Economy ETF,,,,,,,
XSW,State Street SPDR S&P Software & Services ETF,,,,,,,
GEG,"Great Elm Group, Inc.",US,NASDAQ NMS - GLOBAL MARKET,USD,1999-06-11,33029368.0,12575602.0,81371536.0
